Timestamp [s],Angular position [turns],Angular velocity [turns/s],Torque [Nm],Linear position [m],Linear speed [m/s],Voltage [V],Current [A],Reference x_ref [m],Estimated plane position [m],Estimated plane velocity [m/s],Reference velocity [m/s],x ArUco [m],y ArUco [m],z ArUco [m],roll ArUco [deg],pitch ArUco [deg],yaw ArUco [deg]
20.962,-0.001,-0.006,0.086,-0.0,-0.001,30.819,3.605,-0.0,0.07,0.0,0.0,-0.07,0.1,4.19,-166.1,2.4,-15.9
21.032,-0.001,0.041,0.096,-0.0,0.005,30.832,3.439,-0.0,0.1,0.0,0.0,-0.1,0.1,4.23,-172.9,4.8,-14.4
21.137,-0.001,0.019,0.082,-0.0,0.002,30.807,3.213,-0.0,0.13,0.0,0.0,-0.13,0.11,4.37,-176.1,10.3,-14.3
21.243,-0.001,0.039,0.097,-0.0,0.005,30.809,3.514,-0.0,0.16,0.0,0.0,-0.16,0.11,4.27,169.0,7.2,-13.9
21.374,-0.001,-0.024,0.09,-0.0,-0.003,30.814,3.711,-0.0,0.2,0.0,0.0,-0.2,0.1,4.28,167.1,9.3,-13.7
21.475,-0.0,-0.014,0.084,-0.0,-0.002,30.825,3.45,-0.0,0.23,0.0,0.0,-0.23,0.1,4.25,169.1,4.7,-12.9
21.564,-0.0,-0.003,0.082,-0.0,-0.0,30.8,3.844,-0.0,0.25,0.0,0.0,-0.25,0.1,4.21,-176.2,2.5,-11.4
21.658,-0.0,0.045,0.102,-0.0,0.006,30.809,3.273,-0.0,0.28,0.0,0.0,-0.28,0.1,4.26,170.4,7.6,-11.3
21.761,-0.0,0.013,0.084,-0.0,0.002,30.789,3.492,-0.0,0.3,0.0,0.0,-0.3,0.09,4.4,-169.2,-13.5,-12.9
21.854,-0.0,0.02,0.097,-0.0,0.003,30.796,3.389,-0.0,0.31,0.0,0.0,-0.31,0.08,4.22,173.0,-2.2,-10.2
21.954,-0.0,-0.036,0.085,-0.0,-0.005,30.798,4.021,-0.0,0.32,0.0,0.0,-0.32,0.08,4.35,-176.3,7.1,-10.6
22.055,-0.0,-0.01,0.083,-0.0,-0.001,30.798,3.583,-0.0,0.31,0.0,0.0,-0.31,0.07,4.22,-171.2,12.1,-9.2
22.154,-0.0,0.009,0.089,-0.0,0.001,30.793,3.312,-0.0,0.31,0.0,0.0,-0.31,0.06,4.24,161.1,8.4,-11.8
22.254,-0.0,0.027,0.093,-0.0,0.003,30.787,3.491,-0.0,0.3,0.0,0.0,-0.3,0.06,4.22,-170.8,9.8,-8.1
22.354,-0.0,-0.024,0.084,-0.0,-0.003,30.798,3.366,-0.0,0.28,0.0,0.0,-0.28,0.05,4.22,-163.1,-13.7,-10.3
22.456,-0.0,0.043,0.097,-0.0,0.006,30.819,3.4,-0.0,0.26,0.0,0.0,-0.26,0.05,4.26,172.0,-19.2,-7.5
22.553,-0.0,0.03,0.095,-0.0,0.004,30.814,3.44,-0.0,0.23,0.0,0.0,-0.23,0.04,4.24,169.4,-2.6,-7.8
22.654,-0.0,-0.002,0.093,-0.0,-0.0,30.789,3.422,-0.0,0.2,0.0,0.0,-0.2,0.04,4.27,-173.7,-2.5,-6.9
22.754,-0.001,-0.023,0.092,-0.0,-0.003,30.803,4.114,-0.0,0.17,0.0,0.0,-0.17,0.04,4.26,-170.7,14.0,-7.0
22.862,-0.001,-0.004,0.096,-0.0,-0.001,30.807,3.772,-0.0,0.14,0.0,0.0,-0.14,0.03,4.4,176.3,11.8,-7.8
22.957,-0.001,-0.009,0.085,-0.0,-0.001,30.775,3.637,-0.0,0.1,0.0,0.0,-0.1,0.03,4.3,173.0,0.8,-6.9
23.057,-0.001,0.018,0.095,-0.0,0.002,30.814,3.716,-0.0,0.07,0.0,0.0,-0.07,0.03,4.31,175.6,5.1,-7.0
23.167,-0.001,0.014,0.088,-0.0,0.002,30.805,3.223,-0.0,0.03,0.0,0.0,-0.03,0.03,4.49,179.1,11.4,-8.1
23.272,-0.001,-0.04,0.086,-0.0,-0.005,30.805,3.311,-0.0,-0.0,0.0,0.0,-0.0,0.02,4.34,171.6,6.3,-7.2
23.369,-0.001,-0.045,0.08,-0.0,-0.006,30.796,3.799,-0.0,-0.02,0.0,0.0,0.02,0.03,4.34,170.1,6.3,-7.1
23.469,-0.001,-0.064,0.088,-0.0,-0.008,30.798,3.302,-0.0,-0.05,0.0,0.0,0.05,0.03,4.52,175.8,14.3,-8.0
23.567,-0.001,0.006,0.091,-0.0,0.001,30.789,3.314,-0.0,-0.06,0.0,0.0,0.06,0.03,4.38,-162.4,-10.9,-8.4
23.662,-0.001,0.016,0.084,-0.0,0.002,30.793,3.421,-0.0,-0.07,0.0,0.0,0.07,0.04,4.32,-163.1,-1.7,-6.9
23.758,-0.001,-0.057,0.074,-0.0,-0.007,30.812,3.512,-0.0,-0.07,0.0,0.0,0.07,0.04,4.39,-161.6,-8.5,-8.3
23.856,-0.001,0.002,0.081,-0.0,0.0,30.807,3.415,-0.0,-0.07,0.0,0.0,0.07,0.04,4.41,163.6,13.6,-7.8
23.955,-0.001,0.008,0.081,-0.0,0.001,30.807,3.313,-0.0,-0.07,0.0,0.0,0.07,0.05,4.4,161.8,13.4,-8.2
24.055,-0.001,0.007,0.082,-0.0,0.001,30.8,3.385,-0.0,-0.05,0.0,0.0,0.05,0.05,4.36,161.1,15.0,-7.8
24.157,-0.001,-0.026,0.067,-0.0,-0.003,30.8,3.432,-0.0,-0.04,0.0,0.0,0.04,0.06,4.6,172.6,11.2,-6.6
24.253,-0.001,0.007,0.084,-0.0,0.001,30.796,3.311,-0.0,-0.01,0.0,0.0,0.01,0.06,4.34,167.6,6.6,-5.7
24.354,-0.001,0.011,0.083,-0.0,0.001,30.789,3.21,-0.0,0.02,0.0,0.0,-0.02,0.06,4.52,-171.2,-7.4,-6.0
24.454,-0.001,0.028,0.088,-0.0,0.004,30.789,3.324,-0.0,0.06,0.0,0.0,-0.06,0.07,4.65,-176.2,-17.7,-5.6
24.555,-0.001,-0.025,0.078,-0.0,-0.003,30.805,3.612,-0.0,0.09,0.0,0.0,-0.09,0.06,4.53,-176.2,-6.1,-4.7
24.654,-0.001,0.009,0.087,-0.0,0.001,30.789,3.685,69.018,0.11,0.0,3.033,-0.11,0.06,4.28,164.0,14.1,-4.7
24.757,0.003,0.368,-0.103,0.0,0.047,30.787,-3.848,69.018,0.15,0.0,2.935,-0.15,0.07,4.41,-178.8,12.0,-3.3
24.854,0.349,7.421,-0.309,0.044,0.944,30.544,-11.456,69.018,0.244,0.0,1.902,-0.2,0.07,4.4,-171.8,-22.7,0.1
24.959,1.427,13.933,-0.295,0.182,1.773,30.355,-11.477,69.018,0.302,0.0,1.35,-0.12,0.09,4.42,-173.8,3.1,-2.9
25.061,2.913,14.642,-0.072,0.371,1.863,30.455,-2.391,69.018,0.371,0.0,2.22,-0.0,0.08,4.41,164.4,-13.7,2.5
25.164,4.215,11.397,0.039,0.536,1.45,30.816,1.4,69.018,0.336,0.0,2.344,0.2,0.07,4.44,-177.0,5.4,-2.6
25.258,5.555,16.532,-0.32,0.707,2.103,30.22,-13.995,69.018,0.457,0.0,1.63,0.25,0.08,4.43,164.8,-5.7,2.1
25.364,7.361,17.906,-0.101,0.937,2.278,30.396,-4.212,69.018,0.507,0.0,1.073,0.43,0.11,4.44,164.7,-7.8,2.2
25.464,8.946,13.009,0.3,1.138,1.655,30.953,12.658,69.018,0.528,0.0,1.74,0.61,0.09,4.4,-167.7,-5.8,-0.9
25.56,9.885,7.724,0.01,1.258,0.983,30.83,0.109,69.018,0.608,0.0,1.157,0.65,0.11,4.37,-173.9,14.2,-3.3
25.658,10.893,11.738,-0.228,1.386,1.494,30.419,-8.969,69.018,0.806,0.0,1.925,0.58,0.12,4.26,-169.1,-3.2,-3.9
25.765,11.978,10.553,0.013,1.524,1.343,30.743,-0.707,69.018,0.844,0.0,0.843,0.68,0.07,4.7,-173.4,7.4,-0.1
25.859,13.221,13.57,-0.239,1.682,1.727,30.369,-7.374,69.018,1.112,0.0,1.776,0.57,0.05,4.5,179.7,19.3,-5.4
25.963,14.483,11.184,0.116,1.843,1.423,30.839,3.993,69.018,1.243,0.0,1.99,0.6,0.11,4.47,176.1,26.1,-6.7
26.057,15.669,13.762,-0.358,1.994,1.751,30.337,-14.668,69.018,1.514,0.0,1.914,0.48,0.09,4.39,165.6,26.8,-8.5
26.163,17.212,15.504,-0.177,2.19,1.973,30.476,-5.359,69.018,1.74,0.0,2.173,0.45,0.03,4.39,175.6,32.4,-7.2
26.262,18.787,15.522,-0.166,2.39,1.975,30.531,-5.901,69.018,1.97,0.0,1.797,0.42,0.05,4.42,170.8,28.5,-8.7
26.362,20.449,16.946,-0.01,2.602,2.156,30.592,0.061,69.018,2.232,0.0,1.385,0.37,0.1,4.63,168.4,31.3,-12.4
26.462,21.964,13.818,0.198,2.795,1.758,30.876,8.769,69.018,2.455,0.0,1.399,0.34,0.06,4.48,175.6,34.5,-10.7
26.561,23.077,9.746,0.012,2.936,1.24,30.825,0.459,69.018,2.716,0.0,1.757,0.22,0.03,4.51,179.4,28.6,-10.6
26.658,24.084,11.11,-0.246,3.064,1.414,30.535,-10.11,69.018,3.034,0.0,1.295,0.03,0.05,4.52,178.2,31.5,-11.1
26.763,25.407,14.351,-0.002,3.233,1.826,30.636,0.676,3.733,3.333,0.0,0.0,-0.1,0.06,4.51,174.4,28.9,-12.2
26.863,26.594,9.293,0.203,3.384,1.182,30.889,7.995,69.018,3.534,0.0,1.799,-0.15,0.04,4.45,175.5,30.4,-12.8
26.959,27.228,3.915,0.134,3.464,0.498,30.819,6.05,69.018,3.804,0.0,1.261,-0.34,0.0,4.5,176.7,22.8,-12.3
27.062,27.798,8.839,-0.314,3.537,1.125,30.487,-12.257,69.018,4.137,0.0,1.412,-0.6,0.0,4.44,170.8,21.1,-13.8
27.163,28.805,11.563,-0.142,3.665,1.471,30.54,-4.799,69.018,4.345,0.0,1.125,-0.68,0.06,4.23,168.4,14.4,-14.3
27.26,30.005,11.524,0.226,3.818,1.466,30.86,9.676,69.018,4.588,0.0,1.322,-0.77,0.03,4.26,177.1,12.6,-13.1
27.362,30.963,9.12,0.03,3.94,1.16,30.835,0.27,69.018,4.69,0.0,1.224,-0.75,-0.02,4.16,170.1,5.9,-13.7
27.46,31.886,9.986,-0.035,4.057,1.271,30.716,-0.589,69.018,4.917,0.0,1.215,-0.86,-0.02,4.06,170.5,1.7,-13.4
27.563,32.885,10.153,0.075,4.184,1.292,30.809,3.804,4.434,5.054,0.0,0.0,-0.87,0.08,4.24,174.1,-6.7,-12.3
27.663,33.828,8.918,0.125,4.304,1.135,30.841,6.539,69.018,5.124,0.0,1.238,-0.82,0.01,4.02,170.3,-11.7,-13.0
27.762,34.449,4.215,0.229,4.383,0.536,30.825,8.09,69.018,5.163,0.0,0.96,-0.78,-0.04,4.09,171.1,0.2,-13.8
27.861,34.979,7.131,-0.157,4.451,0.907,30.627,-7.392,69.018,5.301,0.0,1.339,-0.85,0.0,4.0,-166.3,4.9,-11.7
27.963,35.768,8.83,-0.122,4.551,1.124,30.695,-4.208,69.018,5.311,0.0,1.212,-0.76,0.13,4.08,-179.7,-5.6,-13.1
28.063,36.784,10.369,-0.017,4.68,1.319,30.741,-0.096,69.018,5.39,0.0,1.324,-0.71,0.03,4.13,172.5,-22.7,-13.2
28.164,37.808,9.76,0.0,4.811,1.242,30.796,0.357,69.018,5.311,0.0,1.305,-0.5,-0.03,4.14,-176.9,-21.6,-15.1
28.263,38.798,10.035,-0.087,4.936,1.277,30.709,-3.211,69.018,5.356,0.0,0.866,-0.42,0.06,4.19,-178.7,-18.0,-14.8
28.361,39.826,10.001,0.085,5.067,1.272,30.796,5.037,69.018,5.307,0.0,0.744,-0.24,0.14,4.2,177.7,11.5,-15.2
28.463,40.601,5.62,0.131,5.166,0.715,30.851,5.501,69.018,5.226,0.0,1.227,-0.06,0.04,4.28,-178.6,-10.1,-15.3
28.558,41.099,5.01,-0.21,5.229,0.637,30.684,-10.329,69.018,5.239,0.0,1.165,-0.01,0.01,4.28,176.2,4.7,-15.0
28.661,41.884,9.571,-0.239,5.329,1.218,30.474,-7.798,69.018,5.249,0.0,1.559,0.08,0.13,4.27,-173.8,1.6,-15.4
28.763,42.897,10.556,-0.117,5.458,1.343,30.597,-5.372,69.018,5.188,0.0,1.519,0.27,0.14,4.29,-177.0,5.5,-15.0
28.864,44.067,12.445,-0.123,5.607,1.583,30.524,-5.324,69.018,5.207,0.0,1.476,0.4,0.01,4.26,167.5,22.0,-16.7
28.963,45.303,11.948,-0.034,5.764,1.52,30.654,-0.572,69.018,5.184,0.0,1.686,0.58,0.05,4.28,164.9,21.4,-17.1
29.062,46.47,12.085,-0.186,5.913,1.538,30.547,-8.408,69.018,5.203,0.0,1.654,0.71,0.18,4.27,162.2,22.4,-18.1
29.163,47.739,12.829,-0.233,6.074,1.632,30.446,-8.558,69.018,5.274,0.0,0.461,0.8,0.1,4.26,172.9,17.0,-15.7
29.262,49.076,12.999,0.044,6.244,1.654,30.72,1.541,69.018,5.334,0.0,1.749,0.91,0.0,4.23,165.2,27.3,-16.1
29.363,50.064,7.281,0.095,6.37,0.926,30.825,2.567,69.018,5.4,0.0,1.517,0.97,0.12,4.2,172.0,24.5,-15.8
29.462,50.944,11.189,-0.294,6.482,1.424,30.387,-12.442,69.018,5.602,0.0,1.533,0.88,0.23,4.24,170.5,26.6,-15.8
29.563,52.127,12.336,-0.264,6.632,1.57,30.371,-11.053,69.018,5.742,0.0,2.249,0.89,0.04,4.4,173.4,33.8,-14.7
29.663,53.402,13.453,-0.162,6.795,1.712,30.528,-7.186,69.018,5.945,0.0,1.249,0.85,-0.04,4.39,-178.6,29.7,-12.6
29.763,54.936,16.779,-0.185,6.99,2.135,30.261,-8.28,69.018,6.18,0.0,2.114,0.81,0.16,4.54,178.9,34.7,-13.7
29.863,56.444,13.453,0.117,7.182,1.712,30.841,3.771,69.018,6.432,0.0,2.42,0.75,0.18,4.28,167.0,35.0,-14.4
29.963,57.838,17.039,-0.323,7.359,2.168,30.145,-15.323,69.018,6.729,0.0,2.767,0.63,0.0,4.46,173.1,35.1,-11.9
30.062,59.703,19.636,-0.448,7.596,2.498,29.912,-16.7,69.018,7.036,0.0,2.276,0.56,-0.02,4.48,173.1,36.2,-10.6
30.163,61.875,22.274,-0.034,7.873,2.834,30.314,-0.363,69.018,7.353,0.0,2.821,0.52,0.15,4.58,163.5,35.8,-14.2
30.265,63.871,17.954,-0.029,8.127,2.284,30.709,-2.166,69.018,7.647,0.0,2.558,0.48,0.12,4.42,171.0,35.4,-11.0
30.363,65.848,21.104,-0.205,8.378,2.685,30.161,-7.888,69.018,8.008,0.0,2.978,0.37,-0.03,4.59,-179.3,35.5,-7.9
30.463,67.937,21.353,-0.142,8.644,2.717,30.419,-5.565,69.018,8.304,0.0,2.866,0.34,0.05,4.65,174.0,36.5,-9.9
30.564,70.182,22.167,-0.23,8.93,2.82,30.202,-7.186,69.018,8.68,0.0,2.902,0.25,0.14,4.43,166.7,35.3,-9.8
30.662,72.5,23.294,-0.014,9.225,2.964,30.563,-1.859,69.018,8.995,0.0,2.411,0.23,0.02,4.45,169.9,35.4,-7.8
30.762,74.762,21.979,0.003,9.512,2.797,30.634,1.193,69.018,9.322,0.0,2.945,0.19,-0.02,4.47,170.0,36.4,-7.4
30.862,76.769,18.199,-0.084,9.768,2.316,30.736,-5.602,69.018,9.588,0.0,2.945,0.18,0.1,4.74,165.7,38.3,-10.4
30.965,78.87,23.033,-0.255,10.035,2.931,30.072,-8.9,69.018,10.005,0.0,1.139,0.03,0.07,4.78,171.4,37.8,-8.0
31.066,81.222,22.157,-0.012,10.334,2.819,30.551,-0.143,69.018,10.304,0.0,2.872,0.03,-0.01,4.48,166.7,34.4,-6.0
31.164,83.261,17.919,0.196,10.594,2.28,31.02,6.455,69.018,10.534,0.0,2.303,0.06,0.03,4.52,172.1,34.0,-5.0
31.26,85.129,19.902,-0.297,10.831,2.532,30.206,-11.629,69.018,10.911,0.0,2.698,-0.08,0.06,4.43,170.1,37.4,-4.8
31.363,87.105,19.235,0.01,11.083,2.447,30.732,0.167,69.018,11.153,0.0,1.685,-0.07,0.05,4.45,173.1,33.8,-3.9
31.462,89.114,20.481,-0.038,11.338,2.606,30.483,-2.561,69.018,11.488,0.0,1.468,-0.15,0.01,4.37,175.9,35.9,-0.9
31.564,90.937,15.019,0.387,11.57,1.911,31.045,15.768,69.018,11.68,0.0,3.161,-0.11,0.06,4.6,179.9,-35.7,-1.3
31.662,92.104,9.819,-0.006,11.719,1.249,30.83,-4.038,69.018,11.909,0.0,2.031,-0.19,0.05,4.37,169.6,32.7,0.6
31.759,93.409,15.735,-0.299,11.885,2.002,30.167,-11.812,69.018,12.265,0.0,3.419,-0.38,0.01,4.4,-179.2,25.5,3.2
31.863,95.092,18.17,-0.145,12.099,2.312,30.46,-6.394,69.018,12.479,0.0,3.299,-0.38,0.08,4.49,-172.6,21.1,5.4
31.96,97.102,22.362,-0.42,12.355,2.845,29.861,-16.82,69.018,12.735,0.0,1.844,-0.38,0.05,4.29,173.7,15.2,1.5
32.064,99.644,25.269,-0.131,12.678,3.215,30.181,-6.621,69.018,12.958,0.0,3.452,-0.28,0.02,4.28,169.6,15.9,1.2
32.163,101.996,21.412,0.237,12.977,2.724,31.061,8.747,69.018,13.047,0.0,3.283,-0.07,0.06,4.27,170.7,9.2,1.4
32.26,104.177,23.314,-0.418,13.255,2.966,29.884,-15.046,69.018,13.325,0.0,2.078,-0.07,0.05,4.41,-169.2,-18.6,2.1
32.362,106.722,24.738,-0.126,13.579,3.148,30.291,-2.074,69.018,13.489,0.0,3.857,0.09,0.05,4.41,-175.5,-9.9,1.4
32.464,109.029,20.862,0.166,13.872,2.654,30.997,4.921,69.018,13.592,0.0,3.789,0.28,0.06,4.53,-177.4,-16.0,2.6
32.561,111.2,24.111,-0.494,14.149,3.068,29.697,-16.973,69.018,13.869,0.0,2.801,0.28,0.09,4.44,-171.9,-21.6,0.6
32.664,114.036,29.133,-0.235,14.509,3.707,29.777,-12.096,69.018,14.099,0.0,3.8,0.41,0.07,4.47,-178.2,-17.2,-2.4
32.769,116.746,24.652,0.05,14.854,3.137,30.775,2.727,69.018,14.264,0.0,2.302,0.59,0.03,4.34,-173.7,-13.3,-3.6
32.864,119.35,28.261,-0.286,15.185,3.596,29.816,-9.494,69.018,14.545,0.0,2.154,0.64,0.1,4.36,179.4,-18.1,-3.2
32.964,122.007,25.099,0.316,15.523,3.193,30.914,11.272,69.018,14.753,0.0,3.745,0.77,0.12,4.3,171.6,31.0,-6.0
33.065,124.033,17.791,0.141,15.781,2.264,30.96,4.084,69.018,14.901,0.0,2.341,0.88,0.06,4.61,179.2,-8.7,-1.5
33.162,125.918,21.421,-0.315,16.021,2.726,29.978,-12.025,69.018,15.331,0.0,2.218,0.69,0.11,4.29,168.6,22.8,-6.8
33.265,127.963,19.125,0.125,16.281,2.433,30.711,4.146,69.018,15.601,0.0,3.939,0.68,0.1,4.4,-172.4,13.6,-7.4
33.364,129.716,16.639,-0.272,16.504,2.117,30.405,-10.865,69.018,15.934,0.0,0.96,0.57,0.06,4.31,-171.3,20.3,-7.2
33.464,131.727,21.097,-0.402,16.76,2.684,29.873,-14.056,69.018,16.33,0.0,2.805,0.43,0.05,4.42,175.4,27.2,-9.8
33.565,133.794,19.121,0.077,17.023,2.433,30.757,2.564,69.018,16.653,0.0,0.428,0.37,0.08,4.36,172.1,31.7,-12.9
33.663,135.757,19.977,-0.258,17.273,2.542,30.17,-8.245,69.018,17.043,0.0,4.283,0.23,0.1,4.39,173.0,41.4,-15.2
33.765,137.679,16.881,0.065,17.518,2.148,30.789,0.937,69.018,17.328,0.0,1.253,0.19,0.09,4.53,172.3,48.3,-19.1
33.863,139.507,20.201,-0.297,17.75,2.57,30.058,-12.07,69.018,17.73,0.0,3.824,0.02,0.07,4.38,168.5,57.4,-25.3
33.966,141.433,18.383,0.136,17.995,2.339,30.825,3.892,69.018,17.73,0.0,4.043,,,,,,
34.063,143.304,22.23,-0.384,18.233,2.828,29.791,-16.469,69.018,17.73,0.0,1.108,,,,,,
34.165,145.853,27.524,-0.29,18.558,3.502,29.656,-7.493,69.018,17.73,0.0,4.233,,,,,,
34.267,148.443,24.642,0.215,18.887,3.135,30.919,7.168,69.018,18.857,0.0,2.023,0.03,0.1,4.61,146.8,54.7,-51.3
34.364,150.862,25.939,-0.235,19.195,3.3,29.994,-5.746,69.018,19.165,0.0,3.9,0.03,0.07,4.57,155.4,49.2,-44.1
34.466,153.332,23.24,0.055,19.509,2.957,30.739,3.114,69.018,19.349,0.0,3.536,0.16,0.08,4.53,155.5,44.8,-44.0
34.564,155.781,26.339,-0.392,19.821,3.351,29.754,-11.406,69.018,19.651,0.0,2.684,0.17,0.09,4.45,155.2,34.8,-44.5
34.666,158.561,27.893,-0.008,20.174,3.549,30.298,-1.456,69.018,19.884,0.0,1.947,0.29,0.1,4.44,156.0,27.1,-44.3
34.765,161.058,21.405,0.374,20.492,2.723,31.1,12.675,69.018,20.032,0.0,2.024,0.46,0.08,4.79,159.1,8.2,-40.6
34.864,162.775,14.074,0.074,20.711,1.791,30.919,3.301,69.018,20.261,0.0,2.823,0.45,0.14,4.6,157.5,5.8,-42.4
34.961,164.171,14.532,-0.436,20.888,1.849,30.209,-16.867,69.018,20.568,0.0,2.652,0.32,0.17,4.61,157.8,2.2,-44.2
35.066,166.055,20.95,-0.401,21.128,2.666,29.843,-16.176,69.018,20.908,0.0,4.093,0.22,0.11,4.37,-161.2,4.1,-46.2
35.166,168.226,21.902,-0.271,21.404,2.787,30.092,-9.96,69.018,21.184,0.0,2.401,0.22,0.14,4.4,153.6,-9.6,-46.5
35.264,170.675,25.249,-0.345,21.716,3.213,29.713,-14.051,69.018,21.506,0.0,3.302,0.21,0.22,4.38,-165.2,2.7,-51.9
35.364,173.134,21.936,0.028,22.029,2.791,30.768,0.864,69.018,21.749,0.0,4.567,0.28,0.25,4.64,-168.2,-5.2,-56.0
35.467,175.484,26.681,-0.351,22.328,3.395,29.699,-16.562,69.018,22.108,0.0,3.067,0.22,0.23,4.51,-168.6,-0.8,-59.4
35.563,178.434,32.415,-0.273,22.703,4.124,29.496,-10.151,69.018,22.473,0.0,2.808,0.23,0.27,4.48,-171.8,-3.8,-63.3
35.663,181.401,27.705,0.352,23.08,3.525,30.93,14.384,69.018,22.76,0.0,4.548,0.32,0.3,4.29,-169.1,-12.8,-68.4
35.762,183.719,20.407,-0.144,23.375,2.596,30.672,-5.787,69.018,23.025,0.0,3.065,0.35,0.34,4.52,164.8,14.2,-74.2
35.862,186.105,25.366,-0.39,23.679,3.227,29.69,-15.921,69.018,23.459,0.0,2.149,0.22,0.35,4.32,174.8,12.9,-77.9
35.961,188.634,23.694,0.061,24.001,3.015,30.602,3.005,69.018,23.751,0.0,5.561,0.25,0.35,4.38,166.6,19.4,-85.6
36.062,190.72,18.108,0.052,24.266,2.304,30.862,0.633,69.018,24.016,0.0,4.974,0.25,0.4,4.61,179.2,24.6,-90.9
36.158,192.731,23.217,-0.54,24.522,2.954,29.599,-19.834,69.018,24.442,0.0,2.924,0.08,0.43,4.76,174.5,23.0,-98.4
36.263,195.482,29.253,-0.243,24.872,3.722,29.642,-13.146,69.018,24.842,0.0,3.077,0.03,0.4,4.59,-165.3,-35.9,-108.0
36.361,198.18,24.588,0.09,25.215,3.128,30.739,4.203,69.018,25.135,0.0,3.133,0.08,0.41,4.5,173.8,27.4,-111.5
36.461,200.572,23.68,-0.127,25.52,3.013,30.407,-6.554,69.018,25.47,0.0,4.073,0.05,0.45,4.39,165.8,25.3,-120.3
36.56,202.983,26.6,-0.156,25.826,3.384,30.138,-8.67,69.018,25.806,0.0,2.826,0.02,0.46,4.47,175.7,20.2,-124.5
36.662,205.783,28.938,-0.302,26.183,3.682,29.665,-9.008,69.018,26.163,0.0,3.735,0.02,0.42,4.34,174.3,14.9,-132.1
36.762,208.589,26.363,0.131,26.54,3.354,30.851,2.764,69.018,26.43,0.0,3.078,0.11,0.45,4.35,-158.0,-21.3,-142.4
36.861,211.252,26.471,-0.285,26.878,3.368,29.937,-8.489,69.018,26.768,0.0,3.565,0.11,0.5,4.51,-165.6,-16.5,-148.3
36.962,213.879,25.173,-0.025,27.213,3.203,30.636,-0.192,69.018,27.013,0.0,2.993,0.2,0.51,4.7,177.7,13.7,-152.4
37.061,216.501,27.005,-0.094,27.546,3.436,30.165,-3.402,69.018,27.396,0.0,3.106,0.15,0.47,4.31,167.7,16.9,-160.1
37.16,219.039,25.108,0.065,27.869,3.195,30.745,1.362,69.018,27.639,0.0,2.68,0.23,0.51,4.3,176.0,6.9,-166.4
37.262,221.382,23.203,-0.011,28.167,2.952,30.517,-0.096,69.018,27.957,0.0,2.375,0.21,0.53,4.43,-161.0,-1.3,-172.1
37.36,223.536,20.256,0.194,28.441,2.577,30.853,6.446,69.018,28.221,0.0,3.379,0.22,0.53,4.51,177.1,7.0,-178.3
37.461,225.371,18.597,-0.241,28.675,2.366,30.414,-8.107,69.018,28.525,0.0,3.366,0.15,0.51,4.31,168.3,11.5,173.7
37.559,227.548,25.417,-0.486,28.952,3.234,29.532,-20.041,69.018,28.912,0.0,3.053,0.04,0.55,4.24,-152.6,-6.6,166.3
37.66,230.215,25.818,-0.113,29.291,3.285,30.19,-3.175,69.018,29.221,0.0,3.605,0.07,0.58,4.25,170.2,10.9,164.0
37.762,232.78,24.212,-0.161,29.618,3.081,30.403,-4.394,69.018,29.458,0.0,2.517,0.16,0.55,4.32,166.7,16.9,159.5
37.861,235.416,27.306,-0.141,29.953,3.474,30.078,-5.034,69.018,29.803,0.0,3.507,0.15,0.57,4.47,166.8,14.0,155.1
37.961,237.962,24.535,0.164,30.277,3.122,30.889,5.166,69.018,29.987,0.0,2.799,0.29,0.66,4.66,169.6,13.3,152.3
38.06,240.407,25.809,-0.208,30.588,3.284,29.994,-7.601,69.018,30.318,0.0,2.825,0.27,0.62,4.7,-153.5,-3.1,147.0
38.16,242.849,22.727,0.086,30.899,2.892,30.773,5.663,69.018,30.549,0.0,4.051,0.35,0.58,4.43,164.8,18.3,146.4
38.258,245.023,22.704,-0.216,31.175,2.889,30.282,-10.634,69.018,30.835,0.0,3.562,0.34,0.57,4.38,161.4,20.3,143.0
38.357,247.561,27.45,-0.405,31.498,3.493,29.562,-17.832,69.018,31.128,0.0,2.732,0.37,0.58,4.55,165.1,18.6,142.8
38.458,250.399,28.115,-0.001,31.859,3.577,30.33,0.573,69.018,31.379,0.0,2.572,0.48,0.53,4.58,161.6,20.8,140.7
38.557,252.862,21.363,0.347,32.173,2.718,31.07,14.816,69.018,31.553,0.0,2.612,0.62,0.52,4.55,162.2,15.0,139.0
38.654,254.764,17.764,-0.275,32.415,2.26,30.371,-9.972,69.018,31.795,0.0,2.972,0.62,0.55,4.79,165.2,7.6,139.2
38.756,256.732,20.84,-0.45,32.665,2.652,29.871,-17.083,69.018,32.135,0.0,2.655,0.53,0.48,4.42,163.0,14.8,138.5
38.855,259.041,24.089,0.039,32.959,3.065,30.398,1.612,69.018,32.379,0.0,2.549,0.58,0.46,4.84,-146.8,-15.1,135.1
38.955,261.21,19.355,0.014,33.235,2.463,30.67,0.072,69.018,32.625,0.0,3.941,0.61,0.43,4.56,-140.6,-9.8,135.9
39.056,263.169,19.819,-0.382,33.484,2.522,30.078,-17.129,69.018,32.904,0.0,3.458,0.58,0.44,4.5,-142.7,-4.6,138.7
39.153,265.555,26.623,-0.463,33.788,3.387,29.457,-18.985,69.018,33.208,0.0,3.46,0.58,0.43,4.82,165.6,9.4,140.8
39.254,268.319,28.236,-0.186,34.139,3.593,29.891,-7.489,69.018,33.529,0.0,3.8,0.61,0.37,4.56,-142.5,-3.7,140.1
39.353,271.143,28.434,-0.294,34.499,3.618,29.941,-13.895,69.018,33.819,0.0,3.403,0.68,0.39,4.41,163.9,10.3,142.2
39.453,274.069,29.774,0.034,34.871,3.788,30.355,1.129,69.018,34.101,0.0,3.147,0.77,0.45,4.5,165.3,9.9,143.4
39.553,276.788,24.892,0.038,35.217,3.167,30.716,2.096,69.018,34.327,0.0,3.902,0.89,0.47,4.72,167.9,3.7,144.6
39.653,279.221,23.721,-0.456,35.527,3.018,29.923,-16.36,69.018,34.647,0.0,3.311,0.88,0.44,4.52,-143.6,-21.6,138.3
39.754,282.015,29.668,-0.204,35.882,3.775,29.775,-8.755,69.018,34.982,0.0,3.708,0.9,0.49,4.74,-147.0,-23.2,141.7
39.854,284.797,27.425,-0.181,36.236,3.489,30.17,-7.071,69.018,35.276,0.0,3.029,0.96,0.52,4.7,173.5,3.9,149.8
39.955,287.649,27.433,-0.074,36.599,3.49,30.227,-4.127,69.018,35.699,0.0,2.891,0.9,0.54,4.43,171.9,12.2,152.0
40.057,290.195,22.015,0.051,36.923,2.801,30.812,2.981,69.018,35.963,0.0,4.731,0.96,0.56,4.61,-156.5,-12.8,151.6
40.158,292.377,22.882,-0.316,37.2,2.911,30.072,-12.855,69.018,36.4,0.0,4.664,0.8,0.6,4.39,175.0,11.7,157.5
40.257,295.022,30.807,-0.438,37.537,3.92,29.306,-20.81,69.018,36.847,0.0,4.877,0.69,0.61,4.44,175.9,7.9,161.3
40.359,298.373,37.416,-0.389,37.963,4.761,28.913,-13.964,69.018,37.343,0.0,5.449,0.62,0.54,4.25,172.2,13.2,163.1
40.46,302.236,38.403,-0.682,38.455,4.886,28.603,-20.407,69.018,37.735,0.0,5.584,0.72,0.61,4.59,-172.4,9.2,167.3
40.562,306.499,45.699,-0.31,38.997,5.815,28.861,-11.139,69.018,38.207,0.0,5.08,0.79,0.65,4.38,-178.4,11.7,170.7
40.663,310.933,44.682,-0.051,39.561,5.685,29.733,0.866,69.018,38.651,0.0,3.988,0.91,0.6,4.28,-175.5,16.9,175.1
40.761,315.069,40.093,0.265,40.088,5.101,30.867,6.119,69.018,39.048,0.0,2.424,1.04,0.57,4.27,-172.1,20.0,179.9
40.862,318.598,31.657,0.169,40.537,4.028,31.061,5.377,69.018,39.437,0.0,3.055,1.1,0.68,4.33,-169.2,12.7,-173.9
40.96,321.443,26.079,0.245,40.899,3.318,31.074,8.162,69.018,39.899,0.0,3.466,1.0,0.7,4.2,-172.1,13.6,-171.9
41.07,323.758,22.638,-0.365,41.193,2.88,30.183,-11.401,69.018,40.383,0.0,3.102,0.81,0.55,4.24,173.1,12.3,-172.0
41.16,326.317,26.372,-0.197,41.519,3.355,29.891,-7.394,69.018,40.929,0.0,3.742,0.59,0.44,4.41,-174.9,6.2,-165.5
41.261,328.883,26.232,-0.108,41.845,3.338,30.282,-2.463,69.018,41.425,0.0,4.47,0.42,0.47,4.28,175.6,7.8,-165.5
41.36,331.674,29.432,-0.49,42.2,3.745,29.336,-20.883,69.018,42.0,0.0,4.678,0.2,0.53,4.23,-162.0,-18.3,-166.8
41.459,335.051,37.495,-0.32,42.63,4.771,29.197,-18.626,69.018,42.55,0.0,4.464,0.08,0.45,4.19,-173.0,7.5,-161.5
41.561,338.752,35.656,-0.174,43.101,4.537,29.777,-3.41,69.018,43.051,0.0,4.33,0.05,0.38,4.23,178.3,13.8,-161.1
41.66,342.346,34.361,0.031,43.558,4.372,30.528,1.198,69.018,43.488,0.0,4.548,0.07,0.43,4.2,-161.8,12.4,-160.0
41.762,345.731,32.874,-0.345,43.989,4.183,29.839,-10.791,69.018,43.939,0.0,4.384,0.05,0.46,4.18,-167.4,6.4,-162.1
41.862,349.228,33.837,-0.199,44.434,4.305,29.994,-6.702,69.018,44.424,0.0,4.904,0.01,0.41,4.23,-165.6,-16.0,-166.1
41.962,352.717,33.887,-0.369,44.878,4.312,29.829,-12.056,69.018,44.838,0.0,4.585,0.04,0.41,4.39,-175.0,11.8,-164.2
42.063,356.42,38.01,-0.131,45.349,4.836,29.85,-3.549,69.018,45.299,0.0,3.817,0.05,0.45,4.26,-179.5,13.4,-165.9
42.165,360.096,36.17,0.171,45.817,4.602,30.677,4.44,69.018,45.667,0.0,4.174,0.15,0.48,4.33,-168.7,15.3,-165.6
42.265,363.347,30.042,0.01,46.23,3.822,30.784,0.956,69.018,46.02,0.0,4.681,0.21,0.44,4.25,-173.5,10.6,-168.3
42.365,366.453,34.244,-0.265,46.626,4.357,29.715,-10.853,69.018,46.476,0.0,4.015,0.15,0.48,4.25,179.2,16.7,-169.9
42.465,370.003,37.301,-0.089,47.077,4.746,29.768,-3.173,69.018,46.897,0.0,4.578,0.18,0.56,4.23,178.6,17.0,-171.5
42.565,373.427,33.164,0.014,47.513,4.22,30.597,0.349,69.018,47.203,0.0,4.446,0.31,0.59,4.46,-175.7,8.1,-172.2
42.664,376.808,34.234,-0.258,47.943,4.356,29.674,-7.438,69.018,47.653,0.0,4.575,0.29,0.51,4.29,179.3,8.8,-173.9
42.765,380.331,35.636,-0.229,48.391,4.534,29.811,-7.014,69.018,48.011,0.0,4.381,0.38,0.56,4.25,175.4,15.9,-174.7
42.865,383.916,36.147,-0.002,48.847,4.599,30.179,0.772,69.018,48.377,0.0,4.302,0.47,0.65,4.45,-156.0,-27.1,179.0
42.965,387.372,34.043,-0.023,49.287,4.331,30.348,-1.989,69.018,48.747,0.0,4.79,0.54,0.59,4.24,177.0,13.1,-175.1
43.064,390.719,32.92,-0.439,49.713,4.189,29.619,-14.489,69.018,49.083,0.0,4.442,0.63,0.56,4.48,173.7,5.2,-175.0
43.164,394.334,36.47,-0.228,50.173,4.64,29.56,-5.875,69.018,49.543,0.0,4.384,0.63,0.56,4.3,170.9,1.8,-176.7
43.264,397.907,35.698,-0.013,50.627,4.542,30.243,0.087,69.018,49.917,0.0,4.615,0.71,0.59,4.27,172.6,7.1,-175.4
43.363,401.345,35.226,-0.239,51.065,4.482,29.729,-8.471,69.018,50.315,0.0,4.316,0.75,0.57,4.26,171.6,9.7,-174.2
43.463,404.896,36.013,-0.04,51.517,4.582,29.903,-0.392,69.018,50.737,0.0,4.473,0.78,0.53,4.29,168.9,8.3,-173.9
43.562,408.356,34.934,-0.16,51.957,4.445,29.957,-5.538,69.018,51.127,0.0,4.097,0.83,0.53,4.47,171.5,10.6,-171.2
43.661,411.81,33.56,-0.059,52.396,4.27,30.067,0.293,69.018,51.626,0.0,4.596,0.77,0.51,4.27,163.9,11.1,-170.7
43.76,415.101,32.83,-0.205,52.815,4.177,30.001,-12.174,69.018,52.055,0.0,4.882,0.76,0.5,4.3,162.2,10.2,-169.2
43.859,418.596,37.615,-0.351,53.26,4.786,29.261,-22.478,69.018,52.54,0.0,5.153,0.72,0.49,4.49,166.4,2.4,-166.4
43.959,422.441,41.618,-0.269,53.749,5.295,29.231,-8.385,69.018,53.089,0.0,5.134,0.66,0.45,4.35,160.5,12.1,-165.9
44.059,426.509,42.275,-0.142,54.267,5.379,29.539,-6.402,69.018,53.597,0.0,4.779,0.67,0.45,4.36,160.3,8.1,-163.9
44.158,430.569,40.017,0.022,54.783,5.092,30.186,-0.488,69.018,54.083,0.0,4.357,0.7,0.46,4.31,162.8,9.3,-162.0
44.258,434.339,35.441,0.031,55.263,4.509,30.554,2.738,69.018,54.533,0.0,4.236,0.73,0.5,4.31,160.9,11.4,-161.5
44.359,437.755,31.459,-0.171,55.698,4.003,30.357,-2.998,69.018,54.958,0.0,4.856,0.74,0.57,4.69,169.0,7.0,-157.5
44.46,441.025,34.741,-0.246,56.114,4.42,29.736,-13.121,69.018,55.524,0.0,4.459,0.59,0.54,4.5,164.1,9.2,-156.4
44.561,444.667,35.503,-0.336,56.577,4.517,29.405,-17.043,69.018,56.087,0.0,4.329,0.49,0.55,4.56,164.5,7.5,-155.7
44.662,448.24,33.546,-0.074,57.032,4.268,30.231,-1.828,69.018,56.592,0.0,4.011,0.44,0.6,4.51,168.6,10.5,-154.3
44.763,451.634,31.892,0.032,57.463,4.058,30.467,-0.207,69.018,57.073,0.0,4.778,0.39,0.68,4.81,169.8,7.5,-152.8
44.863,454.778,31.015,-0.299,57.863,3.946,29.964,-9.596,69.018,57.583,0.0,4.533,0.28,0.63,4.32,162.1,10.5,-154.0
44.961,458.239,33.647,-0.516,58.304,4.281,29.313,-12.702,69.018,58.154,0.0,4.073,0.15,0.67,4.54,-149.6,-21.2,-157.8
45.06,461.81,34.1,-0.046,58.758,4.339,30.113,0.802,69.018,58.658,0.0,5.295,0.1,0.64,4.35,162.0,16.5,-153.9
45.162,465.139,32.033,-0.214,59.182,4.076,30.161,-13.334,69.018,59.062,0.0,4.59,0.12,0.7,4.49,170.4,2.0,-152.7
45.262,468.648,35.348,-0.337,59.628,4.498,29.45,-19.826,69.018,59.618,0.0,4.42,0.01,0.69,4.5,172.4,10.8,-152.0
45.361,472.271,34.687,-0.128,60.089,4.413,30.117,-1.728,69.018,60.069,0.0,3.921,0.02,0.68,4.49,165.0,13.7,-154.0
45.461,475.761,32.293,0.033,60.533,4.109,30.503,1.868,69.018,60.463,0.0,4.384,0.07,0.66,4.29,167.8,6.8,-152.5
45.561,478.902,31.645,-0.084,60.933,4.026,30.343,-4.379,69.018,60.853,0.0,3.838,0.08,0.7,4.69,-179.3,5.9,-150.4
45.662,482.174,31.468,-0.26,61.349,4.004,29.85,-9.213,69.018,61.349,0.0,4.032,-0.0,0.6,4.24,167.1,15.3,-152.2
45.764,485.316,31.28,-0.072,61.749,3.98,30.318,-1.386,69.018,61.669,0.0,4.051,0.08,0.64,4.49,176.9,11.2,-150.0
45.865,488.437,32.631,-0.105,62.146,4.152,30.117,-4.613,69.018,62.116,0.0,4.131,0.03,0.6,4.71,178.8,11.4,-148.8
45.962,491.62,31.2,-0.256,62.551,3.97,29.905,-13.037,69.018,62.471,0.0,4.618,0.08,0.52,4.31,165.4,15.5,-150.3
46.063,494.872,34.463,-0.147,62.965,4.385,29.839,-5.584,69.018,62.815,0.0,4.256,0.15,0.56,4.72,177.9,11.5,-147.9
46.161,498.408,35.638,-0.09,63.415,4.534,29.859,-2.797,69.018,63.235,0.0,4.453,0.18,0.49,4.31,170.3,11.8,-147.5
46.261,501.824,34.094,-0.196,63.849,4.338,29.85,-3.986,69.018,63.519,0.0,4.266,0.33,0.46,4.34,169.5,11.2,-147.7
46.363,505.272,32.78,-0.24,64.288,4.171,29.989,-4.511,69.018,63.868,0.0,4.84,0.42,0.45,4.43,174.7,12.8,-145.8
46.46,508.647,33.406,-0.367,64.717,4.25,29.61,-17.325,69.018,64.207,0.0,4.908,0.51,0.45,4.27,165.4,10.3,-146.6
46.562,512.33,38.073,-0.361,65.186,4.844,29.265,-9.012,69.018,64.586,0.0,5.075,0.6,0.43,4.28,170.8,8.4,-145.0
46.66,516.213,38.17,-0.512,65.68,4.857,29.117,-15.466,69.018,64.94,0.0,4.737,0.74,0.44,4.42,173.0,15.1,-145.7
46.761,520.165,37.135,-0.212,66.183,4.725,29.685,-12.526,69.018,65.293,0.0,4.632,0.89,0.47,4.41,-178.0,-37.4,-141.8
46.862,523.807,34.155,-0.045,66.646,4.346,30.277,0.295,69.018,65.626,0.0,4.861,1.02,0.52,4.38,166.5,5.5,-144.3
46.962,527.108,31.556,0.03,67.066,4.015,30.506,0.668,69.018,65.976,0.0,4.927,1.09,0.53,4.31,-179.4,15.1,-143.3
47.061,530.043,28.516,0.01,67.44,3.628,30.49,-0.001,69.018,66.35,0.0,5.142,1.09,0.54,4.31,176.0,9.2,-144.0
47.163,532.668,24.088,-0.089,67.774,3.065,30.446,-4.896,69.018,66.734,0.0,2.554,1.04,0.52,4.31,-178.4,3.3,-142.4
47.264,534.991,22.119,0.166,68.069,2.814,30.702,5.555,69.257,67.169,0.0,0.0,0.9,0.49,4.18,172.8,7.6,-145.2
47.363,536.938,18.765,0.043,68.317,2.388,30.59,4.279,69.257,67.547,0.0,0.0,0.77,0.51,4.28,-166.6,6.4,-144.0
47.463,538.451,11.734,0.194,68.51,1.493,30.784,8.294,69.257,67.91,0.0,0.0,0.6,0.51,4.44,-170.5,7.7,-146.5
47.563,539.296,5.16,0.236,68.617,0.656,30.686,9.487,69.257,68.287,0.0,0.0,0.33,0.48,4.42,-166.1,-23.2,-152.4
47.662,539.509,-0.168,0.231,68.644,-0.021,30.595,8.659,69.257,68.634,0.0,0.0,0.01,0.44,4.25,169.2,-10.8,-151.5
47.76,539.415,-0.7,0.0,68.632,-0.089,30.643,0.454,69.257,69.062,0.0,0.0,-0.43,0.47,4.53,-170.9,-8.3,-154.8
47.86,539.401,0.045,0.065,68.63,0.006,30.636,2.335,68.63,69.39,0.0,0.0,-0.76,0.46,4.09,-154.9,22.6,-148.8
47.96,539.402,-0.055,0.058,68.631,-0.007,30.649,2.423,68.631,69.641,0.0,0.0,-1.01,0.46,3.9,-151.7,1.1,-158.8
48.061,539.401,0.002,0.069,68.63,0.0,30.638,2.886,69.018,69.86,0.0,2.633,-1.23,0.43,3.71,177.3,23.3,-156.1
48.161,539.407,0.566,-0.191,68.631,0.072,30.611,-8.528,69.018,70.041,0.0,3.841,-1.41,0.47,3.69,176.2,22.8,-157.9
48.264,539.83,7.994,-0.214,68.685,1.017,30.426,-10.372,69.018,70.305,0.0,3.765,-1.62,0.51,3.73,-175.7,35.6,-156.7
48.361,540.849,10.213,-0.163,68.815,1.299,30.407,-7.455,69.018,70.305,0.0,4.877,-1.49,0.53,3.43,-177.5,46.2,-155.7
48.466,541.733,7.922,0.011,68.927,1.008,30.57,0.631,69.018,70.377,0.0,2.835,-1.45,0.58,3.71,-172.8,48.6,-154.1
48.566,542.342,3.995,0.174,69.005,0.508,30.647,8.439,69.018,70.235,0.0,3.849,-1.23,0.5,3.94,-178.5,55.7,-158.5
48.665,542.564,0.182,0.224,69.033,0.023,30.604,9.159,69.018,70.083,0.0,5.801,-1.05,0.36,3.94,-173.7,66.9,-155.3
48.766,542.525,-0.431,0.098,69.028,-0.055,30.627,1.957,69.018,69.918,0.0,4.903,-0.89,0.48,4.05,-158.6,73.0,-140.2
48.863,542.475,-0.166,0.03,69.022,-0.021,30.645,1.263,69.018,69.918,0.0,5.253,,,,,,
48.964,542.471,-0.077,0.031,69.021,-0.01,30.659,1.665,69.018,69.918,0.0,5.077,,,,,,
49.062,542.462,-0.048,0.032,69.02,-0.006,30.663,1.168,69.018,69.918,0.0,10.223,,,,,,
49.164,542.45,-0.216,-0.011,69.018,-0.027,30.681,-0.831,69.018,69.918,0.0,13.845,,,,,,
49.264,542.436,0.014,-0.022,69.017,0.002,30.672,-1.291,69.018,69.918,0.0,14.0,,,,,,
49.363,542.434,-0.058,-0.036,69.016,-0.007,30.656,-1.67,69.018,69.918,0.0,14.0,,,,,,
49.463,542.416,-0.141,-0.086,69.014,-0.018,30.62,-3.903,69.018,69.918,0.0,14.0,,,,,,
49.563,542.401,0.011,-0.108,69.012,0.001,30.654,-4.198,69.018,69.918,0.0,14.0,,,,,,
49.663,542.401,0.044,-0.105,69.012,0.006,30.645,-4.387,69.018,69.918,0.0,14.0,,,,,,
49.762,542.401,-0.047,-0.121,69.012,-0.006,30.62,-4.968,69.018,69.918,0.0,14.0,,,,,,
49.867,542.401,0.003,-0.131,69.012,0.0,30.636,-5.117,69.018,68.102,0.0,14.0,0.91,0.54,3.89,-135.4,19.7,-131.0
49.962,542.401,-0.032,-0.133,69.012,-0.004,30.636,-5.135,69.018,68.062,0.0,14.0,0.95,0.54,3.91,-139.1,12.4,-136.2
50.067,542.401,0.013,-0.136,69.012,0.002,30.643,-5.269,69.018,68.072,0.0,14.0,0.94,0.42,3.9,-143.1,5.2,-139.4
50.168,542.402,0.003,-0.143,69.012,0.0,30.643,-5.724,69.018,68.052,0.0,9.471,0.96,0.57,4.21,-150.1,-2.6,-144.9
50.263,542.403,-0.061,-0.158,69.012,-0.008,30.629,-5.867,69.018,68.112,0.0,1.282,0.9,0.6,4.05,-145.9,-9.6,-146.0
50.364,542.404,0.033,-0.142,69.012,0.004,30.64,-6.14,69.012,68.132,0.0,0.0,0.88,0.53,4.18,151.3,-17.8,-147.4
50.463,542.404,-0.064,-0.159,69.012,-0.008,30.636,-6.07,69.018,68.142,0.0,14.0,0.87,0.42,4.36,-158.3,-6.2,-147.9
50.563,542.404,-0.01,-0.159,69.013,-0.001,30.629,-6.538,69.018,68.183,0.0,14.0,0.83,0.49,4.32,-160.4,-7.0,-148.5
50.666,542.404,-0.02,-0.179,69.013,-0.003,30.64,-6.813,69.018,68.243,0.0,14.0,0.77,0.61,4.17,167.1,-16.4,-148.6
50.766,542.404,-0.009,-0.17,69.013,-0.001,30.64,-7.012,69.018,68.303,0.0,14.0,0.71,0.52,4.02,-162.2,-0.8,-147.5
50.861,542.405,-0.013,-0.186,69.013,-0.002,30.64,-7.212,69.018,68.333,0.0,14.0,0.68,0.43,4.12,-164.2,-17.6,-149.5
50.963,542.406,-0.003,-0.178,69.013,-0.0,30.629,-7.669,69.018,68.393,0.0,14.0,0.62,0.56,4.2,169.5,-0.7,-148.7
51.065,542.407,0.007,-0.193,69.013,0.001,30.634,-7.275,69.018,68.463,0.0,14.0,0.55,0.57,4.33,-160.7,-9.4,-148.4
51.164,542.41,0.099,-0.175,69.013,0.013,30.624,-6.882,69.018,68.593,0.0,14.0,0.42,0.39,4.27,161.2,8.1,-149.0
51.27,542.423,0.091,-0.152,69.015,0.012,30.627,-5.872,69.018,68.675,0.0,14.0,0.34,0.5,4.34,-154.2,-23.2,-152.3
51.366,542.424,-0.029,-0.161,69.015,-0.004,30.627,-6.182,69.018,68.725,0.0,14.0,0.29,0.59,4.54,170.5,10.1,-147.5
51.465,542.425,-0.015,-0.167,69.015,-0.002,30.62,-6.415,69.018,68.785,0.0,14.0,0.23,0.5,4.78,169.0,12.9,-147.6
51.567,542.426,0.008,-0.167,69.015,0.001,30.636,-6.557,69.018,68.825,0.0,14.0,0.19,0.42,4.78,168.6,16.0,-146.3
51.665,542.427,-0.005,-0.173,69.015,-0.001,30.62,-6.769,69.018,68.865,0.0,14.0,0.15,0.54,4.46,167.2,21.3,-145.8
51.762,542.431,0.114,-0.154,69.016,0.014,30.629,-6.311,69.018,68.886,0.0,11.361,0.13,0.59,4.36,165.2,20.7,-144.1
51.868,542.444,0.059,-0.134,69.018,0.007,30.665,-5.758,69.018,68.898,0.0,0.0,0.12,0.47,4.48,170.6,21.8,-141.6
51.961,542.444,0.014,-0.133,69.018,0.002,30.611,-5.28,69.018,68.908,0.0,0.0,0.11,0.43,4.4,170.8,20.3,-136.9
52.065,542.445,0.013,-0.137,69.018,0.002,30.661,-5.059,69.018,68.898,0.0,0.0,0.12,0.55,4.37,177.0,22.0,-132.8
52.163,542.445,-0.017,-0.132,69.018,-0.002,30.656,-4.747,69.018,68.868,0.0,1.354,0.15,0.6,4.58,-174.1,20.1,-127.4
52.267,542.445,0.018,-0.131,69.018,0.002,30.64,-5.271,69.018,68.818,0.0,12.081,0.2,0.51,4.68,-177.0,-30.7,-126.5
52.363,542.445,-0.009,-0.139,69.018,-0.001,30.647,-5.239,69.018,68.758,0.0,14.0,0.26,0.48,4.55,177.0,14.3,-124.2
52.467,542.445,-0.018,-0.127,69.018,-0.002,30.643,-5.321,69.018,68.708,0.0,14.0,0.31,0.56,4.3,170.0,14.4,-120.7
52.563,542.445,-0.025,-0.14,69.018,-0.003,30.638,-5.395,69.018,68.638,0.0,7.031,0.38,0.52,4.3,175.2,8.5,-116.0
52.664,542.444,0.008,-0.143,69.018,0.001,30.647,-5.563,69.018,68.578,0.0,0.0,0.44,0.41,4.32,170.1,4.3,-112.5
52.764,542.444,0.019,-0.139,69.018,0.002,30.638,-5.483,69.018,68.538,0.0,0.0,0.48,0.47,4.32,-175.2,-19.0,-107.1
52.864,542.444,0.023,-0.134,69.018,0.003,30.643,-5.533,69.018,68.518,0.0,0.0,0.5,0.47,4.2,-176.7,3.0,-102.8
52.963,542.444,0.021,-0.139,69.018,0.003,30.638,-5.42,69.018,68.488,0.0,0.0,0.53,0.36,4.23,-173.8,11.8,-98.5
53.061,542.444,0.022,-0.134,69.018,0.003,30.643,-5.948,69.018,68.458,0.0,0.0,0.56,0.3,4.24,-171.6,18.6,-94.4
53.163,542.444,-0.017,-0.136,69.018,-0.002,30.636,-5.285,69.018,68.378,0.0,0.0,0.64,0.38,4.49,174.7,-20.0,-86.0
53.265,542.444,-0.008,-0.137,69.018,-0.001,30.634,-5.753,69.018,68.368,0.0,0.0,0.65,0.37,4.29,162.9,11.8,-87.9
53.363,542.444,-0.023,-0.141,69.018,-0.003,30.631,-5.864,69.018,68.338,0.0,0.0,0.68,0.27,4.27,161.6,14.2,-84.2
53.462,542.444,0.012,-0.142,69.018,0.001,30.649,-5.628,69.018,68.288,0.0,0.0,0.73,0.25,4.35,174.2,15.9,-78.1
53.567,542.444,0.02,-0.141,69.018,0.003,30.643,-5.413,69.018,68.288,0.0,0.0,0.73,0.28,4.22,174.0,8.0,-74.0
53.663,542.444,0.001,-0.137,69.018,0.0,30.656,-5.802,69.018,68.278,0.0,0.0,0.74,0.23,4.19,175.9,10.0,-69.7
53.764,542.444,0.03,-0.141,69.018,0.004,30.675,-5.621,69.018,68.268,0.0,0.0,0.75,0.17,4.21,-177.9,16.5,-65.9
53.865,542.444,0.016,-0.142,69.018,0.002,30.654,-5.597,69.018,68.248,0.0,0.0,0.77,0.22,4.4,-178.9,18.2,-63.4
53.969,542.444,-0.001,-0.145,69.018,-0.0,30.631,-5.957,69.018,68.308,0.0,0.0,0.71,0.24,4.19,178.1,10.0,-59.3
54.065,542.444,-0.007,-0.142,69.018,-0.001,30.661,-5.56,69.018,68.308,0.0,0.0,0.71,0.17,4.38,176.5,13.3,-56.5
54.165,542.444,0.026,-0.139,69.018,0.003,30.643,-5.66,69.018,68.378,0.0,0.0,0.64,0.15,4.23,-171.1,24.7,-53.1
54.268,542.444,0.002,-0.152,69.018,0.0,30.652,-5.916,69.018,68.418,0.0,0.0,0.6,0.21,4.28,172.8,14.7,-51.1
54.362,542.444,-0.055,-0.149,69.018,-0.007,30.652,-5.921,69.018,68.428,0.0,10.692,0.59,0.2,4.62,169.1,-2.6,-45.6
54.465,542.444,0.013,-0.142,69.018,0.002,30.647,-5.981,69.018,68.528,0.0,14.0,0.49,0.13,4.25,-170.9,22.1,-45.2
54.564,542.444,-0.013,-0.139,69.018,-0.002,30.661,-6.04,69.018,68.578,0.0,14.0,0.44,0.17,4.39,158.6,-18.6,-37.4
54.669,542.444,-0.027,-0.146,69.018,-0.003,30.652,-5.348,69.018,68.628,0.0,0.0,0.39,0.22,4.56,173.2,-16.6,-37.9
54.764,542.445,0.028,-0.14,69.018,0.004,30.638,-5.749,69.018,68.698,0.0,0.0,0.32,0.15,4.41,178.6,11.3,-39.6
54.869,542.445,0.044,-0.144,69.018,0.006,30.661,-5.735,69.018,68.758,0.0,0.0,0.26,0.1,4.4,167.9,19.2,-40.5
54.964,542.446,0.016,-0.139,69.018,0.002,30.654,-5.493,69.018,68.798,0.0,0.0,0.22,0.15,4.45,-178.1,16.1,-37.0
55.071,542.446,-0.057,-0.144,69.018,-0.007,30.668,-5.459,69.018,68.838,0.0,0.0,0.18,0.18,4.34,-165.0,16.2,-35.9
55.164,542.447,-0.015,-0.137,69.018,-0.002,30.652,-5.344,69.018,68.848,0.0,0.0,0.17,0.11,4.55,175.8,10.6,-35.8
55.264,542.447,-0.01,-0.141,69.018,-0.001,30.668,-5.392,69.018,68.848,0.0,0.0,0.17,0.04,4.42,173.0,-13.1,-33.3
55.367,542.447,-0.002,-0.138,69.018,-0.0,30.665,-5.515,69.018,68.848,0.0,0.0,0.17,0.11,4.31,-168.8,-13.9,-35.1
55.472,542.447,0.012,-0.13,69.018,0.002,30.652,-5.626,69.018,68.818,0.0,0.0,0.2,0.17,4.41,163.2,-14.0,-30.5
55.567,542.447,0.039,-0.136,69.018,0.005,30.656,-5.885,69.018,68.798,0.0,0.0,0.22,0.1,4.46,164.6,-9.9,-30.5
55.668,542.447,0.017,-0.138,69.018,0.002,30.659,-5.528,69.018,68.778,0.0,0.0,0.24,0.09,4.42,-173.7,9.2,-32.0
55.766,542.447,0.04,-0.133,69.018,0.005,30.661,-5.643,69.018,68.748,0.0,0.0,0.27,0.17,4.41,170.6,-10.9,-30.8
55.864,542.446,0.013,-0.14,69.018,0.002,30.686,-5.433,69.018,68.718,0.0,0.0,0.3,0.16,4.4,-177.4,16.3,-32.6
55.968,542.447,-0.004,-0.144,69.018,-0.001,30.665,-5.57,69.018,68.678,0.0,0.0,0.34,0.09,4.3,-163.3,19.4,-30.6
56.066,542.446,0.021,-0.134,69.018,0.003,30.691,-5.67,69.018,68.618,0.0,0.0,0.4,0.13,4.35,170.4,-13.9,-29.9
56.167,542.446,0.022,-0.143,69.018,0.003,30.675,-6.006,69.018,68.558,0.0,0.0,0.46,0.22,4.35,170.9,-16.0,-30.0
56.268,542.445,-0.011,-0.142,69.018,-0.001,30.668,-5.776,69.018,68.488,0.0,0.0,0.53,0.21,4.4,168.2,-8.6,-30.3
56.365,542.445,-0.054,-0.146,69.018,-0.007,30.647,-5.668,69.018,68.448,0.0,0.0,0.57,0.14,4.3,166.8,18.4,-34.7
56.47,542.445,0.037,-0.138,69.018,0.005,30.661,-5.567,69.018,68.358,0.0,0.0,0.66,0.19,4.53,177.1,24.5,-35.0
56.565,542.445,-0.025,-0.138,69.018,-0.003,30.656,-5.53,69.018,68.328,0.0,0.0,0.69,0.22,4.4,177.3,-13.9,-31.9
56.665,542.445,0.029,-0.139,69.018,0.004,30.665,-5.754,69.018,68.318,0.0,0.0,0.7,0.17,4.23,165.5,23.4,-38.1
56.765,542.445,-0.09,-0.154,69.018,-0.011,30.656,-5.466,69.018,68.238,0.0,0.0,0.78,0.14,4.51,175.7,22.8,-37.1
56.864,542.445,0.082,-0.134,69.018,0.01,30.661,-5.893,69.018,68.258,0.0,0.0,0.76,0.14,4.21,172.7,17.5,-38.6
56.965,542.444,-0.029,-0.148,69.018,-0.004,30.681,-5.539,69.018,68.238,0.0,0.0,0.78,0.14,4.21,170.5,15.7,-40.4
57.067,542.444,-0.055,-0.156,69.018,-0.007,30.693,-5.956,69.018,68.198,0.0,0.0,0.82,0.12,4.36,172.8,18.7,-41.9
57.164,542.444,-0.051,-0.15,69.018,-0.006,30.681,-5.707,69.018,68.188,0.0,0.0,0.83,0.12,4.43,-179.1,23.9,-41.8
57.266,542.444,0.041,-0.135,69.018,0.005,30.656,-6.134,69.018,68.228,0.0,0.0,0.79,0.13,4.36,169.1,23.0,-46.2
57.364,542.444,-0.051,-0.148,69.018,-0.006,30.672,-5.665,69.018,68.288,0.0,0.0,0.73,0.11,4.32,-176.7,27.0,-47.2
57.47,542.445,-0.033,-0.148,69.018,-0.004,30.672,-5.952,69.018,68.338,0.0,0.0,0.68,0.1,4.28,158.7,21.8,-50.6
57.565,542.445,0.11,-0.133,69.018,0.014,30.693,-5.953,69.018,68.338,0.0,0.0,0.68,0.13,4.67,175.0,-4.2,-47.7
57.668,542.445,-0.043,-0.151,69.018,-0.006,30.661,-6.133,69.018,68.428,0.0,0.0,0.59,0.15,4.51,157.7,21.7,-54.5
57.774,542.445,-0.002,-0.144,69.018,-0.0,30.679,-6.158,69.018,68.508,0.0,0.0,0.51,0.15,4.35,165.6,16.8,-53.6
57.866,542.445,-0.003,-0.145,69.018,-0.0,30.654,-5.685,69.018,68.548,0.0,0.0,0.47,0.17,4.51,167.0,19.9,-55.0
57.965,542.446,0.019,-0.143,69.018,0.002,30.665,-5.796,69.018,68.628,0.0,0.0,0.39,0.2,4.4,177.2,19.7,-55.1
58.065,542.446,0.087,-0.139,69.018,0.011,30.659,-6.151,69.018,68.668,0.0,0.0,0.35,0.2,4.6,179.1,19.5,-56.2
58.167,542.446,-0.064,-0.155,69.018,-0.008,30.686,-5.394,69.018,68.718,0.0,0.0,0.3,0.19,4.6,178.1,-22.9,-55.7
58.266,542.446,0.01,-0.134,69.018,0.001,30.67,-5.797,69.018,68.778,0.0,0.0,0.24,0.23,4.43,169.8,-10.4,-56.7
58.371,542.447,-0.019,-0.146,69.018,-0.002,30.684,-5.574,69.018,68.818,0.0,0.0,0.2,0.27,4.49,158.7,1.8,-61.5
58.47,542.447,-0.006,-0.138,69.018,-0.001,30.661,-5.938,69.018,68.848,0.0,0.0,0.17,0.22,4.51,-174.6,-17.0,-61.3
58.57,542.448,0.019,-0.135,69.018,0.002,30.661,-5.358,69.018,68.888,0.0,0.0,0.13,0.18,4.35,-169.9,-13.5,-64.5
58.67,542.449,0.022,-0.135,69.018,0.003,30.67,-5.417,69.018,68.898,0.0,0.0,0.12,0.24,4.33,-165.0,13.2,-63.2
58.773,542.45,-0.07,-0.148,69.018,-0.009,30.663,-5.235,69.018,68.898,0.0,0.0,0.12,0.27,4.3,167.9,13.6,-67.9
58.869,542.45,-0.031,-0.135,69.018,-0.004,30.665,-5.337,69.018,68.898,0.0,0.0,0.12,0.22,4.32,-169.7,10.8,-67.6
58.97,542.45,0.059,-0.134,69.018,0.008,30.668,-5.158,69.018,68.888,0.0,0.0,0.13,0.22,4.35,-170.2,-14.7,-70.2
59.067,542.45,0.033,-0.134,69.018,0.004,30.675,-5.324,69.018,68.858,0.0,0.0,0.16,0.27,4.32,166.1,-17.3,-68.5
59.166,542.45,0.025,-0.122,69.018,0.003,30.656,-5.169,69.018,68.828,0.0,0.0,0.19,0.28,4.35,164.8,-18.3,-69.6
59.267,542.45,0.014,-0.133,69.018,0.002,30.686,-5.414,69.018,68.788,0.0,0.0,0.23,0.24,4.37,-175.0,-16.2,-72.9
59.367,542.45,-0.027,-0.142,69.018,-0.003,30.675,-5.564,69.018,68.738,0.0,0.0,0.28,0.27,4.42,178.7,17.1,-74.5
59.467,542.45,0.015,-0.125,69.018,0.002,30.677,-5.226,69.018,68.688,0.0,0.0,0.33,0.33,4.37,169.7,13.1,-76.1
59.566,542.45,-0.002,-0.133,69.018,-0.0,30.67,-4.981,69.018,68.628,0.0,0.0,0.39,0.32,4.5,169.3,-15.1,-72.0
59.669,542.449,-0.01,-0.132,69.018,-0.001,30.681,-5.209,69.018,68.588,0.0,0.0,0.43,0.27,4.32,166.6,14.0,-78.1
59.788,542.449,-0.008,-0.139,69.018,-0.001,30.704,-5.066,69.018,68.528,0.0,0.0,0.49,0.29,4.29,162.3,-19.7,-72.4
59.9,542.448,-0.024,-0.143,69.018,-0.003,30.654,-5.359,69.018,68.458,0.0,0.0,0.56,0.35,4.42,167.1,18.3,-79.3
59.968,542.447,-0.035,-0.144,69.018,-0.005,30.675,-5.663,69.018,68.428,0.0,0.0,0.59,0.34,4.28,179.7,12.5,-78.0
60.065,542.447,-0.005,-0.141,69.018,-0.001,30.677,-5.594,69.018,68.358,0.0,8.58,0.66,0.32,4.4,170.7,-12.9,-74.0
60.167,542.446,-0.037,-0.141,69.018,-0.005,30.677,-5.457,69.018,68.368,0.0,14.0,0.65,0.31,4.22,178.9,-19.0,-75.0
60.266,542.446,0.07,-0.128,69.018,0.009,30.661,-5.616,69.018,68.318,0.0,14.0,0.7,0.35,4.41,172.5,-14.5,-75.1
60.37,542.446,-0.077,-0.142,69.018,-0.01,30.631,-5.313,69.018,68.328,0.0,14.0,0.69,0.34,4.31,174.7,10.5,-79.9
60.473,542.446,0.016,-0.133,69.018,0.002,30.672,-5.877,69.018,68.328,0.0,14.0,0.69,0.33,4.38,-177.9,2.4,-78.9
60.574,542.446,-0.007,-0.144,69.018,-0.001,30.672,-5.196,69.018,68.348,0.0,14.0,0.67,0.32,4.28,-176.9,-20.2,-76.5
60.671,542.446,-0.036,-0.147,69.018,-0.005,30.665,-5.414,69.018,68.368,0.0,10.24,0.65,0.31,4.27,156.7,17.5,-83.4
60.775,542.446,0.032,-0.141,69.018,0.004,30.704,-5.653,69.018,68.388,0.0,0.592,0.63,0.3,4.28,156.0,14.0,-82.8
60.869,542.446,-0.039,-0.143,69.018,-0.005,30.677,-5.305,69.018,68.418,0.0,0.0,0.6,0.29,4.3,156.8,15.2,-82.7
60.968,542.446,-0.017,-0.144,69.018,-0.002,30.668,-5.634,69.018,68.458,0.0,0.0,0.56,0.29,4.3,158.0,14.8,-82.5
61.077,542.446,0.013,-0.145,69.018,0.002,30.668,-5.408,69.018,68.488,0.0,0.0,0.53,0.29,4.5,159.7,14.5,-82.1
61.187,542.447,-0.036,-0.132,69.018,-0.005,30.681,-5.594,69.018,68.548,0.0,0.0,0.47,0.27,4.38,-177.0,9.7,-78.1
61.28,542.447,-0.016,-0.134,69.018,-0.002,30.665,-5.52,69.018,68.598,0.0,0.0,0.42,0.26,4.31,170.5,9.3,-78.9
61.371,542.447,-0.006,-0.136,69.018,-0.001,30.684,-5.391,69.018,68.648,0.0,0.0,0.37,0.24,4.33,164.1,15.3,-80.2
61.472,542.447,0.016,-0.132,69.018,0.002,30.691,-5.587,69.018,68.678,0.0,0.0,0.34,0.24,4.39,-169.1,16.6,-76.5
61.567,542.447,-0.011,-0.136,69.018,-0.001,30.661,-5.482,69.018,68.718,0.0,0.0,0.3,0.27,4.49,174.0,11.7,-78.5
61.673,542.447,0.005,-0.144,69.018,0.001,30.675,-5.297,69.018,68.768,0.0,0.0,0.25,0.27,4.31,174.5,10.9,-78.2
61.766,542.448,0.014,-0.132,69.018,0.002,30.681,-5.376,69.018,68.798,0.0,0.0,0.22,0.24,4.34,169.7,15.9,-78.3
61.87,542.448,0.012,-0.127,69.018,0.001,30.688,-5.206,69.018,68.818,0.0,0.0,0.2,0.25,4.45,175.0,17.3,-78.0
61.967,542.449,-0.077,-0.149,69.018,-0.01,30.681,-4.93,69.018,68.848,0.0,0.0,0.17,0.29,4.4,164.9,-15.9,-74.6
62.073,542.45,0.039,-0.128,69.018,0.005,30.686,-5.209,69.018,68.868,0.0,0.0,0.15,0.3,4.33,177.4,10.3,-76.7
62.165,542.449,0.093,-0.114,69.018,0.012,30.693,-5.488,69.018,68.878,0.0,0.0,0.14,0.27,4.31,178.5,11.5,-76.2
62.278,542.45,-0.016,-0.134,69.018,-0.002,30.688,-5.258,69.018,68.868,0.0,0.0,0.15,0.28,4.52,-173.7,14.9,-74.7
62.369,542.45,0.059,-0.124,69.018,0.008,30.688,-5.212,69.018,68.858,0.0,0.0,0.16,0.29,4.33,171.6,14.0,-75.8
62.472,542.45,-0.013,-0.131,69.018,-0.002,30.675,-5.137,69.018,68.828,0.0,0.0,0.19,0.29,4.35,175.4,11.9,-74.3
62.568,542.45,0.007,-0.139,69.018,0.001,30.686,-5.286,69.018,68.808,0.0,0.0,0.21,0.25,4.25,-172.2,16.9,-72.9
62.674,542.449,0.0,-0.137,69.018,0.0,30.665,-5.564,69.018,68.768,0.0,0.0,0.25,0.27,4.29,-174.5,7.0,-72.5
62.773,542.449,0.029,-0.137,69.018,0.004,30.684,-5.234,69.018,68.728,0.0,0.0,0.29,0.28,4.24,-173.8,7.7,-71.3
62.87,542.449,-0.023,-0.133,69.018,-0.003,30.702,-4.983,69.018,68.678,0.0,0.0,0.34,0.25,4.24,-173.4,9.7,-70.0
62.971,542.448,0.109,-0.129,69.018,0.014,30.693,-5.972,69.018,68.618,0.0,0.0,0.4,0.23,4.43,-172.6,18.6,-69.2
63.072,542.448,0.011,-0.118,69.018,0.001,30.675,-5.264,69.018,68.568,0.0,0.0,0.45,0.24,4.41,-177.6,13.9,-69.3
63.17,542.447,-0.002,-0.13,69.018,-0.0,30.684,-5.31,69.018,68.528,0.0,0.0,0.49,0.27,4.38,164.4,-4.3,-66.5
63.272,542.447,-0.01,-0.137,69.018,-0.001,30.675,-4.968,69.018,68.508,0.0,0.0,0.51,0.24,4.2,-169.9,17.2,-65.8
63.367,542.447,0.021,-0.135,69.018,0.003,30.688,-5.44,69.018,68.458,0.0,0.0,0.56,0.23,4.36,-179.2,18.2,-66.6
63.473,542.447,-0.002,-0.133,69.018,-0.0,30.675,-5.406,69.018,68.428,0.0,0.0,0.59,0.24,4.37,162.9,18.4,-67.6
63.571,542.447,0.02,-0.129,69.018,0.003,30.663,-5.499,69.018,68.378,0.0,0.0,0.64,0.27,4.54,178.8,18.6,-66.2
63.681,542.446,0.008,-0.13,69.018,0.001,30.684,-5.449,69.018,68.408,0.0,0.0,0.61,0.25,4.24,-174.5,18.0,-64.0
63.781,542.446,-0.008,-0.141,69.018,-0.001,30.665,-5.338,69.018,68.368,0.0,0.0,0.65,0.26,4.39,-177.4,21.5,-62.9
63.88,542.446,0.066,-0.126,69.018,0.008,30.663,-5.389,69.018,68.358,0.0,0.0,0.66,0.26,4.45,-176.9,15.0,-62.0
63.981,542.446,-0.045,-0.133,69.018,-0.006,30.672,-5.548,69.018,68.378,0.0,0.0,0.64,0.26,4.41,162.4,-17.1,-57.1
64.075,542.446,-0.003,-0.14,69.018,-0.0,30.663,-5.404,69.018,68.398,0.0,0.0,0.62,0.25,4.32,-177.9,-15.8,-58.7
64.173,542.446,-0.013,-0.131,69.018,-0.002,30.691,-5.293,69.018,68.398,0.0,0.0,0.62,0.25,4.4,175.9,13.8,-60.9
64.275,542.446,-0.045,-0.144,69.018,-0.006,30.697,-5.243,69.018,68.408,0.0,0.0,0.61,0.25,4.41,166.9,-8.8,-56.5
64.376,542.446,0.003,-0.138,69.018,0.0,30.686,-5.182,69.018,68.438,0.0,0.0,0.58,0.24,4.37,168.0,-15.0,-54.9
64.478,542.446,0.009,-0.126,69.018,0.001,30.679,-5.726,69.018,68.458,0.0,0.0,0.56,0.23,4.45,170.6,14.6,-60.2
64.576,542.446,0.06,-0.129,69.018,0.008,30.668,-5.279,69.018,68.508,0.0,0.0,0.51,0.21,4.32,163.7,16.8,-61.4
64.678,542.447,-0.017,-0.137,69.018,-0.002,30.665,-5.305,69.018,68.528,0.0,0.0,0.49,0.2,4.45,168.0,13.5,-60.3
64.771,542.447,-0.042,-0.144,69.018,-0.005,30.684,-5.471,69.018,68.578,0.0,0.0,0.44,0.2,4.42,164.4,-9.8,-57.2
64.874,542.447,-0.009,-0.14,69.018,-0.001,30.672,-5.366,69.018,68.608,0.0,0.0,0.41,0.21,4.54,176.4,20.2,-60.3
64.971,542.447,0.018,-0.132,69.018,0.002,30.686,-5.203,69.018,68.648,0.0,0.0,0.37,0.19,4.54,-177.0,-17.7,-57.8
65.074,542.447,0.014,-0.126,69.018,0.002,30.684,-5.25,69.018,68.698,0.0,0.0,0.32,0.15,4.42,175.7,21.0,-60.1
65.17,542.447,-0.012,-0.126,69.018,-0.001,30.7,-5.32,69.018,68.728,0.0,0.0,0.29,0.18,4.58,-176.4,-16.2,-57.7
65.274,542.447,0.018,-0.13,69.018,0.002,30.691,-4.887,69.018,68.758,0.0,0.0,0.26,0.2,4.49,-176.8,-22.4,-58.6
65.375,542.447,0.001,-0.128,69.018,0.0,30.672,-5.33,69.018,68.778,0.0,0.0,0.24,0.19,4.43,174.0,19.2,-60.0
65.477,542.447,0.014,-0.135,69.018,0.002,30.679,-5.505,69.018,68.798,0.0,0.0,0.22,0.18,4.47,177.2,14.1,-59.5
65.576,542.448,0.018,-0.131,69.018,0.002,30.691,-5.746,69.018,68.808,0.0,0.0,0.21,0.19,4.49,168.5,14.6,-60.5
65.677,542.448,-0.015,-0.133,69.018,-0.002,30.7,-5.122,69.018,68.798,0.0,0.0,0.22,0.21,4.51,-173.6,-11.9,-58.0
65.778,542.448,-0.01,-0.135,69.018,-0.001,30.686,-4.87,69.018,68.798,0.0,0.0,0.22,0.2,4.3,-167.7,18.8,-57.1
65.876,542.448,0.005,-0.126,69.018,0.001,30.661,-5.426,69.018,68.768,0.0,0.0,0.25,0.2,4.51,-173.9,14.9,-58.3
65.976,542.448,-0.013,-0.132,69.018,-0.002,30.707,-5.155,69.018,68.758,0.0,0.0,0.26,0.21,4.33,164.9,12.4,-60.1
66.079,542.448,0.029,-0.132,69.018,0.004,30.702,-5.306,69.018,68.718,0.0,0.0,0.3,0.22,4.51,164.9,10.5,-59.7
66.173,542.448,0.008,-0.131,69.018,0.001,30.677,-5.223,69.018,68.688,0.0,0.0,0.33,0.2,4.39,-174.2,20.8,-57.6
66.283,542.447,0.011,-0.135,69.018,0.001,30.693,-5.316,69.018,68.668,0.0,0.0,0.35,0.19,4.28,-173.2,15.3,-57.3
66.374,542.447,0.007,-0.136,69.018,0.001,30.7,-5.083,69.018,68.628,0.0,0.0,0.39,0.21,4.27,-172.1,15.5,-56.7
66.479,542.447,0.019,-0.125,69.018,0.002,30.713,-5.287,69.018,68.578,0.0,0.0,0.44,0.23,4.44,167.0,-9.8,-54.1
66.573,542.447,-0.011,-0.13,69.018,-0.001,30.695,-4.973,69.018,68.568,0.0,0.0,0.45,0.2,4.3,-176.3,2.4,-55.8
66.673,542.447,-0.013,-0.129,69.018,-0.002,30.677,-5.153,69.018,68.528,0.0,0.0,0.49,0.18,4.39,176.7,19.9,-56.8
66.782,542.447,-0.024,-0.128,69.018,-0.003,30.691,-5.329,69.018,68.488,0.0,0.0,0.53,0.18,4.4,175.6,20.6,-57.2
66.879,542.446,-0.033,-0.13,69.018,-0.004,30.7,-5.315,69.018,68.468,0.0,0.0,0.55,0.19,4.33,170.5,11.0,-54.7
66.983,542.446,-0.004,-0.125,69.018,-0.001,30.679,-5.132,69.018,68.428,0.0,0.0,0.59,0.2,4.48,174.3,14.1,-55.1
67.077,542.446,-0.044,-0.141,69.018,-0.006,30.695,-5.326,69.018,68.418,0.0,0.0,0.6,0.18,4.39,-179.9,25.2,-54.7
67.177,542.446,-0.014,-0.141,69.018,-0.002,30.697,-4.959,69.018,68.408,0.0,0.0,0.61,0.18,4.31,-174.0,23.4,-54.5
67.282,542.446,-0.006,-0.139,69.018,-0.001,30.679,-5.23,69.018,68.398,0.0,0.0,0.62,0.18,4.32,159.6,16.8,-55.3
67.38,542.446,-0.011,-0.127,69.018,-0.001,30.695,-5.243,69.018,68.398,0.0,0.0,0.62,0.19,4.25,-175.6,27.1,-54.0
67.484,542.446,0.044,-0.129,69.018,0.006,30.693,-5.041,69.018,68.368,0.0,0.0,0.65,0.2,4.48,-180.0,-13.1,-50.9
67.584,542.446,-0.031,-0.138,69.018,-0.004,30.675,-5.389,69.018,68.408,0.0,0.0,0.61,0.19,4.22,171.2,18.3,-53.1
67.681,542.446,-0.001,-0.131,69.018,-0.0,30.684,-5.512,69.018,68.398,0.0,0.0,0.62,0.21,4.41,168.7,19.4,-53.6
67.783,542.446,0.001,-0.131,69.018,0.0,30.684,-5.385,69.018,68.438,0.0,0.0,0.58,0.2,4.27,165.4,17.7,-54.0
67.883,542.446,-0.012,-0.131,69.018,-0.001,30.688,-5.252,69.018,68.468,0.0,0.0,0.55,0.19,4.23,167.9,20.4,-53.4
67.98,542.446,0.016,-0.131,69.018,0.002,30.684,-5.509,69.018,68.478,0.0,0.0,0.54,0.2,4.39,163.3,-7.5,-48.5
68.077,542.446,0.038,-0.126,69.018,0.005,30.693,-5.327,69.018,68.508,0.0,0.0,0.51,0.22,4.47,172.0,14.6,-52.5
68.179,542.446,0.031,-0.129,69.018,0.004,30.675,-5.158,69.018,68.548,0.0,0.0,0.47,0.21,4.48,161.3,18.2,-55.5
68.273,542.447,-0.009,-0.134,69.018,-0.001,30.7,-5.518,69.018,68.598,0.0,0.0,0.42,0.18,4.33,-170.6,-10.0,-51.8
68.384,542.447,0.018,-0.134,69.018,0.002,30.688,-5.551,69.018,68.618,0.0,0.0,0.4,0.17,4.47,174.7,18.9,-52.9
68.473,542.447,-0.008,-0.138,69.018,-0.001,30.679,-5.093,69.018,68.668,0.0,0.0,0.35,0.18,4.32,169.8,16.4,-52.8
68.575,542.447,-0.005,-0.129,69.018,-0.001,30.704,-5.12,69.018,68.688,0.0,0.0,0.33,0.2,4.52,179.0,21.0,-53.2
68.678,542.447,0.008,-0.13,69.018,0.001,30.693,-4.651,69.018,68.718,0.0,0.0,0.3,0.17,4.48,-176.2,19.8,-51.4
68.775,542.447,-0.009,-0.129,69.018,-0.001,30.688,-5.123,69.018,68.738,0.0,0.0,0.28,0.15,4.51,171.7,-9.3,-50.2
68.877,542.447,0.007,-0.132,69.018,0.001,30.686,-5.561,69.018,68.758,0.0,0.0,0.26,0.15,4.35,-169.5,19.9,-50.8
68.974,542.447,0.013,-0.127,69.018,0.002,30.679,-5.313,69.018,68.758,0.0,0.0,0.26,0.15,4.33,162.1,-8.7,-49.0
69.084,542.447,0.004,-0.134,69.018,0.001,30.681,-5.304,69.018,68.758,0.0,0.0,0.26,0.14,4.34,167.6,13.7,-51.5
69.183,542.447,0.021,-0.125,69.018,0.003,30.704,-5.072,69.018,68.738,0.0,0.0,0.28,0.14,4.49,179.9,3.4,-50.0
69.278,542.447,-0.016,-0.128,69.018,-0.002,30.684,-5.128,69.018,68.728,0.0,0.0,0.29,0.16,4.52,166.8,12.6,-51.7
69.381,542.447,0.007,-0.128,69.018,0.001,30.672,-5.386,69.018,68.728,0.0,0.0,0.29,0.15,4.32,-177.7,8.2,-49.4
69.478,542.447,0.029,-0.125,69.018,0.004,30.7,-4.905,69.018,68.708,0.0,0.0,0.31,0.14,4.31,-174.1,16.6,-49.0
69.579,542.447,0.009,-0.134,69.018,0.001,30.691,-5.214,69.018,68.698,0.0,0.0,0.32,0.15,4.31,-177.2,11.1,-47.4
69.674,542.447,0.003,-0.138,69.018,0.0,30.691,-4.969,69.018,68.658,0.0,0.0,0.36,0.17,4.45,179.0,18.3,-49.3
69.779,542.447,-0.017,-0.13,69.018,-0.002,30.7,-5.04,69.018,68.618,0.0,0.0,0.4,0.18,4.53,164.6,-14.2,-46.5
69.873,542.447,-0.006,-0.128,69.018,-0.001,30.704,-5.327,69.018,68.598,0.0,0.0,0.42,0.16,4.41,178.0,23.2,-48.4
69.977,542.447,-0.03,-0.138,69.018,-0.004,30.686,-4.984,69.018,68.558,0.0,0.0,0.46,0.16,4.44,173.7,17.7,-47.5
70.084,542.447,0.017,-0.13,69.018,0.002,30.686,-4.919,69.018,68.518,0.0,0.0,0.5,0.17,4.41,175.9,21.2,-48.1
70.183,542.446,-0.002,-0.132,69.018,-0.0,30.672,-5.091,69.018,68.498,0.0,0.0,0.52,0.18,4.3,-179.8,2.9,-45.4
70.278,542.446,-0.034,-0.136,69.018,-0.004,30.675,-5.226,69.018,68.428,0.0,0.0,0.59,0.18,4.6,167.4,-5.9,-40.6
70.372,542.446,-0.015,-0.134,69.018,-0.002,30.702,-5.501,69.018,68.428,0.0,0.0,0.59,0.16,4.43,-174.4,19.0,-42.4
70.476,542.446,-0.016,-0.133,69.018,-0.002,30.725,-4.799,69.018,68.418,0.0,0.0,0.6,0.15,4.29,159.1,20.9,-44.3
70.58,542.446,-0.017,-0.133,69.018,-0.002,30.697,-5.063,69.018,68.408,0.0,0.0,0.61,0.15,4.21,169.7,20.1,-42.7
70.678,542.446,-0.015,-0.133,69.018,-0.002,30.7,-5.193,69.018,68.398,0.0,0.0,0.62,0.15,4.21,174.1,16.0,-41.0
70.772,542.446,0.015,-0.133,69.018,0.002,30.7,-5.178,69.018,68.368,0.0,0.0,0.65,0.14,4.37,-173.4,21.0,-38.6
70.878,542.446,-0.037,-0.138,69.018,-0.005,30.709,-5.651,69.018,68.368,0.0,0.0,0.65,0.14,4.38,-175.6,22.4,-37.2
70.979,542.446,0.003,-0.135,69.018,0.0,30.679,-5.129,69.018,68.368,0.0,0.0,0.65,0.14,4.41,-173.3,22.4,-35.6
71.077,542.446,-0.032,-0.141,69.018,-0.004,30.695,-5.145,69.018,68.388,0.0,0.0,0.63,0.13,4.39,165.8,-6.6,-32.1
71.177,542.446,-0.01,-0.133,69.018,-0.001,30.707,-5.186,69.018,68.408,0.0,0.0,0.61,0.12,4.4,169.5,-10.1,-31.8
71.281,542.446,0.019,-0.129,69.018,0.002,30.681,-5.64,69.018,68.448,0.0,0.0,0.57,0.13,4.31,160.6,-7.6,-31.0
71.384,542.446,0.077,-0.121,69.018,0.01,30.7,-5.562,69.018,68.458,0.0,0.0,0.56,0.14,4.49,169.5,23.4,-35.6
71.483,542.446,-0.019,-0.133,69.018,-0.002,30.704,-5.171,69.018,68.488,0.0,0.0,0.53,0.14,4.5,173.1,23.8,-34.0
71.58,542.447,-0.038,-0.133,69.018,-0.005,30.675,-5.408,69.018,68.528,0.0,0.0,0.49,0.13,4.42,-176.3,27.8,-31.4
71.681,542.447,0.017,-0.126,69.018,0.002,30.707,-5.067,69.018,68.568,0.0,0.0,0.45,0.13,4.35,173.8,19.1,-31.5
71.776,542.447,-0.011,-0.13,69.018,-0.001,30.695,-5.11,69.018,68.568,0.0,0.0,0.45,0.15,4.6,176.8,22.4,-30.5
71.878,542.447,0.005,-0.127,69.018,0.001,30.681,-5.527,69.018,68.618,0.0,0.0,0.4,0.15,4.34,169.0,17.1,-30.8
71.979,542.447,0.002,-0.13,69.018,0.0,30.688,-5.179,69.018,68.638,0.0,0.0,0.38,0.14,4.29,169.4,18.0,-30.5
72.081,542.447,-0.001,-0.13,69.018,-0.0,30.686,-5.093,69.018,68.658,0.0,0.0,0.36,0.12,4.3,160.8,-7.1,-26.2
72.176,542.447,0.021,-0.127,69.018,0.003,30.688,-4.948,69.018,68.668,0.0,0.0,0.35,0.12,4.32,161.7,20.6,-30.6
72.279,542.447,-0.011,-0.128,69.018,-0.001,30.704,-5.389,69.018,68.678,0.0,0.0,0.34,0.12,4.3,-165.8,-7.3,-28.6
72.383,542.447,-0.012,-0.133,69.018,-0.002,30.672,-5.275,69.018,68.668,0.0,0.0,0.35,0.11,4.43,175.1,-8.3,-24.8
72.484,542.447,-0.024,-0.136,69.018,-0.003,30.679,-4.773,69.018,68.678,0.0,0.0,0.34,0.09,4.32,-173.4,-8.6,-26.3
72.578,542.447,-0.019,-0.136,69.018,-0.002,30.679,-5.328,69.018,68.678,0.0,0.0,0.34,0.08,4.32,-172.0,18.2,-24.4
72.683,542.447,0.003,-0.132,69.018,0.0,30.695,-5.406,69.018,68.668,0.0,0.0,0.35,0.07,4.34,-176.6,4.2,-25.6
72.783,542.447,-0.01,-0.127,69.018,-0.001,30.7,-5.016,69.018,68.648,0.0,0.0,0.37,0.06,4.38,163.0,-3.2,-23.8
72.877,542.447,-0.014,-0.129,69.018,-0.002,30.697,-5.167,69.018,68.628,0.0,0.0,0.39,0.05,4.33,168.3,22.1,-25.4
72.976,542.447,-0.009,-0.134,69.018,-0.001,30.693,-4.86,69.018,68.588,0.0,0.0,0.43,0.07,4.56,-174.9,19.4,-23.0
73.084,542.447,-0.014,-0.137,69.018,-0.002,30.702,-5.037,69.018,68.568,0.0,0.0,0.45,0.07,4.43,166.7,-3.0,-21.9
73.18,542.447,0.013,-0.13,69.018,0.002,30.718,-5.154,69.018,68.528,0.0,0.0,0.49,0.05,4.52,176.6,13.6,-22.8
73.287,542.447,-0.011,-0.132,69.018,-0.001,30.695,-5.511,69.018,68.498,0.0,0.0,0.52,0.06,4.49,167.4,12.7,-22.0
73.379,542.447,-0.018,-0.125,69.018,-0.002,30.684,-5.098,69.018,68.488,0.0,0.0,0.53,0.07,4.32,-172.3,-8.6,-21.4
73.483,542.447,0.034,-0.128,69.018,0.004,30.681,-5.644,69.018,68.428,0.0,0.0,0.59,0.09,4.47,-175.9,22.2,-20.9
73.58,542.446,0.008,-0.133,69.018,0.001,30.677,-5.349,69.018,68.418,0.0,0.0,0.6,0.08,4.29,165.1,22.0,-22.2
73.677,542.446,0.02,-0.12,69.018,0.003,30.697,-5.486,69.018,68.388,0.0,0.0,0.63,0.07,4.28,175.0,16.8,-20.1
73.781,542.446,0.049,-0.133,69.018,0.006,30.691,-5.646,69.018,68.358,0.0,0.0,0.66,0.08,4.25,-172.7,5.3,-19.3
73.885,542.446,0.005,-0.134,69.018,0.001,30.691,-5.124,69.018,68.338,0.0,0.0,0.68,0.08,4.3,169.4,20.8,-19.4
73.979,542.446,0.033,-0.135,69.018,0.004,30.67,-5.13,69.018,68.318,0.0,0.0,0.7,0.08,4.29,166.7,21.8,-19.1
74.077,542.446,0.013,-0.128,69.018,0.002,30.711,-5.221,69.018,68.298,0.0,0.0,0.72,0.08,4.44,166.9,25.8,-20.5
74.178,542.446,-0.044,-0.138,69.018,-0.006,30.688,-5.063,69.018,68.318,0.0,0.0,0.7,0.08,4.28,169.5,26.0,-18.7
74.279,542.446,0.009,-0.134,69.018,0.001,30.688,-4.813,69.018,68.328,0.0,0.0,0.69,0.08,4.3,-173.9,26.9,-17.5
74.378,542.446,-0.026,-0.133,69.018,-0.003,30.697,-5.073,69.018,68.338,0.0,0.0,0.68,0.08,4.31,-173.0,11.8,-17.4
74.482,542.446,0.02,-0.131,69.018,0.002,30.684,-5.092,69.018,68.358,0.0,0.0,0.66,0.08,4.29,174.5,22.5,-18.0
74.584,542.446,0.002,-0.136,69.018,0.0,30.695,-4.767,69.018,68.378,0.0,0.0,0.64,0.09,4.3,168.7,25.6,-20.1
74.683,542.446,-0.018,-0.136,69.018,-0.002,30.693,-5.134,69.018,68.368,0.0,0.0,0.65,0.1,4.51,-173.4,25.5,-18.2
74.779,542.446,-0.005,-0.126,69.018,-0.001,30.688,-5.024,69.018,68.428,0.0,0.0,0.59,0.09,4.31,174.2,-6.2,-16.4
74.877,542.446,0.042,-0.13,69.018,0.005,30.7,-5.297,69.018,68.448,0.0,0.0,0.57,0.08,4.34,162.4,26.2,-22.6
74.984,542.446,0.003,-0.13,69.018,0.0,30.693,-5.308,69.018,68.478,0.0,0.0,0.54,0.09,4.3,168.6,22.7,-20.9
75.08,542.447,0.031,-0.128,69.018,0.004,30.711,-5.557,69.018,68.488,0.0,0.0,0.53,0.11,4.52,166.3,21.7,-22.0
75.181,542.447,0.016,-0.135,69.018,0.002,30.686,-5.251,69.018,68.538,0.0,0.0,0.48,0.1,4.3,-172.8,20.2,-20.7
75.278,542.447,-0.037,-0.135,69.018,-0.005,30.702,-5.303,69.018,68.558,0.0,0.0,0.46,0.09,4.3,163.4,19.9,-23.7
75.384,542.447,-0.015,-0.127,69.018,-0.002,30.711,-5.362,69.018,68.588,0.0,0.0,0.43,0.1,4.36,162.9,-2.8,-22.0
75.481,542.447,0.001,-0.124,69.018,0.0,30.709,-5.206,69.018,68.608,0.0,0.0,0.41,0.1,4.32,167.5,18.7,-24.8
75.582,542.447,0.033,-0.127,69.018,0.004,30.711,-5.45,69.018,68.618,0.0,0.0,0.4,0.12,4.5,174.3,15.8,-24.8
75.682,542.447,0.013,-0.131,69.018,0.002,30.716,-5.447,69.018,68.638,0.0,0.0,0.38,0.12,4.53,165.3,20.3,-27.0
75.779,542.447,-0.004,-0.138,69.018,-0.0,30.684,-5.256,69.018,68.658,0.0,0.0,0.36,0.12,4.36,168.5,20.0,-27.7
75.879,542.447,-0.032,-0.127,69.018,-0.004,30.711,-5.243,69.018,68.668,0.0,0.0,0.35,0.12,4.38,168.1,-12.9,-24.9
75.98,542.447,-0.01,-0.13,69.018,-0.001,30.695,-5.196,69.018,68.668,0.0,0.0,0.35,0.12,4.48,-178.8,9.9,-29.2
76.078,542.447,-0.004,-0.132,69.018,-0.001,30.729,-4.729,69.018,68.658,0.0,0.0,0.36,0.13,4.52,172.5,15.9,-29.3
76.177,542.447,-0.02,-0.132,69.018,-0.003,30.704,-5.17,69.018,68.648,0.0,0.0,0.37,0.13,4.54,-177.7,-13.0,-29.6
76.28,542.447,-0.025,-0.132,69.018,-0.003,30.711,-5.376,69.018,68.648,0.0,0.0,0.37,0.13,4.39,167.2,-7.4,-29.4
76.386,542.447,-0.013,-0.131,69.018,-0.002,30.7,-5.161,69.018,68.628,0.0,0.0,0.39,0.11,4.32,159.3,23.0,-36.2
76.49,542.447,0.002,-0.132,69.018,0.0,30.688,-5.344,69.018,68.588,0.0,0.0,0.43,0.11,4.53,-173.0,-12.0,-33.2
76.582,542.447,-0.023,-0.137,69.018,-0.003,30.704,-5.07,69.018,68.558,0.0,0.0,0.46,0.11,4.52,165.0,-7.2,-31.6
76.68,542.447,0.041,-0.13,69.018,0.005,30.716,-5.276,69.018,68.528,0.0,0.0,0.49,0.11,4.53,-178.5,21.6,-35.4
76.782,542.447,0.004,-0.128,69.018,0.0,30.679,-5.378,69.018,68.498,0.0,0.0,0.52,0.11,4.55,-177.2,18.8,-35.7
76.886,542.447,0.023,-0.125,69.018,0.003,30.695,-5.356,69.018,68.498,0.0,2.962,0.52,0.1,4.35,161.7,-1.6,-35.3
76.984,542.446,-0.016,-0.129,69.018,-0.002,30.693,-5.246,69.018,68.478,0.0,6.614,0.54,0.09,4.35,159.5,24.8,-41.6
77.089,542.446,-0.011,-0.132,69.018,-0.001,30.704,-5.137,69.018,68.438,0.0,7.331,0.58,0.09,4.46,179.3,24.6,-39.6
77.185,542.446,0.006,-0.127,69.018,0.001,30.695,-5.34,69.018,68.418,0.0,5.863,0.6,0.1,4.45,173.7,19.8,-40.4
77.284,542.446,-0.018,-0.127,69.018,-0.002,30.709,-5.109,69.018,68.438,0.0,9.027,0.58,0.11,4.27,168.8,21.3,-41.9
77.386,542.446,-0.002,-0.136,69.018,-0.0,30.697,-5.471,69.018,68.428,0.0,9.425,0.59,0.12,4.28,167.7,21.9,-42.2
77.485,542.446,0.056,-0.12,69.018,0.007,30.709,-5.087,69.018,68.398,0.0,5.219,0.62,0.13,4.43,164.9,-17.3,-35.0
77.587,542.446,-0.022,-0.129,69.018,-0.003,30.7,-5.272,69.018,68.418,0.0,0.0,0.6,0.14,4.31,166.5,24.3,-42.9
77.687,542.446,-0.021,-0.137,69.018,-0.003,30.693,-5.143,69.018,68.408,0.0,0.0,0.61,0.15,4.44,177.8,17.5,-42.4
77.781,542.446,0.003,-0.126,69.018,0.0,30.691,-5.521,69.018,68.418,0.0,0.0,0.6,0.16,4.43,172.0,-11.7,-38.7
77.883,542.446,-0.006,-0.137,69.018,-0.001,30.691,-5.606,69.018,68.438,0.0,0.0,0.58,0.16,4.38,169.5,-11.7,-38.7
77.98,542.446,0.015,-0.133,69.018,0.002,30.718,-5.211,69.018,68.448,0.0,0.0,0.57,0.16,4.38,165.9,10.8,-43.2
78.079,542.446,0.014,-0.136,69.018,0.002,30.711,-5.212,69.018,68.438,0.0,0.0,0.58,0.17,4.62,175.9,23.1,-46.5
78.178,542.446,0.023,-0.131,69.018,0.003,30.691,-5.227,69.018,68.478,0.0,0.0,0.54,0.16,4.47,-178.5,24.7,-45.5
78.287,542.446,0.026,-0.133,69.018,0.003,30.716,-5.589,69.018,68.498,0.0,0.0,0.52,0.16,4.53,173.8,25.2,-44.0
78.384,542.446,-0.032,-0.138,69.018,-0.004,30.707,-5.225,0,68.538,0.0,-0.48,0.48,0.17,4.41,172.6,20.8,-46.5
78.478,542.442,-0.375,0.09,69.017,-0.048,30.709,3.876,0,68.557,0.078,-0.421,0.46,0.15,4.43,174.3,19.5,-46.5
78.576,542.194,-3.857,0.054,68.986,-0.491,30.677,1.489,0,68.566,0.081,-0.442,0.42,0.15,4.26,-175.0,21.0,-44.7
78.68,541.78,-3.694,-0.052,68.933,-0.47,30.75,-1.614,0,68.613,0.234,-0.344,0.32,0.16,4.43,174.9,19.3,-46.3
78.778,541.434,-3.087,-0.12,68.889,-0.393,30.755,-4.663,0,68.619,0.166,-0.359,0.27,0.15,4.58,-179.2,19.6,-46.6
78.879,541.175,-2.42,-0.012,68.856,-0.308,30.729,-0.266,0,68.666,0.285,-0.095,0.19,0.14,4.35,166.8,17.5,-47.6
78.981,540.928,-1.631,-0.137,68.825,-0.207,30.713,-5.606,0,68.665,0.167,-0.153,0.16,0.17,4.48,172.8,15.7,-46.5
79.081,540.843,-0.518,-0.003,68.814,-0.066,30.727,-0.235,0,68.684,0.176,-0.084,0.13,0.18,4.52,-165.6,-15.4,-47.5
79.177,540.761,-1.006,-0.04,68.804,-0.128,30.693,-1.453,0,68.654,-0.012,-0.25,0.15,0.16,4.49,175.0,15.6,-47.0
79.28,540.674,-1.105,0.119,68.792,-0.141,30.704,4.9,0,68.642,-0.051,-0.254,0.15,0.16,4.46,174.1,16.6,-45.5
79.381,540.473,-2.384,-0.009,68.767,-0.303,30.723,-0.421,0,68.587,-0.25,-0.403,0.18,0.2,4.53,170.5,-16.0,-43.4
79.478,540.229,-2.541,0.053,68.736,-0.323,30.732,3.545,0,68.566,-0.234,-0.408,0.17,0.19,4.53,174.0,3.1,-43.4
79.579,539.914,-3.157,-0.01,68.696,-0.402,30.707,-0.613,0,68.496,-0.42,-0.562,0.2,0.16,4.29,169.8,13.9,-44.5
79.679,539.574,-3.945,0.057,68.652,-0.502,30.684,2.644,0,68.442,-0.462,-0.618,0.21,0.16,4.3,162.4,13.6,-45.7
79.778,539.118,-5.104,0.008,68.594,-0.649,30.711,0.39,0,68.354,-0.629,-0.777,0.24,0.19,4.68,170.3,11.5,-42.0
79.879,538.601,-5.49,0.084,68.529,-0.699,30.659,4.549,0,68.289,-0.639,-0.823,0.24,0.16,4.33,-166.8,16.2,-40.1
79.977,537.972,-6.925,0.003,68.449,-0.881,30.702,-0.182,0,68.189,-0.783,-0.969,0.26,0.15,4.51,-172.5,11.1,-39.6
80.081,537.283,-7.225,0.069,68.361,-0.919,30.693,2.407,0,68.111,-0.773,-0.998,0.25,0.15,4.5,171.9,11.6,-40.6
80.182,536.517,-8.212,-0.003,68.264,-1.045,30.711,0.078,0,68.014,-0.854,-1.089,0.25,0.15,4.46,-178.2,-15.5,-38.1
80.281,535.702,-8.106,0.061,68.16,-1.031,30.709,3.178,0,67.93,-0.847,-1.107,0.23,0.11,4.3,164.3,19.1,-40.7
80.381,534.841,-8.76,-0.011,68.05,-1.115,30.707,0.133,0,67.82,-0.947,-1.195,0.23,0.1,4.44,164.6,-5.6,-36.1
80.481,533.955,-9.424,0.016,67.938,-1.199,30.7,0.254,0,67.688,-1.094,-1.316,0.25,0.12,4.67,173.8,19.5,-37.3
80.582,533.008,-10.289,0.031,67.817,-1.309,30.643,-0.016,0,67.577,-1.103,-1.346,0.24,0.11,4.64,174.2,19.0,-34.7
80.683,531.958,-11.355,-0.009,67.683,-1.445,30.7,-0.166,0,67.453,-1.15,-1.401,0.23,0.08,4.52,-170.7,-18.2,-34.3
80.779,530.875,-11.157,-0.006,67.546,-1.42,30.702,-0.206,0,67.326,-1.203,-1.455,0.22,0.08,4.48,172.2,13.5,-32.3
80.88,529.773,-11.017,0.037,67.405,-1.402,30.675,2.474,0,67.195,-1.239,-1.488,0.21,0.09,4.33,167.6,19.0,-33.2
80.982,528.625,-11.518,0.036,67.259,-1.465,30.668,1.12,0,67.049,-1.324,-1.558,0.21,0.09,4.5,174.2,16.3,-30.9
81.081,527.441,-12.156,0.024,67.109,-1.547,30.661,0.79,0,66.889,-1.437,-1.651,0.22,0.08,4.62,169.0,-9.4,-26.4
81.179,526.21,-12.455,0.102,66.952,-1.585,30.62,4.361,0,66.742,-1.453,-1.679,0.21,0.08,4.33,-172.2,-2.7,-28.1
81.282,524.895,-13.81,-0.021,66.785,-1.757,30.7,-0.658,0,66.575,-1.535,-1.755,0.21,0.09,4.35,166.6,15.7,-27.8
81.381,523.563,-13.562,0.034,66.615,-1.726,30.656,1.987,0,66.405,-1.601,-1.817,0.21,0.08,4.43,-164.2,14.7,-23.0
81.488,522.178,-13.857,0.092,66.439,-1.763,30.622,2.959,0,66.219,-1.698,-1.902,0.22,0.07,4.34,163.4,20.7,-25.2
81.58,520.733,-14.311,0.082,66.255,-1.821,30.606,3.201,0,66.015,-1.838,-2.029,0.24,0.09,4.49,174.8,12.5,-20.6
81.681,519.227,-15.26,0.125,66.064,-1.942,30.56,5.996,0,65.834,-1.825,-2.045,0.23,0.08,4.35,163.3,14.0,-20.2
81.781,517.622,-16.029,0.058,65.859,-2.039,30.634,1.296,0,65.619,-1.951,-2.165,0.24,0.07,4.33,167.1,18.1,-18.4
81.884,515.971,-16.972,0.036,65.649,-2.159,30.624,2.281,0,65.429,-1.917,-2.159,0.22,0.07,4.33,173.1,8.8,-15.1
81.982,514.276,-16.96,0.02,65.434,-2.158,30.663,1.668,64.735,65.204,-1.917,3.295,0.23,0.08,4.29,165.0,5.7,-13.4
82.086,512.588,-15.763,-0.189,65.219,-2.006,30.828,-8.72,0,64.999,-1.917,14.0,0.22,0.08,4.31,172.1,7.6,-10.7
82.182,511.316,-11.791,-0.174,65.057,-1.5,30.896,-6.567,0,64.837,-1.917,14.0,0.22,0.06,4.31,-167.2,-5.0,-9.7
82.279,509.969,-16.777,0.353,64.886,-2.135,30.225,15.325,0,64.546,-1.917,14.0,0.34,0.06,4.3,169.8,-10.2,-5.6
82.382,507.888,-23.602,0.395,64.621,-3.003,29.889,14.146,0,64.251,-1.917,14.0,0.37,0.08,4.29,-167.2,-5.2,-6.0
82.484,505.157,-29.858,0.324,64.273,-3.799,29.679,10.583,0,63.893,-1.917,14.0,0.38,0.11,4.45,-166.5,17.0,-0.4
82.584,501.806,-35.774,0.348,63.847,-4.552,29.425,20.242,0,63.577,-1.917,14.0,0.27,0.09,4.3,-165.4,-4.5,-4.1
82.683,497.87,-43.451,0.284,63.346,-5.528,29.297,12.402,0,63.216,-1.917,14.0,0.13,0.07,4.45,174.6,-12.3,0.8
82.783,493.327,-49.803,0.176,62.768,-6.337,29.194,10.117,56.745,62.848,-1.917,0.0,-0.08,0.07,4.5,-165.8,10.9,2.4
82.885,488.253,-50.847,0.14,62.123,-6.469,29.126,13.22,69.018,62.463,-1.917,2.447,-0.34,0.07,4.48,167.4,-22.1,2.6
82.985,483.46,-46.904,-0.088,61.513,-5.968,30.298,-5.989,69.018,62.153,-1.917,13.659,-0.64,0.04,4.32,177.0,-32.7,1.7
83.086,479.244,-37.326,-0.236,60.976,-4.749,31.175,-6.414,69.018,61.976,-1.917,14.0,-1.0,0.04,4.35,-178.0,13.0,-3.2
83.186,475.786,-30.081,-0.158,60.536,-3.827,31.168,-4.928,69.018,61.626,-1.917,14.0,-1.09,0.14,4.07,-179.7,14.0,-2.0
83.286,472.987,-25.848,-0.329,60.18,-3.289,31.23,-12.076,69.018,61.31,-1.917,14.0,-1.13,0.17,4.2,170.3,8.8,-5.0
83.385,470.816,-18.1,-0.196,59.904,-2.303,31.038,-8.359,69.018,60.914,-1.917,14.0,-1.01,0.1,4.37,177.2,8.7,-0.2
83.484,469.261,-12.53,-0.254,59.706,-1.594,30.958,-9.342,69.018,60.416,-1.917,14.0,-0.71,0.06,4.28,174.5,10.3,-3.1
83.585,468.326,-6.425,-0.31,59.587,-0.817,30.851,-12.228,69.018,59.947,-1.917,14.0,-0.36,0.06,4.5,168.2,-17.7,2.2
83.681,467.995,-0.58,-0.355,59.545,-0.074,30.672,-13.279,69.018,59.425,-1.917,14.0,0.12,0.01,4.45,-166.0,5.1,-2.4
83.781,468.253,6.304,-0.372,59.578,0.802,30.416,-13.343,69.018,58.908,-1.917,14.0,0.67,-0.06,4.46,173.9,25.5,0.5
83.882,469.126,10.419,-0.615,59.689,1.326,29.989,-23.823,69.018,58.389,-1.917,14.0,1.3,-0.04,4.38,178.4,29.6,0.5
83.985,470.577,17.182,-0.586,59.874,2.186,29.514,-21.362,69.018,58.154,-1.917,14.0,1.72,0.01,3.77,-168.2,35.6,-1.1
84.084,472.554,22.356,-0.721,60.125,2.844,28.881,-28.917,69.018,57.985,-1.917,13.162,2.14,-0.01,3.43,-168.2,43.5,-1.5
84.185,475.166,29.506,-0.713,60.457,3.754,28.415,-30.853,69.018,57.985,-1.917,13.558,,,,,,
84.285,478.566,37.077,-0.53,60.89,4.717,28.313,-24.71,69.018,57.985,-1.917,11.48,,,,,,
84.383,482.557,43.818,-0.339,61.398,5.575,28.626,-15.114,66.06,57.985,-1.917,0.0,,,,,,
84.486,487.057,45.643,-0.245,61.97,5.807,28.954,-12.663,66.06,57.985,-1.917,0.0,,,,,,
84.583,491.143,37.231,-0.349,62.49,4.737,29.082,-19.373,66.06,57.985,-1.917,0.0,,,,,,
84.685,494.586,31.041,-0.309,62.928,3.949,29.473,-13.375,66.06,57.985,-1.917,0.0,,,,,,
84.785,497.405,26.049,-0.137,63.287,3.314,29.912,-5.717,66.06,57.985,-1.917,0.0,,,,,,
84.885,499.695,19.65,0.155,63.578,2.5,30.599,6.503,66.06,57.985,-1.917,0.0,,,,,,
84.983,501.327,12.645,0.283,63.786,1.609,30.791,12.753,66.06,57.985,-1.917,0.0,,,,,,
85.084,502.253,5.83,0.27,63.904,0.742,30.704,10.035,66.06,57.985,-1.917,0.0,,,,,,
85.185,502.533,-0.092,0.28,63.939,-0.012,30.606,10.914,66.06,57.985,-1.917,0.0,,,,,,
85.284,502.402,-1.538,-0.109,63.923,-0.196,30.643,-4.146,66.06,57.985,-1.917,0.0,,,,,,
85.387,502.333,-0.353,-0.151,63.914,-0.045,30.629,-6.689,66.06,57.985,-1.917,0.0,,,,,,
85.487,502.283,-0.158,-0.226,63.908,-0.02,30.576,-9.094,66.06,57.985,-1.917,0.0,,,,,,
85.586,502.318,0.02,-0.164,63.912,0.003,30.636,-6.355,63.912,57.985,-1.917,0.0,,,,,,
85.684,502.318,0.134,-0.157,63.912,0.017,30.629,-6.303,66.06,57.985,-1.917,0.0,,,,,,
85.785,502.326,0.18,-0.136,63.913,0.023,30.629,-5.209,66.06,57.985,-1.917,0.0,,,,,,
85.885,502.353,0.193,-0.085,63.917,0.025,30.631,-3.344,66.06,57.985,-1.917,0.0,,,,,,
85.983,502.373,0.162,-0.051,63.919,0.021,30.656,-1.945,66.06,57.985,-1.917,0.0,,,,,,
86.085,502.396,0.047,-0.009,63.922,0.006,30.681,-0.339,63.922,57.985,-1.917,0.0,,,,,,
86.185,502.399,0.079,-0.012,63.922,0.01,30.652,-0.291,66.06,64.692,-1.917,0.0,-0.77,-0.05,3.91,-138.5,25.1,58.9
86.286,502.397,-0.013,-0.007,63.922,-0.002,30.661,-0.378,63.922,64.882,-1.917,0.0,-0.96,0.42,4.09,-161.3,7.7,45.9
86.385,502.397,0.009,-0.007,63.922,0.001,30.681,-0.096,63.922,64.932,-1.917,0.0,-1.01,0.38,3.98,146.8,-6.3,40.3
86.49,502.398,-0.004,0.006,63.922,-0.001,30.672,-0.007,63.922,64.852,-1.917,0.0,-0.93,0.01,3.79,151.6,9.0,30.5
86.594,502.399,0.007,0.006,63.922,0.001,30.663,-0.032,63.922,64.872,-1.917,0.0,-0.95,-0.11,3.86,-174.3,-41.6,35.4
86.688,502.401,0.006,0.011,63.923,0.001,30.668,0.502,63.923,64.853,-1.917,0.0,-0.93,0.23,4.05,169.2,-46.6,43.7
86.786,502.401,-0.034,0.016,63.923,-0.004,30.665,0.627,63.923,64.783,-1.917,0.0,-0.86,0.36,4.09,173.3,32.3,28.1
86.888,502.402,-0.051,0.021,63.923,-0.006,30.702,0.901,63.923,64.673,-1.917,0.0,-0.75,-0.08,4.36,167.8,-43.4,36.8
86.986,502.401,-0.01,0.023,63.923,-0.001,30.675,0.937,63.923,64.523,-1.917,0.0,-0.6,-0.02,4.55,166.5,-34.1,33.8
87.088,502.4,-0.057,0.022,63.923,-0.007,30.663,0.488,63.923,64.333,-1.917,0.0,-0.41,0.28,4.47,156.4,-19.4,30.3
87.186,502.398,0.033,0.038,63.922,0.004,30.681,1.246,63.922,64.112,-1.917,0.0,-0.19,-0.04,4.54,156.5,-6.3,20.3
87.286,502.392,0.006,0.011,63.922,0.001,30.663,0.368,63.922,63.902,-1.917,0.0,0.02,-0.2,4.46,154.9,1.6,12.5
87.387,502.391,0.001,0.02,63.921,0.0,30.688,0.649,63.921,63.641,-1.917,0.0,0.28,0.23,4.88,-152.0,-6.7,5.4
87.487,502.384,-0.105,-0.0,63.921,-0.013,30.679,-0.027,66.06,63.371,-1.917,0.0,0.55,0.21,4.96,141.3,16.7,-7.0
87.589,502.371,-0.071,-0.028,63.919,-0.009,30.668,-1.697,63.919,63.099,-1.917,0.0,0.82,-0.21,4.91,145.7,22.7,-10.0
87.688,502.37,-0.033,-0.028,63.919,-0.004,30.668,-0.806,63.919,62.869,-1.917,0.0,1.05,-0.17,4.73,140.9,24.8,-15.4
87.787,502.369,0.016,-0.03,63.919,0.002,30.67,-1.309,63.919,62.699,-1.917,0.0,1.22,0.19,4.44,135.6,22.1,-20.8
87.89,502.367,-0.067,-0.046,63.918,-0.008,30.684,-2.113,63.918,62.548,-1.917,0.0,1.37,0.28,4.22,130.6,25.8,-26.1
87.99,502.351,-0.352,-0.103,63.916,-0.045,30.684,-3.796,66.06,62.396,-1.917,0.0,1.52,-0.05,4.17,137.1,19.2,-22.5
88.087,502.334,-0.002,-0.112,63.914,-0.0,30.661,-4.077,63.914,62.324,-1.917,0.0,1.59,-0.19,3.99,139.4,21.3,-24.7
88.19,502.335,0.047,-0.11,63.914,0.006,30.661,-4.915,63.914,62.164,-1.917,0.0,1.75,0.13,4.16,140.8,17.1,-29.3
88.287,502.336,-0.044,-0.114,63.914,-0.006,30.654,-5.076,63.914,62.254,-1.917,0.0,1.66,0.16,3.86,137.3,9.0,-29.8
88.389,502.335,0.013,-0.118,63.914,0.002,30.677,-4.757,63.914,62.314,-1.917,0.0,1.6,-0.11,3.81,139.4,14.7,-32.3
88.488,502.336,0.011,-0.123,63.914,0.001,30.649,-5.092,63.914,62.374,-1.917,0.0,1.54,-0.17,3.9,140.6,16.9,-35.4
88.591,502.337,0.024,-0.124,63.915,0.003,30.647,-5.088,63.915,62.465,-1.917,0.0,1.45,0.09,4.06,139.3,14.7,-40.4
88.688,502.338,0.021,-0.13,63.915,0.003,30.679,-5.133,63.915,62.495,-1.917,0.0,1.42,0.16,4.52,-167.1,5.6,-40.3
88.789,502.338,0.005,-0.137,63.915,0.001,30.659,-6.016,63.915,62.685,-1.917,0.0,1.23,-0.2,4.54,144.0,17.0,-42.4
88.888,502.339,-0.01,-0.14,63.915,-0.001,30.64,-5.564,63.915,62.865,-1.917,0.0,1.05,-0.31,4.75,147.5,29.0,-45.7
88.989,502.339,0.045,-0.132,63.915,0.006,30.649,-5.704,63.915,63.095,-1.917,0.0,0.82,0.0,4.84,-161.8,-7.3,-43.3
89.087,502.341,-0.023,-0.152,63.915,-0.003,30.652,-5.79,63.915,63.335,-1.917,0.0,0.58,0.06,4.88,151.2,23.2,-48.8
89.19,502.342,-0.01,-0.154,63.915,-0.001,30.654,-5.909,63.915,63.605,-1.917,0.0,0.31,-0.22,4.7,151.9,20.4,-47.7
89.289,502.345,0.067,-0.141,63.916,0.009,30.654,-5.507,63.916,63.846,-1.917,0.0,0.07,-0.19,4.98,159.8,25.7,-44.2
89.388,502.361,0.112,-0.106,63.918,0.014,30.663,-3.797,66.06,64.108,-1.917,0.0,-0.19,0.15,4.85,162.0,20.3,-43.6
89.491,502.383,0.338,-0.046,63.92,0.043,30.665,-1.998,66.06,64.29,-1.917,0.0,-0.37,-0.07,4.47,164.5,25.0,-42.5
89.587,502.395,0.008,-0.049,63.922,0.001,30.681,-2.11,63.922,64.502,-1.917,0.0,-0.58,-0.08,4.72,175.4,16.7,-39.6
89.691,502.395,0.01,-0.038,63.922,0.001,30.665,-1.859,63.922,64.642,-1.917,0.0,-0.72,0.26,4.58,176.0,14.6,-38.4
89.789,502.396,0.043,-0.025,63.922,0.005,30.697,-1.316,63.922,64.752,-1.917,0.0,-0.83,0.29,4.49,-175.5,11.1,-35.8
89.89,502.397,-0.0,-0.032,63.922,-0.0,30.688,-1.378,63.922,64.742,-1.917,0.0,-0.82,0.06,4.12,178.7,15.7,-35.6
89.987,502.396,-0.007,-0.033,63.922,-0.001,30.697,-1.267,63.922,64.782,-1.917,0.0,-0.86,0.09,4.16,-180.0,10.2,-33.9
90.088,502.396,0.004,-0.021,63.922,0.0,30.697,-0.914,63.922,64.772,-1.917,0.0,-0.85,0.35,4.13,174.2,9.2,-33.2
90.192,502.396,-0.056,-0.028,63.922,-0.007,30.686,-1.241,63.922,64.762,-1.917,0.0,-0.84,0.37,4.45,-173.7,2.3,-29.1
90.288,502.395,-0.036,-0.031,63.922,-0.005,30.688,-0.98,63.922,64.602,-1.917,0.0,-0.68,0.12,4.21,-160.9,7.5,-24.6
90.385,502.394,0.02,-0.026,63.922,0.002,30.693,-1.194,63.922,64.452,-1.917,0.0,-0.53,0.11,4.13,-163.3,6.0,-23.5
90.489,502.393,0.029,-0.028,63.922,0.004,30.681,-0.868,63.922,64.312,-1.917,0.0,-0.39,0.33,4.13,-171.1,-4.9,-20.3
90.589,502.393,-0.012,-0.033,63.922,-0.002,30.711,-0.982,63.922,64.142,-1.917,0.0,-0.22,0.32,4.2,-169.8,8.1,-16.5
90.692,502.392,0.004,-0.014,63.922,0.001,30.677,-0.913,63.922,63.952,-1.917,0.0,-0.03,0.09,4.37,-166.9,-1.6,-13.5
90.79,502.392,0.055,-0.022,63.922,0.007,30.711,-0.554,63.922,63.732,-1.917,0.0,0.19,0.18,4.23,-167.4,-6.6,-10.1
90.896,502.389,-0.021,-0.018,63.921,-0.003,30.686,-1.479,63.921,63.521,-1.917,0.0,0.4,0.25,4.24,-179.7,6.1,-5.2
90.99,502.385,-0.029,-0.032,63.921,-0.004,30.679,-1.15,63.921,63.281,-1.917,0.0,0.64,0.05,4.44,175.4,12.3,-0.5
91.09,502.384,-0.049,-0.034,63.921,-0.006,30.707,-1.513,63.921,63.131,-1.917,0.0,0.79,-0.02,4.19,-172.6,10.8,1.3
91.194,502.377,-0.11,-0.057,63.92,-0.014,30.697,-1.77,66.06,62.95,-1.917,0.0,0.97,0.13,4.15,165.9,24.5,1.5
91.297,502.372,-0.006,-0.046,63.919,-0.001,30.707,-1.87,63.919,62.779,-1.917,0.0,1.14,0.15,4.17,163.9,18.5,4.5
91.39,502.372,-0.012,-0.058,63.919,-0.002,30.684,-2.306,63.919,62.649,-1.917,0.0,1.27,-0.02,4.1,169.7,13.8,7.3
91.491,502.372,-0.01,-0.053,63.919,-0.001,30.691,-2.522,63.919,62.569,-1.917,0.0,1.35,-0.03,3.94,165.0,35.0,5.4
91.595,502.372,-0.039,-0.053,63.919,-0.005,30.704,-1.863,63.919,62.449,-1.917,0.0,1.47,0.15,4.01,-167.9,10.1,5.2
91.699,502.372,0.054,-0.051,63.919,0.007,30.695,-2.199,63.919,62.439,-1.917,0.0,1.48,0.26,3.82,-168.6,6.9,3.6
91.789,502.372,-0.021,-0.06,63.919,-0.003,30.679,-2.073,63.919,62.359,-1.917,0.0,1.56,0.23,3.93,-170.0,12.5,4.6
91.888,502.371,0.015,-0.052,63.919,0.002,30.697,-2.495,63.919,62.379,-1.917,0.0,1.54,0.14,3.86,-167.1,22.8,5.7
91.992,502.371,-0.007,-0.061,63.919,-0.001,30.697,-2.202,63.919,62.389,-1.917,0.0,1.53,0.17,3.9,167.3,34.1,4.4
92.093,502.37,-0.043,-0.068,63.919,-0.005,30.691,-2.165,63.919,62.479,-1.917,0.0,1.44,0.25,3.79,162.0,34.0,0.5
92.19,502.37,-0.038,-0.066,63.919,-0.005,30.716,-2.264,63.919,62.509,-1.917,0.0,1.41,0.19,3.97,162.9,27.7,1.5
92.291,502.37,0.036,-0.058,63.919,0.005,30.704,-2.29,63.919,62.629,-1.917,0.0,1.29,0.1,4.03,-163.4,8.8,1.1
92.392,502.37,0.053,-0.059,63.919,0.007,30.693,-2.96,63.919,62.789,-1.917,0.0,1.13,0.12,4.07,165.6,15.2,-1.6
92.493,502.371,0.026,-0.054,63.919,0.003,30.7,-2.567,63.919,62.959,-1.917,0.0,0.96,0.14,4.19,-170.4,26.5,-3.2
92.591,502.372,0.045,-0.057,63.919,0.006,30.677,-2.042,63.919,63.169,-1.917,0.0,0.75,-0.02,4.24,-165.5,24.8,-3.7
92.689,502.372,-0.05,-0.064,63.919,-0.006,30.691,-2.143,63.919,63.399,-1.917,0.0,0.52,-0.1,4.21,-164.4,20.3,-4.9
92.789,502.373,-0.024,-0.061,63.919,-0.003,30.688,-2.193,63.919,63.619,-1.917,0.0,0.3,-0.03,4.25,-170.3,9.9,-7.9
92.888,502.373,0.027,-0.053,63.919,0.003,30.707,-2.429,63.919,63.829,-1.917,0.0,0.09,-0.09,4.37,171.9,11.3,-11.3
92.989,502.373,0.007,-0.055,63.919,0.001,30.718,-2.358,63.919,64.049,-1.917,0.0,-0.13,-0.23,4.46,-166.5,18.5,-9.4
93.09,502.375,0.076,-0.046,63.919,0.01,30.723,-1.97,63.919,64.239,-1.917,0.0,-0.32,-0.21,4.34,175.1,15.2,-14.0
93.19,502.378,0.115,-0.029,63.92,0.015,30.702,-1.64,66.06,64.39,-1.917,0.0,-0.47,-0.12,4.27,175.6,18.5,-12.8
93.292,502.387,0.034,-0.027,63.921,0.004,30.711,-0.799,63.921,64.521,-1.917,0.0,-0.6,-0.2,4.31,-173.4,14.9,-9.8
93.392,502.388,-0.016,-0.024,63.921,-0.002,30.704,-0.7,63.921,64.561,-1.917,0.0,-0.64,-0.29,4.18,-176.9,16.5,-6.5
93.488,502.389,-0.023,-0.031,63.921,-0.003,30.688,-0.903,63.921,64.581,-1.917,0.0,-0.66,-0.23,4.16,-176.5,17.9,-2.1
93.588,502.389,-0.016,-0.018,63.921,-0.002,30.693,-0.467,63.921,64.611,-1.917,0.0,-0.69,-0.15,4.22,-175.8,20.7,2.3
93.687,502.389,-0.006,-0.018,63.921,-0.001,30.72,-0.896,63.921,64.621,-1.917,0.0,-0.7,-0.15,4.31,-173.8,19.3,7.9
93.79,502.389,-0.033,-0.012,63.921,-0.004,30.697,-0.693,63.921,64.591,-1.917,0.0,-0.67,-0.2,4.29,-171.6,20.6,11.6
93.888,502.389,-0.008,-0.014,63.921,-0.001,30.718,-0.604,63.921,64.571,-1.917,0.0,-0.65,-0.15,4.26,-177.7,17.3,14.5
93.99,502.388,-0.0,-0.011,63.921,-0.0,30.697,-0.349,63.921,64.541,-1.917,0.0,-0.62,-0.01,4.24,-171.5,20.5,17.7
94.09,502.389,0.017,-0.015,63.921,0.002,30.702,-0.319,63.921,64.551,-1.917,0.0,-0.63,0.03,4.38,168.6,-32.2,19.7
94.185,502.388,0.014,-0.006,63.921,0.002,30.704,-0.237,63.921,64.511,-1.917,0.0,-0.59,0.01,4.24,-172.1,18.0,17.7
94.286,502.388,-0.023,-0.0,63.921,-0.003,30.704,-0.214,63.921,64.511,-1.917,0.0,-0.59,0.03,4.28,-179.9,12.3,15.4
94.391,502.388,0.015,-0.001,63.921,0.002,30.695,-0.365,63.921,64.531,-1.917,0.0,-0.61,0.11,4.33,172.8,12.1,13.8
94.496,502.388,0.013,-0.005,63.921,0.002,30.7,0.01,63.921,64.541,-1.917,0.0,-0.62,0.15,4.32,167.0,12.5,10.7
94.589,502.388,0.044,0.001,63.921,0.006,30.684,-0.101,63.921,64.541,-1.917,0.0,-0.62,0.07,4.21,173.9,12.3,8.7
94.692,502.388,-0.009,0.003,63.921,-0.001,30.716,0.114,63.921,64.551,-1.917,0.0,-0.63,0.01,4.23,177.7,8.2,8.0
94.786,502.388,-0.028,0.001,63.921,-0.004,30.713,0.042,63.921,64.551,-1.917,0.0,-0.63,0.02,4.21,170.4,13.5,4.1
94.888,502.388,-0.006,-0.004,63.921,-0.001,30.684,0.111,63.921,64.561,-1.917,0.0,-0.64,0.03,4.33,176.3,13.6,4.6
94.988,502.388,0.007,0.008,63.921,0.001,30.702,0.404,63.921,64.581,-1.917,0.0,-0.66,-0.01,4.43,-176.3,15.7,5.2
95.092,502.388,-0.0,0.004,63.921,-0.0,30.709,0.235,63.921,64.541,-1.917,0.0,-0.62,-0.07,4.21,171.2,17.2,1.8
95.191,502.388,0.037,0.01,63.921,0.005,30.72,0.485,63.921,64.541,-1.917,0.0,-0.62,-0.07,4.24,168.0,19.1,1.8
95.298,502.387,-0.037,0.012,63.921,-0.005,30.704,0.456,63.921,64.551,-1.917,0.0,-0.63,-0.06,4.39,177.9,12.7,5.0
95.387,502.387,0.026,0.007,63.921,0.003,30.729,0.447,63.921,64.541,-1.917,0.0,-0.62,-0.08,4.38,173.8,21.5,4.9
95.488,502.386,0.037,0.011,63.921,0.005,30.718,0.125,63.921,64.511,-1.917,0.0,-0.59,-0.09,4.22,172.6,18.1,4.5
95.591,502.385,-0.02,0.012,63.921,-0.003,30.716,0.658,63.921,64.531,-1.917,0.0,-0.61,-0.08,4.48,-176.2,16.4,8.0
95.69,502.385,0.009,0.015,63.921,0.001,30.704,0.634,63.921,64.491,-1.917,0.0,-0.57,-0.04,4.21,168.8,18.9,4.2
95.787,502.385,-0.016,0.017,63.921,-0.002,30.704,0.66,63.921,64.501,-1.917,0.0,-0.58,-0.05,4.31,177.8,16.8,6.0
95.887,502.385,-0.017,0.011,63.921,-0.002,30.688,0.403,63.921,64.491,-1.917,0.0,-0.57,-0.07,4.21,169.8,15.9,4.4
95.991,502.385,0.012,0.023,63.921,0.002,30.711,0.634,63.921,64.501,-1.917,0.0,-0.58,-0.06,4.26,170.2,11.8,5.5
96.09,502.385,-0.006,0.018,63.921,-0.001,30.716,0.584,63.921,64.491,-1.917,0.0,-0.57,-0.06,4.29,176.8,17.5,5.6
96.185,502.385,0.021,0.019,63.921,0.003,30.72,0.722,63.921,64.491,-1.917,0.0,-0.57,-0.08,4.39,-171.7,-32.4,4.7
96.289,502.385,-0.028,0.019,63.921,-0.004,30.704,0.736,63.921,64.451,-1.917,0.0,-0.53,-0.07,4.22,165.4,20.3,2.3
96.391,502.385,-0.01,0.021,63.921,-0.001,30.697,0.983,63.921,64.461,-1.917,0.0,-0.54,-0.0,4.34,176.6,14.6,4.0
96.495,502.385,-0.041,0.025,63.921,-0.005,30.704,1.447,63.921,64.471,-1.917,0.0,-0.55,0.04,4.49,-176.8,12.3,5.7
96.589,502.385,0.018,0.025,63.921,0.002,30.707,0.952,63.921,64.461,-1.917,0.0,-0.54,-0.0,4.47,-173.1,10.4,5.8
96.691,502.385,-0.008,0.024,63.921,-0.001,30.725,0.881,63.921,64.431,-1.917,0.0,-0.51,0.02,4.24,163.7,17.1,2.2
96.8,502.384,0.027,0.031,63.921,0.003,30.7,0.987,63.921,64.411,-1.917,0.0,-0.49,0.09,4.2,169.0,16.1,2.9
96.895,502.384,-0.048,0.033,63.921,-0.006,30.702,1.193,63.921,64.411,-1.917,0.0,-0.49,0.11,4.23,163.2,20.6,1.4
96.988,502.384,-0.032,0.032,63.921,-0.004,30.702,1.16,63.921,64.381,-1.917,0.0,-0.46,0.08,4.2,164.4,22.5,2.5
97.097,502.384,0.011,0.036,63.921,0.001,30.723,1.249,63.921,64.381,-1.917,0.0,-0.46,0.07,4.43,-175.3,-19.8,6.0
97.19,502.384,0.008,0.028,63.921,0.001,30.675,1.473,63.921,64.371,-1.917,0.0,-0.45,0.08,4.46,169.2,7.0,4.6
97.29,502.384,-0.007,0.032,63.921,-0.001,30.704,1.526,63.921,64.361,-1.917,0.0,-0.44,0.04,4.43,-166.3,-24.2,5.8
97.392,502.384,-0.025,0.04,63.921,-0.003,30.716,1.109,63.921,64.321,-1.917,0.0,-0.4,-0.03,4.26,165.8,9.6,5.2
97.492,502.383,-0.008,0.033,63.92,-0.001,30.739,1.518,63.92,64.28,-1.917,0.0,-0.36,-0.06,4.24,166.3,11.7,6.5
97.592,502.381,-0.026,0.033,63.92,-0.003,30.695,1.303,63.92,64.26,-1.917,0.0,-0.34,-0.04,4.25,172.5,3.0,9.3
97.697,502.38,0.006,0.031,63.92,0.001,30.704,1.306,63.92,64.23,-1.917,0.0,-0.31,-0.03,4.24,169.6,0.8,11.2
97.791,502.378,-0.014,0.026,63.92,-0.002,30.7,1.088,63.92,64.22,-1.917,0.0,-0.3,-0.09,4.22,169.6,12.0,12.0
97.896,502.377,-0.01,0.028,63.92,-0.001,30.7,0.996,63.92,64.21,-1.917,0.0,-0.29,-0.11,4.27,169.5,10.0,12.6
97.99,502.374,-0.018,0.02,63.919,-0.002,30.7,0.645,63.919,64.209,-1.917,0.0,-0.29,-0.08,4.39,-178.8,8.2,14.8
98.097,502.374,0.027,0.026,63.919,0.003,30.72,0.748,63.919,64.189,-1.917,0.0,-0.27,-0.07,4.4,179.8,-15.7,16.1
98.189,502.374,-0.0,0.021,63.919,-0.0,30.691,0.408,63.919,64.139,-1.917,0.0,-0.22,-0.08,4.23,166.9,10.8,15.0
98.293,502.373,-0.003,0.019,63.919,-0.0,30.734,0.771,63.919,64.129,-1.917,0.0,-0.21,-0.07,4.22,160.6,11.2,13.2
98.397,502.373,-0.011,0.022,63.919,-0.001,30.707,0.588,63.919,64.129,-1.917,0.0,-0.21,-0.02,4.24,-164.4,15.2,16.9
98.495,502.373,-0.001,0.014,63.919,-0.0,30.716,0.583,63.919,64.149,-1.917,0.0,-0.23,-0.01,4.21,-176.1,2.0,13.3
98.593,502.373,-0.004,0.019,63.919,-0.001,30.709,0.657,63.919,64.189,-1.917,0.0,-0.27,-0.03,4.21,-173.3,0.8,10.2
98.695,502.373,-0.005,0.019,63.919,-0.001,30.72,0.73,63.919,64.239,-1.917,0.0,-0.32,-0.03,4.21,-178.9,-11.9,7.4
98.793,502.373,0.021,0.017,63.919,0.003,30.72,0.619,63.919,64.279,-1.917,0.0,-0.36,-0.03,4.19,168.8,11.8,4.3
98.891,502.373,-0.007,0.011,63.919,-0.001,30.713,0.611,63.919,64.319,-1.917,0.0,-0.4,-0.01,4.35,175.5,-5.2,3.8
98.989,502.373,-0.002,0.017,63.919,-0.0,30.72,0.713,63.919,64.299,-1.917,0.0,-0.38,0.02,4.18,-171.2,-20.4,0.2
99.093,502.373,0.009,0.018,63.919,0.001,30.72,0.786,63.919,64.279,-1.917,0.0,-0.36,0.07,4.22,165.5,-11.1,1.0
99.19,502.373,-0.024,0.016,63.919,-0.003,30.723,0.589,63.919,64.239,-1.917,0.0,-0.32,0.06,4.36,-174.9,15.5,-2.0
99.292,502.373,0.016,0.011,63.919,0.002,30.709,0.645,63.919,64.209,-1.917,0.0,-0.29,0.01,4.23,-173.7,12.4,-1.4
99.392,502.373,-0.0,0.013,63.919,-0.0,30.709,0.472,63.919,64.229,-1.917,0.0,-0.31,0.01,4.42,174.5,-19.5,-2.8
99.494,502.373,0.014,0.014,63.919,0.002,30.736,0.658,63.919,64.219,-1.917,0.0,-0.3,0.04,4.36,173.6,19.2,0.0
99.594,502.373,0.004,0.012,63.919,0.001,30.729,0.546,63.919,64.239,-1.917,0.0,-0.32,0.03,4.4,-178.7,-14.4,2.2
99.695,502.373,-0.02,0.005,63.919,-0.002,30.725,0.602,63.919,64.249,-1.917,0.0,-0.33,-0.05,4.49,170.5,-12.4,5.2
99.797,502.373,-0.017,0.014,63.919,-0.002,30.727,0.345,63.919,64.249,-1.917,0.0,-0.33,-0.08,4.23,174.2,14.1,4.4
99.893,502.373,-0.01,0.01,63.919,-0.001,30.697,0.741,63.919,64.279,-1.917,0.0,-0.36,-0.08,4.39,-177.4,7.7,7.9
99.991,502.373,-0.018,0.01,63.919,-0.002,30.707,0.497,63.919,64.269,-1.917,0.0,-0.35,-0.12,4.2,-174.5,7.4,9.4
100.093,502.373,0.006,0.019,63.919,0.001,30.702,0.493,63.919,64.279,-1.917,0.0,-0.36,-0.18,4.22,165.5,-14.6,12.3
100.193,502.373,-0.016,0.008,63.919,-0.002,30.727,0.527,63.919,64.289,-1.917,0.0,-0.37,-0.19,4.23,-174.5,2.7,12.1
100.297,502.373,0.008,0.006,63.919,0.001,30.72,0.6,63.919,64.299,-1.917,0.0,-0.38,-0.12,4.2,-178.4,6.8,13.4
100.401,502.373,0.008,0.015,63.919,0.001,30.711,0.882,63.919,64.319,-1.917,0.0,-0.4,-0.1,4.21,-179.6,0.8,13.7
100.495,502.373,0.01,0.011,63.919,0.001,30.704,0.492,63.919,64.329,-1.917,0.0,-0.41,-0.15,4.18,-178.8,3.2,14.4
100.6,502.373,-0.0,0.014,63.919,-0.0,30.704,0.735,63.919,64.339,-1.917,0.0,-0.42,-0.17,4.19,-166.9,7.2,15.6
100.696,502.373,-0.012,0.011,63.919,-0.002,30.732,0.54,63.919,64.359,-1.917,0.0,-0.44,-0.12,4.2,-169.0,-18.0,13.0
100.793,502.373,0.002,0.011,63.919,0.0,30.702,0.462,63.919,64.369,-1.917,0.0,-0.45,-0.08,4.16,-174.2,-7.6,14.2
100.895,502.373,-0.01,0.018,63.919,-0.001,30.723,0.384,63.919,64.389,-1.917,0.0,-0.47,-0.09,4.16,171.0,9.2,13.0
100.997,502.373,-0.008,0.018,63.919,-0.001,30.716,0.483,63.919,64.409,-1.917,0.0,-0.49,-0.11,4.16,169.3,7.2,12.3
101.095,502.373,0.015,0.011,63.919,0.002,30.702,0.472,63.919,64.439,-1.917,0.0,-0.52,-0.08,4.15,-176.5,-3.5,12.1
101.197,502.373,0.004,0.011,63.919,0.001,30.727,0.481,63.919,64.459,-1.917,0.0,-0.54,-0.06,4.15,-164.2,-27.9,8.6
101.292,502.373,0.003,0.01,63.919,0.0,30.716,0.556,63.919,64.479,-1.917,0.0,-0.56,-0.08,4.13,-172.1,-7.5,9.6
101.391,502.373,0.014,0.014,63.919,0.002,30.725,0.429,63.919,64.499,-1.917,0.0,-0.58,-0.11,4.13,173.1,8.4,8.1
101.493,502.373,0.003,0.004,63.919,0.0,30.748,0.564,69.018,64.529,-1.917,1.923,-0.61,-0.09,4.13,168.6,6.0,6.4
101.596,502.385,0.739,-0.266,63.921,0.094,30.67,-10.477,69.018,64.551,-1.917,1.997,-0.63,-0.04,4.09,-167.5,-31.1,6.3
101.698,502.823,8.143,-0.351,63.976,1.036,30.385,-13.791,69.018,64.656,-1.917,2.112,-0.68,-0.04,4.14,170.2,4.0,5.8
101.798,503.977,15.087,-0.305,64.123,1.92,30.19,-13.812,69.018,64.733,-1.917,2.075,-0.61,-0.05,4.17,172.2,6.9,6.2
101.904,505.608,16.566,-0.264,64.331,2.108,30.151,-10.559,69.018,64.851,-1.917,0.498,-0.52,-0.09,4.24,172.4,6.5,6.2
101.997,507.271,15.849,-0.032,64.542,2.017,30.462,-1.046,69.018,64.902,-1.917,0.261,-0.36,-0.13,4.4,173.4,-18.6,8.3
102.1,508.566,9.015,0.231,64.707,1.147,30.782,10.153,69.018,64.867,-1.917,1.725,-0.16,-0.15,4.34,-179.2,16.4,8.1
102.194,509.165,4.765,0.092,64.783,0.606,30.725,2.16,69.018,64.893,-1.917,1.103,-0.11,-0.18,4.43,175.7,-19.6,9.7
102.293,509.787,7.747,-0.267,64.863,0.986,30.437,-11.394,69.018,65.063,-1.917,0.213,-0.2,-0.2,4.53,178.0,16.3,10.9
102.394,510.62,7.614,0.004,64.969,0.969,30.592,0.152,69.018,65.149,-1.917,1.705,-0.18,-0.21,4.24,178.7,-15.9,9.3
102.498,511.138,3.313,0.013,65.034,0.421,30.713,0.399,69.018,65.164,-1.917,4.018,-0.13,-0.26,4.28,176.7,15.3,9.7
102.598,511.717,9.557,-0.345,65.108,1.216,30.337,-13.145,69.018,65.358,-1.917,2.822,-0.25,-0.32,4.35,179.3,-18.1,10.5
102.698,513.05,15.734,-0.433,65.278,2.002,30.051,-16.412,69.018,65.528,-1.917,3.041,-0.25,-0.3,4.2,-162.4,7.6,11.9
102.797,515.015,22.785,-0.338,65.528,2.899,29.898,-17.993,69.018,65.758,-1.917,1.004,-0.23,-0.28,4.22,173.1,12.8,9.7
102.899,517.358,22.676,-0.191,65.826,2.885,30.019,-7.275,69.018,65.956,-1.917,1.03,-0.13,-0.28,4.25,171.2,-14.8,11.9
102.999,519.305,17.072,0.078,66.074,2.172,30.581,5.323,69.018,66.074,-1.917,2.368,0.0,-0.31,4.24,-171.7,13.2,12.8
103.101,520.698,12.106,0.023,66.251,1.54,30.707,0.451,69.018,66.091,-1.917,0.655,0.16,-0.27,4.25,178.2,-13.9,11.8
103.195,522.112,14.498,-0.236,66.431,1.845,30.307,-10.702,69.018,66.301,-1.917,2.393,0.13,-0.21,4.28,178.0,-12.0,12.9
103.298,523.48,13.135,-0.136,66.605,1.671,30.544,-5.332,69.018,66.365,-1.917,2.034,0.24,-0.16,4.39,179.3,17.2,15.7
103.398,525.016,16.007,-0.211,66.8,2.037,30.305,-10.228,69.018,66.56,-1.917,2.327,0.24,-0.21,4.28,176.8,-14.6,17.1
103.498,526.646,17.409,-0.243,67.008,2.215,30.206,-11.469,69.018,66.668,-1.917,0.811,0.34,-0.28,4.28,-161.4,23.4,22.7
103.595,528.469,17.473,-0.015,67.24,2.223,30.464,-0.204,69.018,66.81,-1.917,1.087,0.43,-0.28,4.42,-179.6,-13.1,17.7
103.698,529.893,10.675,0.255,67.421,1.358,30.798,11.236,69.018,66.861,-1.917,1.977,0.56,-0.16,4.23,178.1,-10.5,18.7
103.798,530.744,7.989,-0.216,67.529,1.016,30.567,-8.159,69.018,66.969,-1.917,0.83,0.56,-0.06,4.25,-173.4,22.3,20.2
103.898,531.886,12.124,-0.253,67.674,1.543,30.341,-9.077,69.018,67.194,-1.917,0.546,0.48,-0.05,4.25,-172.5,21.8,21.6
103.998,532.915,8.017,0.253,67.805,1.02,30.716,8.786,69.018,67.285,-1.917,2.125,0.52,-0.19,4.26,-163.0,23.7,24.8
104.1,533.421,3.987,-0.179,67.87,0.507,30.631,-5.556,69.018,67.37,-1.917,1.609,0.5,-0.29,4.23,-164.2,22.0,25.3
104.198,534.194,11.165,-0.355,67.968,1.421,30.238,-11.7,69.018,67.578,-1.917,1.305,0.39,-0.2,4.27,-171.0,10.8,23.5
104.298,535.419,10.821,-0.178,68.124,1.377,30.371,-8.709,69.018,67.754,-1.917,1.668,0.37,-0.11,4.36,-162.3,-11.7,21.2
104.397,536.508,12.012,-0.244,68.262,1.528,30.357,-10.122,69.018,67.892,-1.917,2.845,0.37,-0.15,4.22,-165.5,15.3,27.4
104.499,537.839,15.25,-0.222,68.432,1.94,30.268,-10.115,69.018,68.012,-1.917,3.638,0.42,-0.29,4.34,-158.9,-11.2,23.6
104.597,539.382,14.679,-0.104,68.628,1.868,30.407,-2.18,69.018,68.138,-1.917,5.354,0.49,-0.37,4.38,172.8,17.3,27.1
104.699,540.714,11.08,0.075,68.798,1.41,30.7,3.723,69.018,68.218,-1.917,2.416,0.58,-0.31,4.36,-164.0,0.5,26.3
104.798,541.643,7.101,0.04,68.916,0.903,30.725,2.58,69.018,68.306,-1.917,3.739,0.61,-0.21,4.45,-164.0,16.5,27.4
104.893,542.209,4.043,0.027,68.988,0.514,30.686,0.713,69.018,68.428,-1.917,3.934,0.56,-0.22,4.42,-157.8,11.8,27.1
104.997,542.479,1.199,0.043,69.022,0.153,30.675,1.872,69.018,68.532,-1.917,1.555,0.49,-0.36,4.37,175.4,10.3,26.7
105.098,542.483,-0.761,-0.063,69.023,-0.097,30.707,-1.234,69.018,68.643,-1.917,2.995,0.38,-0.52,4.33,-159.9,-3.2,26.0
105.193,542.457,0.048,-0.04,69.019,0.006,30.668,-1.32,69.018,68.759,-1.917,4.59,0.26,-0.52,4.26,-160.1,3.9,28.8
105.298,542.46,-0.042,-0.034,69.02,-0.005,30.675,-1.591,69.018,68.83,-1.917,7.289,0.19,-0.44,4.53,175.0,11.0,29.3
105.396,542.459,0.017,-0.034,69.02,0.002,30.707,-1.5,69.018,68.91,-1.917,10.432,0.11,-0.36,4.45,169.1,-13.5,30.2
105.496,542.459,-0.003,-0.029,69.02,-0.0,30.686,-1.357,69.018,68.94,-1.917,13.172,0.08,-0.38,4.26,-162.1,13.8,33.1
105.598,542.459,-0.011,-0.028,69.019,-0.001,30.688,-1.16,69.018,68.979,-1.917,14.0,0.04,-0.49,4.2,176.6,-9.3,29.4
105.696,542.459,0.025,-0.031,69.02,0.003,30.693,-0.714,69.018,69.0,-1.917,14.0,0.02,-0.49,4.27,177.8,6.9,29.0
105.799,542.459,0.007,-0.026,69.019,0.001,30.677,-1.284,69.018,69.019,-1.917,13.541,0.0,-0.36,4.29,-163.8,-8.2,25.0
105.898,542.459,-0.008,-0.027,69.019,-0.001,30.693,-0.957,69.018,69.039,-1.917,14.0,-0.02,-0.27,4.27,168.6,-13.9,25.1
105.998,542.459,0.022,-0.018,69.019,0.003,30.695,-1.161,69.018,69.029,-1.917,14.0,-0.01,-0.3,4.26,175.7,-2.3,22.1
106.096,542.458,-0.004,-0.025,69.019,-0.001,30.681,-1.225,69.018,69.019,-1.917,14.0,-0.0,-0.33,4.26,-164.5,1.9,21.3
106.198,542.458,0.001,-0.021,69.019,0.0,30.7,-1.212,69.018,68.999,-1.917,14.0,0.02,-0.25,4.44,-168.0,4.1,20.3
106.299,542.458,-0.056,-0.028,69.019,-0.007,30.723,-1.08,69.018,68.969,-1.917,14.0,0.05,-0.1,4.36,-168.8,-9.1,18.4
106.399,542.458,0.054,-0.02,69.019,0.007,30.697,-1.01,69.018,68.929,-1.917,14.0,0.09,-0.08,4.5,175.5,17.2,19.9
106.499,542.458,0.051,-0.027,69.019,0.006,30.675,-1.189,69.018,68.879,-1.917,14.0,0.14,-0.16,4.36,-167.2,-6.0,18.9
106.598,542.458,0.008,-0.02,69.019,0.001,30.693,-0.818,69.018,68.819,-1.917,14.0,0.2,-0.17,4.49,-171.0,6.7,20.9
106.699,542.457,-0.039,-0.017,69.019,-0.005,30.675,-0.878,69.018,68.779,-1.917,14.0,0.24,-0.06,4.3,-173.1,11.2,21.5
106.796,542.457,-0.002,-0.013,69.019,-0.0,30.707,-0.49,69.018,68.729,-1.917,14.0,0.29,-0.04,4.27,169.6,-12.1,22.0
106.903,542.456,0.023,-0.023,69.019,0.003,30.697,-0.61,69.018,68.669,-1.917,14.0,0.35,-0.13,4.41,-172.3,18.6,22.3
107.007,542.456,-0.006,-0.02,69.019,-0.001,30.697,-0.266,69.018,68.629,-1.917,14.0,0.39,-0.13,4.29,173.9,19.7,20.4
107.098,542.455,-0.022,-0.016,69.019,-0.003,30.695,-0.63,69.018,68.589,-1.917,14.0,0.43,-0.03,4.27,-166.2,20.3,21.7
107.195,542.455,0.022,-0.017,69.019,0.003,30.704,-0.747,69.018,68.549,-1.917,14.0,0.47,-0.03,4.24,-175.8,16.7,20.0
107.298,542.455,-0.001,-0.018,69.019,-0.0,30.707,-0.638,69.018,68.489,-1.917,14.0,0.53,-0.11,4.39,-178.3,19.6,19.5
107.4,542.454,-0.011,-0.008,69.019,-0.001,30.702,-0.871,69.018,68.459,-1.917,14.0,0.56,-0.12,4.43,-168.1,25.3,20.8
107.496,542.453,-0.021,-0.019,69.019,-0.003,30.704,-0.571,69.018,68.459,-1.917,11.495,0.56,-0.06,4.24,-167.2,22.1,19.7
107.594,542.452,-0.048,-0.021,69.019,-0.006,30.684,-0.896,69.019,68.449,-1.917,0.0,0.57,-0.07,4.26,174.9,-5.7,17.2
107.696,542.451,-0.005,-0.02,69.019,-0.001,30.718,-0.832,69.018,68.439,-1.917,1.513,0.58,-0.13,4.23,-176.9,17.5,17.5
107.797,542.451,-0.028,-0.025,69.018,-0.004,30.704,-0.565,69.018,68.438,-1.917,13.443,0.58,-0.14,4.23,-178.4,15.9,17.2
107.897,542.451,-0.01,-0.013,69.018,-0.001,30.704,-0.668,69.018,68.408,-1.917,14.0,0.61,-0.1,4.39,-169.3,-0.4,15.9
107.995,542.451,0.023,-0.02,69.018,0.003,30.704,-0.878,69.018,68.418,-1.917,14.0,0.6,-0.1,4.26,-165.2,22.2,19.0
108.096,542.45,0.03,-0.021,69.018,0.004,30.732,-0.863,69.018,68.408,-1.917,14.0,0.61,-0.15,4.22,173.2,25.7,16.8
108.195,542.45,-0.02,-0.014,69.018,-0.003,30.723,-0.783,69.018,68.408,-1.917,6.16,0.61,-0.13,4.2,-176.3,24.1,18.6
108.298,542.45,0.009,-0.018,69.018,0.001,30.688,-0.764,69.018,68.398,-1.917,12.065,0.62,-0.07,4.22,-176.5,24.6,18.9
108.397,542.45,-0.014,-0.014,69.018,-0.002,30.709,-0.638,69.018,68.398,-1.917,14.0,0.62,-0.07,4.22,177.2,30.8,18.9
108.499,542.449,0.02,-0.017,69.018,0.003,30.7,-0.844,69.018,68.398,-1.917,14.0,0.62,-0.08,4.29,175.6,-7.9,19.3
108.596,542.449,0.018,-0.015,69.018,0.002,30.702,-0.831,69.018,68.398,-1.917,14.0,0.62,-0.05,4.23,-168.4,30.0,20.9
108.698,542.448,0.028,-0.014,69.018,0.004,30.707,-1.042,69.018,68.368,-1.917,14.0,0.65,0.0,4.44,175.2,27.1,17.2
108.798,542.445,-0.014,-0.032,69.018,-0.002,30.693,-1.168,69.018,68.398,-1.917,14.0,0.62,-0.0,4.25,-168.8,27.1,20.1
108.896,542.445,-0.011,-0.029,69.018,-0.001,30.693,-1.162,69.018,68.408,-1.917,14.0,0.61,-0.03,4.22,-176.7,-9.5,16.4
108.996,542.445,0.033,-0.029,69.018,0.004,30.697,-1.492,69.018,68.408,-1.917,14.0,0.61,-0.02,4.3,-167.7,23.8,19.1
109.097,542.445,-0.025,-0.032,69.018,-0.003,30.713,-1.286,69.018,68.428,-1.917,14.0,0.59,0.01,4.21,-177.9,-10.9,14.3
109.196,542.445,-0.006,-0.03,69.018,-0.001,30.697,-1.342,69.018,68.448,-1.917,14.0,0.57,-0.01,4.22,-178.7,-10.0,13.5
109.296,542.445,0.004,-0.03,69.018,0.0,30.702,-1.265,69.018,68.468,-1.917,8.815,0.55,-0.06,4.26,176.6,25.7,14.1
109.399,542.445,-0.04,-0.033,69.018,-0.005,30.716,-1.235,69.018,68.478,-1.917,2.325,0.54,-0.05,4.27,172.5,22.6,12.3
109.498,542.445,-0.059,-0.035,69.018,-0.008,30.695,-1.172,69.018,68.468,-1.917,0.0,0.55,-0.02,4.26,179.5,2.6,12.0
109.597,542.445,0.036,-0.028,69.018,0.005,30.695,-1.023,69.018,68.458,-1.917,0.0,0.56,-0.06,4.24,174.4,22.9,12.8
109.698,542.445,0.017,-0.029,69.018,0.002,30.7,-1.053,69.018,68.458,-1.917,0.0,0.56,-0.09,4.25,-166.2,-8.4,12.1
109.796,542.445,0.025,-0.027,69.018,0.003,30.711,-1.157,69.018,68.458,-1.917,0.0,0.56,-0.11,4.24,-177.9,-2.9,14.9
109.899,542.445,0.016,-0.035,69.018,0.002,30.7,-1.159,69.018,68.478,-1.917,10.474,0.54,-0.13,4.24,-177.0,17.3,17.5
109.998,542.445,0.034,-0.037,69.018,0.004,30.718,-1.459,69.018,68.478,-1.917,14.0,0.54,-0.11,4.25,176.1,22.7,18.7
110.097,542.445,-0.008,-0.036,69.018,-0.001,30.7,-1.604,69.018,68.468,-1.917,14.0,0.55,-0.08,4.23,178.7,11.4,19.4
110.198,542.444,0.017,-0.037,69.018,0.002,30.707,-1.67,69.018,68.458,-1.917,14.0,0.56,-0.1,4.34,-178.8,19.7,21.5
110.297,542.444,0.02,-0.036,69.018,0.003,30.702,-1.564,69.018,68.448,-1.917,14.0,0.57,-0.07,4.22,-164.1,-2.5,20.9
110.398,542.444,0.059,-0.03,69.018,0.007,30.732,-1.281,69.018,68.448,-1.917,14.0,0.57,-0.03,4.22,-167.0,22.3,25.3
110.496,542.444,0.002,-0.039,69.018,0.0,30.707,-1.123,69.018,68.458,-1.917,14.0,0.56,-0.02,4.2,171.1,20.3,23.9
110.596,542.444,0.007,-0.041,69.018,0.001,30.716,-1.218,69.018,68.418,-1.917,14.0,0.6,-0.0,4.38,170.7,18.8,24.4
110.697,542.444,-0.015,-0.03,69.018,-0.002,30.695,-1.381,69.018,68.458,-1.917,10.418,0.56,0.06,4.16,167.1,20.6,23.8
110.797,542.444,0.033,-0.036,69.018,0.004,30.718,-1.59,69.018,68.428,-1.917,0.0,0.59,0.12,4.38,171.9,24.1,24.4
110.896,542.444,0.002,-0.036,69.018,0.0,30.697,-1.566,69.018,68.458,-1.917,0.0,0.56,0.1,4.17,169.7,22.5,23.3
110.997,542.444,0.027,-0.029,69.018,0.003,30.723,-1.473,69.018,68.438,-1.917,0.0,0.58,0.06,4.38,178.5,15.6,23.8
111.096,542.444,-0.01,-0.037,69.018,-0.001,30.704,-1.27,69.018,68.448,-1.917,0.0,0.57,0.06,4.17,-164.7,-6.5,21.5
111.197,542.444,0.016,-0.028,69.018,0.002,30.695,-1.413,69.018,68.448,-1.917,0.0,0.57,0.05,4.19,-165.6,-8.7,21.0
111.296,542.444,-0.031,-0.042,69.018,-0.004,30.72,-1.497,69.018,68.438,-1.917,0.0,0.58,0.04,4.21,-172.0,0.1,22.6
111.399,542.444,-0.024,-0.034,69.018,-0.003,30.725,-1.455,69.018,68.438,-1.917,0.0,0.58,0.03,4.17,-162.3,-6.5,20.0
111.503,542.444,-0.06,-0.044,69.018,-0.008,30.713,-1.636,69.018,68.408,-1.917,0.0,0.61,0.03,4.38,-171.2,-2.8,21.0
111.597,542.444,0.02,-0.045,69.018,0.003,30.732,-1.424,69.018,68.418,-1.917,0.0,0.6,-0.02,4.24,172.3,23.2,21.3
111.7,542.444,-0.003,-0.041,69.018,-0.0,30.711,-1.732,69.018,68.438,-1.917,0.0,0.58,-0.07,4.17,-176.8,23.6,22.9
111.799,542.444,-0.018,-0.039,69.018,-0.002,30.704,-1.547,69.018,68.408,-1.917,1.724,0.61,-0.02,4.22,-176.2,20.3,22.1
111.901,542.444,0.003,-0.041,69.018,0.0,30.716,-1.673,69.018,68.388,-1.917,10.46,0.63,0.02,4.42,-177.4,21.2,21.0
112.0,542.444,-0.002,-0.042,69.018,-0.0,30.7,-1.614,69.018,68.418,-1.917,14.0,0.6,-0.05,4.2,-175.5,23.1,22.2
112.108,542.444,-0.036,-0.042,69.018,-0.005,30.716,-1.531,69.018,68.398,-1.917,14.0,0.62,-0.14,4.28,179.2,24.2,20.9
112.2,542.444,-0.003,-0.039,69.018,-0.0,30.713,-1.285,69.018,68.408,-1.917,5.082,0.61,-0.1,4.25,-165.8,24.9,23.0
112.302,542.444,-0.009,-0.041,69.018,-0.001,30.713,-1.654,69.018,68.398,-1.917,0.0,0.62,0.03,4.3,-164.9,-10.9,16.9
112.399,542.444,0.016,-0.041,69.018,0.002,30.713,-1.857,69.018,68.418,-1.917,0.0,0.6,0.01,4.28,-166.0,26.6,22.4
112.502,542.444,-0.003,-0.042,69.018,-0.0,30.704,-1.67,69.018,68.408,-1.917,0.0,0.61,-0.12,4.33,-172.3,-8.9,17.9
112.6,542.444,-0.026,-0.043,69.018,-0.003,30.711,-1.853,69.018,68.418,-1.917,0.0,0.6,-0.1,4.33,-171.3,-9.7,17.7
112.704,542.444,0.006,-0.037,69.018,0.001,30.707,-1.835,69.018,68.418,-1.917,0.0,0.6,0.04,4.31,177.0,25.6,19.8
112.799,542.444,-0.024,-0.038,69.018,-0.003,30.716,-1.777,69.018,68.428,-1.917,0.0,0.59,0.06,4.29,170.0,-9.9,21.0
112.901,542.444,0.031,-0.044,69.018,0.004,30.7,-1.886,69.018,68.428,-1.917,0.0,0.59,-0.03,4.26,-163.3,26.6,23.8
113.001,542.444,0.017,-0.048,69.018,0.002,30.72,-1.671,69.018,68.428,-1.917,0.0,0.59,-0.03,4.28,-169.9,22.0,22.7
113.103,542.444,0.025,-0.044,69.018,0.003,30.711,-1.687,69.018,68.428,-1.917,0.0,0.59,0.07,4.28,175.7,-7.1,21.0
113.199,542.444,0.003,-0.047,69.018,0.0,30.716,-1.928,69.018,68.418,-1.917,0.0,0.6,0.09,4.37,-174.8,-8.9,18.7
113.305,542.444,-0.002,-0.037,69.018,-0.0,30.691,-1.603,69.018,68.428,-1.917,0.0,0.59,-0.01,4.25,-172.1,23.7,21.3
113.407,542.444,0.024,-0.044,69.018,0.003,30.707,-1.489,69.018,68.428,-1.917,0.0,0.59,-0.05,4.26,-180.0,-8.9,18.3
113.503,542.444,-0.024,-0.044,69.018,-0.003,30.732,-2.117,69.018,68.428,-1.917,0.0,0.59,0.0,4.33,170.1,27.4,16.4
113.607,542.444,-0.002,-0.049,69.018,-0.0,30.7,-1.61,69.018,68.438,-1.917,0.0,0.58,0.02,4.29,-170.3,-9.0,15.3
113.703,542.444,0.035,-0.029,69.018,0.004,30.709,-1.963,69.018,68.438,-1.917,0.0,0.58,-0.05,4.23,-178.5,-8.5,16.8
113.802,542.444,-0.017,-0.039,69.018,-0.002,30.684,-1.898,69.018,68.438,-1.917,0.0,0.58,-0.1,4.26,175.0,-11.9,17.9
113.903,542.444,-0.038,-0.052,69.018,-0.005,30.718,-2.163,69.018,68.428,-1.917,0.0,0.59,-0.07,4.31,-169.3,-8.9,16.0
114.005,542.444,0.002,-0.044,69.018,0.0,30.716,-1.93,69.018,68.418,-1.917,0.0,0.6,-0.05,4.44,-173.2,23.1,19.5
114.102,542.444,0.035,-0.046,69.018,0.004,30.697,-1.716,69.018,68.428,-1.917,0.0,0.59,-0.09,4.27,-165.5,27.0,21.3
114.203,542.444,-0.074,-0.047,69.018,-0.009,30.713,-1.739,69.018,68.438,-1.917,0.0,0.58,-0.14,4.25,-178.1,-9.2,17.5
114.3,542.444,0.003,-0.047,69.018,0.0,30.718,-1.907,69.018,68.438,-1.917,0.0,0.58,-0.12,4.23,-172.2,22.6,20.2
114.403,542.444,0.019,-0.048,69.018,0.002,30.707,-1.991,69.018,68.428,-1.917,0.0,0.59,-0.06,4.26,-169.8,-12.0,16.2
114.505,542.444,-0.013,-0.049,69.018,-0.002,30.704,-2.129,69.018,68.438,-1.917,0.0,0.58,-0.05,4.23,179.9,-10.1,18.0
114.599,542.444,-0.047,-0.046,69.018,-0.006,30.716,-1.948,69.018,68.408,-1.917,0.0,0.61,-0.09,4.43,-178.1,-8.0,17.7
114.701,542.444,-0.037,-0.047,69.018,-0.005,30.695,-1.762,69.018,68.428,-1.917,0.0,0.59,-0.08,4.33,-165.0,-14.8,14.9
114.803,542.444,0.01,-0.044,69.018,0.001,30.709,-1.883,69.018,68.428,-1.917,0.0,0.59,-0.02,4.33,-164.7,-11.7,15.0
114.908,542.444,-0.002,-0.052,69.018,-0.0,30.725,-1.978,69.018,68.438,-1.917,0.0,0.58,0.0,4.24,-175.2,23.6,19.2
114.999,542.444,-0.024,-0.053,69.018,-0.003,30.675,-1.786,69.018,68.438,-1.917,0.0,0.58,-0.03,4.28,-170.6,-10.8,16.3
115.105,542.444,0.012,-0.049,69.018,0.002,30.713,-1.727,69.018,68.438,-1.917,0.0,0.58,-0.04,4.22,179.4,-11.0,18.5
115.201,542.444,-0.014,-0.051,69.018,-0.002,30.7,-2.054,69.018,68.428,-1.917,0.0,0.59,0.0,4.32,-164.8,-14.0,15.4
115.303,542.444,0.016,-0.037,69.018,0.002,30.704,-1.831,69.018,68.438,-1.917,0.0,0.58,0.05,4.24,-174.7,25.8,19.6
115.401,542.444,0.031,-0.044,69.018,0.004,30.741,-1.984,69.018,68.448,-1.917,0.0,0.57,0.01,4.22,178.5,-11.9,18.4
115.501,542.444,-0.04,-0.043,69.018,-0.005,30.702,-1.779,69.018,68.438,-1.917,0.0,0.58,-0.04,4.31,178.9,26.1,19.1
115.601,542.444,0.046,-0.053,69.018,0.006,30.709,-1.96,69.018,68.438,-1.917,0.0,0.58,-0.02,4.32,177.6,27.4,19.1
115.703,542.444,0.01,-0.052,69.018,0.001,30.707,-2.217,69.018,68.448,-1.917,0.0,0.57,0.02,4.25,-172.3,26.1,20.3
115.801,542.444,-0.021,-0.05,69.018,-0.003,30.716,-1.877,69.018,68.438,-1.917,0.0,0.58,-0.03,4.31,178.6,27.0,19.6
115.902,542.444,0.025,-0.046,69.018,0.003,30.686,-2.473,69.018,68.458,-1.917,0.0,0.56,-0.08,4.24,-172.0,26.4,21.1
116.003,542.445,0.005,-0.059,69.018,0.001,30.686,-2.036,69.018,68.468,-1.917,0.0,0.55,-0.05,4.25,178.1,-11.2,19.2
116.103,542.445,-0.043,-0.044,69.018,-0.005,30.709,-1.628,69.018,68.498,-1.917,0.0,0.52,0.02,4.27,177.0,-10.5,19.0
116.201,542.446,-0.025,-0.047,69.018,-0.003,30.711,-1.751,69.018,68.528,-1.917,0.0,0.49,0.04,4.3,175.0,-6.3,18.5
116.3,542.445,-0.032,-0.061,69.018,-0.004,30.681,-2.155,69.018,68.568,-1.917,0.0,0.45,-0.0,4.25,174.1,-5.4,18.1
116.399,542.446,0.008,-0.063,69.018,0.001,30.716,-2.012,69.018,68.598,-1.917,0.0,0.42,-0.08,4.26,-165.6,-1.9,16.4
116.5,542.446,-0.021,-0.057,69.018,-0.003,30.718,-1.888,69.018,68.638,-1.917,0.0,0.38,-0.13,4.15,-166.7,10.1,17.2
116.6,542.446,-0.045,-0.052,69.018,-0.006,30.7,-1.784,69.018,68.628,-1.917,0.0,0.39,-0.17,4.2,-162.2,-2.9,13.8
116.699,542.446,-0.049,-0.048,69.018,-0.006,30.691,-1.66,69.018,68.628,-1.917,0.0,0.39,-0.2,4.16,-160.6,-0.8,13.1
116.799,542.446,0.062,-0.043,69.018,0.008,30.711,-2.034,69.018,68.648,-1.917,0.0,0.37,-0.23,4.01,-159.7,-0.7,12.0
116.905,542.446,-0.035,-0.047,69.018,-0.004,30.697,-1.862,69.018,68.668,-1.917,0.0,0.35,-0.24,3.83,-161.6,3.7,10.8
116.998,542.446,-0.005,-0.052,69.018,-0.001,30.697,-1.812,69.018,68.668,-1.917,0.0,0.35,-0.23,3.81,170.7,8.8,8.9
117.1,542.447,-0.053,-0.052,69.018,-0.007,30.702,-1.726,69.018,68.668,-1.917,0.0,0.35,-0.21,3.81,170.7,10.7,7.3
117.206,542.447,0.006,-0.046,69.018,0.001,30.72,-2.248,69.018,68.668,-1.917,0.0,0.35,-0.19,3.8,171.1,14.6,7.4
117.312,542.447,0.008,-0.039,69.018,0.001,30.72,-1.749,69.018,68.658,-1.917,0.0,0.36,-0.18,3.79,167.5,12.8,8.2
117.404,542.447,0.021,-0.042,69.018,0.003,30.716,-1.815,69.018,68.648,-1.917,0.0,0.37,-0.17,3.82,166.4,6.3,10.5
117.504,542.448,-0.0,-0.046,69.018,-0.0,30.707,-1.986,69.018,68.648,-1.917,0.0,0.37,-0.16,3.74,166.4,21.1,9.2
117.6,542.448,-0.009,-0.051,69.018,-0.001,30.693,-1.781,69.018,68.658,-1.917,0.0,0.36,-0.13,3.71,-161.3,-1.1,7.9
117.701,542.448,0.009,-0.049,69.018,0.001,30.716,-1.912,69.018,68.658,-1.917,0.0,0.36,-0.09,3.71,167.7,11.9,7.9
117.8,542.448,-0.004,-0.045,69.018,-0.001,30.695,-1.904,69.018,68.668,-1.917,0.0,0.35,-0.04,3.71,167.2,11.6,6.8
117.905,542.448,-0.008,-0.046,69.018,-0.001,30.702,-1.5,69.018,68.658,-1.917,0.0,0.36,-0.03,3.74,167.5,19.0,6.5
117.999,542.448,0.015,-0.042,69.018,0.002,30.72,-1.984,69.018,68.648,-1.917,0.0,0.37,-0.04,3.91,172.5,11.6,8.3
118.102,542.447,0.008,-0.045,69.018,0.001,30.709,-1.711,69.018,68.668,-1.917,0.0,0.35,-0.06,3.8,171.2,10.1,7.5
118.201,542.448,0.033,-0.045,69.018,0.004,30.741,-1.946,69.018,68.668,-1.917,0.0,0.35,-0.04,3.83,175.4,8.0,7.8
118.303,542.447,0.025,-0.039,69.018,0.003,30.704,-1.741,0,68.668,0.038,-0.312,0.35,-0.03,3.83,-168.0,-9.1,7.2
118.401,542.434,-0.979,0.188,69.016,-0.125,30.675,7.545,0,68.656,-0.024,-0.364,0.36,-0.04,3.83,-164.3,-4.8,6.9
118.502,542.204,-3.529,0.061,68.987,-0.449,30.659,3.366,0,68.647,-0.051,-0.418,0.34,-0.08,3.8,171.2,6.7,8.2
118.6,541.846,-3.322,-0.007,68.942,-0.423,30.702,-0.298,0,68.652,-0.013,-0.418,0.29,-0.12,3.78,174.8,8.7,8.6
118.7,541.519,-3.32,-0.002,68.9,-0.422,30.725,-0.375,0,68.64,-0.054,-0.442,0.26,-0.13,3.74,173.2,8.0,8.6
118.802,541.183,-3.341,0.005,68.857,-0.425,30.704,0.217,0,68.647,-0.004,-0.39,0.21,-0.13,3.73,168.7,-3.9,9.7
118.9,540.843,-3.259,-0.026,68.814,-0.415,30.707,-0.691,0,68.654,0.024,-0.296,0.16,-0.13,3.67,174.5,6.4,8.7
118.999,540.559,-2.65,-0.062,68.778,-0.337,30.704,-2.112,0,68.618,-0.128,-0.412,0.16,-0.15,3.64,172.4,16.9,9.0
119.1,540.32,-2.675,0.09,68.747,-0.34,30.686,3.43,0,68.587,-0.197,-0.433,0.16,-0.19,3.64,-167.6,-13.4,7.3
119.201,539.997,-3.785,0.007,68.706,-0.482,30.686,0.205,0,68.546,-0.281,-0.487,0.16,-0.23,3.67,171.4,-4.6,9.3
119.299,539.636,-3.657,0.037,68.66,-0.465,30.681,1.013,0,68.5,-0.351,-0.539,0.16,-0.23,3.67,175.4,16.4,9.0
119.403,539.232,-4.347,0.007,68.609,-0.553,30.707,1.47,0,68.449,-0.414,-0.591,0.16,-0.2,3.7,177.0,5.5,8.3
119.5,538.793,-4.266,0.045,68.553,-0.543,30.72,0.896,0,68.373,-0.551,-0.702,0.18,-0.17,3.72,175.6,3.8,7.8
119.599,538.312,-5.41,0.045,68.492,-0.688,30.675,3.819,0,68.282,-0.693,-0.826,0.21,-0.16,3.73,169.1,-4.3,9.0
119.7,537.73,-6.006,0.12,68.418,-0.764,30.634,3.394,0,68.188,-0.79,-0.934,0.23,-0.18,3.73,171.9,17.0,7.4
119.806,537.051,-7.564,0.041,68.331,-0.962,30.668,1.675,0,68.101,-0.815,-0.992,0.23,-0.18,3.73,-172.3,0.3,7.3
119.902,536.29,-7.753,0.018,68.235,-0.986,30.681,2.045,0,68.005,-0.88,-1.078,0.23,-0.15,3.7,-168.0,-8.6,5.9
120.002,535.491,-8.521,0.031,68.133,-1.084,30.668,1.572,0,67.913,-0.895,-1.115,0.22,-0.1,3.79,167.0,-0.8,8.9
120.103,534.63,-8.676,0.033,68.023,-1.104,30.652,2.709,0,67.823,-0.895,-1.134,0.2,-0.08,3.66,164.2,-9.7,9.1
120.204,533.736,-8.321,0.007,67.91,-1.059,30.688,0.719,0,67.72,-0.943,-1.176,0.19,-0.08,3.62,-166.1,-8.4,6.2
120.302,532.826,-8.886,0.007,67.794,-1.131,30.679,1.846,0,67.624,-0.951,-1.187,0.17,-0.09,3.64,-159.2,14.4,9.6
120.407,531.902,-9.745,-0.008,67.676,-1.24,30.725,-0.517,0,67.556,-0.843,-1.083,0.12,-0.1,3.62,-173.0,-1.0,5.5
120.506,530.979,-9.25,-0.114,67.559,-1.177,30.757,-4.388,0,67.519,-0.659,-0.739,0.04,-0.1,3.67,171.8,8.7,6.4
120.607,530.161,-6.886,-0.206,67.455,-0.876,30.798,-8.051,0,67.505,-0.455,-0.455,-0.05,-0.08,3.64,177.8,9.7,5.8
120.704,529.609,-3.765,-0.165,67.385,-0.479,30.741,-7.235,0,67.505,-0.277,-0.277,-0.12,-0.07,3.49,173.8,7.0,4.9
120.81,529.308,-1.847,-0.077,67.346,-0.235,30.72,-3.865,0,67.526,-0.084,-0.084,-0.18,-0.08,3.63,174.3,6.2,5.9
120.903,529.164,-1.046,-0.09,67.328,-0.133,30.709,-3.259,0,67.528,-0.044,-0.044,-0.2,-0.09,3.49,171.6,14.5,5.4
121.008,529.111,-0.138,-0.04,67.321,-0.018,30.72,-2.139,69.018,67.551,0.064,0.094,-0.23,-0.08,3.6,172.7,-12.7,7.5
121.102,529.109,0.227,-0.117,67.321,0.029,30.695,-4.362,69.018,67.581,0.157,0.236,-0.26,-0.06,3.61,-164.5,4.4,9.0
121.2,529.167,1.349,-0.231,67.328,0.172,30.645,-8.386,69.018,67.638,0.321,0.423,-0.31,-0.04,3.69,-176.0,-17.5,8.3
121.304,529.398,3.307,-0.205,67.358,0.421,30.599,-7.15,69.018,67.688,0.387,0.551,-0.33,-0.05,3.62,-174.8,9.4,8.8
121.402,529.77,4.423,-0.163,67.405,0.563,30.613,-8.655,69.018,67.755,0.5,0.711,-0.35,-0.09,3.64,-172.3,7.4,10.7
121.504,530.256,5.546,-0.196,67.467,0.706,30.615,-5.583,69.018,67.807,0.507,0.782,-0.34,-0.13,3.59,179.5,8.8,10.4
121.605,530.834,6.145,-0.153,67.54,0.782,30.565,-6.506,69.018,67.88,0.597,0.898,-0.34,-0.17,3.61,179.4,7.8,11.3
121.704,531.49,6.984,-0.175,67.624,0.889,30.586,-5.969,69.018,67.944,0.612,0.947,-0.32,-0.2,3.63,-170.0,-15.3,10.7
121.803,532.213,7.461,-0.124,67.716,0.949,30.565,-6.61,69.018,68.016,0.654,1.003,-0.3,-0.22,3.62,-171.0,10.1,14.8
121.904,532.982,8.279,-0.085,67.814,1.053,30.592,-2.302,69.018,68.074,0.624,0.993,-0.26,-0.23,3.59,-179.1,7.9,14.6
122.004,533.772,7.879,-0.128,67.914,1.003,30.608,-3.364,69.018,68.124,0.577,0.951,-0.21,-0.25,3.58,172.2,14.0,14.7
122.108,534.561,7.575,-0.083,68.015,0.964,30.622,-2.323,69.018,68.195,0.624,0.962,-0.18,-0.27,3.61,170.8,12.9,14.5
122.204,535.302,7.302,-0.147,68.109,0.929,30.602,-4.608,69.018,68.279,0.71,0.996,-0.17,-0.28,3.64,177.2,10.8,15.2
122.305,536.06,7.882,-0.137,68.205,1.003,30.583,-4.065,69.018,68.375,0.81,1.05,-0.17,-0.26,3.69,175.0,11.8,14.6
122.412,536.854,8.241,-0.124,68.306,1.049,30.558,-6.162,69.018,68.456,0.806,1.038,-0.15,-0.23,3.73,169.7,16.5,12.9
122.514,537.685,8.055,-0.113,68.412,1.025,30.595,-5.796,69.018,68.532,0.787,1.016,-0.12,-0.21,3.75,175.5,15.2,13.0
122.606,538.505,8.033,-0.075,68.516,1.022,30.615,-2.839,69.018,68.616,0.81,1.01,-0.1,-0.19,3.78,174.0,13.9,12.2
122.705,539.294,7.695,-0.121,68.617,0.979,30.592,-3.89,69.018,68.707,0.846,1.02,-0.09,-0.17,3.81,172.5,13.3,11.6
122.806,540.087,7.986,-0.122,68.718,1.016,30.608,-4.515,69.018,68.798,0.871,1.022,-0.08,-0.14,3.81,169.0,20.5,10.9
122.908,540.881,8.307,-0.062,68.819,1.057,30.583,-4.126,69.018,68.879,0.847,0.967,-0.06,-0.11,3.86,174.2,16.1,11.0
123.007,541.677,7.273,-0.044,68.92,0.925,30.624,-0.939,69.018,68.94,0.755,0.795,-0.02,-0.07,3.88,172.4,11.7,10.5
123.108,542.287,4.1,0.097,68.998,0.522,30.718,4.914,69.018,68.988,0.645,0.645,0.01,-0.01,3.97,177.9,-7.9,11.5
123.208,542.518,0.34,0.093,69.027,0.043,30.697,3.557,69.018,69.077,0.743,0.758,-0.05,0.04,3.94,-178.3,-15.5,11.3
123.306,542.473,-0.595,-0.072,69.021,-0.076,30.697,-3.633,69.018,69.171,0.822,0.822,-0.15,0.07,3.76,173.8,13.6,9.4
123.407,542.456,0.104,-0.03,69.019,0.013,30.686,-1.555,69.018,69.219,0.686,0.686,-0.2,0.09,3.72,175.6,14.5,9.4
123.504,542.459,-0.01,-0.034,69.02,-0.001,30.727,-1.602,69.018,69.27,0.615,0.626,-0.25,0.09,3.68,175.0,8.9,9.1
123.606,542.459,0.022,-0.03,69.019,0.003,30.707,-1.319,69.018,69.309,0.529,0.596,-0.29,0.11,3.61,175.8,7.5,8.7
123.705,542.459,-0.035,-0.032,69.019,-0.004,30.709,-1.464,69.018,69.329,0.399,0.535,-0.31,0.12,3.6,175.9,7.3,7.1
123.811,542.459,-0.009,-0.035,69.019,-0.001,30.718,-1.249,69.018,69.349,0.321,0.506,-0.33,0.13,3.71,177.9,11.3,6.2
123.906,542.459,-0.036,-0.033,69.019,-0.005,30.697,-1.359,69.018,69.359,0.234,0.466,-0.34,0.1,3.62,171.5,14.1,3.5
124.007,542.458,-0.039,-0.033,69.019,-0.005,30.702,-1.107,69.018,69.359,0.142,0.416,-0.34,0.05,3.66,169.3,13.2,2.7
124.106,542.459,-0.005,-0.036,69.019,-0.001,30.713,-1.006,69.018,69.359,0.086,0.386,-0.34,0.02,3.8,-179.3,-21.8,5.6
124.209,542.458,0.008,-0.024,69.019,0.001,30.723,-0.958,69.018,69.359,0.052,0.368,-0.34,0.01,3.85,176.0,7.6,3.9
124.305,542.458,0.037,-0.03,69.019,0.005,30.72,-1.218,69.018,69.339,-0.047,0.297,-0.32,0.01,3.86,174.7,5.4,4.1
124.408,542.458,-0.058,-0.036,69.019,-0.007,30.691,-1.011,69.018,69.329,-0.068,0.277,-0.31,0.02,3.89,176.2,6.8,3.9
124.505,542.458,0.002,-0.018,69.019,0.0,30.686,-1.023,69.018,69.319,-0.081,0.26,-0.3,-0.01,3.88,178.0,7.0,3.9
124.604,542.457,0.023,-0.026,69.019,0.003,30.704,-0.971,69.018,69.319,-0.049,0.276,-0.3,-0.05,4.03,179.5,14.2,4.5
124.708,542.457,-0.022,-0.026,69.019,-0.003,30.716,-0.939,69.018,69.309,-0.069,0.255,-0.29,-0.08,3.89,170.7,14.9,1.8
124.806,542.456,-0.037,-0.024,69.019,-0.005,30.702,-0.969,69.018,69.309,-0.043,0.268,-0.29,-0.09,3.87,172.9,15.2,2.6
124.907,542.455,-0.022,-0.037,69.019,-0.003,30.707,-1.153,69.018,69.289,-0.105,0.217,-0.27,-0.07,3.7,168.4,14.0,0.7
125.006,542.454,-0.012,-0.021,69.019,-0.002,30.725,-0.922,69.018,69.309,0.015,0.297,-0.29,-0.07,3.82,176.2,10.1,2.6
125.107,542.454,-0.004,-0.025,69.019,-0.001,30.709,-0.924,69.018,69.329,0.087,0.353,-0.31,-0.11,3.91,-171.7,1.7,4.2
125.205,542.453,0.004,-0.026,69.019,0.0,30.713,-1.164,69.018,69.329,0.053,0.336,-0.31,-0.13,3.78,-177.0,-10.5,2.5
125.31,542.453,-0.059,-0.033,69.019,-0.007,30.693,-0.69,69.018,69.329,0.032,0.326,-0.31,-0.14,3.76,-167.0,-21.4,0.9
125.408,542.452,-0.0,-0.023,69.019,-0.0,30.713,-0.608,69.018,69.329,0.019,0.319,-0.31,-0.11,3.81,171.6,9.7,3.0
125.508,542.452,0.057,-0.028,69.019,0.007,30.736,-0.721,69.018,69.339,0.051,0.345,-0.32,-0.07,3.84,-176.5,4.5,3.6
125.607,542.451,0.021,-0.03,69.019,0.003,30.709,-1.14,69.018,69.329,-0.009,0.305,-0.31,-0.05,3.7,165.0,20.3,1.6
125.706,542.451,-0.023,-0.032,69.019,-0.003,30.713,-1.209,69.018,69.329,-0.005,0.307,-0.31,-0.07,3.84,173.3,12.7,4.5
125.806,542.451,-0.02,-0.021,69.019,-0.003,30.727,-0.96,69.018,69.339,0.036,0.338,-0.32,-0.08,3.9,-169.9,-18.1,4.2
125.912,542.451,0.015,-0.022,69.019,0.002,30.723,-0.683,69.018,69.319,-0.057,0.271,-0.3,-0.08,3.77,172.7,9.2,3.7
126.008,542.451,-0.006,-0.022,69.019,-0.001,30.716,-0.732,69.018,69.329,0.005,0.312,-0.31,-0.06,3.91,-171.4,-19.1,4.5
126.108,542.451,0.007,-0.02,69.019,0.001,30.704,-1.033,69.018,69.319,-0.036,0.282,-0.3,-0.03,3.92,170.7,9.5,4.3
126.218,542.451,-0.023,-0.021,69.019,-0.003,30.704,-0.984,69.018,69.319,-0.022,0.289,-0.3,-0.03,3.89,170.8,11.6,3.9
126.308,542.451,-0.006,-0.019,69.018,-0.001,30.713,-0.762,69.018,69.328,-0.022,0.0,-0.31,-0.05,4.06,176.3,12.6,5.2
126.408,542.451,0.012,-0.022,69.019,0.002,30.736,-0.664,69.019,69.299,-0.022,0.0,-0.28,-0.09,3.76,171.7,5.9,3.0
126.506,542.451,0.008,-0.024,69.018,0.001,30.718,-0.595,69.018,69.298,-0.022,0.0,-0.28,-0.12,3.72,172.8,7.3,2.8
126.612,542.451,0.004,-0.017,69.018,0.001,30.725,-0.774,69.018,69.318,-0.022,0.0,-0.3,-0.14,3.99,173.9,10.9,4.6
126.714,542.451,-0.006,-0.022,69.019,-0.001,30.707,-0.944,69.019,69.309,-0.022,0.0,-0.29,-0.14,3.95,-177.1,7.2,5.5
126.808,542.451,-0.012,-0.017,69.018,-0.001,30.734,-0.922,69.018,69.298,-0.022,0.0,-0.28,-0.15,3.79,170.5,-3.2,3.9
126.907,542.451,0.012,-0.025,69.018,0.001,30.732,-0.487,69.018,69.298,-0.022,0.0,-0.28,-0.18,3.82,172.9,-3.5,4.0
127.006,542.451,-0.001,-0.018,69.018,-0.0,30.713,-0.776,69.018,69.278,-0.022,0.0,-0.26,-0.2,3.75,173.6,7.6,3.3
127.11,542.451,0.029,-0.012,69.018,0.004,30.72,-0.592,69.018,69.278,-0.022,0.0,-0.26,-0.22,3.86,161.3,-10.0,6.1
127.211,542.451,0.0,-0.014,69.018,0.0,30.713,-0.789,69.018,69.278,-0.022,0.0,-0.26,-0.21,3.94,-168.4,-3.5,3.9
127.308,542.451,-0.014,-0.015,69.018,-0.002,30.716,-0.389,69.018,69.268,-0.022,0.0,-0.25,-0.19,3.99,172.2,7.7,3.6
127.411,542.451,-0.023,-0.011,69.018,-0.003,30.725,-0.717,69.018,69.258,-0.022,0.0,-0.24,-0.18,4.02,-163.5,4.1,4.4
127.514,542.451,0.017,-0.017,69.018,0.002,30.716,-0.813,69.018,69.248,-0.022,0.0,-0.23,-0.18,4.04,-169.5,-7.7,0.9
127.625,542.451,-0.009,-0.02,69.018,-0.001,30.709,-0.866,69.018,69.238,-0.022,0.0,-0.22,-0.18,4.04,174.1,15.4,1.6
127.722,542.451,-0.005,-0.016,69.018,-0.001,30.729,-1.024,69.018,69.238,-0.022,0.0,-0.22,-0.18,4.16,-178.5,8.9,-1.3
127.817,542.451,0.022,-0.017,69.018,0.003,30.732,-0.493,69.018,69.208,-0.022,0.0,-0.19,-0.15,4.04,169.7,9.1,-1.3
127.909,542.451,-0.004,-0.017,69.018,-0.0,30.736,-0.799,69.018,69.198,-0.022,0.0,-0.18,-0.11,4.0,167.1,-1.7,0.4
128.008,542.451,-0.003,-0.013,69.018,-0.0,30.718,-0.438,69.018,69.188,-0.022,0.0,-0.17,-0.1,4.02,-177.6,9.9,-1.9
128.113,542.45,-0.022,-0.017,69.018,-0.003,30.713,-0.478,69.018,69.188,-0.022,0.0,-0.17,-0.1,3.99,169.3,12.4,-5.6
128.208,542.45,0.027,-0.014,69.018,0.003,30.709,-0.501,69.018,69.188,-0.022,0.0,-0.17,-0.12,4.02,-173.1,12.4,-5.5
128.309,542.451,-0.034,-0.01,69.018,-0.004,30.716,-0.538,69.018,69.178,-0.022,0.0,-0.16,-0.13,3.83,169.2,10.0,-7.4
128.417,542.451,-0.009,-0.017,69.018,-0.001,30.707,-0.544,69.018,69.178,-0.022,0.0,-0.16,-0.13,3.83,167.8,11.0,-8.8
128.511,542.45,0.018,-0.012,69.018,0.002,30.716,-0.203,69.018,69.198,-0.022,0.0,-0.18,-0.13,4.07,-169.7,11.6,-8.8
128.612,542.45,-0.007,-0.02,69.018,-0.001,30.732,-0.69,69.018,69.198,-0.022,0.0,-0.18,-0.12,3.9,162.4,11.8,-12.7
128.715,542.45,-0.003,-0.013,69.018,-0.0,30.718,-0.288,69.018,69.208,-0.022,0.0,-0.19,-0.13,4.1,-171.6,-7.7,-13.0
128.807,542.45,0.02,-0.003,69.018,0.003,30.695,-0.39,69.018,69.208,-0.022,0.0,-0.19,-0.14,3.94,167.7,9.5,-13.1
128.907,542.45,0.018,-0.013,69.018,0.002,30.729,-0.464,69.018,69.218,-0.022,0.0,-0.2,-0.15,3.96,163.2,12.6,-13.6
129.01,542.45,-0.003,-0.012,69.018,-0.0,30.702,-0.544,69.018,69.228,-0.022,0.0,-0.21,-0.17,4.15,-168.9,-3.7,-12.6
129.117,542.45,-0.021,0.001,69.018,-0.003,30.707,-0.204,69.018,69.228,-0.022,0.0,-0.21,-0.16,3.97,161.8,11.5,-12.7
129.219,542.45,0.0,-0.013,69.018,0.0,30.718,-0.407,69.018,69.238,-0.022,0.0,-0.22,-0.18,4.2,-169.7,-5.1,-10.3
129.313,542.45,-0.034,-0.012,69.018,-0.004,30.711,-0.289,69.018,69.228,-0.022,0.0,-0.21,-0.17,3.97,160.7,15.0,-11.4
129.407,542.45,-0.012,-0.016,69.018,-0.002,30.711,-0.286,69.018,69.228,-0.022,0.0,-0.21,-0.19,3.99,166.0,11.1,-9.5
129.509,542.45,-0.017,-0.012,69.018,-0.002,30.725,-0.319,69.018,69.238,-0.022,0.0,-0.22,-0.21,3.97,162.2,13.3,-10.2
129.614,542.45,0.0,-0.006,69.018,0.0,30.723,-0.383,69.018,69.238,-0.022,0.0,-0.22,-0.21,3.94,161.5,14.2,-10.4
129.714,542.45,-0.03,-0.011,69.018,-0.004,30.736,-0.024,69.018,69.248,-0.022,0.0,-0.23,-0.23,4.23,-171.4,6.8,-7.5
129.819,542.45,0.007,-0.005,69.018,0.001,30.723,-0.272,69.018,69.228,-0.022,0.0,-0.21,-0.21,3.92,166.5,10.5,-9.6
129.915,542.45,-0.026,-0.011,69.018,-0.003,30.711,-0.389,69.018,69.238,-0.022,0.0,-0.22,-0.23,4.09,168.1,11.0,-10.0
130.013,542.45,0.021,-0.012,69.018,0.003,30.727,-0.401,69.018,69.228,-0.022,0.0,-0.21,-0.25,4.06,-167.9,-11.7,-11.9
130.113,542.45,-0.022,-0.005,69.018,-0.003,30.729,-0.451,69.018,69.218,-0.022,0.0,-0.2,-0.26,3.92,168.4,9.4,-11.6
130.217,542.45,0.06,-0.004,69.018,0.008,30.702,-0.181,69.018,69.228,-0.022,0.0,-0.21,-0.28,4.12,168.9,8.4,-12.4
130.311,542.449,0.041,-0.003,69.018,0.005,30.734,-0.016,69.018,69.228,-0.022,0.0,-0.21,-0.27,4.17,-171.5,-1.7,-13.3
130.409,542.449,0.019,-0.01,69.018,0.002,30.72,-0.322,69.018,69.228,-0.022,0.0,-0.21,-0.23,4.15,-169.8,3.3,-14.1
130.514,542.449,-0.033,-0.013,69.018,-0.004,30.718,-0.485,69.018,69.228,-0.022,0.0,-0.21,-0.2,3.98,166.6,6.2,-16.6
130.615,542.449,-0.012,-0.008,69.018,-0.002,30.72,-0.195,69.018,69.248,-0.022,0.0,-0.23,-0.2,4.35,179.7,-2.9,-18.1
130.718,542.449,-0.007,-0.005,69.018,-0.001,30.729,-0.207,69.018,69.238,-0.022,0.0,-0.22,-0.18,4.06,165.5,-2.5,-17.8
130.816,542.449,-0.029,-0.009,69.018,-0.004,30.718,0.073,69.018,69.248,-0.022,0.0,-0.23,-0.17,4.16,168.8,2.5,-18.7
130.913,542.449,0.003,-0.01,69.018,0.0,30.707,-0.384,69.018,69.248,-0.022,0.0,-0.23,-0.15,4.2,171.8,7.3,-18.8
131.012,542.449,-0.047,-0.006,69.018,-0.006,30.72,-0.413,69.018,69.238,-0.022,0.0,-0.22,-0.12,3.98,167.6,5.7,-20.1
131.11,542.449,0.014,-0.006,69.018,0.002,30.713,0.024,69.018,69.228,-0.022,0.0,-0.21,-0.1,3.98,165.5,12.0,-20.6
131.219,542.449,-0.023,-0.004,69.018,-0.003,30.713,-0.073,69.018,69.238,-0.022,0.0,-0.22,-0.1,4.02,165.6,-5.5,-18.8
131.313,542.449,0.021,-0.008,69.018,0.003,30.725,-0.206,69.018,69.238,-0.022,0.0,-0.22,-0.12,4.04,167.5,-3.1,-19.1
131.408,542.449,-0.017,-0.005,69.018,-0.002,30.723,-0.174,69.018,69.228,-0.022,0.0,-0.21,-0.14,3.93,166.9,4.8,-19.7
131.509,542.449,0.035,0.0,69.018,0.004,30.72,0.388,69.018,69.238,-0.022,0.0,-0.22,-0.17,4.02,-162.3,0.7,-18.2
131.613,542.449,0.036,-0.007,69.018,0.005,30.716,-0.301,69.018,69.228,-0.022,0.0,-0.21,-0.17,3.91,165.1,12.3,-19.7
131.712,542.449,-0.038,-0.001,69.018,-0.005,30.734,-0.172,69.018,69.248,-0.022,0.0,-0.23,-0.19,4.08,170.6,-1.8,-18.3
131.815,542.449,0.009,-0.005,69.018,0.001,30.704,-0.155,69.018,69.238,-0.022,0.0,-0.22,-0.2,3.98,165.4,12.5,-19.5
131.914,542.449,-0.034,0.006,69.018,-0.004,30.723,0.275,69.018,69.238,-0.022,0.0,-0.22,-0.24,4.01,168.7,6.3,-18.8
132.015,542.449,0.02,-0.007,69.018,0.003,30.718,-0.169,69.018,69.248,-0.022,0.0,-0.23,-0.27,4.14,-162.4,0.6,-18.4
132.123,542.449,-0.01,-0.0,69.018,-0.001,30.707,-0.022,69.018,69.238,-0.022,0.0,-0.22,-0.26,3.98,168.5,6.0,-18.7
132.215,542.449,0.002,-0.005,69.018,0.0,30.7,-0.304,69.018,69.248,-0.022,0.0,-0.23,-0.26,4.19,171.5,9.7,-18.0
132.316,542.449,-0.041,-0.002,69.018,-0.005,30.713,-0.198,69.018,69.238,-0.022,0.0,-0.22,-0.23,4.01,167.9,4.6,-18.4
132.423,542.449,-0.052,0.004,69.018,-0.007,30.718,-0.07,69.018,69.238,-0.022,0.0,-0.22,-0.24,4.13,-162.5,2.0,-17.1
132.513,542.448,0.034,-0.001,69.018,0.004,30.736,-0.288,69.018,69.238,-0.022,0.0,-0.22,-0.25,4.01,-160.0,-6.6,-19.2
132.617,542.448,0.028,0.0,69.018,0.004,30.725,-0.304,69.018,69.228,-0.022,0.0,-0.21,-0.26,4.03,167.1,9.5,-18.0
132.716,542.448,-0.037,-0.002,69.018,-0.005,30.695,-0.46,69.018,69.228,-0.022,0.0,-0.21,-0.25,4.01,170.3,5.1,-18.1
132.82,542.448,0.018,0.004,69.018,0.002,30.718,-0.276,69.018,69.228,-0.022,0.0,-0.21,-0.21,3.94,167.2,2.6,-18.0
132.916,542.448,0.026,-0.001,69.018,0.003,30.723,-0.031,69.018,69.228,-0.022,0.0,-0.21,-0.19,3.95,167.6,2.0,-18.0
133.021,542.448,-0.002,-0.006,69.018,-0.0,30.707,0.044,69.018,69.218,-0.022,0.0,-0.2,-0.18,3.93,168.3,3.5,-18.0
133.113,542.448,-0.009,-0.003,69.018,-0.001,30.707,-0.058,69.018,69.218,-0.022,0.0,-0.2,-0.19,3.92,167.0,2.3,-18.0
133.216,542.448,-0.04,0.006,69.018,-0.005,30.72,0.265,69.018,69.218,-0.022,0.0,-0.2,-0.2,3.94,167.8,3.1,-17.7
133.317,542.448,-0.001,-0.007,69.018,-0.0,30.709,-0.259,69.018,69.228,-0.022,0.0,-0.21,-0.2,4.05,168.7,-4.5,-17.5
133.412,542.448,-0.006,0.004,69.018,-0.001,30.72,-0.192,69.018,69.218,-0.022,0.0,-0.2,-0.17,4.02,167.0,11.6,-18.8
133.514,542.448,-0.017,-0.003,69.018,-0.002,30.725,-0.206,69.018,69.228,-0.022,0.0,-0.21,-0.16,4.18,-165.2,-8.9,-19.0
133.62,542.448,0.015,0.007,69.018,0.002,30.727,0.09,69.018,69.228,-0.022,0.0,-0.21,-0.15,4.08,-156.1,7.3,-15.8
133.717,542.448,0.005,-0.007,69.018,0.001,30.72,0.005,69.018,69.218,-0.022,0.0,-0.2,-0.15,4.01,167.7,0.2,-18.5
133.824,542.448,0.039,-0.001,69.018,0.005,30.707,0.161,69.018,69.218,-0.022,0.0,-0.2,-0.15,4.01,-163.4,-4.0,-19.2
133.914,542.448,-0.01,-0.004,69.018,-0.001,30.734,0.123,69.018,69.218,-0.022,0.0,-0.2,-0.14,4.03,-166.8,-5.2,-19.6
134.016,542.448,0.012,-0.001,69.018,0.001,30.718,-0.001,69.018,69.218,-0.022,0.0,-0.2,-0.12,4.01,168.5,2.1,-19.8
134.121,542.448,0.01,0.001,69.018,0.001,30.695,-0.238,69.018,69.218,-0.022,0.0,-0.2,-0.11,4.08,-163.4,5.5,-18.5
134.217,542.448,-0.019,-0.005,69.018,-0.002,30.716,0.035,69.018,69.218,-0.022,0.0,-0.2,-0.12,4.03,167.8,9.9,-20.7
134.312,542.448,-0.021,0.004,69.018,-0.003,30.713,0.174,69.018,69.218,-0.022,0.0,-0.2,-0.16,4.01,165.7,-7.1,-19.4
134.413,542.448,-0.004,0.006,69.018,-0.0,30.723,-0.171,69.018,69.218,-0.022,0.0,-0.2,-0.19,4.0,-160.2,-11.4,-21.7
134.517,542.448,-0.004,-0.003,69.018,-0.0,30.72,-0.09,69.018,69.208,-0.022,0.0,-0.19,-0.21,3.98,-160.0,6.5,-18.8
134.623,542.448,-0.008,-0.003,69.018,-0.001,30.729,-0.066,69.018,69.208,-0.022,0.0,-0.19,-0.21,3.96,-157.8,6.0,-18.5
134.724,542.448,-0.004,-0.002,69.018,-0.001,30.713,-0.188,69.018,69.218,-0.022,0.0,-0.2,-0.22,4.11,169.8,1.3,-21.3
134.814,542.448,0.022,-0.001,69.018,0.003,30.723,-0.082,69.018,69.208,-0.022,0.0,-0.19,-0.23,3.95,-160.3,-3.8,-22.2
134.915,542.448,-0.002,-0.001,69.018,-0.0,30.713,-0.109,69.018,69.218,-0.022,0.0,-0.2,-0.27,4.01,-158.3,-11.0,-23.9
135.015,542.447,0.031,-0.002,69.018,0.004,30.691,0.049,69.018,69.218,-0.022,0.0,-0.2,-0.3,4.03,-158.1,5.6,-20.1
135.121,542.445,-0.027,-0.008,69.018,-0.003,30.7,-0.541,69.018,69.218,-0.022,0.0,-0.2,-0.32,4.21,174.1,-1.3,-21.5
135.216,542.442,-0.028,-0.016,69.017,-0.004,30.725,-0.557,69.017,69.217,-0.022,0.0,-0.2,-0.28,4.02,169.9,-1.6,-21.8
135.315,542.442,0.019,-0.014,69.017,0.002,30.729,-0.524,69.017,69.217,-0.022,0.0,-0.2,-0.26,4.02,168.1,-0.5,-21.6
135.415,542.442,-0.019,-0.02,69.017,-0.002,30.711,-0.791,69.017,69.217,-0.022,0.0,-0.2,-0.25,4.07,167.4,8.6,-22.0
135.518,542.442,-0.008,-0.016,69.017,-0.001,30.713,-0.526,69.017,69.217,-0.022,0.0,-0.2,-0.24,4.02,166.8,-1.2,-21.3
135.614,542.442,0.057,-0.015,69.017,0.007,30.739,-0.68,69.017,69.207,-0.022,0.0,-0.19,-0.22,4.04,165.8,8.5,-22.0
135.716,542.442,-0.027,-0.013,69.017,-0.003,30.732,-0.749,69.017,69.207,-0.022,0.0,-0.19,-0.21,4.06,165.5,-8.0,-19.9
135.814,542.442,0.009,-0.018,69.017,0.001,30.723,-0.506,69.017,69.207,-0.022,0.0,-0.19,-0.18,4.04,170.3,-2.3,-20.3
135.915,542.442,0.014,-0.019,69.017,0.002,30.739,-0.86,69.017,69.207,-0.022,0.0,-0.19,-0.17,4.06,-161.0,8.1,-18.7
136.021,542.442,0.064,-0.018,69.017,0.008,30.725,-0.988,69.017,69.197,-0.022,0.0,-0.18,-0.16,3.98,166.8,-2.9,-20.7
136.12,542.441,0.068,-0.019,69.017,0.009,30.704,-0.811,69.017,69.207,-0.022,0.0,-0.19,-0.16,3.99,165.0,-9.4,-20.2
136.217,542.442,-0.021,-0.024,69.017,-0.003,30.716,-0.898,69.017,69.207,-0.022,0.0,-0.19,-0.17,4.0,-160.1,5.6,-19.8
136.324,542.442,0.01,-0.027,69.017,0.001,30.72,-0.707,69.017,69.207,-0.022,0.0,-0.19,-0.18,3.98,-158.4,5.0,-19.9
136.424,542.442,0.009,-0.024,69.017,0.001,30.718,-0.952,69.017,69.197,-0.022,0.0,-0.18,-0.17,4.01,165.5,-10.1,-20.8
136.523,542.442,-0.007,-0.03,69.017,-0.001,30.709,-1.102,69.017,69.197,-0.022,0.0,-0.18,-0.17,4.01,164.9,-8.8,-20.7
136.617,542.442,-0.022,-0.024,69.017,-0.003,30.713,-1.03,69.017,69.197,-0.022,0.0,-0.18,-0.18,4.02,167.4,-3.4,-21.5
136.714,542.442,0.067,-0.025,69.017,0.009,30.723,-0.593,69.017,69.197,-0.022,0.0,-0.18,-0.2,4.02,167.9,-3.7,-21.9
136.815,542.442,-0.015,-0.035,69.017,-0.002,30.718,-1.532,69.017,69.197,-0.022,0.0,-0.18,-0.22,4.07,-158.5,8.6,-19.4
136.922,542.442,-0.057,-0.024,69.017,-0.007,30.727,-0.92,69.017,69.197,-0.022,0.0,-0.18,-0.22,4.09,169.9,7.3,-21.9
137.024,542.442,0.012,-0.027,69.017,0.001,30.723,-1.162,69.017,69.197,-0.022,0.0,-0.18,-0.23,4.21,168.9,-2.8,-21.4
137.118,542.442,0.014,-0.021,69.017,0.002,30.72,-1.032,69.017,69.197,-0.022,0.0,-0.18,-0.21,4.2,167.6,-3.5,-21.1
137.223,542.442,-0.003,-0.028,69.017,-0.0,30.72,-1.226,69.017,69.197,-0.022,0.0,-0.18,-0.21,4.22,169.5,-0.5,-21.7
137.323,542.442,-0.027,-0.034,69.017,-0.003,30.736,-1.425,69.017,69.187,-0.022,0.0,-0.17,-0.22,4.02,167.6,-5.6,-21.0
137.415,542.442,0.038,-0.034,69.017,0.005,30.725,-1.462,69.017,69.187,-0.022,0.0,-0.17,-0.23,4.03,164.8,-10.2,-19.9
137.516,542.442,0.043,-0.025,69.017,0.005,30.709,-1.251,69.017,69.177,-0.022,0.0,-0.16,-0.25,3.98,167.2,-3.0,-20.9
137.622,542.442,-0.01,-0.026,69.017,-0.001,30.707,-1.003,69.017,69.187,-0.022,0.0,-0.17,-0.26,4.06,-156.1,13.1,-17.3
137.725,542.442,0.057,-0.024,69.017,0.007,30.716,-1.238,69.017,69.187,-0.022,0.0,-0.17,-0.26,4.1,173.1,6.3,-20.9
137.83,542.442,-0.024,-0.028,69.017,-0.003,30.711,-1.281,69.017,69.187,-0.022,0.0,-0.17,-0.26,4.14,-159.1,0.8,-19.9
137.925,542.442,-0.018,-0.034,69.017,-0.002,30.72,-1.323,69.017,69.177,-0.022,0.0,-0.16,-0.26,4.05,168.3,4.9,-21.1
138.016,542.442,0.009,-0.036,69.017,0.001,30.729,-1.11,69.017,69.177,-0.022,0.0,-0.16,-0.27,4.02,170.6,-4.3,-20.7
138.122,542.442,0.048,-0.03,69.017,0.006,30.743,-1.426,69.017,69.177,-0.022,0.0,-0.16,-0.27,4.06,-159.0,10.0,-18.6
138.219,542.442,-0.025,-0.043,69.017,-0.003,30.718,-1.456,69.017,69.177,-0.022,0.0,-0.16,-0.26,4.05,-154.3,15.1,-16.1
138.317,542.442,-0.006,-0.033,69.017,-0.001,30.718,-1.509,69.017,69.177,-0.022,0.0,-0.16,-0.24,4.05,169.2,-6.5,-19.8
138.418,542.442,-0.035,-0.032,69.017,-0.004,30.72,-1.187,69.017,69.177,-0.022,0.0,-0.16,-0.22,4.08,-158.9,9.5,-17.6
138.519,542.442,0.01,-0.036,69.017,0.001,30.718,-1.565,69.017,69.167,-0.022,0.0,-0.15,-0.2,4.04,166.9,-4.1,-19.4
138.619,542.442,-0.043,-0.034,69.017,-0.005,30.713,-1.639,69.017,69.157,-0.022,0.0,-0.14,-0.19,4.08,-158.9,12.3,-17.1
138.72,542.442,0.007,-0.035,69.017,0.001,30.72,-1.362,69.017,69.137,-0.022,0.0,-0.12,-0.17,4.07,167.8,-8.9,-18.2
138.818,542.443,0.017,-0.032,69.017,0.002,30.702,-1.699,69.017,69.117,-0.022,0.0,-0.1,-0.16,4.12,-159.7,13.7,-14.8
138.919,542.443,0.0,-0.039,69.017,0.0,30.697,-1.865,69.017,69.107,-0.022,0.0,-0.09,-0.14,4.11,165.0,-9.2,-13.9
139.02,542.443,0.001,-0.037,69.017,0.0,30.707,-1.819,69.017,69.097,-0.022,0.0,-0.08,-0.14,4.13,-156.5,15.4,-9.5
139.122,542.443,0.033,-0.035,69.017,0.004,30.723,-1.375,69.017,69.087,-0.022,0.0,-0.07,-0.14,4.14,-156.3,13.7,-6.6
139.22,542.443,0.054,-0.033,69.017,0.007,30.723,-1.672,69.017,69.077,-0.022,0.0,-0.06,-0.17,4.13,161.9,-5.7,-5.0
139.317,542.443,-0.033,-0.047,69.017,-0.004,30.727,-1.57,69.017,69.067,-0.022,0.0,-0.05,-0.2,4.3,-157.1,5.1,-2.2
139.418,542.443,0.006,-0.041,69.017,0.001,30.716,-1.375,69.017,69.047,-0.022,0.0,-0.03,-0.2,4.31,-162.1,-2.2,0.9
139.521,542.443,0.001,-0.033,69.017,0.0,30.704,-1.683,69.017,69.007,-0.022,0.0,0.01,-0.19,4.37,164.5,-6.6,5.4
139.619,542.443,-0.023,-0.047,69.017,-0.003,30.713,-1.642,69.017,68.977,-0.022,0.0,0.04,-0.19,4.41,171.1,2.4,6.2
139.718,542.443,0.031,-0.04,69.017,0.004,30.725,-1.439,69.017,68.947,-0.022,0.0,0.07,-0.18,4.45,176.7,3.1,7.4
139.819,542.443,0.029,-0.042,69.017,0.004,30.711,-1.823,69.017,68.907,-0.022,0.0,0.11,-0.22,4.45,179.8,10.3,9.1
139.922,542.443,-0.017,-0.052,69.017,-0.002,30.718,-1.886,69.017,68.877,-0.022,0.0,0.14,-0.35,4.39,-170.5,-11.6,8.4
140.019,542.444,0.002,-0.043,69.018,0.0,30.709,-1.6,69.018,68.888,-0.022,0.0,0.13,-0.37,4.33,178.4,14.2,12.1
140.122,542.443,-0.008,-0.045,69.017,-0.001,30.711,-1.484,69.017,68.877,-0.022,0.0,0.14,-0.19,4.26,-170.9,8.4,13.6
140.221,542.444,0.035,-0.042,69.018,0.004,30.709,-1.866,69.018,68.838,-0.022,0.0,0.18,-0.05,4.27,-176.7,11.4,15.7
140.323,542.443,-0.003,-0.045,69.017,-0.0,30.711,-1.827,69.017,68.837,-0.022,0.0,0.18,-0.22,4.24,-175.6,-6.9,17.7
140.422,542.444,-0.008,-0.048,69.018,-0.001,30.707,-1.728,69.018,68.808,-0.022,0.0,0.21,-0.38,4.21,-162.0,-14.4,17.9
140.522,542.443,-0.003,-0.045,69.018,-0.0,30.727,-1.962,69.018,68.788,-0.022,0.0,0.23,-0.29,4.24,-158.8,-18.1,19.0
140.623,542.444,-0.006,-0.044,69.018,-0.001,30.72,-2.094,69.018,68.778,-0.022,0.0,0.24,-0.06,4.37,178.8,22.6,25.0
140.722,542.444,0.008,-0.041,69.018,0.001,30.709,-1.531,69.018,68.788,-0.022,0.0,0.23,0.01,4.24,172.7,22.1,25.2
140.822,542.444,0.005,-0.044,69.018,0.001,30.72,-1.789,69.018,68.788,-0.022,0.0,0.23,-0.21,4.21,-178.9,16.0,26.4
140.923,542.444,-0.006,-0.043,69.018,-0.001,30.704,-1.767,69.018,68.788,-0.022,0.0,0.23,-0.39,4.37,-170.4,-14.8,24.2
141.022,542.444,-0.012,-0.052,69.018,-0.002,30.704,-1.941,69.018,68.808,-0.022,0.0,0.21,-0.26,4.37,-172.2,-14.6,23.1
141.123,542.444,-0.002,-0.051,69.018,-0.0,30.709,-2.077,69.018,68.818,-0.022,0.0,0.2,-0.04,4.22,165.4,23.7,21.9
141.222,542.444,-0.003,-0.047,69.018,-0.0,30.727,-1.893,69.018,68.828,-0.022,0.0,0.19,-0.05,4.21,-160.1,-17.7,18.4
141.323,542.444,0.015,-0.05,69.018,0.002,30.697,-2.392,69.018,68.828,-0.022,0.0,0.19,-0.25,4.13,174.3,12.5,20.9
141.427,542.444,0.02,-0.044,69.018,0.003,30.713,-1.806,69.018,68.828,-0.022,0.0,0.19,-0.32,4.17,-165.7,-9.7,17.9
141.523,542.444,-0.01,-0.048,69.018,-0.001,30.718,-2.169,69.018,68.838,-0.022,0.0,0.18,-0.13,4.17,-165.0,-9.7,15.4
141.623,542.444,-0.018,-0.051,69.018,-0.002,30.709,-2.236,69.018,68.838,-0.022,0.0,0.18,0.02,4.18,-168.5,-9.6,13.4
141.722,542.444,-0.05,-0.051,69.018,-0.006,30.727,-1.696,69.018,68.838,-0.022,0.0,0.18,-0.09,4.17,166.3,21.6,10.4
141.823,542.444,0.031,-0.045,69.018,0.004,30.716,-2.098,69.018,68.838,-0.022,0.0,0.18,-0.28,4.13,-161.7,-13.1,6.1
141.922,542.444,-0.048,-0.051,69.018,-0.006,30.725,-1.817,69.018,68.838,-0.022,0.0,0.18,-0.24,4.16,-162.6,-13.2,4.0
142.024,542.444,0.037,-0.053,69.018,0.005,30.704,-2.154,69.018,68.838,-0.022,0.0,0.18,-0.05,4.33,167.8,22.1,2.5
142.12,542.445,-0.03,-0.05,69.018,-0.004,30.723,-1.859,69.018,68.838,-0.022,0.0,0.18,-0.0,4.4,-178.1,-17.0,-0.5
142.224,542.445,-0.032,-0.057,69.018,-0.004,30.709,-1.977,69.018,68.838,-0.022,0.0,0.18,-0.23,4.3,171.9,18.7,-1.5
142.321,542.445,-0.011,-0.047,69.018,-0.001,30.7,-2.094,69.018,68.848,-0.022,0.0,0.17,-0.38,4.26,-155.4,-16.2,-6.9
142.424,542.445,-0.004,-0.048,69.018,-0.0,30.743,-1.858,69.018,68.838,-0.022,0.0,0.18,-0.22,4.12,157.0,22.1,-5.1
142.523,542.445,-0.023,-0.052,69.018,-0.003,30.713,-2.2,69.018,68.838,-0.022,0.0,0.18,-0.04,4.51,-160.7,-14.8,-5.0
142.622,542.446,0.074,-0.055,69.018,0.009,30.716,-2.378,69.018,68.848,-0.022,0.0,0.17,-0.14,4.12,-158.6,-18.9,-1.1
142.722,542.446,0.019,-0.05,69.018,0.002,30.734,-1.927,69.018,68.848,-0.022,0.0,0.17,-0.38,4.28,-161.8,-4.8,4.3
142.821,542.447,0.029,-0.041,69.018,0.004,30.72,-1.747,69.018,68.858,-0.022,0.0,0.16,-0.39,4.31,-179.3,5.4,8.7
142.924,542.447,-0.058,-0.056,69.018,-0.007,30.723,-1.738,69.018,68.878,-0.022,0.0,0.14,-0.13,4.13,-167.9,-17.4,7.9
143.031,542.447,0.011,-0.045,69.018,0.001,30.697,-1.877,69.018,68.888,-0.022,0.0,0.13,0.11,4.17,-174.2,0.7,11.2
143.121,542.447,0.015,-0.046,69.018,0.002,30.729,-1.829,69.018,68.878,-0.022,0.0,0.14,0.1,4.2,172.3,18.0,12.6
143.223,542.447,-0.0,-0.045,69.018,-0.0,30.709,-1.901,69.018,68.858,-0.022,0.0,0.16,-0.18,4.2,-176.4,9.0,15.2
143.324,542.447,0.026,-0.041,69.018,0.003,30.723,-1.803,69.018,68.858,-0.022,0.0,0.16,-0.42,4.12,177.2,-0.7,16.3
143.424,542.447,0.022,-0.049,69.018,0.003,30.725,-2.178,69.018,68.868,-0.022,0.0,0.15,-0.4,4.05,-165.6,-2.2,15.8
143.524,542.447,-0.04,-0.05,69.018,-0.005,30.72,-1.802,69.018,68.868,-0.022,0.0,0.15,-0.14,4.02,170.6,9.3,15.6
143.623,542.447,-0.025,-0.051,69.018,-0.003,30.688,-1.804,69.018,68.868,-0.022,0.0,0.15,0.07,3.99,160.5,22.7,12.9
143.724,542.447,-0.001,-0.053,69.018,-0.0,30.716,-1.76,69.018,68.858,-0.022,0.0,0.16,-0.0,3.98,163.2,10.4,15.4
143.823,542.447,0.03,-0.056,69.018,0.004,30.725,-1.992,69.018,68.848,-0.022,0.0,0.17,-0.28,3.98,169.8,8.7,16.5
143.924,542.447,-0.018,-0.046,69.018,-0.002,30.716,-2.097,69.018,68.858,-0.022,0.0,0.16,-0.46,3.96,174.1,6.4,16.0
144.023,542.447,0.044,-0.041,69.018,0.006,30.702,-1.96,69.018,68.858,-0.022,0.0,0.16,-0.4,4.02,-158.5,2.8,14.7
144.124,542.447,0.007,-0.046,69.018,0.001,30.736,-1.494,69.018,68.878,-0.022,0.0,0.14,-0.17,3.99,169.6,6.9,12.6
144.223,542.447,0.002,-0.044,69.018,0.0,30.716,-1.773,69.018,68.888,-0.022,0.0,0.13,-0.02,3.97,162.2,6.7,10.3
144.323,542.447,-0.008,-0.041,69.018,-0.001,30.711,-1.713,69.018,68.898,-0.022,0.0,0.12,-0.12,3.98,164.3,9.5,9.3
144.424,542.447,0.019,-0.05,69.018,0.002,30.711,-1.926,69.018,68.908,-0.022,0.0,0.11,-0.36,3.94,166.9,9.7,9.5
144.523,542.447,0.001,-0.044,69.018,0.0,30.709,-1.351,69.018,68.908,-0.022,0.0,0.11,-0.48,3.91,169.0,11.0,10.4
144.623,542.447,-0.005,-0.043,69.018,-0.001,30.709,-1.931,69.018,68.898,-0.022,0.0,0.12,-0.4,4.13,-161.0,-1.7,10.6
144.723,542.447,-0.002,-0.049,69.018,-0.0,30.709,-1.882,69.018,68.918,-0.022,0.0,0.1,-0.17,4.0,166.0,12.7,10.8
144.822,542.447,-0.0,-0.046,69.018,-0.0,30.72,-1.789,69.018,68.918,-0.022,0.0,0.1,-0.05,4.02,163.5,18.0,10.9
144.925,542.447,-0.008,-0.051,69.018,-0.001,30.702,-1.745,69.018,68.928,-0.022,0.0,0.09,-0.12,3.99,162.6,17.5,11.2
145.024,542.447,-0.01,-0.046,69.018,-0.001,30.734,-1.825,69.018,68.918,-0.022,0.0,0.1,-0.29,3.97,168.6,9.9,13.2
145.123,542.447,0.013,-0.044,69.018,0.002,30.709,-2.079,69.018,68.918,-0.022,0.0,0.1,-0.39,3.92,168.7,8.4,12.7
145.222,542.447,0.002,-0.043,69.018,0.0,30.702,-1.637,69.018,68.928,-0.022,0.0,0.09,-0.35,3.95,170.4,6.5,11.8
145.326,542.447,-0.021,-0.049,69.018,-0.003,30.716,-1.85,69.018,68.928,-0.022,0.0,0.09,-0.21,4.07,-161.4,-5.8,9.9
145.427,542.447,-0.003,-0.042,69.018,-0.0,30.713,-1.954,69.018,68.948,-0.022,0.0,0.07,-0.09,3.97,168.1,-3.8,11.9
145.523,542.447,-0.005,-0.052,69.018,-0.001,30.707,-1.701,69.018,68.948,-0.022,0.0,0.07,-0.12,3.85,170.5,7.5,11.8
145.625,542.447,-0.022,-0.043,69.018,-0.003,30.709,-1.956,69.018,68.958,-0.022,0.0,0.06,-0.23,3.82,171.3,5.7,12.7
145.724,542.447,0.011,-0.046,69.018,0.001,30.713,-2.08,69.018,68.958,-0.022,0.0,0.06,-0.31,3.81,172.8,5.9,13.4
145.823,542.447,-0.018,-0.041,69.018,-0.002,30.7,-2.056,69.018,68.968,-0.022,0.0,0.05,-0.29,3.9,-170.2,9.7,15.0
145.925,542.447,0.003,-0.046,69.018,0.0,30.711,-1.831,69.018,68.978,-0.022,0.0,0.04,-0.2,3.89,176.3,6.7,14.7
146.024,542.447,-0.013,-0.043,69.018,-0.002,30.725,-1.865,69.018,68.988,-0.022,0.0,0.03,-0.12,3.89,173.7,7.2,15.0
146.124,542.447,-0.023,-0.046,69.018,-0.003,30.711,-1.414,69.018,68.988,-0.022,0.0,0.03,-0.11,3.96,-169.3,10.3,16.8
146.224,542.447,0.02,-0.052,69.018,0.003,30.718,-1.881,69.018,68.978,-0.022,0.0,0.04,-0.17,4.11,178.9,8.0,16.9
146.325,542.447,0.017,-0.046,69.018,0.002,30.693,-1.916,69.018,68.988,-0.022,0.0,0.03,-0.24,3.99,173.7,-13.6,18.1
146.428,542.447,-0.023,-0.041,69.018,-0.003,30.711,-1.867,69.018,68.988,-0.022,0.0,0.03,-0.26,4.0,-159.0,13.9,22.9
146.524,542.447,0.007,-0.04,69.018,0.001,30.697,-1.641,69.018,68.988,-0.022,0.0,0.03,-0.2,4.01,-164.1,-9.7,19.7
146.624,542.447,0.007,-0.046,69.018,0.001,30.718,-1.749,69.018,68.998,-0.022,0.0,0.02,-0.08,4.02,165.4,17.6,21.7
146.725,542.447,0.014,-0.05,69.018,0.002,30.736,-1.798,69.018,69.008,-0.022,0.0,0.01,-0.03,4.13,-179.2,15.2,24.9
146.824,542.447,0.024,-0.049,69.018,0.003,30.723,-1.962,69.018,69.008,-0.022,0.0,0.01,-0.09,4.06,-162.4,-15.4,24.5
146.925,542.447,-0.024,-0.042,69.018,-0.003,30.725,-1.616,69.018,69.008,-0.022,0.0,0.01,-0.23,4.15,-175.1,10.7,29.4
147.023,542.447,-0.016,-0.045,69.018,-0.002,30.72,-1.897,69.018,68.998,-0.022,0.0,0.02,-0.31,4.01,-162.9,-10.2,28.5
147.125,542.447,-0.013,-0.043,69.018,-0.002,30.725,-1.731,69.018,68.998,-0.022,0.0,0.02,-0.27,4.09,-176.0,-13.6,30.5
147.225,542.447,-0.028,-0.049,69.018,-0.004,30.729,-1.292,69.018,68.998,-0.022,0.0,0.02,-0.14,4.13,170.4,-15.0,32.4
147.324,542.447,-0.005,-0.044,69.018,-0.001,30.713,-1.771,69.018,68.988,-0.022,0.0,0.03,-0.04,4.14,-167.2,-10.8,30.8
147.424,542.447,-0.012,-0.042,69.018,-0.002,30.725,-1.794,69.018,68.958,-0.022,0.0,0.06,-0.05,3.94,-162.7,17.3,35.4
147.528,542.447,0.015,-0.039,69.018,0.002,30.736,-1.642,69.018,68.898,-0.022,0.0,0.12,-0.16,3.92,-179.5,0.5,32.3
147.624,542.447,-0.001,-0.046,69.018,-0.0,30.697,-1.84,69.018,68.878,-0.022,0.0,0.14,-0.26,3.92,-175.7,5.9,31.9
147.724,542.447,0.001,-0.045,69.018,0.0,30.707,-1.799,69.018,68.898,-0.022,0.0,0.12,-0.24,4.1,-177.0,-8.8,28.4
147.827,542.447,-0.003,-0.043,69.018,-0.0,30.7,-1.962,69.018,68.948,-0.022,0.0,0.07,-0.09,3.99,168.0,10.2,27.1
147.927,542.447,-0.031,-0.051,69.018,-0.004,30.693,-1.53,69.018,69.008,-0.022,0.0,0.01,0.01,4.0,178.6,5.4,27.2
148.025,542.447,0.017,-0.043,69.018,0.002,30.718,-2.006,69.018,69.028,-0.022,0.0,-0.01,-0.06,4.18,-169.5,-10.9,27.2
148.133,542.447,-0.012,-0.037,69.018,-0.001,30.72,-1.803,69.018,69.038,-0.022,0.0,-0.02,-0.23,3.95,-161.3,-18.3,26.3
148.224,542.447,0.024,-0.034,69.018,0.003,30.72,-1.898,69.018,69.038,-0.022,0.0,-0.02,-0.35,3.91,-161.7,-12.3,28.0
148.325,542.447,-0.021,-0.047,69.018,-0.003,30.707,-1.815,69.018,68.998,-0.022,0.0,0.02,-0.26,3.88,168.5,-19.8,31.2
148.426,542.447,-0.018,-0.05,69.018,-0.002,30.716,-1.707,69.018,68.928,-0.022,0.0,0.09,-0.03,4.01,-172.3,5.1,30.8
148.527,542.447,0.012,-0.041,69.018,0.001,30.709,-1.797,69.018,68.898,-0.022,0.0,0.12,0.1,4.06,168.3,11.6,29.1
148.625,542.447,-0.011,-0.042,69.018,-0.001,30.704,-1.64,69.018,68.918,-0.022,0.0,0.1,-0.01,3.87,-164.4,-8.7,28.1
148.727,542.447,0.012,-0.048,69.018,0.002,30.711,-1.832,69.018,68.958,-0.022,0.0,0.06,-0.23,3.87,-160.2,15.3,31.8
148.826,542.447,-0.015,-0.042,69.018,-0.002,30.713,-2.002,69.018,69.018,-0.022,0.0,0.0,-0.37,3.88,174.3,7.9,29.6
148.924,542.447,-0.038,-0.054,69.018,-0.005,30.704,-1.63,69.018,69.048,-0.022,0.0,-0.03,-0.31,3.85,-169.8,-0.5,31.7
149.028,542.447,0.009,-0.048,69.018,0.001,30.709,-1.832,69.018,69.058,-0.022,0.0,-0.04,-0.12,4.03,-171.6,12.7,33.4
149.125,542.447,0.001,-0.045,69.018,0.0,30.702,-1.689,69.018,69.008,-0.022,0.0,0.01,0.02,3.88,168.9,9.1,33.8
149.226,542.447,-0.03,-0.05,69.018,-0.004,30.713,-1.496,69.018,68.938,-0.022,0.0,0.08,-0.08,3.89,167.1,9.3,33.7
149.327,542.447,-0.016,-0.044,69.018,-0.002,30.707,-1.742,69.018,68.898,-0.022,0.0,0.12,-0.24,3.95,173.9,-12.0,34.0
149.424,542.447,-0.007,-0.04,69.018,-0.001,30.707,-1.943,69.018,68.908,-0.022,0.0,0.11,-0.28,4.09,-176.8,10.7,33.9
149.526,542.447,0.02,-0.044,69.018,0.003,30.718,-1.713,69.018,68.968,-0.022,0.0,0.05,-0.14,3.95,-171.9,-7.8,31.6
149.627,542.447,-0.01,-0.048,69.018,-0.001,30.7,-1.722,69.018,69.048,-0.022,0.0,-0.03,-0.0,4.11,-169.7,-13.6,29.4
149.724,542.447,0.011,-0.04,69.018,0.001,30.693,-1.647,69.018,69.098,-0.022,0.0,-0.08,0.01,4.08,-169.8,10.5,31.3
149.824,542.447,-0.005,-0.046,69.018,-0.001,30.704,-1.776,69.018,69.128,-0.022,0.0,-0.11,-0.1,4.07,-171.6,-12.0,31.5
149.927,542.447,-0.016,-0.052,69.018,-0.002,30.716,-1.817,69.018,69.108,-0.022,0.0,-0.09,-0.32,3.99,-164.9,-10.8,31.8
150.024,542.447,-0.004,-0.046,69.018,-0.0,30.704,-1.732,69.018,69.028,-0.022,0.0,-0.01,-0.28,3.8,-166.1,12.5,35.7
150.127,542.447,-0.037,-0.038,69.018,-0.005,30.702,-1.743,69.018,68.928,-0.022,0.0,0.09,-0.11,3.99,179.5,-2.2,33.3
150.226,542.447,-0.013,-0.043,69.018,-0.002,30.711,-1.784,69.018,68.878,-0.022,0.0,0.14,0.04,4.14,179.2,-8.0,32.1
150.323,542.447,-0.009,-0.043,69.018,-0.001,30.727,-1.688,69.018,68.858,-0.022,0.0,0.16,0.04,4.0,-170.3,-4.1,29.2
150.426,542.447,0.025,-0.036,69.018,0.003,30.709,-1.433,69.018,68.868,-0.022,0.0,0.15,-0.09,3.86,-162.8,-13.0,26.3
150.524,542.447,-0.011,-0.044,69.018,-0.001,30.713,-1.909,69.018,68.868,-0.022,0.0,0.15,-0.22,4.03,-167.7,-11.3,25.0
150.624,542.447,-0.007,-0.039,69.018,-0.001,30.702,-2.061,69.018,68.878,-0.022,0.0,0.14,-0.22,4.06,-163.0,-13.5,24.5
150.726,542.447,0.023,-0.048,69.018,0.003,30.709,-1.802,69.018,68.888,-0.022,0.0,0.13,-0.09,4.08,-167.3,-4.4,26.7
150.827,542.447,-0.028,-0.047,69.018,-0.004,30.716,-1.824,69.018,68.888,-0.022,0.0,0.13,0.03,4.07,161.8,13.3,26.0
150.925,542.447,0.03,-0.037,69.018,0.004,30.691,-2.011,69.018,68.888,-0.022,0.0,0.13,0.03,4.02,172.2,-5.9,29.4
151.026,542.447,-0.005,-0.048,69.018,-0.001,30.7,-1.851,69.018,68.888,-0.022,0.0,0.13,-0.08,3.95,165.6,14.0,28.4
151.126,542.447,0.004,-0.05,69.018,0.0,30.704,-1.814,69.018,68.888,-0.022,0.0,0.13,-0.19,3.97,176.3,9.1,30.0
151.229,542.447,0.002,-0.045,69.018,0.0,30.697,-1.716,69.018,68.888,-0.022,0.0,0.13,-0.2,3.97,168.1,12.9,28.7
151.326,542.447,-0.001,-0.037,69.018,-0.0,30.713,-1.817,69.018,68.908,-0.022,0.0,0.11,-0.1,3.97,-172.9,-2.5,27.8
151.426,542.447,0.045,-0.043,69.018,0.006,30.711,-1.499,69.018,68.928,-0.022,0.0,0.09,-0.01,3.95,-164.0,19.0,27.8
151.53,542.447,0.006,-0.044,69.018,0.001,30.72,-1.759,69.018,68.938,-0.022,0.0,0.08,0.0,4.09,-172.1,4.4,23.9
151.627,542.447,0.002,-0.053,69.018,0.0,30.716,-1.692,69.018,68.948,-0.022,0.0,0.07,-0.08,3.92,-173.2,-0.9,22.7
151.726,542.447,-0.007,-0.053,69.018,-0.001,30.725,-1.802,69.018,68.928,-0.022,0.0,0.09,-0.2,4.08,-173.9,-3.4,21.4
151.829,542.447,-0.007,-0.043,69.018,-0.001,30.718,-1.838,69.018,68.928,-0.022,0.0,0.09,-0.25,3.88,175.4,6.0,20.7
151.928,542.447,-0.025,-0.052,69.018,-0.003,30.713,-2.008,69.018,68.928,-0.022,0.0,0.09,-0.23,3.91,-161.8,-12.0,17.5
152.029,542.447,-0.019,-0.047,69.018,-0.002,30.718,-1.756,69.018,68.918,-0.022,0.0,0.1,-0.16,3.93,174.0,2.3,19.4
152.128,542.447,0.005,-0.042,69.018,0.001,30.711,-1.681,69.018,68.918,-0.022,0.0,0.1,-0.12,3.98,-161.7,16.3,21.8
152.226,542.447,-0.001,-0.047,69.018,-0.0,30.723,-1.801,69.018,68.918,-0.022,0.0,0.1,-0.16,3.95,175.4,3.9,18.9
152.326,542.447,-0.012,-0.044,69.018,-0.002,30.713,-1.975,69.018,68.918,-0.022,0.0,0.1,-0.24,3.95,165.2,14.2,17.7
152.423,542.447,-0.014,-0.035,69.018,-0.002,30.711,-1.42,69.018,68.908,-0.022,0.0,0.11,-0.3,4.12,-163.5,-10.4,16.5
152.524,542.447,-0.002,-0.04,69.018,-0.0,30.695,-1.924,69.018,68.928,-0.022,0.0,0.09,-0.25,3.93,-162.9,-1.8,17.5
152.626,542.447,0.024,-0.046,69.018,0.003,30.716,-1.813,0,68.928,-0.006,-0.096,0.09,-0.17,4.12,168.8,10.8,16.5
152.725,542.442,-0.394,0.038,69.017,-0.05,30.716,1.528,0,68.917,-0.046,-0.126,0.1,-0.1,3.96,173.0,1.7,17.1
152.823,542.37,-1.174,0.018,69.008,-0.149,30.732,0.545,0,68.908,-0.064,-0.152,0.1,-0.11,3.93,-166.8,3.6,16.7
152.926,542.246,-1.33,-0.006,68.992,-0.169,30.693,-0.631,0,68.882,-0.141,-0.224,0.11,-0.18,3.93,-170.3,1.5,16.3
153.025,542.114,-1.579,0.023,68.976,-0.201,30.718,0.554,0,68.836,-0.268,-0.333,0.14,-0.26,3.89,178.1,0.2,15.5
153.124,541.925,-2.266,0.077,68.952,-0.288,30.681,3.705,0,68.802,-0.297,-0.382,0.15,-0.25,3.87,174.1,0.2,14.6
153.235,541.656,-3.292,0.05,68.917,-0.419,30.679,1.465,0,68.727,-0.47,-0.542,0.19,-0.16,3.85,177.3,-2.1,13.3
153.332,541.308,-3.567,0.083,68.873,-0.454,30.695,4.247,0,68.673,-0.5,-0.609,0.2,-0.07,3.83,-170.8,9.0,13.6
153.424,540.878,-4.746,0.039,68.818,-0.604,30.711,2.329,0,68.588,-0.635,-0.751,0.23,-0.08,3.82,176.9,-6.9,12.0
153.526,540.367,-5.842,0.064,68.753,-0.743,30.668,2.695,0,68.503,-0.722,-0.863,0.25,-0.17,3.81,-168.5,9.4,12.2
153.626,539.746,-6.362,0.09,68.674,-0.809,30.665,3.678,0,68.434,-0.708,-0.901,0.24,-0.27,3.81,-171.5,9.3,11.1
153.727,539.047,-7.492,0.009,68.585,-0.953,30.672,0.248,0,68.355,-0.741,-0.963,0.23,-0.26,3.77,-179.1,-6.6,9.4
153.827,538.317,-7.337,0.042,68.493,-0.934,30.688,3.293,0,68.273,-0.774,-1.008,0.22,-0.14,3.76,-170.4,7.7,9.3
153.928,537.548,-7.982,0.023,68.395,-1.016,30.659,1.402,0,68.205,-0.736,-0.993,0.19,-0.03,3.75,-176.3,11.1,8.0
154.027,536.743,-7.767,-0.012,68.292,-0.988,30.707,-0.222,0,68.122,-0.768,-1.018,0.17,-0.03,3.99,177.7,-9.7,9.7
154.129,535.959,-8.236,-0.006,68.192,-1.048,30.723,-0.127,0,68.062,-0.702,-0.959,0.13,-0.14,3.76,-176.1,10.5,7.6
154.231,535.166,-7.537,-0.02,68.092,-0.959,30.7,-0.774,0,67.992,-0.701,-0.901,0.1,-0.23,3.9,-177.3,-7.0,7.3
154.328,534.427,-7.384,-0.058,67.997,-0.94,30.739,-1.985,0,67.967,-0.521,-0.581,0.03,-0.21,3.77,174.8,13.6,7.3
154.43,533.76,-5.475,-0.158,67.913,-0.697,30.771,-5.703,0,67.963,-0.335,-0.335,-0.05,-0.08,3.74,169.7,13.6,5.9
154.53,533.318,-2.968,-0.189,67.856,-0.378,30.734,-6.761,0,67.986,-0.109,-0.109,-0.13,0.03,3.71,-171.4,-15.9,5.3
154.626,533.113,-1.111,-0.158,67.83,-0.141,30.718,-6.292,0,68.0,-0.011,-0.011,-0.17,0.04,3.67,171.1,12.5,5.3
154.729,533.079,0.171,-0.072,67.826,0.022,30.718,-2.705,69.018,68.046,0.173,0.173,-0.22,-0.06,3.64,-177.7,-3.7,6.3
154.829,533.096,0.423,-0.236,67.828,0.054,30.656,-9.476,69.018,68.098,0.308,0.317,-0.27,-0.14,3.6,-172.5,-3.8,7.0
154.927,533.237,2.723,-0.183,67.846,0.346,30.64,-6.507,69.018,68.156,0.415,0.488,-0.31,-0.11,3.56,-177.7,5.4,8.3
155.03,533.536,3.754,-0.177,67.884,0.478,30.597,-6.306,69.018,68.224,0.518,0.655,-0.34,0.01,3.58,179.3,2.3,9.0
155.129,533.96,5.295,-0.14,67.938,0.674,30.602,-6.98,69.018,68.308,0.647,0.835,-0.37,0.09,3.56,178.0,5.4,10.1
155.228,534.518,6.463,-0.192,68.009,0.822,30.558,-6.364,69.018,68.399,0.751,0.991,-0.39,0.04,3.6,179.5,3.8,11.8
155.329,535.206,7.942,-0.165,68.097,1.011,30.526,-6.412,69.018,68.487,0.802,1.101,-0.39,-0.11,3.64,-179.7,6.5,12.7
155.429,536.031,8.777,-0.159,68.202,1.117,30.533,-5.207,69.018,68.572,0.815,1.169,-0.37,-0.2,3.66,-177.1,3.8,13.9
155.529,536.929,9.633,-0.086,68.316,1.226,30.556,-3.676,69.018,68.656,0.826,1.215,-0.34,-0.17,3.72,168.1,14.4,13.4
155.631,537.865,9.64,-0.134,68.435,1.227,30.574,-4.687,69.018,68.745,0.849,1.247,-0.31,-0.06,3.72,179.4,3.4,15.3
155.729,538.832,9.716,-0.119,68.558,1.236,30.533,-3.933,69.018,68.848,0.923,1.306,-0.29,0.02,3.83,178.6,-16.8,16.4
155.831,539.825,10.179,-0.132,68.684,1.295,30.51,-5.778,69.018,68.924,0.858,1.253,-0.24,-0.01,3.74,169.2,-20.2,18.3
155.93,540.844,10.032,-0.098,68.814,1.276,30.588,-3.758,69.018,69.004,0.835,1.215,-0.19,-0.12,3.74,-176.3,11.5,18.0
156.033,541.754,7.346,0.081,68.93,0.935,30.709,4.07,69.018,69.06,0.724,0.984,-0.13,-0.2,3.75,-169.3,-18.5,15.0
156.13,542.311,3.569,0.079,69.001,0.454,30.732,3.336,69.018,69.111,0.641,0.861,-0.11,-0.19,3.73,-165.7,11.4,17.9
156.233,542.506,0.22,0.071,69.025,0.028,30.695,2.177,69.018,69.175,0.64,0.822,-0.15,-0.11,3.76,-169.2,9.7,16.3
156.331,542.463,-0.397,-0.059,69.02,-0.05,30.702,-1.96,69.018,69.28,0.802,0.864,-0.26,-0.06,3.73,-166.0,-20.3,11.3
156.428,542.455,0.013,-0.043,69.019,0.002,30.725,-1.527,69.018,69.339,0.719,0.801,-0.32,-0.11,3.74,174.9,13.1,11.0
156.532,542.455,0.03,-0.035,69.019,0.004,30.707,-1.531,69.018,69.389,0.634,0.76,-0.37,-0.23,3.86,-178.0,11.1,11.3
156.631,542.455,0.042,-0.043,69.019,0.005,30.718,-1.81,69.018,69.389,0.385,0.607,-0.37,-0.29,3.75,173.9,7.5,9.8
156.728,542.454,0.024,-0.036,69.019,0.003,30.704,-1.504,69.018,69.399,0.273,0.543,-0.38,-0.25,3.76,175.2,7.0,9.1
156.831,542.454,0.039,-0.038,69.019,0.005,30.718,-1.625,69.018,69.409,0.204,0.509,-0.39,-0.16,3.88,174.2,10.0,9.0
156.93,542.454,0.014,-0.038,69.019,0.002,30.691,-1.497,69.018,69.389,0.046,0.403,-0.37,-0.09,3.79,172.8,5.9,6.8
157.029,542.453,-0.032,-0.046,69.019,-0.004,30.709,-1.755,69.018,69.369,-0.051,0.33,-0.35,-0.11,3.76,170.1,12.8,5.9
157.129,542.453,-0.025,-0.042,69.019,-0.003,30.704,-1.427,69.018,69.349,-0.11,0.278,-0.33,-0.17,3.84,172.8,-11.6,6.5
157.23,542.453,0.032,-0.034,69.019,0.004,30.727,-1.54,69.018,69.319,-0.184,0.21,-0.3,-0.21,3.77,172.2,10.3,4.6
157.328,542.453,-0.001,-0.047,69.019,-0.0,30.723,-1.387,69.018,69.299,-0.191,0.186,-0.28,-0.19,3.78,172.7,11.9,3.1
157.43,542.452,-0.016,-0.038,69.019,-0.002,30.709,-1.146,69.018,69.279,-0.194,0.164,-0.26,-0.12,3.78,167.6,13.8,0.8
157.531,542.452,0.003,-0.032,69.019,0.0,30.702,-1.574,69.018,69.259,-0.197,0.142,-0.24,-0.07,3.81,171.2,7.2,0.8
157.631,542.452,-0.033,-0.037,69.019,-0.004,30.688,-1.411,69.018,69.239,-0.198,0.121,-0.22,-0.08,3.96,173.1,9.2,1.3
157.736,542.452,-0.0,-0.039,69.019,-0.0,30.72,-1.518,69.018,69.199,-0.278,0.041,-0.18,-0.13,3.76,170.2,14.5,0.7
157.83,542.452,-0.0,-0.037,69.019,-0.0,30.729,-1.162,69.018,69.189,-0.208,0.066,-0.17,-0.19,3.98,-168.7,-0.4,3.0
157.929,542.452,0.01,-0.037,69.019,0.001,30.718,-1.255,69.018,69.159,-0.245,0.017,-0.14,-0.17,3.83,173.5,-9.6,2.4
158.029,542.452,-0.001,-0.033,69.019,-0.0,30.718,-1.717,69.018,69.139,-0.227,0.007,-0.12,-0.1,3.7,165.3,20.6,0.5
158.13,542.452,-0.009,-0.031,69.019,-0.001,30.716,-1.357,69.018,69.139,-0.138,0.051,-0.12,-0.04,3.81,-172.3,4.0,3.3
158.237,542.452,-0.029,-0.027,69.019,-0.004,30.709,-1.688,69.018,69.129,-0.123,0.049,-0.11,-0.02,3.88,174.4,11.1,2.7
158.334,542.452,-0.011,-0.037,69.019,-0.001,30.725,-1.44,69.018,69.109,-0.153,0.013,-0.09,-0.07,3.97,-176.3,8.4,3.9
158.429,542.452,-0.022,-0.034,69.019,-0.003,30.727,-1.412,69.018,69.099,-0.132,0.014,-0.08,-0.14,3.85,-163.0,-20.5,-0.3
158.532,542.451,0.019,-0.036,69.019,0.002,30.727,-1.399,69.018,69.099,-0.08,0.04,-0.08,-0.18,3.86,172.2,19.4,1.9
158.628,542.451,0.004,-0.028,69.019,0.0,30.707,-1.312,69.018,69.099,-0.049,0.056,-0.08,-0.16,3.9,173.5,9.3,-1.4
158.73,542.451,0.008,-0.029,69.019,0.001,30.729,-1.307,69.018,69.079,-0.109,0.006,-0.06,-0.12,4.01,-177.8,15.0,-0.4
158.829,542.451,-0.005,-0.025,69.019,-0.001,30.7,-1.014,0,69.069,-0.105,-0.005,-0.05,-0.09,3.93,-172.9,-14.3,1.3
158.928,542.451,0.014,-0.023,69.018,0.002,30.718,-1.005,69.018,69.068,-0.064,0.018,-0.05,-0.13,3.8,-161.8,-17.6,-1.1
159.03,542.451,-0.009,-0.029,69.018,-0.001,30.727,-1.224,69.018,69.088,0.04,0.09,-0.07,-0.21,4.11,175.6,13.7,3.6
159.129,542.451,0.023,-0.024,69.018,0.003,30.707,-1.614,69.018,69.108,0.103,0.141,-0.09,-0.23,3.8,168.2,16.3,0.7
159.23,542.451,-0.009,-0.033,69.018,-0.001,30.718,-1.2,69.018,69.148,0.219,0.239,-0.13,-0.2,4.06,179.0,11.8,-1.2
159.332,542.451,0.004,-0.026,69.018,0.001,30.713,-1.272,69.018,69.168,0.212,0.256,-0.15,-0.12,3.83,177.4,11.3,-1.1
159.432,542.451,-0.005,-0.031,69.018,-0.001,30.725,-1.218,69.018,69.198,0.246,0.303,-0.18,-0.1,3.87,-173.3,-16.7,-3.6
159.53,542.451,0.005,-0.026,69.018,0.001,30.734,-1.063,69.018,69.198,0.149,0.254,-0.18,-0.14,3.75,-175.5,13.1,-1.9
159.633,542.451,-0.011,-0.029,69.018,-0.001,30.736,-1.278,69.018,69.188,0.051,0.196,-0.17,-0.22,3.55,169.4,12.8,-4.5
159.731,542.451,-0.005,-0.03,69.018,-0.001,30.72,-0.832,69.018,69.188,0.031,0.186,-0.17,-0.28,3.7,-160.4,-15.0,-9.2
159.83,542.451,-0.007,-0.02,69.018,-0.001,30.748,-0.779,69.018,69.178,-0.02,0.15,-0.16,-0.24,3.7,176.2,10.3,-7.4
159.931,542.451,0.035,-0.029,69.018,0.004,30.725,-1.255,69.018,69.178,-0.012,0.154,-0.16,-0.15,3.77,-174.4,13.7,-6.8
160.034,542.451,0.016,-0.029,69.018,0.002,30.736,-1.288,69.018,69.158,-0.086,0.097,-0.14,-0.1,3.57,168.5,15.0,-6.8
160.13,542.451,-0.043,-0.03,69.018,-0.005,30.725,-0.818,69.018,69.138,-0.131,0.054,-0.12,-0.14,3.6,170.2,14.0,-4.8
160.232,542.45,-0.042,-0.027,69.018,-0.005,30.748,-0.942,69.018,69.128,-0.119,0.051,-0.11,-0.21,3.74,-160.4,-18.4,-7.7
160.331,542.45,0.017,-0.023,69.018,0.002,30.711,-0.977,69.018,69.128,-0.072,0.074,-0.11,-0.22,3.75,-160.5,-18.0,-7.6
160.431,542.45,-0.03,-0.027,69.018,-0.004,30.713,-0.503,69.018,69.148,0.035,0.147,-0.13,-0.13,3.74,168.1,17.1,-6.3
160.532,542.45,-0.028,-0.024,69.018,-0.004,30.745,-0.913,69.018,69.148,0.021,0.141,-0.13,0.01,3.61,173.8,14.9,-3.7
160.633,542.45,-0.072,-0.027,69.018,-0.009,30.709,-0.884,69.018,69.158,0.052,0.166,-0.14,0.09,3.69,171.2,-24.5,-1.5
160.73,542.45,-0.011,-0.015,69.018,-0.001,30.72,-0.819,69.018,69.178,0.111,0.215,-0.16,0.06,3.75,-171.6,-24.6,-2.1
160.833,542.45,0.005,-0.019,69.018,0.001,30.727,-0.815,69.018,69.198,0.145,0.253,-0.18,-0.03,3.7,-171.6,-22.9,-4.7
160.933,542.45,-0.019,-0.021,69.018,-0.002,30.718,-0.807,69.018,69.208,0.128,0.254,-0.19,-0.08,3.74,167.2,16.6,-5.2
161.033,542.45,-0.023,-0.021,69.018,-0.003,30.729,-0.583,69.018,69.208,0.078,0.229,-0.19,-0.04,3.58,-163.8,-22.1,-5.3
161.133,542.45,-0.003,-0.029,69.018,-0.0,30.72,-0.644,69.018,69.208,0.047,0.213,-0.19,0.04,3.69,-170.8,-21.8,-5.2
161.244,542.45,-0.004,-0.026,69.018,-0.0,30.752,-0.92,69.018,69.208,0.029,0.204,-0.19,0.07,3.67,-178.9,19.7,-4.4
161.338,542.45,0.035,-0.024,69.018,0.004,30.709,-0.867,69.018,69.208,0.017,0.199,-0.19,0.0,3.68,-168.6,-23.0,-6.7
161.436,542.45,-0.01,-0.023,69.018,-0.001,30.743,-0.938,69.018,69.198,-0.029,0.166,-0.18,-0.09,3.57,169.6,16.2,-5.2
161.536,542.45,-0.027,-0.018,69.018,-0.003,30.716,-0.756,69.018,69.188,-0.057,0.141,-0.17,-0.13,3.71,179.0,14.6,-4.0
161.633,542.45,-0.015,-0.023,69.018,-0.002,30.734,-0.708,69.018,69.188,-0.035,0.153,-0.17,-0.08,3.74,-166.7,-17.6,-7.1
161.734,542.45,-0.034,-0.018,69.018,-0.004,30.718,-0.857,69.018,69.178,-0.061,0.13,-0.16,-0.01,3.75,-167.6,-19.3,-6.9
161.839,542.45,-0.015,-0.02,69.018,-0.002,30.718,-0.924,69.018,69.178,-0.037,0.142,-0.16,0.01,3.75,175.3,11.8,-5.0
161.932,542.449,0.013,-0.01,69.018,0.002,30.713,-0.878,69.018,69.178,-0.022,0.149,-0.16,-0.05,3.8,-175.8,16.2,-4.6
162.035,542.45,0.016,-0.023,69.018,0.002,30.709,-0.831,69.018,69.178,-0.013,0.153,-0.16,-0.14,3.77,176.2,12.4,-4.8
162.135,542.45,-0.057,-0.015,69.018,-0.007,30.713,-0.483,69.018,69.178,-0.008,0.156,-0.16,-0.17,3.77,178.0,15.6,-4.9
162.235,542.449,0.015,-0.023,69.018,0.002,30.743,-0.657,69.018,69.178,-0.005,0.157,-0.16,-0.11,3.64,168.1,17.3,-5.7
162.341,542.449,-0.005,-0.022,69.018,-0.001,30.723,-0.871,69.018,69.178,-0.003,0.158,-0.16,-0.04,3.8,-164.0,-22.4,-7.5
162.439,542.449,-0.024,-0.016,69.018,-0.003,30.718,-0.88,69.018,69.188,0.037,0.189,-0.17,-0.01,3.92,172.0,18.9,-6.1
162.532,542.449,0.05,-0.016,69.018,0.006,30.723,-0.969,69.018,69.178,-0.017,0.151,-0.16,-0.05,3.64,165.1,17.1,-5.3
162.638,542.449,0.013,-0.022,69.018,0.002,30.702,-0.523,69.018,69.188,0.029,0.184,-0.17,-0.12,3.85,179.2,17.5,-3.6
162.737,542.449,-0.013,-0.017,69.018,-0.002,30.72,-0.85,69.018,69.178,-0.022,0.149,-0.16,-0.13,3.73,172.1,17.6,-4.0
162.833,542.449,-0.022,-0.013,69.018,-0.003,30.723,-0.758,69.018,69.178,-0.013,0.153,-0.16,-0.08,3.59,165.2,17.5,-4.7
162.932,542.449,-0.053,-0.017,69.018,-0.007,30.736,-0.661,69.018,69.188,0.031,0.186,-0.17,-0.02,3.76,161.5,20.0,-6.8
163.04,542.449,-0.021,-0.011,69.018,-0.003,30.709,-0.439,69.018,69.178,-0.02,0.15,-0.16,-0.0,3.6,164.9,16.9,-4.5
163.132,542.449,0.041,-0.018,69.018,0.005,30.711,-0.669,69.018,69.178,-0.012,0.154,-0.16,-0.04,3.62,158.6,20.5,-6.3
163.235,542.449,0.011,-0.013,69.018,0.001,30.716,-0.787,69.018,69.188,0.032,0.186,-0.17,-0.09,3.79,170.2,17.2,-3.9
163.341,542.449,0.014,-0.022,69.018,0.002,30.734,-0.651,69.018,69.188,0.019,0.18,-0.17,-0.1,3.77,174.0,16.6,-2.9
163.44,542.449,-0.009,-0.008,69.018,-0.001,30.713,-0.501,69.018,69.188,0.012,0.176,-0.17,-0.07,3.74,173.4,18.7,-2.8
163.536,542.449,0.005,-0.019,69.018,0.001,30.709,-0.629,69.018,69.188,0.007,0.174,-0.17,-0.01,3.79,-170.5,-19.5,-1.1
163.636,542.449,-0.021,-0.011,69.018,-0.003,30.716,-0.38,69.018,69.188,0.004,0.172,-0.17,0.01,3.78,167.2,19.7,-3.0
163.731,542.449,-0.045,-0.019,69.018,-0.006,30.718,-0.678,69.018,69.188,0.003,0.171,-0.17,-0.02,3.95,173.1,13.4,0.9
163.836,542.449,0.032,-0.02,69.018,0.004,30.72,-0.78,69.018,69.188,0.001,0.171,-0.17,-0.06,3.93,166.4,17.8,-4.0
163.936,542.449,0.04,-0.018,69.018,0.005,30.732,-0.74,69.018,69.178,-0.039,0.141,-0.16,-0.08,3.82,-178.4,21.5,-0.3
164.036,542.448,0.001,-0.016,69.018,0.0,30.75,-0.378,69.018,69.168,-0.063,0.119,-0.15,-0.06,3.82,180.0,19.1,-0.5
164.137,542.448,-0.023,-0.014,69.018,-0.003,30.718,-0.617,69.018,69.168,-0.038,0.131,-0.15,-0.01,3.63,166.7,17.0,-1.9
164.234,542.448,0.023,-0.018,69.018,0.003,30.723,-0.389,69.018,69.168,-0.023,0.138,-0.15,0.01,3.85,-172.9,-21.3,-3.1
164.332,542.448,-0.011,-0.012,69.018,-0.001,30.732,-0.694,69.018,69.158,-0.054,0.113,-0.14,-0.01,3.76,167.5,17.3,-2.0
164.434,542.448,-0.084,-0.008,69.018,-0.011,30.718,-0.486,69.018,69.158,-0.032,0.124,-0.14,-0.06,3.73,-167.1,-14.5,-0.2
164.532,542.448,-0.029,-0.009,69.018,-0.004,30.709,-0.411,69.018,69.168,0.02,0.16,-0.15,-0.11,3.85,169.9,0.4,1.6
164.639,542.448,0.009,-0.005,69.018,0.001,30.736,-0.39,69.018,69.168,0.012,0.156,-0.15,-0.11,3.91,172.8,12.6,1.5
164.732,542.448,0.021,-0.01,69.018,0.003,30.713,-0.472,69.018,69.158,-0.032,0.124,-0.14,-0.07,3.79,171.7,11.4,0.9
164.837,542.448,0.035,-0.01,69.018,0.004,30.736,-0.458,69.018,69.168,0.019,0.16,-0.15,-0.03,3.78,175.1,15.4,0.3
164.935,542.448,0.023,-0.008,69.018,0.003,30.72,-0.727,69.018,69.158,-0.028,0.126,-0.14,-0.03,3.63,165.5,21.9,0.0
165.035,542.448,-0.031,-0.013,69.018,-0.004,30.718,-0.632,69.018,69.168,0.022,0.161,-0.15,-0.07,3.92,176.3,3.9,3.0
165.133,542.448,-0.003,-0.01,69.018,-0.0,30.723,-0.647,69.018,69.158,-0.026,0.127,-0.14,-0.1,3.63,166.7,22.1,0.5
165.238,542.448,-0.004,-0.015,69.018,-0.0,30.727,-0.571,69.018,69.148,-0.054,0.103,-0.13,-0.09,3.64,166.8,21.4,0.5
165.34,542.448,0.026,-0.01,69.018,0.003,30.729,-0.879,69.018,69.158,0.007,0.143,-0.14,-0.04,3.82,164.8,16.8,-2.3
165.437,542.447,-0.006,-0.017,69.018,-0.001,30.736,-0.518,69.018,69.158,0.004,0.142,-0.14,0.01,3.78,-167.4,-21.7,-2.0
165.545,542.447,-0.019,-0.014,69.018,-0.002,30.732,-0.527,69.018,69.168,0.042,0.171,-0.15,0.02,3.91,-176.5,8.4,3.1
165.637,542.447,-0.008,-0.01,69.018,-0.001,30.732,-0.713,69.018,69.148,-0.052,0.104,-0.13,-0.02,3.61,165.3,21.9,0.1
165.735,542.447,0.023,-0.016,69.018,0.003,30.718,-0.629,69.018,69.158,0.008,0.144,-0.14,-0.06,3.79,169.6,17.6,1.7
165.843,542.447,0.011,-0.012,69.018,0.001,30.704,-0.442,69.018,69.148,-0.034,0.113,-0.13,-0.06,3.6,166.0,22.2,0.3
165.938,542.447,-0.012,-0.016,69.018,-0.002,30.727,-0.496,69.018,69.158,0.019,0.149,-0.14,-0.02,3.76,-172.9,-16.9,1.7
166.038,542.447,0.014,-0.017,69.018,0.002,30.725,-0.528,69.018,69.158,0.011,0.146,-0.14,0.01,3.73,168.6,18.3,1.1
166.137,542.447,0.008,-0.013,69.018,0.001,30.755,-0.233,69.018,69.168,0.047,0.173,-0.15,0.0,3.82,-174.5,-23.4,-1.0
166.24,542.447,-0.015,-0.019,69.018,-0.002,30.729,-0.775,69.018,69.168,0.028,0.164,-0.15,-0.05,3.77,170.4,17.9,0.5
166.336,542.446,-0.028,-0.006,69.018,-0.004,30.736,-0.611,69.018,69.168,0.017,0.158,-0.15,-0.11,3.77,170.5,17.3,-1.1
166.44,542.444,0.005,-0.023,69.018,0.001,30.72,-0.828,69.018,69.188,0.087,0.213,-0.17,-0.11,3.91,173.7,20.9,2.1
166.538,542.444,-0.012,-0.022,69.018,-0.001,30.723,-0.96,69.018,69.188,0.053,0.196,-0.17,-0.06,3.88,-173.9,-22.4,-2.3
166.636,542.443,-0.001,-0.018,69.018,-0.0,30.697,-0.901,69.018,69.188,0.032,0.186,-0.17,-0.01,3.9,170.2,19.1,-2.8
166.743,542.443,-0.005,-0.025,69.018,-0.001,30.723,-0.901,69.018,69.188,0.019,0.18,-0.17,-0.02,3.75,-171.5,-26.0,0.4
166.837,542.443,-0.034,-0.028,69.018,-0.004,30.709,-0.788,69.018,69.198,0.051,0.205,-0.18,-0.07,3.95,172.0,17.3,1.1
166.937,542.443,-0.001,-0.023,69.018,-0.0,30.732,-0.841,69.018,69.198,0.031,0.195,-0.18,-0.13,3.95,172.1,19.2,-3.0
167.041,542.443,0.016,-0.02,69.018,0.002,30.725,-1.163,69.018,69.198,0.019,0.189,-0.18,-0.13,4.01,173.2,17.1,-2.3
167.136,542.443,0.018,-0.022,69.018,0.002,30.704,-1.194,69.018,69.188,-0.029,0.156,-0.17,-0.09,3.94,174.0,15.8,1.4
167.239,542.443,0.005,-0.019,69.018,0.001,30.725,-1.118,69.018,69.168,-0.096,0.102,-0.15,-0.04,3.66,156.8,19.2,-4.9
167.339,542.443,0.008,-0.032,69.018,0.001,30.716,-1.048,69.018,69.168,-0.058,0.121,-0.15,-0.04,3.77,-162.1,-19.7,-4.3
167.439,542.443,-0.0,-0.03,69.018,-0.0,30.72,-0.98,69.018,69.158,-0.074,0.103,-0.14,-0.09,3.93,-168.5,-18.3,-3.8
167.537,542.443,0.0,-0.028,69.018,0.0,30.732,-1.092,69.018,69.138,-0.124,0.058,-0.12,-0.13,3.63,-155.9,-18.1,-6.5
167.642,542.443,-0.006,-0.028,69.018,-0.001,30.723,-1.006,69.018,69.138,-0.075,0.082,-0.12,-0.13,3.63,-158.2,-19.1,-6.4
167.738,542.443,0.011,-0.028,69.018,0.001,30.707,-1.005,69.018,69.158,0.034,0.157,-0.14,-0.1,3.94,-170.2,-10.2,-4.9
167.839,542.443,-0.002,-0.027,69.018,-0.0,30.716,-0.96,69.018,69.148,-0.019,0.121,-0.13,-0.05,3.62,164.3,10.1,-4.9
167.936,542.443,0.035,-0.032,69.018,0.004,30.739,-1.061,69.018,69.168,0.068,0.184,-0.15,-0.06,3.81,-172.8,-8.6,-4.8
168.038,542.443,-0.002,-0.035,69.018,-0.0,30.732,-1.057,69.018,69.168,0.041,0.171,-0.15,-0.1,3.65,161.3,11.4,-6.3
168.135,542.443,0.01,-0.02,69.018,0.001,30.713,-1.316,69.018,69.168,0.025,0.162,-0.15,-0.13,3.65,167.4,9.6,-5.1
168.237,542.443,0.017,-0.028,69.018,0.002,30.709,-0.976,69.018,69.178,0.054,0.187,-0.16,-0.12,3.78,178.3,9.6,-4.3
168.338,542.443,-0.004,-0.034,69.018,-0.001,30.732,-1.22,69.018,69.178,0.033,0.176,-0.16,-0.06,3.78,176.8,10.0,-3.2
168.442,542.443,0.01,-0.032,69.018,0.001,30.713,-0.988,69.018,69.188,0.059,0.2,-0.17,-0.02,3.98,179.9,-8.8,-3.3
168.547,542.443,-0.009,-0.037,69.018,-0.001,30.72,-1.063,69.018,69.178,-0.004,0.158,-0.16,-0.01,3.83,-175.0,12.0,-1.2
168.637,542.443,-0.007,-0.031,69.018,-0.001,30.693,-1.277,69.018,69.178,-0.002,0.159,-0.16,-0.04,3.98,-179.2,3.7,-1.8
168.738,542.443,0.001,-0.031,69.018,0.0,30.691,-1.222,69.018,69.178,-0.001,0.159,-0.16,-0.07,3.77,162.9,13.8,-3.6
168.842,542.443,0.019,-0.024,69.018,0.002,30.716,-1.644,69.018,69.168,-0.04,0.13,-0.15,-0.07,3.78,-174.4,16.8,0.0
168.938,542.443,-0.02,-0.033,69.018,-0.003,30.711,-1.075,69.018,69.168,-0.024,0.138,-0.15,-0.04,3.87,175.6,10.5,-1.7
169.039,542.443,-0.009,-0.03,69.018,-0.001,30.718,-1.3,69.018,69.168,-0.015,0.143,-0.15,-0.01,3.87,168.8,13.8,1.4
169.141,542.443,0.016,-0.025,69.018,0.002,30.723,-1.11,69.018,69.168,-0.009,0.146,-0.15,-0.01,3.9,179.0,7.1,2.0
169.237,542.443,0.008,-0.03,69.018,0.001,30.716,-1.386,69.018,69.158,-0.045,0.118,-0.14,-0.05,3.78,-167.6,-14.5,0.1
169.337,542.443,0.008,-0.032,69.018,0.001,30.718,-1.501,69.018,69.168,0.013,0.156,-0.15,-0.1,3.93,-172.9,-5.6,1.3
169.444,542.443,0.001,-0.041,69.018,0.0,30.718,-1.237,69.018,69.158,-0.031,0.124,-0.14,-0.1,3.81,-179.7,4.1,-0.2
169.538,542.443,-0.008,-0.036,69.018,-0.001,30.709,-1.044,69.018,69.158,-0.019,0.13,-0.14,-0.08,3.83,-171.5,9.5,0.1
169.638,542.443,-0.012,-0.032,69.018,-0.002,30.716,-1.536,69.018,69.148,-0.051,0.105,-0.13,-0.06,3.86,164.9,12.6,-0.3
169.746,542.443,-0.018,-0.039,69.018,-0.002,30.711,-1.619,69.018,69.148,-0.031,0.115,-0.13,-0.06,4.01,-179.0,4.8,1.9
169.838,542.443,-0.015,-0.035,69.018,-0.002,30.725,-1.509,69.018,69.148,-0.019,0.121,-0.13,-0.08,3.82,166.9,5.4,-1.8
169.939,542.444,-0.018,-0.04,69.018,-0.002,30.723,-1.417,69.018,69.148,-0.011,0.124,-0.13,-0.11,3.82,-163.1,-11.3,-2.7
170.043,542.443,0.014,-0.029,69.018,0.002,30.695,-1.372,69.018,69.148,-0.007,0.127,-0.13,-0.11,3.92,-162.6,-4.2,0.9
170.138,542.443,-0.008,-0.035,69.018,-0.001,30.702,-1.421,69.018,69.138,-0.044,0.098,-0.12,-0.08,3.86,-166.8,-12.5,-2.4
170.241,542.443,-0.027,-0.039,69.018,-0.003,30.734,-1.508,69.018,69.148,0.013,0.136,-0.13,-0.04,3.88,165.9,1.0,1.8
170.344,542.443,0.005,-0.042,69.018,0.001,30.75,-1.32,69.018,69.148,0.008,0.134,-0.13,-0.03,3.74,-163.7,-4.4,1.4
170.437,542.444,-0.014,-0.036,69.018,-0.002,30.713,-1.696,69.018,69.158,0.044,0.162,-0.14,-0.05,3.78,-163.6,-14.2,0.3
170.538,542.443,0.007,-0.037,69.018,0.001,30.723,-1.476,69.018,69.148,-0.013,0.123,-0.13,-0.08,3.77,-166.5,-4.7,1.9
170.642,542.444,-0.004,-0.043,69.018,-0.0,30.707,-1.931,69.018,69.148,-0.008,0.126,-0.13,-0.09,3.61,165.8,17.5,0.3
170.737,542.444,-0.018,-0.045,69.018,-0.002,30.707,-1.938,69.018,69.148,-0.005,0.128,-0.13,-0.07,3.62,163.9,20.6,0.8
170.838,542.444,0.022,-0.045,69.018,0.003,30.729,-1.632,69.018,69.148,-0.003,0.129,-0.13,-0.04,3.62,163.3,17.7,0.6
170.944,542.444,-0.008,-0.037,69.018,-0.001,30.709,-1.411,69.018,69.148,-0.002,0.129,-0.13,-0.03,3.72,167.4,13.3,2.6
171.039,542.444,0.012,-0.051,69.018,0.002,30.704,-1.703,69.018,69.158,0.038,0.159,-0.14,-0.05,3.87,168.3,2.6,4.9
171.14,542.444,-0.031,-0.045,69.018,-0.004,30.739,-1.741,69.018,69.158,0.023,0.152,-0.14,-0.08,3.78,167.1,18.6,2.6
171.244,542.444,-0.02,-0.046,69.018,-0.002,30.707,-1.795,69.018,69.158,0.014,0.147,-0.14,-0.1,3.94,172.3,0.2,4.8
171.339,542.444,-0.029,-0.049,69.018,-0.004,30.72,-1.863,69.018,69.158,0.009,0.144,-0.14,-0.08,3.79,170.2,14.0,3.4
171.438,542.444,0.002,-0.048,69.018,0.0,30.711,-1.748,69.018,69.168,0.044,0.172,-0.15,-0.05,3.8,170.0,1.5,3.0
171.539,542.444,0.021,-0.043,69.018,0.003,30.716,-1.509,69.018,69.158,-0.013,0.134,-0.14,-0.03,3.79,169.4,2.5,2.9
171.645,542.444,0.004,-0.043,69.018,0.0,30.709,-1.724,69.018,69.158,-0.008,0.136,-0.14,-0.04,3.79,170.4,2.0,3.1
171.737,542.444,0.018,-0.047,69.018,0.002,30.716,-1.871,69.018,69.158,-0.005,0.138,-0.14,-0.06,3.78,170.6,13.7,3.4
171.842,542.444,-0.016,-0.048,69.018,-0.002,30.727,-1.758,69.018,69.168,0.036,0.168,-0.15,-0.08,3.79,-165.1,-16.1,1.8
171.94,542.444,0.022,-0.044,69.018,0.003,30.709,-1.983,69.018,69.158,-0.018,0.131,-0.14,-0.07,3.82,-164.0,3.2,5.1
172.04,542.444,-0.023,-0.046,69.018,-0.003,30.702,-2.044,69.018,69.158,-0.011,0.135,-0.14,-0.04,3.76,168.0,12.1,3.2
172.144,542.444,-0.021,-0.052,69.018,-0.003,30.7,-1.676,69.018,69.148,-0.046,0.107,-0.13,-0.02,3.64,161.7,20.3,1.4
172.24,542.444,0.02,-0.045,69.018,0.003,30.711,-2.212,69.018,69.158,0.011,0.146,-0.14,-0.04,3.76,171.6,2.5,3.8
172.34,542.444,0.009,-0.05,69.018,0.001,30.725,-1.937,69.018,69.148,-0.033,0.114,-0.13,-0.08,3.62,164.1,20.7,2.3
172.44,542.444,-0.011,-0.049,69.018,-0.001,30.727,-1.689,69.018,69.158,0.019,0.15,-0.14,-0.11,3.89,-168.5,-7.8,4.9
172.541,542.444,0.01,-0.046,69.018,0.001,30.707,-1.847,69.018,69.148,-0.028,0.116,-0.13,-0.09,3.76,171.4,2.5,4.7
172.64,542.444,0.022,-0.049,69.018,0.003,30.707,-1.74,69.018,69.148,-0.017,0.122,-0.13,-0.05,3.78,169.5,12.5,4.0
172.744,542.444,-0.017,-0.05,69.018,-0.002,30.72,-1.718,69.018,69.138,-0.05,0.095,-0.12,-0.03,3.67,168.8,10.7,3.9
172.84,542.444,0.001,-0.052,69.018,0.0,30.729,-1.843,69.018,69.138,-0.03,0.105,-0.12,-0.05,3.65,165.9,16.5,3.4
172.941,542.444,-0.008,-0.048,69.018,-0.001,30.723,-1.705,69.018,69.138,-0.018,0.111,-0.12,-0.09,3.79,170.6,12.1,5.7
173.044,542.444,-0.05,-0.057,69.018,-0.006,30.711,-2.264,69.018,69.138,-0.011,0.114,-0.12,-0.1,3.78,168.3,16.8,5.4
173.141,542.444,-0.042,-0.051,69.018,-0.005,30.697,-1.821,69.018,69.138,-0.007,0.117,-0.12,-0.07,3.65,170.0,10.7,4.4
173.242,542.444,-0.045,-0.055,69.018,-0.006,30.716,-1.99,69.018,69.138,-0.004,0.118,-0.12,-0.03,3.8,-172.6,-0.6,5.5
173.341,542.444,-0.006,-0.053,69.018,-0.001,30.704,-1.857,69.018,69.138,-0.002,0.119,-0.12,-0.0,3.65,168.7,10.1,4.4
173.44,542.444,-0.016,-0.046,69.018,-0.002,30.718,-1.9,69.018,69.138,-0.001,0.119,-0.12,-0.01,3.65,168.9,9.2,4.7
173.541,542.445,-0.004,-0.051,69.018,-0.001,30.707,-1.99,69.018,69.128,-0.04,0.09,-0.11,-0.04,3.64,168.9,9.3,4.7
173.652,542.445,0.008,-0.053,69.018,0.001,30.707,-1.783,69.018,69.128,-0.024,0.098,-0.11,-0.06,3.64,169.7,9.1,5.4
173.745,542.445,-0.025,-0.054,69.018,-0.003,30.716,-2.093,69.018,69.138,0.025,0.133,-0.12,-0.05,3.76,166.5,16.7,5.2
173.84,542.445,-0.081,-0.056,69.018,-0.01,30.716,-2.032,69.018,69.138,0.015,0.128,-0.12,-0.01,3.63,167.8,8.7,5.1
173.944,542.445,0.063,-0.042,69.018,0.008,30.723,-1.861,69.018,69.138,0.009,0.125,-0.12,-0.01,3.78,168.9,11.3,5.8
174.04,542.445,-0.007,-0.059,69.018,-0.001,30.718,-2.297,69.018,69.138,0.006,0.123,-0.12,-0.03,3.63,164.5,16.3,4.3
174.141,542.446,-0.032,-0.055,69.018,-0.004,30.688,-1.826,69.018,69.148,0.043,0.152,-0.13,-0.07,3.91,174.0,2.7,7.7
174.242,542.445,0.016,-0.05,69.018,0.002,30.723,-2.264,69.018,69.138,-0.013,0.114,-0.12,-0.08,3.67,171.2,10.1,5.3
174.341,542.445,-0.021,-0.056,69.018,-0.003,30.716,-1.974,69.018,69.138,-0.008,0.116,-0.12,-0.07,3.73,165.5,0.5,6.9
174.441,542.446,0.048,-0.044,69.018,0.006,30.707,-1.531,69.018,69.138,-0.005,0.118,-0.12,-0.04,3.79,-169.7,-1.6,7.1
174.542,542.446,-0.045,-0.051,69.018,-0.006,30.7,-2.074,69.018,69.128,-0.042,0.089,-0.11,-0.02,3.67,166.1,8.6,4.8
174.64,542.446,-0.011,-0.049,69.018,-0.001,30.709,-2.484,69.018,69.128,-0.026,0.097,-0.11,-0.03,3.67,165.3,15.7,4.8
174.74,542.446,-0.016,-0.06,69.018,-0.002,30.713,-1.894,69.018,69.128,-0.016,0.102,-0.11,-0.06,3.66,165.1,15.5,4.8
174.844,542.446,0.0,-0.053,69.018,0.0,30.723,-2.088,69.018,69.128,-0.009,0.105,-0.11,-0.07,3.67,-165.7,-19.0,4.5
174.94,542.446,0.006,-0.052,69.018,0.001,30.697,-2.071,69.018,69.128,-0.006,0.107,-0.11,-0.05,3.65,167.7,9.8,5.5
175.042,542.446,-0.037,-0.06,69.018,-0.005,30.713,-2.098,69.018,69.128,-0.003,0.108,-0.11,-0.02,3.65,165.1,15.1,5.4
175.143,542.446,-0.01,-0.049,69.018,-0.001,30.704,-2.108,69.018,69.138,0.038,0.139,-0.12,-0.0,3.64,168.8,10.0,5.8
175.243,542.447,-0.014,-0.045,69.018,-0.002,30.704,-2.07,69.018,69.138,0.023,0.132,-0.12,-0.01,3.65,168.6,9.0,6.2
175.342,542.447,0.007,-0.052,69.018,0.001,30.704,-1.885,69.018,69.138,0.014,0.127,-0.12,-0.04,3.77,172.2,-2.0,7.5
175.441,542.447,-0.0,-0.047,69.018,-0.0,30.739,-1.805,69.018,69.128,-0.03,0.095,-0.11,-0.06,3.64,168.4,15.7,6.7
175.547,542.447,0.009,-0.054,69.018,0.001,30.725,-2.158,69.018,69.138,0.021,0.131,-0.12,-0.05,3.77,-173.2,-1.7,7.6
175.641,542.447,-0.044,-0.047,69.018,-0.006,30.709,-1.702,69.018,69.138,0.013,0.126,-0.12,-0.03,3.65,169.8,9.4,6.4
175.744,542.447,-0.007,-0.048,69.018,-0.001,30.725,-2.168,69.018,69.138,0.008,0.124,-0.12,-0.02,3.64,165.7,15.8,5.8
175.842,542.447,-0.016,-0.053,69.018,-0.002,30.711,-2.043,69.018,69.148,0.044,0.152,-0.13,-0.03,3.92,176.5,-7.5,9.1
175.939,542.447,0.011,-0.049,69.018,0.001,30.734,-1.792,69.018,69.138,-0.014,0.113,-0.12,-0.06,3.78,170.5,8.9,7.6
176.043,542.447,-0.015,-0.049,69.018,-0.002,30.713,-2.055,69.018,69.138,-0.008,0.116,-0.12,-0.06,3.68,171.1,8.7,6.8
176.143,542.447,-0.018,-0.048,69.018,-0.002,30.718,-2.111,69.018,69.138,-0.005,0.118,-0.12,-0.06,3.82,173.4,11.0,8.1
176.244,542.447,-0.004,-0.054,69.018,-0.001,30.709,-1.675,69.018,69.128,-0.042,0.089,-0.11,-0.03,3.68,170.1,8.9,7.1
176.341,542.447,0.021,-0.055,69.018,0.003,30.702,-1.785,69.018,69.138,0.013,0.127,-0.12,-0.0,3.77,170.4,-1.4,8.5
176.449,542.447,-0.003,-0.05,69.018,-0.0,30.72,-2.135,69.018,69.128,-0.031,0.095,-0.11,-0.01,3.67,167.8,8.3,7.0
176.541,542.447,0.009,-0.049,69.018,0.001,30.718,-2.015,69.018,69.128,-0.019,0.101,-0.11,-0.02,3.64,165.0,16.1,6.2
176.642,542.447,-0.001,-0.048,69.018,-0.0,30.739,-2.152,69.018,69.128,-0.011,0.104,-0.11,-0.03,3.65,166.0,14.7,6.7
176.747,542.447,0.0,-0.05,69.018,0.0,30.7,-2.128,69.018,69.128,-0.007,0.107,-0.11,-0.03,3.77,-170.8,-1.7,8.4
176.842,542.447,-0.004,-0.056,69.018,-0.001,30.7,-1.655,69.018,69.138,0.035,0.137,-0.12,-0.01,3.74,169.2,-0.8,8.6
176.942,542.447,0.002,-0.049,69.018,0.0,30.707,-1.855,69.018,69.128,-0.018,0.101,-0.11,-0.0,3.63,167.4,9.0,7.0
177.048,542.447,-0.023,-0.051,69.018,-0.003,30.702,-1.718,69.018,69.128,-0.011,0.104,-0.11,-0.0,3.75,169.7,-2.6,8.3
177.143,542.447,0.037,-0.045,69.018,0.005,30.716,-1.655,69.018,69.128,-0.007,0.107,-0.11,-0.03,3.64,169.6,9.8,7.0
177.243,542.447,0.007,-0.043,69.018,0.001,30.723,-1.917,69.018,69.128,-0.004,0.108,-0.11,-0.05,3.65,169.1,5.8,7.4
177.347,542.447,0.006,-0.044,69.018,0.001,30.725,-1.702,69.018,69.128,-0.002,0.109,-0.11,-0.06,3.66,170.0,7.1,7.6
177.442,542.447,-0.004,-0.059,69.018,-0.001,30.72,-2.129,69.018,69.128,-0.001,0.109,-0.11,-0.04,3.66,169.0,6.9,7.6
177.542,542.447,-0.02,-0.054,69.018,-0.003,30.711,-2.044,69.018,69.128,-0.001,0.11,-0.11,-0.02,3.67,169.5,7.9,7.7
177.649,542.447,-0.001,-0.044,69.018,-0.0,30.72,-1.9,69.018,69.128,-0.001,0.11,-0.11,-0.02,3.67,169.2,8.0,7.8
177.741,542.447,0.022,-0.041,69.018,0.003,30.725,-2.047,69.018,69.128,-0.0,0.11,-0.11,-0.03,3.67,169.6,7.6,7.9
177.843,542.447,-0.024,-0.049,69.018,-0.003,30.707,-1.917,69.018,69.128,-0.0,0.11,-0.11,-0.05,3.66,168.5,8.1,7.8
177.948,542.447,0.003,-0.046,69.018,0.0,30.725,-1.842,69.018,69.128,-0.0,0.11,-0.11,-0.04,3.75,169.4,-1.5,9.6
178.043,542.447,-0.008,-0.057,69.018,-0.001,30.718,-2.048,69.018,69.128,-0.0,0.11,-0.11,-0.02,3.77,-169.7,1.2,9.6
178.142,542.447,0.006,-0.048,69.018,0.001,30.709,-1.534,69.018,69.128,-0.0,0.11,-0.11,0.01,3.75,168.6,-0.9,9.5
178.249,542.447,-0.003,-0.046,69.018,-0.0,30.72,-1.894,69.018,69.128,0.0,0.11,-0.11,0.01,3.8,171.9,10.2,9.2
178.341,542.447,-0.028,-0.048,69.018,-0.004,30.739,-1.947,69.018,69.118,-0.039,0.08,-0.1,-0.01,3.64,168.4,9.1,7.9
178.442,542.447,0.006,-0.051,69.018,0.001,30.727,-1.803,69.018,69.118,-0.024,0.088,-0.1,-0.02,3.63,166.1,15.7,7.6
178.55,542.447,0.02,-0.052,69.018,0.003,30.72,-1.75,69.018,69.118,-0.015,0.093,-0.1,-0.03,3.64,169.0,8.4,8.2
178.642,542.447,0.007,-0.05,69.018,0.001,30.709,-1.924,69.018,69.118,-0.009,0.096,-0.1,-0.01,3.64,169.8,7.0,8.6
178.746,542.447,-0.004,-0.046,69.018,-0.0,30.702,-1.907,69.018,69.118,-0.005,0.097,-0.1,0.01,3.64,165.2,15.5,7.6
178.859,542.447,-0.001,-0.05,69.018,-0.0,30.739,-1.791,69.018,69.118,-0.003,0.098,-0.1,0.01,3.63,167.6,16.1,8.1
178.948,542.447,-0.016,-0.05,69.018,-0.002,30.739,-1.819,69.018,69.118,-0.002,0.099,-0.1,-0.01,3.65,166.6,14.6,8.1
179.044,542.447,-0.007,-0.041,69.018,-0.001,30.729,-1.954,69.018,69.118,-0.001,0.099,-0.1,-0.03,3.67,169.3,7.7,8.2
179.149,542.447,0.003,-0.044,69.018,0.0,30.718,-1.669,69.018,69.118,-0.001,0.1,-0.1,-0.03,3.67,167.8,14.2,8.3
179.244,542.447,0.018,-0.039,69.018,0.002,30.695,-1.904,69.018,69.118,-0.0,0.1,-0.1,-0.01,3.75,168.3,-3.5,9.7
179.344,542.447,-0.007,-0.043,69.018,-0.001,30.734,-1.591,69.018,69.118,-0.0,0.1,-0.1,0.01,3.68,169.4,5.4,8.8
179.45,542.447,0.01,-0.047,69.018,0.001,30.709,-2.158,69.018,69.118,-0.0,0.1,-0.1,0.02,3.75,-170.1,3.7,9.9
179.544,542.447,0.014,-0.048,69.018,0.002,30.716,-1.93,69.018,69.118,-0.0,0.1,-0.1,0.0,3.66,169.4,8.2,8.0
179.645,542.447,0.013,-0.047,69.018,0.002,30.718,-1.989,69.018,69.118,-0.0,0.1,-0.1,-0.02,3.68,170.7,7.9,8.6
179.751,542.447,-0.022,-0.048,69.018,-0.003,30.702,-1.796,69.018,69.118,-0.0,0.1,-0.1,-0.02,3.66,167.3,15.2,8.1
179.843,542.447,-0.006,-0.049,69.018,-0.001,30.729,-1.783,69.018,69.118,-0.0,0.1,-0.1,-0.0,3.75,-169.1,1.8,9.6
179.944,542.447,-0.014,-0.046,69.018,-0.002,30.718,-1.683,69.018,69.118,-0.0,0.1,-0.1,0.02,3.75,-170.9,3.6,9.9
180.05,542.447,-0.03,-0.056,69.018,-0.004,30.697,-1.683,69.018,69.118,-0.0,0.1,-0.1,0.01,3.66,168.7,5.7,8.6
180.144,542.447,-0.016,-0.048,69.018,-0.002,30.713,-1.725,69.018,69.118,-0.0,0.1,-0.1,-0.01,3.78,172.1,9.3,9.6
180.244,542.447,-0.025,-0.055,69.018,-0.003,30.72,-2.086,69.018,69.118,-0.0,0.1,-0.1,-0.03,3.66,171.3,8.2,8.7
180.35,542.447,-0.02,-0.046,69.018,-0.003,30.713,-1.884,69.018,69.118,-0.0,0.1,-0.1,-0.03,3.65,168.8,6.5,8.6
180.445,542.447,0.032,-0.05,69.018,0.004,30.723,-1.747,69.018,69.118,-0.0,0.1,-0.1,-0.02,3.66,168.1,5.6,8.7
180.544,542.447,0.019,-0.047,69.018,0.002,30.727,-1.73,69.018,69.118,-0.0,0.1,-0.1,-0.0,3.66,166.2,14.6,8.2
180.65,542.447,-0.001,-0.042,69.018,-0.0,30.693,-1.729,69.018,69.118,0.0,0.1,-0.1,-0.0,3.76,-168.5,1.4,10.5
180.744,542.447,-0.005,-0.051,69.018,-0.001,30.707,-1.73,69.018,69.118,0.0,0.1,-0.1,-0.02,3.73,-166.7,-0.4,10.6
180.845,542.447,0.006,-0.041,69.018,0.001,30.739,-1.91,69.018,69.108,-0.039,0.07,-0.09,-0.03,3.68,167.7,13.7,8.9
180.95,542.447,-0.004,-0.045,69.018,-0.001,30.695,-1.494,69.018,69.118,0.016,0.108,-0.1,-0.02,3.82,174.3,7.7,10.4
181.044,542.447,0.002,-0.051,69.018,0.0,30.713,-1.734,69.018,69.118,0.01,0.105,-0.1,-0.0,3.66,169.2,6.3,8.9
181.144,542.447,0.01,-0.043,69.018,0.001,30.691,-1.705,69.018,69.118,0.006,0.103,-0.1,0.02,3.65,169.4,8.2,8.7
181.25,542.447,0.002,-0.046,69.018,0.0,30.713,-1.914,69.018,69.118,0.004,0.102,-0.1,0.03,3.72,-167.8,0.8,10.6
181.344,542.447,0.026,-0.043,69.018,0.003,30.732,-2.054,69.018,69.118,0.002,0.101,-0.1,0.02,3.64,168.2,7.2,8.9
181.444,542.447,0.005,-0.047,69.018,0.001,30.686,-1.96,69.018,69.108,-0.038,0.071,-0.09,0.01,3.64,165.4,14.7,8.3
181.55,542.447,-0.024,-0.048,69.018,-0.003,30.72,-1.962,69.018,69.118,0.017,0.108,-0.1,0.01,3.71,168.0,-3.7,10.6
181.645,542.447,0.002,-0.038,69.018,0.0,30.729,-2.1,69.018,69.108,-0.029,0.076,-0.09,0.02,3.67,172.4,7.8,9.3
181.744,542.447,-0.004,-0.049,69.018,-0.001,30.711,-1.841,69.018,69.108,-0.017,0.081,-0.09,0.03,3.66,170.2,5.6,9.0
181.852,542.447,-0.005,-0.047,69.018,-0.001,30.709,-1.836,69.018,69.108,-0.01,0.085,-0.09,0.03,3.66,171.0,6.9,9.2
181.944,542.447,0.017,-0.044,69.018,0.002,30.709,-1.73,69.018,69.108,-0.006,0.087,-0.09,0.01,3.66,169.2,5.4,9.0
182.044,542.447,-0.01,-0.039,69.018,-0.001,30.727,-1.661,69.018,69.108,-0.004,0.088,-0.09,-0.01,3.67,171.1,6.5,9.2
182.149,542.447,0.02,-0.046,69.018,0.003,30.704,-1.933,69.018,69.108,-0.002,0.089,-0.09,-0.01,3.68,171.1,6.2,9.3
182.246,542.447,-0.004,-0.048,69.018,-0.0,30.736,-1.844,69.018,69.108,-0.001,0.089,-0.09,-0.0,3.66,169.2,8.1,8.8
182.343,542.447,-0.001,-0.041,69.018,-0.0,30.72,-2.295,69.018,69.108,-0.001,0.09,-0.09,0.01,3.66,168.3,6.0,9.0
182.451,542.447,0.006,-0.049,69.018,0.001,30.711,-1.772,69.018,69.108,-0.0,0.09,-0.09,0.01,3.67,169.8,14.8,9.0
182.546,542.447,0.004,-0.039,69.018,0.0,30.707,-1.622,69.018,69.108,-0.0,0.09,-0.09,0.01,3.68,167.7,14.0,8.5
182.646,542.447,-0.012,-0.038,69.018,-0.002,30.716,-1.832,69.018,69.108,-0.0,0.09,-0.09,-0.01,3.68,170.3,4.9,9.5
182.75,542.447,0.007,-0.044,69.018,0.001,30.718,-1.686,69.018,69.108,-0.0,0.09,-0.09,-0.01,3.83,168.7,5.9,9.8
182.846,542.447,-0.002,-0.051,69.018,-0.0,30.716,-1.823,69.018,69.108,-0.0,0.09,-0.09,-0.0,3.66,168.5,5.3,9.0
182.943,542.447,-0.035,-0.048,69.018,-0.004,30.716,-1.88,69.018,69.108,-0.0,0.09,-0.09,0.01,3.67,170.8,7.7,9.2
183.049,542.447,0.007,-0.05,69.018,0.001,30.693,-1.89,69.018,69.108,-0.0,0.09,-0.09,0.02,3.67,171.7,7.8,9.3
183.145,542.447,-0.004,-0.044,69.018,-0.001,30.7,-1.68,69.018,69.108,0.0,0.09,-0.09,0.01,3.65,167.6,5.6,9.0
183.243,542.447,-0.002,-0.043,69.018,-0.0,30.693,-1.581,69.018,69.108,-0.0,0.09,-0.09,-0.0,3.66,170.3,5.4,9.1
183.344,542.447,-0.03,-0.047,69.018,-0.004,30.723,-2.077,69.018,69.108,-0.0,0.09,-0.09,-0.01,3.66,169.4,5.0,9.3
183.451,542.447,-0.007,-0.05,69.018,-0.001,30.693,-1.803,69.018,69.108,-0.0,0.09,-0.09,-0.01,3.67,170.6,5.7,9.6
183.545,542.447,-0.015,-0.041,69.018,-0.002,30.702,-1.881,69.018,69.108,0.0,0.09,-0.09,0.01,3.68,173.1,8.1,9.4
183.655,542.447,0.007,-0.047,69.018,0.001,30.702,-1.889,69.018,69.108,0.0,0.09,-0.09,0.01,3.67,171.4,6.6,9.4
183.746,542.447,0.001,-0.04,69.018,0.0,30.716,-1.846,69.018,69.118,0.039,0.12,-0.1,0.0,3.68,171.5,6.1,9.5
183.848,542.447,-0.014,-0.047,69.018,-0.002,30.727,-1.56,69.018,69.118,0.024,0.112,-0.1,-0.01,3.68,170.8,5.8,9.8
183.956,542.447,-0.015,-0.049,69.018,-0.002,30.697,-1.433,69.018,69.118,0.014,0.107,-0.1,-0.01,3.67,168.8,5.4,9.7
184.055,542.447,0.016,-0.047,69.018,0.002,30.704,-1.726,69.018,69.108,-0.03,0.075,-0.09,-0.0,3.67,168.0,13.6,9.4
184.143,542.447,0.02,-0.045,69.018,0.003,30.718,-1.882,69.018,69.108,-0.018,0.081,-0.09,0.02,3.67,165.0,14.9,8.7
184.248,542.447,-0.017,-0.047,69.018,-0.002,30.688,-1.541,69.018,69.108,-0.011,0.084,-0.09,0.03,3.67,165.5,14.4,8.4
184.348,542.447,-0.009,-0.042,69.018,-0.001,30.7,-1.814,69.018,69.108,-0.007,0.087,-0.09,0.02,3.66,167.0,13.5,9.1
184.444,542.447,-0.025,-0.042,69.018,-0.003,30.702,-2.002,69.018,69.118,0.035,0.118,-0.1,0.01,3.66,167.5,5.0,9.5
184.551,542.447,0.013,-0.042,69.018,0.002,30.723,-1.819,69.018,69.118,0.021,0.111,-0.1,0.0,3.65,165.0,14.4,8.5
184.646,542.447,-0.028,-0.049,69.018,-0.004,30.702,-1.732,69.018,69.128,0.052,0.136,-0.11,0.01,3.67,-164.4,-17.6,7.7
184.748,542.447,0.002,-0.043,69.018,0.0,30.727,-1.702,69.018,69.138,0.071,0.155,-0.12,0.01,3.65,-167.0,-20.4,8.4
184.85,542.447,0.006,-0.046,69.018,0.001,30.723,-1.849,69.018,69.138,0.043,0.141,-0.12,0.01,3.68,168.3,9.4,8.8
184.943,542.447,0.009,-0.042,69.018,0.001,30.709,-1.992,69.018,69.148,0.066,0.163,-0.13,-0.01,3.68,167.2,10.5,8.2
185.046,542.447,-0.003,-0.047,69.018,-0.0,30.688,-1.836,69.018,69.138,0.002,0.121,-0.12,-0.03,3.69,165.0,16.2,8.0
185.148,542.447,0.016,-0.044,69.018,0.002,30.688,-1.449,69.018,69.138,0.001,0.12,-0.12,-0.04,3.7,165.8,16.8,8.0
185.251,542.447,-0.008,-0.045,69.018,-0.001,30.718,-1.687,69.018,69.138,0.001,0.12,-0.12,-0.03,3.71,166.3,9.5,7.7
185.349,542.447,0.018,-0.042,69.018,0.002,30.709,-1.857,69.018,69.138,0.0,0.12,-0.12,-0.02,3.81,-166.5,-2.1,8.9
185.452,542.447,0.014,-0.049,69.018,0.002,30.704,-1.785,69.018,69.138,0.0,0.12,-0.12,-0.01,3.81,165.8,-2.3,8.5
185.551,542.447,0.018,-0.056,69.018,0.002,30.727,-1.777,69.018,69.138,0.0,0.12,-0.12,-0.01,3.81,166.1,-4.8,8.3
185.65,542.447,-0.009,-0.041,69.018,-0.001,30.739,-1.646,69.018,69.148,0.039,0.149,-0.13,-0.02,3.85,167.9,9.2,6.9
185.754,542.447,0.008,-0.055,69.018,0.001,30.702,-1.915,69.018,69.138,-0.016,0.112,-0.12,-0.02,3.72,168.3,7.3,6.0
185.848,542.447,0.009,-0.048,69.018,0.001,30.72,-1.91,69.018,69.148,0.029,0.145,-0.13,-0.0,3.8,-160.8,4.1,9.1
185.945,542.447,0.004,-0.05,69.018,0.001,30.709,-2.026,69.018,69.138,-0.022,0.109,-0.12,0.01,3.7,166.4,6.4,6.3
186.051,542.447,-0.016,-0.052,69.018,-0.002,30.7,-1.737,69.018,69.138,-0.013,0.113,-0.12,0.02,3.71,167.6,6.8,7.0
186.149,542.447,0.016,-0.04,69.018,0.002,30.723,-1.822,69.018,69.138,-0.008,0.116,-0.12,0.01,3.78,-168.7,0.2,9.0
186.246,542.447,0.029,-0.051,69.018,0.004,30.693,-1.452,69.018,69.128,-0.044,0.088,-0.11,0.01,3.71,169.7,6.3,8.3
186.35,542.447,-0.014,-0.048,69.018,-0.002,30.72,-1.959,69.018,69.128,-0.027,0.097,-0.11,0.0,3.69,-163.3,-15.3,7.2
186.453,542.447,0.002,-0.032,69.018,0.0,30.7,-1.662,69.018,69.128,-0.016,0.102,-0.11,0.01,3.69,168.6,7.1,8.9
186.551,542.447,0.038,-0.043,69.018,0.005,30.713,-1.577,69.018,69.128,-0.01,0.105,-0.11,0.02,3.7,168.2,7.1,9.0
186.659,542.447,-0.01,-0.044,69.018,-0.001,30.725,-2.199,69.018,69.128,-0.006,0.107,-0.11,0.02,3.72,169.9,7.0,9.2
186.749,542.447,0.003,-0.045,69.018,0.0,30.711,-1.966,69.018,69.128,-0.004,0.108,-0.11,0.01,3.73,170.1,6.0,9.2
186.849,542.447,-0.03,-0.049,69.018,-0.004,30.704,-1.473,69.018,69.128,-0.002,0.109,-0.11,0.0,3.72,170.3,5.7,9.2
186.955,542.447,0.009,-0.042,69.018,0.001,30.702,-1.617,69.018,69.128,-0.001,0.109,-0.11,0.01,3.74,170.6,5.0,9.1
187.049,542.447,-0.012,-0.04,69.018,-0.002,30.723,-1.902,69.018,69.128,-0.001,0.11,-0.11,0.02,3.73,171.3,6.4,9.0
187.147,542.447,-0.01,-0.05,69.018,-0.001,30.713,-1.571,69.018,69.128,-0.0,0.11,-0.11,0.03,3.72,171.1,4.8,9.1
187.25,542.447,0.011,-0.042,69.018,0.001,30.72,-1.763,69.018,69.118,-0.039,0.08,-0.1,0.04,3.88,173.6,9.9,8.9
187.356,542.447,0.001,-0.048,69.018,0.0,30.718,-2.073,69.018,69.118,-0.024,0.088,-0.1,0.04,3.71,166.0,12.5,8.6
187.452,542.447,0.007,-0.045,69.018,0.001,30.711,-1.686,69.018,69.108,-0.054,0.063,-0.09,0.04,3.73,166.8,12.8,8.5
187.555,542.447,-0.009,-0.046,69.018,-0.001,30.709,-1.751,69.018,69.118,0.007,0.103,-0.1,0.03,3.74,169.4,3.4,9.6
187.652,542.447,0.024,-0.039,69.018,0.003,30.711,-2.123,69.018,69.108,-0.035,0.073,-0.09,0.04,3.72,165.9,18.5,8.8
187.75,542.447,0.01,-0.04,69.018,0.001,30.697,-1.547,69.018,69.118,0.019,0.109,-0.1,0.05,3.84,-165.7,-4.3,10.2
187.856,542.447,-0.008,-0.044,69.018,-0.001,30.716,-1.711,69.018,69.108,-0.028,0.076,-0.09,0.05,3.73,170.5,4.4,9.8
187.95,542.447,0.004,-0.042,69.018,0.001,30.72,-1.782,69.018,69.108,-0.017,0.082,-0.09,0.04,3.71,169.0,12.7,9.5
188.046,542.447,0.009,-0.044,69.018,0.001,30.723,-1.523,69.018,69.108,-0.01,0.085,-0.09,0.03,3.72,166.6,10.8,9.6
188.15,542.447,0.006,-0.046,69.018,0.001,30.713,-1.861,69.018,69.108,-0.006,0.087,-0.09,0.02,3.72,167.8,13.2,9.3
188.257,542.447,0.009,-0.041,69.018,0.001,30.732,-1.547,69.018,69.108,-0.004,0.088,-0.09,0.02,3.73,170.0,3.4,10.1
188.353,542.447,0.02,-0.051,69.018,0.003,30.718,-1.626,69.018,69.108,-0.002,0.089,-0.09,0.02,3.73,171.2,5.9,10.0
188.457,542.447,0.035,-0.043,69.018,0.004,30.693,-1.739,69.018,69.118,0.038,0.119,-0.1,0.02,3.75,172.9,3.6,10.2
188.556,542.447,0.003,-0.045,69.018,0.0,30.713,-1.743,69.018,69.118,0.023,0.111,-0.1,0.02,3.73,-171.0,-8.6,10.4
188.653,542.447,-0.013,-0.047,69.018,-0.002,30.711,-1.724,69.018,69.118,0.014,0.107,-0.1,0.01,3.73,165.2,12.1,9.6
188.757,542.447,-0.012,-0.047,69.018,-0.002,30.695,-1.556,69.018,69.118,0.008,0.104,-0.1,0.01,3.74,172.2,3.1,10.8
188.856,542.447,-0.003,-0.047,69.018,-0.0,30.695,-1.706,69.018,69.118,0.005,0.103,-0.1,0.02,3.73,167.9,2.4,10.8
188.952,542.447,-0.006,-0.051,69.018,-0.001,30.713,-1.819,69.018,69.118,0.003,0.102,-0.1,0.04,3.73,165.1,11.2,9.9
189.058,542.447,0.013,-0.038,69.018,0.002,30.723,-2.053,69.018,69.128,0.041,0.131,-0.11,0.04,3.75,175.1,5.5,11.2
189.163,542.447,0.001,-0.049,69.018,0.0,30.707,-1.863,69.018,69.128,0.025,0.122,-0.11,0.03,3.73,173.4,7.7,10.9
189.249,542.447,0.034,-0.041,69.018,0.004,30.718,-1.613,69.018,69.128,0.015,0.118,-0.11,0.02,3.73,173.9,7.0,11.1
189.351,542.447,-0.008,-0.044,69.018,-0.001,30.734,-1.938,69.018,69.128,0.009,0.115,-0.11,0.02,3.74,176.1,6.6,11.4
189.458,542.447,0.0,-0.046,69.018,0.0,30.711,-1.663,69.018,69.138,0.045,0.142,-0.12,0.01,3.74,171.1,3.8,10.8
189.562,542.447,-0.005,-0.038,69.018,-0.001,30.709,-1.464,69.018,69.138,0.027,0.133,-0.12,0.01,3.76,174.7,5.4,10.8
189.662,542.447,0.016,-0.041,69.018,0.002,30.707,-1.649,69.018,69.138,0.016,0.128,-0.12,0.01,3.73,166.8,14.3,9.4
189.757,542.447,-0.0,-0.04,69.018,-0.0,30.707,-1.975,69.018,69.138,0.01,0.125,-0.12,0.0,3.73,174.9,9.7,10.5
189.851,542.447,-0.004,-0.044,69.018,-0.001,30.7,-1.942,69.018,69.138,0.006,0.123,-0.12,-0.0,3.86,-166.9,-18.6,10.5
189.952,542.447,0.006,-0.043,69.018,0.001,30.727,-1.756,69.018,69.138,0.004,0.122,-0.12,-0.01,3.74,171.6,6.3,10.7
190.057,542.447,0.02,-0.051,69.018,0.003,30.7,-1.643,69.018,69.138,0.002,0.121,-0.12,-0.01,3.76,174.2,7.2,11.3
190.151,542.447,-0.031,-0.051,69.018,-0.004,30.697,-1.506,69.018,69.138,0.001,0.121,-0.12,0.0,3.74,173.7,8.9,11.5
190.252,542.447,-0.005,-0.04,69.018,-0.001,30.7,-1.458,69.018,69.138,0.001,0.12,-0.12,0.01,3.76,171.6,7.2,11.8
190.356,542.447,0.022,-0.039,69.018,0.003,30.725,-1.85,69.018,69.138,0.0,0.12,-0.12,0.01,3.75,172.9,8.0,12.1
190.462,542.447,0.013,-0.05,69.018,0.002,30.7,-1.8,69.018,69.138,0.0,0.12,-0.12,0.01,3.76,173.7,7.0,12.6
190.559,542.447,0.021,-0.04,69.018,0.003,30.718,-1.586,69.018,69.138,0.0,0.12,-0.12,0.01,3.74,-170.8,-10.1,12.7
190.662,542.447,-0.004,-0.035,69.018,-0.001,30.697,-1.921,69.018,69.138,0.0,0.12,-0.12,0.01,3.76,171.3,6.7,12.7
190.754,542.447,0.003,-0.044,69.018,0.0,30.7,-1.625,69.018,69.138,0.0,0.12,-0.12,0.02,3.75,172.3,6.3,13.3
190.855,542.447,0.007,-0.046,69.018,0.001,30.704,-1.837,69.018,69.128,-0.039,0.09,-0.11,0.02,3.74,-166.2,-20.1,12.1
190.96,542.447,-0.014,-0.037,69.018,-0.002,30.725,-1.7,69.018,69.128,-0.024,0.098,-0.11,0.02,3.73,168.2,14.6,12.8
191.054,542.447,-0.006,-0.04,69.018,-0.001,30.741,-1.58,69.018,69.138,0.025,0.132,-0.12,0.01,3.74,167.5,12.9,12.1
191.151,542.447,0.015,-0.038,69.018,0.002,30.693,-1.841,69.018,69.138,0.015,0.128,-0.12,0.01,3.75,173.1,6.5,13.0
191.256,542.447,-0.016,-0.04,69.018,-0.002,30.702,-1.771,69.018,69.138,0.009,0.125,-0.12,0.0,3.73,174.1,9.5,13.1
191.358,542.447,-0.007,-0.052,69.018,-0.001,30.727,-1.52,69.018,69.138,0.006,0.123,-0.12,0.01,3.73,173.6,8.5,13.4
191.456,542.447,0.015,-0.038,69.018,0.002,30.718,-2.007,69.018,69.138,0.003,0.122,-0.12,0.02,3.75,174.3,7.6,14.2
191.56,542.447,0.034,-0.045,69.018,0.004,30.711,-1.718,69.018,69.138,0.002,0.121,-0.12,0.02,3.75,176.3,7.6,14.3
191.66,542.447,-0.044,-0.039,69.018,-0.006,30.718,-1.716,69.018,69.138,0.001,0.121,-0.12,0.01,3.75,171.7,5.2,14.4
191.754,542.447,-0.003,-0.038,69.018,-0.0,30.732,-1.563,69.018,69.138,0.001,0.12,-0.12,0.0,3.75,171.0,6.8,14.2
191.862,542.447,0.027,-0.039,69.018,0.003,30.697,-1.819,69.018,69.138,0.0,0.12,-0.12,0.01,3.75,171.9,6.9,14.4
191.958,542.447,0.011,-0.04,69.018,0.001,30.723,-1.933,69.018,69.148,0.04,0.15,-0.13,0.01,3.75,174.5,9.0,14.6
192.054,542.447,0.015,-0.036,69.018,0.002,30.718,-2.005,69.018,69.148,0.024,0.142,-0.13,0.02,3.76,175.0,6.4,15.0
192.159,542.447,0.015,-0.043,69.018,0.002,30.716,-1.86,69.018,69.148,0.015,0.137,-0.13,0.02,3.84,175.5,13.5,15.4
192.256,542.447,-0.005,-0.045,69.018,-0.001,30.713,-1.667,69.018,69.158,0.048,0.164,-0.14,0.02,3.85,174.7,11.4,15.1
192.352,542.447,-0.026,-0.045,69.018,-0.003,30.727,-1.633,69.018,69.148,-0.01,0.125,-0.13,0.0,3.71,173.7,9.7,15.8
192.456,542.447,0.023,-0.04,69.018,0.003,30.729,-1.692,69.018,69.158,0.033,0.156,-0.14,-0.0,3.69,174.9,15.0,15.8
192.559,542.447,-0.013,-0.033,69.018,-0.002,30.725,-1.715,69.018,69.168,0.059,0.18,-0.15,-0.0,3.72,172.6,11.7,14.8
192.659,542.447,0.015,-0.033,69.018,0.002,30.716,-1.779,69.018,69.178,0.075,0.198,-0.16,0.0,3.69,167.1,17.0,13.1
192.762,542.447,-0.024,-0.043,69.018,-0.003,30.72,-1.557,69.018,69.188,0.085,0.213,-0.17,0.0,3.79,-177.5,11.7,14.7
192.854,542.447,-0.002,-0.044,69.018,-0.0,30.72,-2.301,69.018,69.188,0.052,0.196,-0.17,-0.01,3.69,171.0,18.5,13.0
192.952,542.447,-0.009,-0.041,69.018,-0.001,30.711,-1.737,69.018,69.188,0.031,0.186,-0.17,-0.01,3.71,173.7,11.9,12.7
193.055,542.447,0.03,-0.042,69.018,0.004,30.72,-1.925,69.018,69.198,0.058,0.209,-0.18,-0.02,3.83,173.3,12.9,13.7
193.158,542.447,0.012,-0.041,69.018,0.001,30.718,-1.838,69.018,69.198,0.035,0.198,-0.18,-0.02,3.71,172.6,12.4,12.3
193.253,542.447,-0.016,-0.043,69.018,-0.002,30.7,-1.312,69.018,69.208,0.061,0.22,-0.19,-0.01,3.74,173.9,10.9,12.3
193.357,542.447,0.001,-0.039,69.018,0.0,30.718,-1.874,69.018,69.208,0.037,0.208,-0.19,-0.01,3.73,173.8,10.9,12.3
193.462,542.447,-0.022,-0.049,69.018,-0.003,30.713,-1.801,69.018,69.208,0.022,0.201,-0.19,-0.01,3.74,-168.6,-20.2,11.3
193.554,542.447,-0.025,-0.045,69.018,-0.003,30.7,-1.664,69.018,69.208,0.014,0.197,-0.19,-0.01,3.75,174.1,10.9,12.1
193.659,542.447,-0.032,-0.043,69.018,-0.004,30.739,-1.61,69.018,69.208,0.008,0.194,-0.19,-0.02,3.79,-173.7,10.9,13.8
193.761,542.447,0.01,-0.04,69.018,0.001,30.718,-1.465,69.018,69.198,-0.034,0.163,-0.18,-0.01,3.71,173.9,13.9,12.0
193.857,542.447,-0.018,-0.046,69.018,-0.002,30.695,-1.421,69.018,69.208,0.018,0.199,-0.19,0.0,3.81,-176.1,10.3,13.1
193.955,542.447,0.003,-0.037,69.018,0.0,30.711,-1.511,69.018,69.198,-0.028,0.166,-0.18,0.01,3.72,173.2,11.7,12.2
194.059,542.447,0.003,-0.047,69.018,0.0,30.734,-1.511,69.018,69.198,-0.017,0.171,-0.18,0.01,3.74,172.9,8.6,12.0
194.156,542.447,-0.023,-0.046,69.018,-0.003,30.718,-1.74,69.018,69.198,-0.01,0.175,-0.18,-0.0,3.73,173.3,8.4,12.3
194.263,542.447,0.016,-0.038,69.018,0.002,30.729,-1.83,69.018,69.188,-0.045,0.147,-0.17,-0.01,3.73,174.5,10.7,12.8
194.358,542.447,-0.003,-0.034,69.018,-0.0,30.727,-1.718,69.018,69.188,-0.027,0.156,-0.17,-0.0,3.73,176.4,9.9,12.8
194.453,542.447,-0.013,-0.038,69.018,-0.002,30.702,-1.848,69.018,69.188,-0.017,0.162,-0.17,0.01,3.72,174.9,10.5,13.0
194.559,542.447,-0.016,-0.043,69.018,-0.002,30.713,-1.498,69.018,69.188,-0.01,0.165,-0.17,0.01,3.72,171.9,10.3,13.0
194.654,542.447,-0.003,-0.04,69.018,-0.0,30.72,-1.737,69.018,69.178,-0.045,0.137,-0.16,0.01,3.72,174.3,11.1,13.0
194.751,542.447,-0.03,-0.048,69.018,-0.004,30.716,-1.867,69.018,69.178,-0.027,0.146,-0.16,-0.01,3.73,170.1,16.2,12.5
194.858,542.447,-0.033,-0.052,69.018,-0.004,30.732,-1.447,69.018,69.178,-0.017,0.152,-0.16,-0.01,3.72,176.0,10.6,12.9
194.952,542.447,0.021,-0.04,69.018,0.003,30.707,-1.664,69.018,69.178,-0.01,0.155,-0.16,0.0,3.71,171.3,17.1,12.8
195.052,542.447,-0.019,-0.046,69.018,-0.002,30.7,-1.695,69.018,69.178,-0.006,0.157,-0.16,0.02,3.74,174.0,8.1,13.0
195.156,542.447,-0.014,-0.037,69.018,-0.002,30.718,-1.403,69.018,69.178,-0.004,0.158,-0.16,0.03,3.81,170.1,-9.6,14.8
195.254,542.447,-0.0,-0.044,69.018,-0.0,30.713,-1.821,69.018,69.168,-0.042,0.129,-0.15,0.02,3.74,175.3,7.9,12.9
195.35,542.447,-0.008,-0.042,69.018,-0.001,30.725,-1.613,69.018,69.168,-0.025,0.137,-0.15,0.01,3.73,174.8,9.2,12.5
195.458,542.447,0.013,-0.044,69.018,0.002,30.702,-1.899,69.018,69.158,-0.054,0.113,-0.14,0.01,3.75,174.7,6.0,12.9
195.553,542.447,0.001,-0.047,69.018,0.0,30.725,-1.523,69.018,69.148,-0.072,0.094,-0.13,0.03,3.77,175.5,7.2,12.7
195.653,542.447,-0.003,-0.037,69.018,-0.0,30.718,-1.631,69.018,69.138,-0.083,0.079,-0.12,0.05,3.81,179.8,6.1,12.5
195.761,542.447,-0.023,-0.04,69.018,-0.003,30.725,-1.504,69.018,69.118,-0.129,0.035,-0.1,0.07,3.85,-175.3,-15.7,12.4
195.854,542.447,0.013,-0.045,69.018,0.002,30.718,-1.897,0,69.088,-0.196,-0.056,-0.07,0.07,3.88,-177.9,4.5,12.3
195.952,542.443,-0.115,0.006,69.017,-0.015,30.718,0.303,0,69.057,-0.239,-0.159,-0.04,0.06,3.92,-172.4,0.7,12.6
196.054,542.397,-1.113,0.066,69.012,-0.142,30.72,2.895,0,69.022,-0.285,-0.265,-0.01,0.06,3.97,169.7,-0.8,13.9
196.153,542.247,-2.004,0.061,68.992,-0.255,30.686,1.975,0,68.992,-0.288,-0.288,-0.0,0.08,3.99,166.9,13.3,14.7
196.256,542.002,-2.24,-0.008,68.961,-0.285,30.713,-0.902,0,68.971,-0.257,-0.237,-0.01,0.1,4.04,-167.4,7.9,17.7
196.353,541.784,-1.694,-0.021,68.934,-0.215,30.725,-0.436,0,68.964,-0.187,-0.172,-0.03,0.1,4.01,164.9,14.9,16.5
196.451,541.61,-1.424,-0.043,68.911,-0.181,30.704,-1.985,0,68.961,-0.122,-0.12,-0.05,0.09,4.05,-166.9,8.6,20.5
196.551,541.486,-0.917,-0.045,68.896,-0.117,30.725,-2.256,0,68.956,-0.097,-0.086,-0.06,0.07,3.97,-166.3,-5.1,20.1
196.653,541.415,-0.367,-0.002,68.887,-0.047,30.709,-0.418,0,68.947,-0.094,-0.064,-0.06,0.07,3.99,-167.7,-1.5,21.1
196.752,541.365,-0.301,-0.002,68.88,-0.038,30.713,0.0,0,68.94,-0.082,-0.04,-0.06,0.09,4.14,-168.3,-3.0,20.9
196.853,541.318,-0.344,-0.028,68.874,-0.044,30.704,-1.889,0,68.934,-0.073,-0.024,-0.06,0.1,3.94,-168.3,-1.8,20.5
196.953,541.29,-0.257,-0.02,68.871,-0.033,30.711,-0.622,69.018,68.941,-0.019,0.025,-0.07,0.11,3.98,161.0,-8.0,21.1
197.055,541.277,0.083,-0.054,68.869,0.011,30.702,-1.964,69.018,68.949,0.021,0.066,-0.08,0.09,3.95,-170.2,1.0,19.3
197.15,541.286,0.261,-0.132,68.87,0.033,30.684,-4.628,69.018,68.95,0.017,0.076,-0.08,0.07,3.97,163.7,8.1,17.1
197.257,541.33,0.537,-0.137,68.876,0.068,30.688,-4.979,69.018,68.976,0.111,0.159,-0.1,0.06,3.99,165.2,9.9,16.4
197.351,541.41,1.074,-0.138,68.886,0.137,30.672,-6.435,69.018,68.976,0.068,0.146,-0.09,0.06,3.93,-170.0,-1.5,17.2
197.451,541.536,1.285,-0.096,68.902,0.163,30.684,-3.751,69.018,68.982,0.065,0.157,-0.08,0.08,4.1,-173.6,-0.0,16.2
197.554,541.664,1.301,-0.108,68.918,0.166,30.688,-4.63,69.018,68.988,0.064,0.161,-0.07,0.08,3.95,-163.8,-6.6,15.5
197.654,541.791,1.479,-0.074,68.935,0.188,30.684,-3.186,69.018,68.985,0.024,0.124,-0.05,0.07,3.96,164.0,10.2,15.0
197.752,541.921,1.261,-0.047,68.951,0.16,30.688,-2.281,69.018,68.991,0.041,0.121,-0.04,0.05,3.98,165.7,-9.4,17.0
197.86,542.021,1.034,-0.057,68.964,0.132,30.707,-3.398,69.018,68.984,-0.004,0.036,-0.02,0.04,3.96,-170.9,-2.1,16.0
197.953,542.085,0.268,-0.078,68.972,0.034,30.695,-3.087,69.018,68.982,-0.01,0.01,-0.01,0.05,3.93,168.4,2.5,15.6
198.052,542.094,0.027,-0.113,68.973,0.003,30.663,-4.547,69.018,68.993,0.038,0.076,-0.02,0.07,3.95,-170.8,-1.5,16.0
198.157,542.103,0.31,-0.179,68.974,0.039,30.67,-7.071,69.018,68.984,-0.012,0.008,-0.01,0.08,3.91,-169.0,-3.7,15.8
198.253,542.151,0.247,-0.109,68.98,0.031,30.707,-4.149,69.018,68.99,0.017,0.037,-0.01,0.07,3.94,-163.7,-7.9,14.9
198.353,542.176,0.287,-0.123,68.983,0.037,30.707,-4.87,69.018,68.993,0.022,0.042,-0.01,0.06,3.94,-168.8,-0.6,16.2
198.457,542.211,0.504,-0.094,68.988,0.064,30.679,-4.779,0,68.988,-0.008,-0.008,-0.0,0.05,3.96,-175.8,-6.6,16.0
198.559,542.248,0.181,-0.044,68.993,0.023,30.709,-1.757,69.018,68.993,0.014,0.014,0.0,0.06,3.94,-171.0,-4.0,15.8
198.655,542.249,0.039,-0.083,68.993,0.005,30.691,-3.038,69.018,68.993,0.009,0.009,0.0,0.07,3.99,-163.2,14.0,17.9
198.752,542.252,0.007,-0.092,68.993,0.001,30.707,-3.288,69.018,68.993,0.007,0.007,0.0,0.08,3.94,-167.5,-11.6,14.9
198.859,542.255,0.026,-0.095,68.994,0.003,30.7,-3.707,69.018,69.004,0.045,0.045,-0.01,0.08,3.96,-168.8,-11.5,14.9
198.954,542.26,0.116,-0.138,68.994,0.015,30.681,-5.862,0,68.994,-0.01,-0.01,-0.0,0.07,3.92,-167.2,-0.7,15.5
199.056,542.283,0.058,-0.094,68.997,0.007,30.711,-3.916,69.018,68.997,0.005,0.005,-0.0,0.06,3.96,-165.9,-9.8,14.2
199.155,542.282,0.034,-0.098,68.997,0.004,30.693,-4.681,69.018,68.997,0.003,0.003,0.0,0.06,3.94,-163.9,-10.9,14.3
199.257,542.285,0.02,-0.097,68.997,0.003,30.716,-4.011,0,68.987,-0.036,-0.036,0.01,0.07,3.95,-174.3,-1.6,15.8
199.362,542.284,-0.059,-0.067,68.997,-0.007,30.707,-2.689,0,68.987,-0.023,-0.023,0.01,0.07,3.93,-167.2,-1.9,15.8
199.46,542.273,-0.099,-0.05,68.996,-0.013,30.704,-1.839,0,68.986,-0.019,-0.021,0.01,0.06,3.94,-167.8,-1.3,16.1
199.553,542.269,-0.064,-0.016,68.995,-0.008,30.713,-1.034,0,68.985,-0.013,-0.019,0.01,0.05,3.97,-167.3,-10.8,15.1
199.653,542.256,-0.101,-0.022,68.994,-0.013,30.691,-0.709,0,68.984,-0.015,-0.022,0.01,0.03,3.96,165.0,11.5,15.0
199.76,542.248,-0.003,0.011,68.993,-0.0,30.725,0.279,0,68.983,-0.013,-0.021,0.01,0.03,3.94,-167.6,-2.1,15.9
199.862,542.238,-0.281,0.011,68.991,-0.036,30.729,0.608,69.018,68.991,0.026,0.026,0.0,0.03,3.95,-169.9,-3.5,15.6
199.957,542.21,-0.09,-0.059,68.988,-0.011,30.723,-2.489,69.018,68.988,0.002,0.002,-0.0,0.04,3.95,-172.6,-1.0,15.8
200.057,542.213,-0.057,-0.059,68.988,-0.007,30.697,-2.11,69.018,68.988,0.002,0.002,0.0,0.05,3.96,-164.4,-9.6,14.3
200.156,542.212,0.043,-0.057,68.988,0.005,30.716,-2.333,69.018,68.998,0.041,0.041,-0.01,0.04,3.96,-173.8,-1.8,15.3
200.257,542.215,0.137,-0.107,68.988,0.017,30.704,-4.037,0,68.988,-0.013,-0.013,0.0,0.02,3.96,-164.2,-10.2,13.8
200.358,542.232,0.063,-0.057,68.991,0.008,30.707,-2.066,69.018,68.991,0.001,0.001,0.0,0.02,3.97,167.0,13.6,14.3
200.456,542.231,0.009,-0.058,68.99,0.001,30.704,-2.527,0,68.99,-0.0,-0.0,-0.0,0.03,3.96,-169.8,-3.1,14.4
200.556,542.231,-0.023,-0.069,68.991,-0.003,30.67,-2.492,0,68.981,-0.039,-0.039,0.01,0.04,3.95,-169.2,-4.0,14.2
200.66,542.229,-0.121,-0.02,68.99,-0.015,30.709,-1.0,69.018,68.99,0.014,0.014,0.0,0.04,3.95,-169.1,-4.2,14.2
200.754,542.218,-0.029,-0.049,68.989,-0.004,30.732,-1.696,69.018,68.989,0.003,0.003,0.0,0.03,3.95,-168.8,-5.2,14.1
200.855,542.22,0.002,-0.051,68.989,0.0,30.723,-1.89,0,68.979,-0.036,-0.036,0.01,0.01,3.94,-167.5,-3.8,14.6
200.956,542.217,-0.033,0.0,68.989,-0.004,30.7,-0.311,69.018,68.989,0.016,0.016,-0.0,0.01,3.95,-168.7,-2.7,14.8
201.056,542.205,-0.022,-0.038,68.987,-0.003,30.72,-1.709,69.018,68.987,0.004,0.004,0.0,0.03,3.92,-166.0,-3.3,15.4
201.156,542.208,0.023,-0.032,68.988,0.003,30.727,-1.571,0,68.978,-0.036,-0.036,0.01,0.04,4.0,-167.9,8.0,16.5
201.266,542.205,-0.128,-0.002,68.987,-0.016,30.72,-0.206,69.018,68.987,0.016,0.016,0.0,0.04,3.94,-167.3,-3.5,16.0
201.359,542.189,-0.059,-0.034,68.985,-0.008,30.718,-1.562,69.018,68.985,0.002,0.002,0.0,0.04,4.01,165.7,-7.8,17.8
201.46,542.19,0.01,-0.033,68.985,0.001,30.725,-1.256,69.018,68.985,0.002,0.002,0.0,0.04,4.12,167.2,7.9,16.2
201.561,542.19,0.02,-0.03,68.985,0.002,30.716,-1.453,69.018,68.985,0.001,0.001,0.0,0.04,3.95,-166.6,-4.7,17.2
201.658,542.19,0.003,-0.038,68.985,0.0,30.72,-1.382,69.018,68.985,0.001,0.001,0.0,0.07,3.94,160.6,11.6,16.2
201.758,542.19,-0.02,-0.041,68.985,-0.003,30.713,-1.506,69.018,68.985,0.0,0.0,-0.0,0.08,3.94,160.4,12.3,16.5
201.86,542.191,-0.016,-0.03,68.985,-0.002,30.704,-1.642,69.018,68.985,0.001,0.001,0.0,0.09,4.03,165.2,-1.9,18.7
201.956,542.19,0.044,-0.035,68.985,0.006,30.713,-1.17,69.018,68.985,0.0,0.0,0.0,0.08,4.08,-161.7,-12.4,16.4
202.061,542.19,-0.015,-0.041,68.985,-0.002,30.718,-1.399,69.018,68.995,0.039,0.039,-0.01,0.07,3.91,-162.2,-5.0,17.9
202.165,542.194,0.089,-0.074,68.986,0.011,30.713,-2.582,0,68.986,-0.014,-0.014,-0.0,0.07,3.94,159.1,12.7,16.2
202.26,542.201,-0.014,-0.058,68.987,-0.002,30.709,-2.586,0,68.987,-0.005,-0.005,-0.0,0.08,3.95,-165.2,-5.2,17.9
202.357,542.198,0.069,-0.056,68.986,0.009,30.709,-2.432,69.018,68.996,0.035,0.035,-0.01,0.09,3.93,-165.5,-7.2,17.7
202.461,542.2,0.018,-0.105,68.987,0.002,30.684,-4.155,0,68.987,-0.017,-0.017,0.0,0.09,4.09,162.3,7.7,17.8
202.558,542.21,0.023,-0.069,68.988,0.003,30.707,-2.635,0,68.988,-0.005,-0.005,0.0,0.07,3.91,-164.8,-6.3,18.0
202.658,542.209,0.035,-0.062,68.988,0.004,30.727,-2.618,0,68.988,-0.004,-0.004,0.0,0.06,3.91,-165.0,-5.4,18.1
202.761,542.209,-0.007,-0.065,68.988,-0.001,30.713,-2.136,0,68.988,-0.002,-0.002,0.0,0.05,3.9,-162.8,-5.0,18.0
202.863,542.209,0.011,-0.059,68.988,0.001,30.693,-1.826,0,68.988,-0.001,-0.001,-0.0,0.06,3.94,-166.3,-5.4,18.4
202.962,542.209,-0.008,-0.052,68.988,-0.001,30.741,-2.528,0,68.988,-0.001,-0.001,0.0,0.07,4.07,-162.6,-6.0,17.2
203.067,542.208,0.024,-0.053,68.988,0.003,30.691,-1.728,0,68.988,-0.001,-0.001,-0.0,0.07,3.93,-163.7,-7.0,17.3
203.16,542.208,0.008,-0.045,68.988,0.001,30.718,-1.904,69.018,68.998,0.039,0.039,-0.01,0.05,3.95,-160.0,-10.9,16.0
203.263,542.211,0.081,-0.095,68.988,0.01,30.688,-3.715,0,68.988,-0.014,-0.014,-0.0,0.04,4.1,-162.4,-5.8,17.0
203.365,542.216,-0.01,-0.087,68.989,-0.001,30.695,-3.712,0,68.989,-0.006,-0.006,-0.0,0.04,3.93,-158.7,-9.6,16.3
203.46,542.215,0.006,-0.074,68.988,0.001,30.702,-2.993,0,68.988,-0.004,-0.004,0.0,0.05,3.94,158.8,14.7,16.4
203.56,542.215,-0.031,-0.075,68.988,-0.004,30.709,-3.079,0,68.988,-0.002,-0.002,0.0,0.06,3.94,-159.5,-11.1,17.7
203.664,542.214,-0.031,-0.074,68.988,-0.004,30.718,-2.925,0,68.988,-0.002,-0.002,0.0,0.06,3.93,-161.7,-6.5,18.8
203.758,542.213,-0.002,-0.07,68.988,-0.0,30.691,-2.354,0,68.978,-0.041,-0.041,0.01,0.05,4.05,160.7,9.5,18.4
203.86,542.209,-0.047,-0.02,68.988,-0.006,30.725,-0.73,69.018,68.988,0.012,0.012,0.0,0.04,3.91,-163.4,-4.8,20.1
203.963,542.198,-0.008,-0.049,68.986,-0.001,30.709,-1.839,69.018,68.996,0.042,0.042,-0.01,0.04,4.04,166.3,6.3,19.6
204.059,542.203,0.115,-0.094,68.987,0.015,30.727,-3.43,69.018,69.017,0.105,0.105,-0.03,0.06,3.89,166.0,10.1,20.0
204.16,542.226,0.465,-0.154,68.99,0.059,30.686,-5.763,69.018,69.04,0.154,0.154,-0.05,0.06,3.8,-169.8,-0.2,20.7
204.264,542.316,1.227,-0.132,69.001,0.156,30.695,-5.192,69.018,69.071,0.217,0.217,-0.07,0.05,3.94,171.5,-7.1,20.6
204.364,542.445,0.969,-0.002,69.018,0.123,30.707,-0.016,69.018,69.078,0.157,0.186,-0.06,0.03,3.8,174.8,-0.1,18.7
204.467,542.459,-0.112,-0.049,69.019,-0.014,30.702,-2.754,69.018,69.069,0.063,0.114,-0.05,0.03,3.95,-179.1,-7.8,17.1
204.559,542.455,0.016,-0.043,69.019,0.002,30.686,-1.874,69.018,69.089,0.116,0.147,-0.07,0.03,3.8,-177.6,3.9,15.1
204.661,542.455,-0.001,-0.05,69.019,-0.0,30.695,-1.901,69.018,69.099,0.109,0.146,-0.08,0.04,3.8,-172.8,-0.5,13.6
204.769,542.455,-0.018,-0.049,69.019,-0.002,30.711,-1.753,69.018,69.109,0.106,0.15,-0.09,0.04,3.84,168.9,8.7,13.0
204.863,542.455,-0.016,-0.05,69.019,-0.002,30.716,-1.911,69.018,69.109,0.064,0.126,-0.09,0.02,3.82,173.8,-2.0,13.2
204.965,542.455,0.01,-0.038,69.019,0.001,30.7,-2.221,69.018,69.129,0.118,0.172,-0.11,0.0,3.83,-173.8,-0.1,13.0
205.066,542.455,-0.021,-0.045,69.019,-0.003,30.718,-1.374,69.018,69.139,0.111,0.177,-0.12,-0.01,3.83,-174.6,3.1,13.6
205.164,542.455,0.024,-0.034,69.019,0.003,30.704,-1.549,69.018,69.159,0.146,0.214,-0.14,-0.01,3.86,-175.3,-0.3,13.3
205.267,542.455,0.008,-0.033,69.019,0.001,30.711,-1.697,69.018,69.179,0.167,0.244,-0.16,-0.01,3.87,167.9,11.6,11.4
205.365,542.455,0.005,-0.038,69.019,0.001,30.727,-1.637,69.018,69.209,0.22,0.3,-0.19,-0.02,3.89,-173.2,-6.3,10.8
205.461,542.455,0.028,-0.035,69.019,0.004,30.729,-1.295,69.018,69.239,0.251,0.346,-0.22,-0.04,3.91,-171.8,-6.6,9.7
205.561,542.455,-0.031,-0.046,69.019,-0.004,30.72,-1.45,69.018,69.279,0.31,0.415,-0.26,-0.06,4.09,172.2,5.5,8.8
205.665,542.455,-0.013,-0.034,69.019,-0.002,30.707,-1.241,69.018,69.299,0.266,0.413,-0.28,-0.08,3.94,169.5,10.6,7.0
205.768,542.455,0.033,-0.038,69.019,0.004,30.693,-1.31,69.018,69.329,0.28,0.45,-0.31,-0.09,3.97,-168.2,-19.2,6.9
205.866,542.455,-0.007,-0.035,69.019,-0.001,30.729,-1.21,69.018,69.339,0.209,0.424,-0.32,-0.12,3.95,-164.2,-17.9,7.3
205.969,542.455,-0.007,-0.026,69.019,-0.001,30.716,-1.198,69.018,69.359,0.206,0.443,-0.34,-0.15,3.95,-170.6,-9.4,10.7
206.067,542.455,-0.014,-0.031,69.019,-0.002,30.7,-0.953,69.018,69.369,0.164,0.432,-0.35,-0.18,3.93,-168.2,-6.5,12.8
206.168,542.455,-0.022,-0.037,69.019,-0.003,30.697,-1.119,69.018,69.379,0.139,0.429,-0.36,-0.21,3.94,169.8,6.2,14.6
206.27,542.454,0.009,-0.04,69.019,0.001,30.709,-1.332,69.018,69.399,0.162,0.461,-0.38,-0.23,3.93,-162.2,-13.7,14.8
206.371,542.454,-0.043,-0.031,69.019,-0.005,30.729,-1.267,69.018,69.429,0.216,0.518,-0.41,-0.24,3.91,-167.5,-3.7,16.8
206.472,542.452,0.005,-0.036,69.019,0.001,30.7,-1.262,69.018,69.469,0.286,0.593,-0.45,-0.25,3.92,-170.2,-5.8,15.8
206.57,542.452,0.002,-0.032,69.019,0.0,30.734,-1.516,69.018,69.519,0.371,0.685,-0.5,-0.26,3.92,-171.4,-5.4,14.3
206.672,542.451,0.017,-0.037,69.019,0.002,30.697,-1.215,69.018,69.569,0.421,0.76,-0.55,-0.26,3.95,-164.8,-15.7,11.0
206.771,542.451,-0.004,-0.039,69.019,-0.001,30.691,-1.105,69.018,69.599,0.373,0.766,-0.58,-0.25,3.91,-169.6,-5.2,11.0
206.87,542.451,0.002,-0.034,69.018,0.0,30.707,-1.753,69.018,69.648,0.422,0.841,-0.63,-0.24,3.93,-178.8,2.6,9.8
206.969,542.45,-0.024,-0.031,69.018,-0.003,30.711,-1.492,69.018,69.688,0.414,0.877,-0.67,-0.23,3.94,170.0,7.6,8.1
207.067,542.449,-0.025,-0.035,69.018,-0.003,30.725,-1.583,69.018,69.708,0.329,0.854,-0.69,-0.22,3.9,-171.4,-7.2,8.2
207.165,542.449,-0.014,-0.037,69.018,-0.002,30.709,-1.666,69.018,69.728,0.278,0.849,-0.71,-0.2,3.93,171.8,1.4,7.5
207.27,542.448,0.024,-0.038,69.018,0.003,30.723,-1.579,69.018,69.738,0.208,0.824,-0.72,-0.2,3.9,172.9,-14.4,7.3
207.369,542.448,-0.05,-0.045,69.018,-0.006,30.72,-1.777,69.018,69.748,0.165,0.812,-0.73,-0.2,3.93,-176.8,-3.0,7.2
207.471,542.448,0.015,-0.035,69.018,0.002,30.704,-1.51,69.018,69.748,0.1,0.78,-0.73,-0.2,3.94,172.8,2.8,6.9
207.574,542.448,0.006,-0.034,69.018,0.001,30.695,-1.662,69.018,69.738,0.021,0.73,-0.72,-0.19,3.93,170.6,3.8,5.9
207.667,542.448,-0.009,-0.039,69.018,-0.001,30.718,-1.63,69.018,69.748,0.052,0.756,-0.73,-0.19,3.91,-173.9,-4.7,6.8
207.771,542.448,-0.004,-0.029,69.018,-0.0,30.725,-1.371,69.018,69.748,0.031,0.746,-0.73,-0.18,3.92,-159.6,2.5,9.5
207.869,542.448,0.019,-0.029,69.018,0.002,30.702,-1.594,69.018,69.748,0.019,0.74,-0.73,-0.19,3.94,-175.6,-5.0,6.2
207.963,542.448,-0.008,-0.041,69.018,-0.001,30.716,-1.243,69.018,69.768,0.091,0.795,-0.75,-0.2,4.08,178.5,-18.1,6.4
208.063,542.447,-0.012,-0.033,69.018,-0.002,30.711,-1.604,69.018,69.738,-0.063,0.689,-0.72,-0.21,3.9,171.7,11.7,5.5
208.166,542.447,-0.01,-0.041,69.018,-0.001,30.709,-1.545,69.018,69.738,-0.038,0.701,-0.72,-0.21,3.93,173.9,5.6,5.0
208.272,542.447,-0.024,-0.039,69.018,-0.003,30.718,-1.429,69.018,69.768,0.094,0.797,-0.75,-0.22,4.07,175.6,-2.1,5.8
208.371,542.447,0.035,-0.029,69.018,0.004,30.718,-1.505,69.018,69.768,0.057,0.779,-0.75,-0.22,4.06,176.9,8.1,5.5
208.473,542.447,0.031,-0.032,69.018,0.004,30.693,-1.609,69.018,69.768,0.035,0.767,-0.75,-0.22,4.07,-177.3,1.5,5.3
208.564,542.447,-0.007,-0.041,69.018,-0.001,30.713,-1.468,69.018,69.758,-0.019,0.731,-0.74,-0.22,4.06,-176.9,-20.8,5.6
208.667,542.447,-0.02,-0.033,69.018,-0.003,30.716,-1.556,69.018,69.728,-0.127,0.646,-0.71,-0.22,3.9,174.1,6.3,5.2
208.771,542.447,-0.005,-0.04,69.018,-0.001,30.7,-1.561,69.018,69.738,-0.037,0.701,-0.72,-0.22,3.92,167.5,-19.6,6.6
208.868,542.447,0.009,-0.039,69.018,0.001,30.707,-1.664,69.018,69.758,0.056,0.768,-0.74,-0.22,4.06,176.4,7.3,7.1
208.967,542.447,-0.016,-0.033,69.018,-0.002,30.713,-1.353,69.018,69.738,-0.045,0.697,-0.72,-0.21,3.94,-176.0,-7.3,6.2
209.075,542.447,-0.005,-0.037,69.018,-0.001,30.739,-1.286,69.018,69.758,0.05,0.765,-0.74,-0.21,4.1,-167.4,-24.4,5.9
209.174,542.447,0.029,-0.035,69.018,0.004,30.7,-1.491,69.018,69.728,-0.089,0.666,-0.71,-0.21,3.93,-176.7,-2.4,6.2
209.276,542.447,-0.009,-0.039,69.018,-0.001,30.725,-1.626,69.018,69.728,-0.054,0.683,-0.71,-0.21,3.93,-176.1,-3.7,6.3
209.367,542.447,-0.006,-0.041,69.018,-0.001,30.725,-1.352,69.018,69.728,-0.033,0.694,-0.71,-0.2,3.92,176.0,4.2,6.2
209.469,542.447,0.01,-0.037,69.018,0.001,30.684,-1.558,69.018,69.738,0.019,0.73,-0.72,-0.19,3.94,-167.1,-22.7,4.4
209.569,542.447,-0.017,-0.039,69.018,-0.002,30.7,-1.311,69.018,69.758,0.091,0.785,-0.74,-0.19,4.05,-171.8,-13.2,6.6
209.672,542.447,0.004,-0.032,69.018,0.001,30.709,-1.163,69.018,69.728,-0.062,0.679,-0.71,-0.19,3.92,173.8,4.0,5.7
209.767,542.447,0.026,-0.031,69.018,0.003,30.711,-1.492,69.018,69.728,-0.038,0.691,-0.71,-0.2,3.93,173.2,2.9,5.3
209.866,542.447,0.014,-0.037,69.018,0.002,30.716,-1.733,69.018,69.728,-0.023,0.698,-0.71,-0.21,3.92,167.4,-19.3,6.4
209.973,542.447,-0.002,-0.033,69.018,-0.0,30.704,-1.105,69.018,69.728,-0.014,0.703,-0.71,-0.21,3.92,-172.0,-5.5,5.3
210.07,542.447,-0.027,-0.041,69.018,-0.003,30.734,-1.292,69.018,69.728,-0.008,0.706,-0.71,-0.2,3.94,173.7,4.9,4.7
210.172,542.447,0.003,-0.032,69.018,0.0,30.697,-1.47,69.018,69.728,-0.005,0.707,-0.71,-0.2,3.93,-173.5,-7.2,5.0
210.27,542.447,-0.018,-0.041,69.018,-0.002,30.716,-1.238,69.018,69.748,0.075,0.768,-0.73,-0.21,4.06,178.6,-18.1,6.0
210.365,542.447,0.008,-0.031,69.018,0.001,30.697,-1.503,69.018,69.728,-0.034,0.693,-0.71,-0.22,3.94,-178.0,-4.3,4.9
210.466,542.447,0.001,-0.031,69.018,0.0,30.7,-1.612,69.018,69.748,0.058,0.759,-0.73,-0.23,4.07,-176.2,-2.2,6.7
210.57,542.447,0.014,-0.035,69.018,0.002,30.72,-1.397,69.018,69.718,-0.084,0.658,-0.7,-0.23,3.91,-170.2,-6.3,6.1
210.674,542.447,0.006,-0.042,69.018,0.001,30.709,-1.347,69.018,69.718,-0.051,0.674,-0.7,-0.22,3.93,171.2,3.4,4.9
210.773,542.447,-0.004,-0.042,69.018,-0.0,30.704,-1.563,69.018,69.718,-0.031,0.684,-0.7,-0.22,3.93,168.7,9.9,5.3
210.871,542.447,-0.011,-0.039,69.018,-0.001,30.723,-1.225,69.018,69.718,-0.019,0.691,-0.7,-0.22,3.93,-168.8,-11.4,5.6
210.97,542.447,0.019,-0.037,69.018,0.002,30.725,-1.607,69.018,69.708,-0.051,0.665,-0.69,-0.22,3.92,173.8,-10.4,5.4
211.075,542.447,-0.012,-0.045,69.018,-0.002,30.718,-1.29,69.018,69.708,-0.031,0.675,-0.69,-0.22,3.94,173.7,3.6,5.4
211.17,542.447,-0.01,-0.03,69.018,-0.001,30.702,-1.318,69.018,69.718,0.021,0.71,-0.7,-0.21,3.96,-169.6,-22.0,4.7
211.268,542.447,0.017,-0.04,69.018,0.002,30.707,-1.395,69.018,69.708,-0.027,0.677,-0.69,-0.2,3.94,173.0,3.3,5.7
211.37,542.447,-0.014,-0.034,69.018,-0.002,30.725,-1.377,69.018,69.708,-0.016,0.682,-0.69,-0.19,3.95,170.8,2.1,5.4
211.476,542.447,-0.002,-0.036,69.018,-0.0,30.704,-1.355,69.018,69.708,-0.01,0.685,-0.69,-0.2,3.93,-173.5,-10.1,6.0
211.574,542.447,0.022,-0.032,69.018,0.003,30.702,-1.61,69.018,69.728,0.074,0.747,-0.71,-0.2,4.06,172.2,-10.5,7.5
211.68,542.447,-0.017,-0.036,69.018,-0.002,30.732,-1.211,69.018,69.708,-0.034,0.673,-0.69,-0.2,3.96,173.4,2.7,6.7
211.769,542.447,-0.021,-0.035,69.018,-0.003,30.709,-1.309,69.018,69.698,-0.06,0.65,-0.68,-0.19,3.93,170.5,3.5,6.6
211.865,542.447,-0.028,-0.036,69.018,-0.004,30.707,-1.608,69.018,69.698,-0.036,0.662,-0.68,-0.17,3.91,-170.9,-9.5,7.0
211.966,542.447,0.019,-0.034,69.018,0.002,30.729,-1.519,69.018,69.698,-0.022,0.669,-0.68,-0.17,3.92,-169.3,-7.8,7.4
212.073,542.447,0.007,-0.039,69.018,0.001,30.716,-1.564,69.018,69.688,-0.052,0.644,-0.67,-0.17,3.91,-170.8,-9.9,6.8
212.167,542.447,-0.012,-0.034,69.018,-0.002,30.723,-1.461,69.018,69.698,0.008,0.684,-0.68,-0.18,3.94,-167.1,-21.1,5.9
212.271,542.447,-0.003,-0.042,69.018,-0.0,30.734,-1.672,69.018,69.688,-0.034,0.653,-0.67,-0.18,3.94,176.6,-5.4,7.0
212.372,542.447,0.029,-0.036,69.018,0.004,30.723,-1.382,69.018,69.688,-0.021,0.66,-0.67,-0.17,3.96,171.6,1.0,7.1
212.47,542.447,-0.008,-0.036,69.018,-0.001,30.709,-1.362,69.018,69.708,0.066,0.723,-0.69,-0.17,4.07,-169.5,-14.4,7.4
212.572,542.447,0.007,-0.047,69.018,0.001,30.713,-1.685,69.018,69.688,-0.039,0.65,-0.67,-0.16,3.95,173.9,-11.8,6.9
212.673,542.447,0.021,-0.044,69.018,0.003,30.713,-1.46,69.018,69.678,-0.063,0.629,-0.66,-0.16,3.94,173.0,4.7,6.9
212.77,542.447,0.018,-0.04,69.018,0.002,30.693,-1.759,69.018,69.678,-0.038,0.641,-0.66,-0.17,3.95,170.1,2.3,6.7
212.875,542.447,-0.02,-0.037,69.018,-0.003,30.704,-1.584,69.018,69.678,-0.023,0.648,-0.66,-0.17,3.95,-165.8,-1.7,8.5
212.978,542.447,-0.009,-0.033,69.018,-0.001,30.686,-1.754,69.018,69.678,-0.014,0.653,-0.66,-0.17,3.96,171.2,1.8,6.9
213.078,542.447,-0.012,-0.035,69.018,-0.002,30.697,-1.566,69.018,69.678,-0.008,0.656,-0.66,-0.17,3.94,172.7,4.1,6.7
213.179,542.447,0.012,-0.029,69.018,0.002,30.704,-1.13,69.018,69.678,-0.005,0.657,-0.66,-0.17,3.95,170.3,1.7,7.0
213.277,542.447,0.013,-0.042,69.018,0.002,30.702,-1.485,69.018,69.678,-0.003,0.658,-0.66,-0.17,3.96,-166.8,-21.2,6.1
213.372,542.447,-0.012,-0.038,69.018,-0.001,30.704,-1.529,69.018,69.678,-0.002,0.659,-0.66,-0.18,3.94,169.8,2.2,6.9
213.471,542.447,0.013,-0.028,69.018,0.002,30.727,-1.496,69.018,69.678,-0.001,0.659,-0.66,-0.18,3.93,-170.0,-11.0,7.3
213.575,542.447,0.001,-0.045,69.018,0.0,30.693,-1.499,69.018,69.668,-0.04,0.63,-0.65,-0.19,3.93,-168.4,-10.0,7.4
213.678,542.447,0.002,-0.04,69.018,0.0,30.716,-1.655,69.018,69.698,0.093,0.726,-0.68,-0.19,4.09,169.4,-8.6,8.1
213.775,542.447,-0.006,-0.038,69.018,-0.001,30.711,-1.415,69.018,69.678,-0.022,0.649,-0.66,-0.18,3.94,-167.2,-23.2,6.4
213.874,542.447,-0.043,-0.046,69.018,-0.005,30.695,-1.713,69.018,69.678,-0.014,0.653,-0.66,-0.18,3.96,166.2,-20.2,9.4
213.977,542.447,-0.022,-0.038,69.018,-0.003,30.725,-1.464,69.018,69.678,-0.008,0.656,-0.66,-0.18,3.98,-174.8,-4.8,7.9
214.08,542.447,0.012,-0.035,69.018,0.002,30.704,-1.4,69.018,69.668,-0.044,0.628,-0.65,-0.18,3.94,-167.4,-8.6,7.9
214.181,542.447,-0.051,-0.036,69.018,-0.007,30.718,-1.282,69.018,69.678,0.013,0.666,-0.66,-0.18,3.97,168.8,0.6,7.1
214.275,542.447,0.009,-0.038,69.018,0.001,30.725,-1.406,69.018,69.668,-0.032,0.634,-0.65,-0.17,3.95,-168.1,-9.7,7.8
214.373,542.447,-0.015,-0.039,69.018,-0.002,30.702,-1.607,69.018,69.678,0.02,0.67,-0.66,-0.17,3.97,170.4,3.9,7.5
214.476,542.447,-0.025,-0.033,69.018,-0.003,30.713,-1.488,69.018,69.678,0.012,0.666,-0.66,-0.17,3.96,166.2,-17.2,9.7
214.587,542.447,-0.004,-0.036,69.018,-0.001,30.704,-1.453,69.018,69.678,0.007,0.664,-0.66,-0.17,3.97,-173.9,-7.6,8.6
214.68,542.447,0.013,-0.037,69.018,0.002,30.72,-1.402,69.018,69.668,-0.034,0.633,-0.65,-0.17,3.95,165.1,-17.3,9.9
214.778,542.447,-0.001,-0.033,69.018,-0.0,30.711,-1.289,69.018,69.678,0.019,0.669,-0.66,-0.18,3.96,-166.9,-28.9,7.6
214.879,542.447,0.032,-0.037,69.018,0.004,30.695,-1.494,69.018,69.678,0.011,0.666,-0.66,-0.18,3.98,-169.1,1.5,9.2
214.975,542.447,-0.021,-0.038,69.018,-0.003,30.716,-1.569,69.018,69.678,0.007,0.663,-0.66,-0.17,3.97,171.5,5.2,8.3
215.076,542.447,0.035,-0.04,69.018,0.004,30.709,-1.228,69.018,69.668,-0.035,0.633,-0.65,-0.17,3.95,170.8,5.5,8.1
215.172,542.447,-0.007,-0.036,69.018,-0.001,30.716,-1.188,69.018,69.678,0.018,0.669,-0.66,-0.18,3.96,-171.9,-10.5,8.3
215.266,542.447,-0.002,-0.039,69.018,-0.0,30.713,-1.308,69.018,69.678,0.011,0.666,-0.66,-0.2,3.95,-169.1,-9.9,8.5
215.371,542.447,0.0,-0.038,69.018,0.0,30.7,-1.381,69.018,69.678,0.007,0.663,-0.66,-0.2,3.97,165.3,-17.5,9.8
215.472,542.447,-0.0,-0.037,69.018,-0.0,30.675,-1.674,69.018,69.678,0.004,0.662,-0.66,-0.19,3.98,170.6,3.0,7.8
215.568,542.447,-0.009,-0.041,69.018,-0.001,30.693,-1.3,69.018,69.678,0.002,0.661,-0.66,-0.17,3.96,171.8,-9.5,8.0
215.674,542.447,-0.027,-0.035,69.018,-0.003,30.697,-1.276,69.018,69.698,0.08,0.72,-0.68,-0.17,4.12,174.6,-3.1,8.2
215.766,542.447,-0.038,-0.037,69.018,-0.005,30.734,-1.346,69.018,69.688,0.009,0.674,-0.67,-0.17,3.99,168.7,3.4,7.1
215.865,542.447,0.004,-0.033,69.018,0.001,30.702,-1.665,69.018,69.688,0.005,0.673,-0.67,-0.19,3.99,169.0,4.1,8.4
215.967,542.447,-0.016,-0.041,69.018,-0.002,30.707,-1.48,69.018,69.688,0.003,0.672,-0.67,-0.24,4.02,-167.5,-0.9,10.8
216.069,542.447,0.008,-0.035,69.018,0.001,30.713,-1.191,69.018,69.688,0.002,0.671,-0.67,-0.27,3.97,-167.7,-14.8,11.2
216.167,542.447,-0.008,-0.027,69.018,-0.001,30.727,-1.933,69.018,69.688,0.001,0.671,-0.67,-0.23,4.02,-167.8,-1.9,14.3
216.269,542.447,0.007,-0.034,69.018,0.001,30.675,-1.425,69.018,69.678,-0.038,0.641,-0.66,-0.14,3.98,-172.7,-12.7,15.5
216.37,542.447,0.021,-0.034,69.018,0.003,30.697,-1.491,69.018,69.668,-0.063,0.619,-0.65,-0.11,4.02,167.9,3.1,15.8
216.469,542.447,-0.013,-0.04,69.018,-0.002,30.723,-1.459,69.018,69.658,-0.077,0.601,-0.64,-0.15,4.04,175.0,-7.4,16.1
216.567,542.447,0.054,-0.04,69.018,0.007,30.704,-1.596,69.018,69.638,-0.126,0.557,-0.62,-0.21,4.02,-163.1,-28.2,13.1
216.671,542.447,0.048,-0.037,69.018,0.006,30.691,-1.555,69.018,69.618,-0.155,0.523,-0.6,-0.23,4.02,-168.3,-13.2,13.5
216.77,542.447,0.012,-0.033,69.018,0.001,30.7,-1.565,69.018,69.608,-0.133,0.523,-0.59,-0.2,4.04,-176.9,-3.5,13.4
216.868,542.447,-0.025,-0.043,69.018,-0.003,30.713,-1.289,69.018,69.588,-0.159,0.49,-0.57,-0.13,4.01,-169.1,-10.5,12.1
216.973,542.447,0.018,-0.034,69.018,0.002,30.686,-1.42,69.018,69.568,-0.176,0.462,-0.55,-0.1,4.04,-172.5,-12.1,10.7
217.067,542.447,0.011,-0.039,69.018,0.001,30.695,-1.331,69.018,69.548,-0.185,0.438,-0.53,-0.15,4.05,-171.5,-11.2,9.5
217.168,542.447,-0.028,-0.045,69.018,-0.004,30.709,-1.5,69.018,69.518,-0.231,0.385,-0.5,-0.26,4.12,-166.2,4.0,10.0
217.268,542.447,0.006,-0.032,69.018,0.001,30.691,-1.246,69.018,69.528,-0.101,0.459,-0.51,-0.34,4.08,-177.6,-3.1,6.7
217.37,542.446,-0.006,-0.044,69.018,-0.001,30.691,-1.435,69.018,69.528,-0.061,0.479,-0.51,-0.25,4.11,-163.7,0.3,6.1
217.469,542.447,0.024,-0.03,69.018,0.003,30.72,-1.483,69.018,69.568,0.12,0.61,-0.55,-0.05,4.35,171.6,-12.9,3.9
217.576,542.447,-0.02,-0.039,69.018,-0.003,30.684,-1.316,69.018,69.588,0.151,0.646,-0.57,0.03,4.38,-172.8,-14.9,2.4
217.668,542.447,-0.0,-0.038,69.018,-0.0,30.704,-1.354,69.018,69.608,0.17,0.675,-0.59,-0.1,4.36,177.9,11.8,1.8
217.768,542.447,-0.003,-0.038,69.018,-0.0,30.686,-1.233,69.018,69.608,0.103,0.642,-0.59,-0.35,4.28,175.0,-14.6,-0.8
217.868,542.447,-0.004,-0.034,69.018,-0.001,30.686,-1.313,69.018,69.618,0.102,0.651,-0.6,-0.36,4.23,-175.9,0.2,-3.6
217.968,542.447,0.012,-0.036,69.018,0.001,30.704,-1.529,69.018,69.608,0.023,0.601,-0.59,-0.26,4.08,164.2,5.0,-5.8
218.068,542.447,-0.0,-0.042,69.018,-0.0,30.702,-1.467,69.018,69.618,0.053,0.627,-0.6,-0.06,4.07,-170.4,8.0,-2.0
218.167,542.447,-0.003,-0.027,69.018,-0.0,30.688,-1.619,69.018,69.658,0.19,0.735,-0.64,-0.12,4.26,-179.2,-16.0,-4.4
218.269,542.447,-0.021,-0.035,69.018,-0.003,30.704,-1.883,69.018,69.628,-0.003,0.609,-0.61,-0.32,4.08,175.8,-22.6,-5.2
218.368,542.447,-0.019,-0.042,69.018,-0.002,30.707,-1.513,69.018,69.638,0.038,0.639,-0.62,-0.45,4.04,176.0,-21.3,-6.3
218.47,542.447,0.031,-0.026,69.018,0.004,30.7,-1.692,69.018,69.638,0.023,0.631,-0.62,-0.34,4.05,-163.7,6.9,-3.7
218.57,542.447,0.017,-0.041,69.018,0.002,30.691,-1.628,69.018,69.648,0.053,0.657,-0.63,-0.14,4.1,170.2,3.5,-6.9
218.668,542.447,0.004,-0.039,69.018,0.001,30.707,-1.369,69.018,69.688,0.19,0.765,-0.67,-0.11,4.3,-165.2,-18.4,-9.2
218.769,542.447,0.022,-0.035,69.018,0.003,30.695,-1.783,69.018,69.678,0.076,0.698,-0.66,-0.24,4.2,-176.5,2.3,-7.9
218.868,542.447,0.034,-0.041,69.018,0.004,30.709,-1.249,69.018,69.648,-0.072,0.594,-0.63,-0.33,4.05,-177.4,-19.1,-9.0
218.967,542.447,-0.013,-0.041,69.018,-0.002,30.695,-1.539,69.018,69.658,-0.004,0.638,-0.64,-0.3,4.12,-164.3,-21.0,-11.2
219.069,542.447,0.01,-0.031,69.018,0.001,30.716,-1.541,69.018,69.648,-0.042,0.609,-0.63,-0.17,4.07,174.5,-26.4,-8.6
219.174,542.447,0.002,-0.046,69.018,0.0,30.704,-1.532,69.018,69.648,-0.025,0.617,-0.63,-0.13,4.08,-167.0,8.9,-6.4
219.27,542.447,0.005,-0.03,69.018,0.001,30.697,-1.362,69.018,69.658,0.023,0.652,-0.64,-0.2,4.09,-179.7,-15.9,-8.8
219.369,542.447,-0.023,-0.032,69.018,-0.003,30.704,-1.566,69.018,69.648,-0.026,0.617,-0.63,-0.27,4.08,-170.2,1.4,-7.4
219.468,542.447,-0.003,-0.023,69.018,-0.0,30.72,-1.382,69.018,69.658,0.023,0.651,-0.64,-0.25,4.08,-175.6,-19.6,-9.1
219.572,542.447,-0.005,-0.038,69.018,-0.001,30.693,-1.31,69.018,69.668,0.054,0.677,-0.65,-0.17,4.09,-177.9,-14.0,-8.8
219.674,542.447,0.014,-0.041,69.018,0.002,30.7,-1.548,69.018,69.668,0.033,0.666,-0.65,-0.15,4.08,-175.2,0.9,-8.1
219.772,542.447,-0.011,-0.03,69.018,-0.001,30.709,-1.184,69.018,69.678,0.059,0.69,-0.66,-0.21,4.09,-175.4,-14.4,-10.0
219.872,542.447,0.015,-0.04,69.018,0.002,30.702,-1.42,69.018,69.688,0.075,0.708,-0.67,-0.24,4.09,-163.3,-21.2,-12.4
219.969,542.447,-0.016,-0.041,69.018,-0.002,30.709,-1.475,69.018,69.678,0.006,0.663,-0.66,-0.19,4.08,-169.0,-7.5,-9.6
220.073,542.447,0.009,-0.039,69.018,0.001,30.711,-1.328,69.018,69.688,0.042,0.691,-0.67,-0.14,4.1,170.9,1.4,-11.0
220.168,542.447,-0.012,-0.032,69.018,-0.001,30.691,-1.459,69.018,69.678,-0.014,0.653,-0.66,-0.18,4.07,-178.4,-20.1,-11.3
220.27,542.447,-0.017,-0.03,69.018,-0.002,30.707,-1.219,69.018,69.678,-0.009,0.656,-0.66,-0.26,4.07,-165.4,9.8,-8.7
220.367,542.447,-0.006,-0.039,69.018,-0.001,30.713,-1.524,69.018,69.678,-0.005,0.657,-0.66,-0.24,4.05,-166.4,10.0,-9.0
220.47,542.447,0.016,-0.038,69.018,0.002,30.707,-1.444,69.018,69.678,-0.003,0.658,-0.66,-0.18,4.1,-172.8,1.6,-10.2
220.57,542.447,0.027,-0.035,69.018,0.003,30.7,-1.637,69.018,69.698,0.077,0.718,-0.68,-0.17,4.19,-172.7,8.9,-9.3
220.668,542.447,0.006,-0.035,69.018,0.001,30.7,-1.507,69.018,69.678,-0.032,0.644,-0.66,-0.23,4.1,-176.7,-15.7,-11.2
220.767,542.447,0.009,-0.04,69.018,0.001,30.716,-1.115,69.018,69.668,-0.059,0.621,-0.65,-0.29,4.07,-177.4,-19.6,-11.0
220.867,542.447,0.005,-0.037,69.018,0.001,30.729,-1.439,69.018,69.668,-0.036,0.632,-0.65,-0.26,4.07,-166.1,8.9,-6.4
220.97,542.447,-0.006,-0.034,69.018,-0.001,30.725,-1.553,69.018,69.668,-0.022,0,-0.65,-0.17,4.08,-173.4,0.3,-6.7
221.068,542.447,-0.04,-0.025,69.018,-0.005,30.711,-1.267,69.018,69.678,0.026,0,-0.66,-0.15,4.08,-177.6,-20.2,-6.7
221.17,542.447,0.003,-0.034,69.018,0.0,30.684,-1.633,69.018,69.668,-0.024,0,-0.65,-0.23,4.06,-168.7,8.9,-3.8
221.269,542.447,-0.026,-0.032,69.018,-0.003,30.729,-1.447,69.018,69.678,0.025,0,-0.66,-0.31,4.05,-163.8,7.9,-2.1
221.368,542.447,-0.015,-0.035,69.018,-0.002,30.723,-1.579,69.018,69.708,0.133,0,-0.69,-0.28,4.2,-177.8,-21.0,-5.9
221.47,542.447,0.028,-0.028,69.018,0.004,30.688,-1.565,69.018,69.698,0.042,0,-0.68,-0.16,4.19,177.9,-23.8,-1.2
221.574,542.447,-0.004,-0.041,69.018,-0.0,30.711,-1.547,69.018,69.718,0.104,0,-0.7,-0.12,4.25,172.0,4.5,-4.8
221.669,542.447,-0.005,-0.037,69.018,-0.001,30.704,-1.394,69.018,69.718,0.063,0,-0.7,-0.19,4.29,173.8,-17.9,-0.4
221.77,542.447,-0.007,-0.041,69.018,-0.001,30.691,-1.7,69.018,69.688,-0.08,0,-0.67,-0.26,4.08,173.1,3.8,-2.7
221.869,542.447,0.033,-0.033,69.018,0.004,30.709,-1.232,69.018,69.688,-0.048,0,-0.67,-0.24,4.04,166.1,-17.8,-0.2
221.972,542.447,0.004,-0.04,69.018,0.0,30.693,-1.143,69.018,69.698,0.01,0,-0.68,-0.12,4.06,168.9,0.6,-3.1
222.071,542.447,-0.031,-0.041,69.018,-0.004,30.7,-1.534,69.018,69.688,-0.033,0,-0.67,-0.01,4.04,-169.3,-25.5,-1.5
222.171,542.447,-0.054,-0.044,69.018,-0.007,30.7,-1.918,69.018,69.688,-0.02,0,-0.67,-0.0,4.23,179.0,2.0,0.7
222.272,542.447,-0.007,-0.04,69.018,-0.001,30.702,-1.189,69.018,69.658,-0.13,0.575,-0.64,-0.11,4.21,-177.5,-23.4,1.0
222.371,542.446,-0.036,-0.038,69.018,-0.005,30.711,-1.413,69.018,69.638,-0.158,0.541,-0.62,-0.2,4.28,-170.0,-25.2,-0.3
222.471,542.446,0.038,-0.036,69.018,0.005,30.707,-1.402,69.018,69.578,-0.332,0.394,-0.56,-0.12,4.09,-170.0,-23.7,-0.1
222.573,542.446,0.016,-0.041,69.018,0.002,30.691,-1.398,69.018,69.558,-0.28,0.4,-0.54,0.04,4.1,165.4,-16.4,3.9
222.674,542.446,0.018,-0.037,69.018,0.002,30.723,-1.496,69.018,69.538,-0.247,0.397,-0.52,0.12,4.08,169.0,6.8,1.8
222.774,542.446,0.022,-0.036,69.018,0.003,30.659,-1.523,69.018,69.538,-0.15,0.445,-0.52,0.05,4.1,166.6,-16.7,4.8
222.872,542.446,-0.014,-0.037,69.018,-0.002,30.707,-1.538,69.018,69.548,-0.051,0.504,-0.53,-0.1,4.23,-179.0,-17.0,3.3
222.972,542.446,0.066,-0.029,69.018,0.008,30.702,-1.871,69.018,69.528,-0.109,0.455,-0.51,-0.19,4.05,-165.5,-28.9,-0.0
223.071,542.446,0.044,-0.04,69.018,0.006,30.72,-1.385,69.018,69.528,-0.066,0.477,-0.51,-0.14,4.04,-178.4,0.7,2.6
223.172,542.446,0.013,-0.04,69.018,0.002,30.709,-1.427,69.018,69.528,-0.04,0.49,-0.51,-0.02,4.02,171.0,7.4,1.8
223.271,542.446,0.004,-0.041,69.018,0.0,30.707,-1.23,69.018,69.538,0.015,0.528,-0.52,0.06,4.03,165.9,-14.9,4.0
223.372,542.446,0.025,-0.034,69.018,0.003,30.709,-1.814,69.018,69.548,0.048,0.554,-0.53,-0.0,4.12,-173.1,-17.8,2.3
223.473,542.446,0.011,-0.039,69.018,0.001,30.72,-1.703,69.018,69.548,0.029,0.545,-0.53,-0.14,4.13,173.5,10.2,2.2
223.572,542.446,0.016,-0.035,69.018,0.002,30.711,-1.614,69.018,69.528,-0.061,0.479,-0.51,-0.2,4.0,-175.6,-16.6,1.2
223.673,542.446,-0.002,-0.037,69.018,-0.0,30.718,-1.562,69.018,69.538,0.002,0.521,-0.52,-0.13,4.15,-173.5,-17.7,2.8
223.774,542.446,-0.024,-0.037,69.018,-0.003,30.704,-1.405,69.018,69.548,0.04,0.55,-0.53,-0.01,4.18,-179.0,-16.6,4.0
223.875,542.446,0.0,-0.039,69.018,0.0,30.723,-1.395,69.018,69.548,0.024,0.542,-0.53,0.06,4.2,168.1,12.6,1.8
223.973,542.446,0.015,-0.043,69.018,0.002,30.716,-1.446,69.018,69.538,-0.024,0.508,-0.52,0.01,4.18,172.2,5.8,3.6
224.075,542.446,0.002,-0.039,69.018,0.0,30.713,-1.488,69.018,69.528,-0.054,0.483,-0.51,-0.09,4.1,-168.3,5.5,4.4
224.175,542.446,0.04,-0.038,69.018,0.005,30.716,-1.517,69.018,69.518,-0.072,0.464,-0.5,-0.14,4.09,170.9,-17.2,4.5
224.273,542.446,-0.044,-0.044,69.018,-0.006,30.723,-1.518,69.018,69.518,-0.044,0.478,-0.5,-0.09,4.05,-173.8,-16.5,2.6
224.375,542.446,-0.013,-0.04,69.018,-0.002,30.739,-1.325,69.018,69.518,-0.027,0.487,-0.5,0.01,4.05,-167.9,-21.9,2.0
224.472,542.446,-0.014,-0.042,69.018,-0.002,30.718,-1.941,69.018,69.528,0.023,0.522,-0.51,0.08,4.1,167.5,-15.4,4.8
224.571,542.446,0.027,-0.039,69.018,0.003,30.704,-1.467,69.018,69.538,0.053,0.547,-0.52,0.05,4.27,169.5,-14.4,5.2
224.674,542.446,-0.0,-0.045,69.018,-0.0,30.729,-1.733,69.018,69.508,-0.086,0.447,-0.49,-0.03,4.01,170.7,12.1,1.2
224.775,542.446,-0.044,-0.043,69.018,-0.006,30.716,-1.451,69.018,69.528,0.027,0.523,-0.51,-0.09,4.06,168.2,-16.8,3.0
224.875,542.446,-0.01,-0.04,69.018,-0.001,30.718,-1.89,69.018,69.518,-0.023,0.489,-0.5,-0.07,4.03,171.5,9.4,0.9
224.974,542.446,-0.002,-0.04,69.018,-0.0,30.707,-1.879,69.018,69.538,0.065,0.552,-0.52,0.0,4.15,-179.5,-19.2,2.1
225.073,542.446,-0.025,-0.042,69.018,-0.003,30.716,-1.615,69.018,69.528,-0.0,0.51,-0.51,0.05,4.03,-168.9,-24.5,-0.8
225.171,542.446,0.007,-0.035,69.018,0.001,30.729,-1.519,69.018,69.538,0.039,0.54,-0.52,0.03,4.16,-175.5,-22.5,0.6
225.272,542.446,0.03,-0.039,69.018,0.004,30.7,-1.897,69.018,69.538,0.024,0.532,-0.52,-0.04,4.23,-168.0,-24.8,-0.9
225.372,542.446,0.046,-0.031,69.018,0.006,30.711,-1.333,69.018,69.528,-0.025,0.498,-0.51,-0.1,4.19,-170.7,-28.0,-1.1
225.475,542.446,0.02,-0.032,69.018,0.003,30.718,-1.437,69.018,69.518,-0.054,0.473,-0.5,-0.1,4.07,168.6,17.2,-2.2
225.572,542.446,-0.021,-0.04,69.018,-0.003,30.72,-1.691,69.018,69.508,-0.072,0.454,-0.49,-0.07,4.11,168.6,8.4,-2.7
225.673,542.446,0.046,-0.033,69.018,0.006,30.72,-1.846,69.018,69.528,0.035,0.528,-0.51,-0.08,4.27,-169.8,-25.0,-1.1
225.774,542.446,0.028,-0.033,69.018,0.004,30.718,-1.557,69.018,69.528,0.021,0.521,-0.51,-0.13,4.3,-165.3,-19.1,-5.0
225.873,542.446,-0.03,-0.039,69.018,-0.004,30.718,-1.681,69.018,69.508,-0.066,0.457,-0.49,-0.15,4.24,-179.7,10.9,-1.9
225.973,542.446,0.031,-0.038,69.018,0.004,30.695,-1.559,69.018,69.518,-0.001,0.5,-0.5,-0.15,4.33,-175.3,8.0,2.2
226.074,542.446,-0.045,-0.042,69.018,-0.006,30.716,-1.42,69.018,69.498,-0.079,0.44,-0.48,-0.14,4.23,179.7,14.2,0.8
226.173,542.446,0.048,-0.037,69.018,0.006,30.711,-1.885,69.018,69.508,-0.009,0.486,-0.49,-0.13,4.28,-167.7,-29.9,-1.4
226.27,542.446,0.036,-0.039,69.018,0.005,30.707,-1.74,69.018,69.498,-0.045,0.458,-0.48,-0.11,4.25,180.0,12.7,0.7
226.371,542.446,0.003,-0.045,69.018,0.0,30.707,-1.706,69.018,69.518,0.052,0.526,-0.5,-0.08,4.42,-176.0,-25.4,-4.7
226.472,542.446,0.023,-0.038,69.018,0.003,30.718,-1.888,69.018,69.508,-0.008,0.486,-0.49,-0.09,4.33,175.1,-27.0,1.2
226.573,542.446,0.013,-0.04,69.018,0.002,30.718,-1.589,69.018,69.518,0.034,0.517,-0.5,-0.15,4.33,-172.2,14.1,2.2
226.672,542.446,-0.004,-0.035,69.018,-0.001,30.711,-1.642,69.018,69.498,-0.058,0.451,-0.48,-0.18,4.19,176.4,-23.7,-1.2
226.771,542.446,0.055,-0.046,69.018,0.007,30.725,-1.741,69.018,69.498,-0.035,0.463,-0.48,-0.17,4.28,-174.7,-23.7,-4.2
226.871,542.446,0.013,-0.038,69.018,0.002,30.718,-1.7,69.018,69.498,-0.021,0.469,-0.48,-0.13,4.27,-179.2,15.1,0.4
226.976,542.446,-0.025,-0.041,69.018,-0.003,30.691,-1.479,69.018,69.518,0.066,0.533,-0.5,-0.12,4.41,-173.4,-28.6,0.0
227.078,542.446,-0.01,-0.047,69.018,-0.001,30.707,-1.335,69.018,69.498,-0.039,0.461,-0.48,-0.12,4.24,175.6,16.6,0.7
227.181,542.446,0.051,-0.036,69.018,0.006,30.691,-1.307,69.018,69.508,0.016,0.498,-0.49,-0.12,4.28,173.7,15.8,1.5
227.282,542.446,-0.023,-0.042,69.018,-0.003,30.707,-1.308,69.018,69.498,-0.03,0.465,-0.48,-0.11,4.21,-172.8,8.9,2.7
227.379,542.446,-0.021,-0.04,69.018,-0.003,30.693,-1.163,69.018,69.528,0.1,0.56,-0.51,-0.11,4.38,-174.4,4.1,5.5
227.472,542.446,-0.043,-0.036,69.018,-0.005,30.713,-1.231,69.018,69.508,-0.018,0.481,-0.49,-0.09,4.12,-168.5,-26.6,2.4
227.571,542.446,0.007,-0.049,69.018,0.001,30.718,-1.704,69.018,69.538,0.107,0.574,-0.52,-0.06,4.24,-179.0,-23.4,6.7
227.679,542.446,0.042,-0.041,69.018,0.005,30.707,-1.647,69.018,69.538,0.065,0.552,-0.52,-0.05,4.16,-171.1,5.0,7.0
227.771,542.446,-0.028,-0.047,69.018,-0.004,30.7,-1.347,69.018,69.528,0.0,0.51,-0.51,-0.08,4.08,168.2,16.4,4.2
227.872,542.446,0.008,-0.042,69.018,0.001,30.695,-1.797,69.018,69.528,0.0,0.51,-0.51,-0.12,4.08,171.3,11.9,5.2
227.975,542.446,-0.007,-0.044,69.018,-0.001,30.713,-1.686,69.018,69.548,0.079,0.569,-0.53,-0.13,4.23,-169.5,-29.2,5.4
228.074,542.446,0.046,-0.037,69.018,0.006,30.7,-1.769,69.018,69.528,-0.031,0.495,-0.51,-0.08,4.07,-175.5,-17.0,4.7
228.175,542.446,0.023,-0.033,69.018,0.003,30.697,-1.922,69.018,69.538,0.02,0.53,-0.52,-0.04,4.02,166.7,8.3,3.1
228.272,542.446,0.007,-0.04,69.018,0.001,30.704,-1.491,69.018,69.578,0.17,0.645,-0.56,-0.09,4.15,174.3,-4.3,3.9
228.375,542.446,0.032,-0.043,69.018,0.004,30.704,-1.67,69.018,69.588,0.142,0.641,-0.57,-0.17,4.0,-168.8,-20.1,1.1
228.473,542.446,-0.017,-0.052,69.018,-0.002,30.702,-1.545,69.018,69.558,-0.032,0.524,-0.54,-0.22,4.02,174.3,5.6,0.1
228.574,542.446,0.003,-0.046,69.018,0.0,30.709,-1.723,69.018,69.578,0.059,0.59,-0.56,-0.22,4.31,-175.6,-23.1,-0.4
228.675,542.446,-0.025,-0.046,69.018,-0.003,30.716,-1.691,69.018,69.538,-0.122,0.459,-0.52,-0.13,4.01,-168.2,8.0,-2.2
228.773,542.446,-0.031,-0.039,69.018,-0.004,30.693,-1.503,69.018,69.528,-0.113,0.453,-0.51,-0.07,3.92,-170.1,8.0,-3.8
228.871,542.446,-0.007,-0.041,69.018,-0.001,30.725,-1.636,69.018,69.528,-0.069,0.476,-0.51,-0.07,4.07,-172.7,-12.9,-7.7
228.974,542.446,0.017,-0.04,69.018,0.002,30.716,-1.227,69.018,69.508,-0.12,0.43,-0.49,-0.1,4.14,-169.1,-5.6,-8.5
229.075,542.446,-0.065,-0.046,69.018,-0.008,30.695,-1.745,69.018,69.468,-0.23,0.335,-0.45,-0.11,3.98,179.1,-12.2,-8.3
229.173,542.446,-0.004,-0.035,69.018,-0.0,30.72,-1.609,69.018,69.458,-0.179,0.35,-0.44,-0.07,3.97,-167.2,9.2,-7.0
229.274,542.446,-0.04,-0.039,69.018,-0.005,30.711,-2.071,69.018,69.438,-0.187,0.326,-0.42,0.01,3.96,170.9,-6.7,-7.0
229.376,542.446,0.03,-0.039,69.018,0.004,30.7,-1.38,69.018,69.438,-0.114,0.363,-0.42,0.04,4.09,-170.9,-4.6,-5.8
229.472,542.446,-0.007,-0.035,69.018,-0.001,30.713,-1.495,69.018,69.418,-0.148,0.326,-0.4,0.0,4.06,172.9,-9.3,-4.3
229.573,542.446,-0.004,-0.046,69.018,-0.0,30.7,-1.536,69.018,69.398,-0.167,0.296,-0.38,-0.04,4.12,167.9,-13.3,1.8
229.68,542.446,-0.028,-0.046,69.018,-0.004,30.729,-2.104,69.018,69.368,-0.22,0.24,-0.35,-0.06,4.12,168.7,-11.3,4.7
229.775,542.446,-0.023,-0.045,69.018,-0.003,30.725,-1.508,69.018,69.338,-0.251,0.194,-0.32,-0.03,3.91,167.8,11.0,4.4
229.88,542.446,-0.032,-0.048,69.018,-0.004,30.729,-1.354,69.018,69.318,-0.231,0.184,-0.3,0.01,3.9,167.9,11.2,6.2
229.987,542.446,0.037,-0.042,69.018,0.005,30.725,-1.686,69.018,69.318,-0.14,0.23,-0.3,0.01,3.92,-168.7,7.0,10.4
230.073,542.446,-0.031,-0.041,69.018,-0.004,30.713,-1.894,69.018,69.318,-0.085,0.257,-0.3,-0.01,3.88,170.0,9.9,9.5
230.173,542.446,0.029,-0.04,69.018,0.004,30.718,-1.647,69.018,69.338,0.027,0.334,-0.32,-0.04,3.89,175.1,2.6,9.9
230.279,542.446,0.033,-0.034,69.018,0.004,30.727,-1.941,69.018,69.348,0.056,0.358,-0.33,-0.04,3.89,175.1,3.8,10.1
230.374,542.446,0.021,-0.041,69.018,0.003,30.734,-1.648,69.018,69.368,0.113,0.406,-0.35,-0.02,3.88,170.1,12.2,9.2
230.475,542.446,-0.032,-0.048,69.018,-0.004,30.707,-1.335,69.018,69.388,0.147,0.443,-0.37,-0.02,3.94,-169.9,2.6,10.4
230.574,542.446,-0.049,-0.043,69.018,-0.006,30.729,-1.56,69.018,69.418,0.207,0.504,-0.4,-0.03,4.03,173.5,6.0,8.5
230.673,542.446,0.007,-0.047,69.018,0.001,30.718,-2.152,69.018,69.418,0.126,0.463,-0.4,-0.07,3.89,171.7,-0.1,6.9
230.774,542.446,-0.014,-0.043,69.018,-0.002,30.704,-1.699,69.018,69.448,0.194,0.527,-0.43,-0.1,4.03,-168.3,-12.6,6.2
230.88,542.447,0.017,-0.045,69.018,0.002,30.713,-1.858,69.018,69.448,0.118,0.489,-0.43,-0.11,3.93,169.4,7.3,4.6
230.984,542.446,0.005,-0.048,69.018,0.001,30.7,-1.974,69.018,69.448,0.071,0.466,-0.43,-0.12,3.91,170.5,8.4,4.1
231.075,542.446,0.014,-0.038,69.018,0.002,30.704,-1.462,69.018,69.468,0.122,0.511,-0.45,-0.13,4.03,170.1,0.3,5.1
231.175,542.446,0.04,-0.036,69.018,0.005,30.713,-1.9,69.018,69.458,0.035,0.457,-0.44,-0.13,3.94,-158.8,3.1,6.4
231.291,542.446,0.039,-0.038,69.018,0.005,30.732,-1.912,69.018,69.468,0.06,0.48,-0.45,-0.13,4.07,176.9,-4.2,4.5
231.379,542.446,-0.004,-0.042,69.018,-0.001,30.716,-1.646,69.018,69.458,-0.003,0.439,-0.44,-0.12,3.93,169.3,6.3,3.2
231.487,542.446,0.003,-0.047,69.018,0.0,30.7,-1.427,69.018,69.458,-0.002,0.439,-0.44,-0.12,4.04,168.5,-1.2,4.3
231.583,542.446,0.008,-0.04,69.018,0.001,30.72,-1.508,69.018,69.448,-0.04,0,-0.43,-0.11,3.92,171.3,-1.7,3.9
231.687,542.446,-0.02,-0.052,69.018,-0.003,30.727,-1.569,69.018,69.458,0.014,0,-0.44,-0.12,4.07,173.9,-4.5,5.0
231.778,542.446,-0.006,-0.037,69.018,-0.001,30.695,-1.67,69.018,69.438,-0.07,0,-0.42,-0.09,3.9,-166.1,-8.2,4.1
231.876,542.446,0.022,-0.037,69.018,0.003,30.704,-1.735,69.018,69.458,0.036,0,-0.44,-0.07,4.12,-164.3,-0.5,6.7
231.975,542.446,-0.033,-0.046,69.018,-0.004,30.707,-2.086,69.018,69.448,-0.017,0,-0.43,-0.05,4.1,-179.8,1.4,5.7
232.086,542.446,0.014,-0.038,69.018,0.002,30.7,-1.737,69.018,69.428,-0.089,0,-0.41,-0.04,3.93,-164.6,-18.6,3.6
232.179,542.446,-0.037,-0.047,69.018,-0.005,30.713,-1.717,69.018,69.428,-0.054,0,-0.41,-0.05,3.9,162.3,-11.1,6.2
232.283,542.446,-0.004,-0.05,69.018,-0.0,30.7,-1.673,69.018,69.418,-0.072,0,-0.4,-0.05,3.93,164.3,-12.4,6.4
232.379,542.446,-0.001,-0.034,69.018,-0.0,30.7,-1.721,69.018,69.408,-0.083,0,-0.39,-0.04,3.91,170.1,-5.0,4.6
232.476,542.446,-0.001,-0.041,69.018,-0.0,30.713,-1.428,69.018,69.408,-0.05,0,-0.39,-0.01,3.88,162.2,-10.9,6.1
232.587,542.446,-0.006,-0.043,69.018,-0.001,30.713,-1.776,69.018,69.398,-0.07,0,-0.38,-0.0,3.95,-167.4,4.4,5.7
232.676,542.446,0.014,-0.046,69.018,0.002,30.72,-1.715,69.018,69.388,-0.082,0.329,-0.37,-0.02,3.9,169.8,-6.2,4.2
232.775,542.446,-0.02,-0.044,69.018,-0.003,30.718,-1.708,69.018,69.388,-0.05,0.345,-0.37,-0.06,3.91,171.1,-4.5,4.1
232.883,542.446,-0.023,-0.039,69.018,-0.003,30.695,-1.728,69.018,69.378,-0.069,0.325,-0.36,-0.06,3.9,-167.0,-5.1,4.4
232.977,542.446,0.015,-0.043,69.018,0.002,30.72,-1.564,69.018,69.368,-0.081,0.309,-0.35,-0.03,3.92,169.8,-5.9,4.5
233.075,542.446,-0.026,-0.048,69.018,-0.003,30.723,-1.962,69.018,69.368,-0.049,0.325,-0.35,-0.01,3.96,-164.4,-23.1,2.7
233.176,542.446,0.0,-0.035,69.018,0.0,30.72,-1.469,69.018,69.358,-0.069,0.305,-0.34,-0.02,3.97,170.0,7.4,4.0
233.276,542.446,0.017,-0.045,69.018,0.002,30.7,-1.833,69.018,69.358,-0.042,0.319,-0.34,-0.05,3.95,-163.9,5.3,5.8
233.375,542.446,0.032,-0.042,69.018,0.004,30.7,-1.764,69.018,69.358,-0.026,0.327,-0.34,-0.09,4.1,172.0,-6.6,5.7
233.483,542.446,0.012,-0.039,69.018,0.002,30.732,-1.663,69.018,69.348,-0.055,0.303,-0.33,-0.08,3.98,170.2,8.4,3.9
233.578,542.446,-0.044,-0.049,69.018,-0.006,30.716,-1.735,69.018,69.348,-0.033,0.313,-0.33,-0.05,3.99,-172.6,-17.0,4.3
233.681,542.446,-0.013,-0.049,69.018,-0.002,30.697,-1.796,69.018,69.348,-0.02,0.32,-0.33,-0.04,3.97,164.3,-17.0,6.8
233.777,542.446,0.025,-0.038,69.018,0.003,30.713,-1.837,69.018,69.348,-0.012,0.324,-0.33,-0.07,4.01,170.2,9.1,4.7
233.878,542.446,0.007,-0.05,69.018,0.001,30.713,-1.764,69.018,69.368,0.07,0.385,-0.35,-0.13,4.1,-165.2,-8.8,6.3
233.978,542.446,0.022,-0.045,69.018,0.003,30.709,-1.851,69.018,69.358,0.003,0.342,-0.34,-0.16,4.01,-173.3,-1.3,6.5
234.079,542.446,0.009,-0.044,69.018,0.001,30.702,-1.765,69.018,69.348,-0.037,0.311,-0.33,-0.14,4.01,-173.1,-3.7,7.1
234.18,542.446,0.002,-0.045,69.018,0.0,30.707,-1.319,69.018,69.338,-0.062,0.289,-0.32,-0.09,3.97,-170.6,-6.8,8.3
234.28,542.446,0.06,-0.04,69.018,0.008,30.695,-1.722,69.018,69.338,-0.038,0.301,-0.32,-0.06,3.97,174.5,-5.2,9.8
234.381,542.446,0.017,-0.041,69.018,0.002,30.704,-1.737,69.018,69.338,-0.023,0.309,-0.32,-0.08,3.95,-170.2,-6.5,11.8
234.48,542.446,0.046,-0.038,69.018,0.006,30.695,-1.414,69.018,69.338,-0.014,0.313,-0.32,-0.14,3.97,169.0,7.2,14.2
234.583,542.446,-0.056,-0.047,69.018,-0.007,30.723,-1.65,69.018,69.338,-0.008,0.316,-0.32,-0.17,3.98,-166.9,-13.5,18.4
234.68,542.446,-0.002,-0.045,69.018,-0.0,30.697,-1.91,69.018,69.358,0.074,0.377,-0.34,-0.16,4.31,-169.0,-3.4,22.8
234.78,542.446,0.019,-0.051,69.018,0.002,30.693,-1.696,69.018,69.328,-0.074,0.273,-0.31,-0.11,3.99,167.0,7.1,25.9
234.884,542.446,0.01,-0.045,69.018,0.001,30.718,-1.574,69.018,69.338,-0.005,0.317,-0.32,-0.11,4.05,161.9,9.4,28.7
234.982,542.446,0.022,-0.039,69.018,0.003,30.725,-1.642,69.018,69.348,0.036,0.348,-0.33,-0.15,4.21,-171.0,-15.7,33.5
235.087,542.446,-0.022,-0.039,69.018,-0.003,30.72,-1.482,69.018,69.358,0.061,0.371,-0.34,-0.19,4.18,179.4,-11.9,36.1
235.188,542.446,-0.024,-0.044,69.018,-0.003,30.723,-1.62,69.018,69.358,0.037,0.359,-0.34,-0.21,4.14,-179.5,6.3,37.1
235.281,542.446,-0.011,-0.042,69.018,-0.001,30.7,-1.789,69.018,69.368,0.062,0.381,-0.35,-0.23,4.16,177.9,-12.7,36.2
235.378,542.446,-0.025,-0.05,69.018,-0.003,30.72,-1.72,69.018,69.408,0.195,0.487,-0.39,-0.24,4.33,177.5,-19.5,35.2
235.487,542.446,0.014,-0.042,69.018,0.002,30.711,-1.872,69.018,69.398,0.079,0.419,-0.38,-0.25,4.03,176.2,-4.5,33.9
235.578,542.446,0.024,-0.049,69.018,0.003,30.707,-1.959,69.018,69.428,0.166,0.493,-0.41,-0.3,4.18,177.9,-14.4,31.6
235.679,542.447,-0.008,-0.048,69.018,-0.001,30.7,-2.014,69.018,69.418,0.061,0.431,-0.4,-0.32,4.06,168.2,2.9,29.6
235.788,542.446,-0.006,-0.039,69.018,-0.001,30.707,-1.775,69.018,69.418,0.037,0.419,-0.4,-0.32,4.03,169.4,4.6,28.2
235.881,542.446,0.031,-0.038,69.018,0.004,30.695,-2.14,69.018,69.428,0.062,0.441,-0.41,-0.31,4.07,-160.9,-21.2,24.8
235.985,542.446,-0.033,-0.048,69.018,-0.004,30.72,-1.478,69.018,69.428,0.037,0.429,-0.41,-0.3,4.07,-165.3,-15.8,25.2
236.081,542.446,-0.029,-0.047,69.018,-0.004,30.697,-1.557,69.018,69.428,0.023,0.421,-0.41,-0.32,4.18,-166.3,-5.7,26.5
236.178,542.446,0.027,-0.038,69.018,0.003,30.686,-1.465,69.018,69.408,-0.064,0.358,-0.39,-0.31,4.02,173.1,-10.1,26.3
236.287,542.446,-0.004,-0.04,69.018,-0.001,30.716,-2.001,69.018,69.408,-0.039,0.37,-0.39,-0.31,4.07,172.7,5.6,26.6
236.382,542.447,-0.002,-0.051,69.018,-0.0,30.693,-1.736,69.018,69.398,-0.063,0.349,-0.38,-0.28,4.11,165.2,8.1,26.4
236.481,542.446,0.01,-0.039,69.018,0.001,30.72,-1.539,69.018,69.398,-0.038,0.361,-0.38,-0.25,4.09,172.8,8.7,28.8
236.588,542.446,-0.051,-0.047,69.018,-0.007,30.716,-1.69,69.018,69.408,0.016,0.398,-0.39,-0.25,4.28,-176.3,-19.0,29.6
236.682,542.446,0.005,-0.049,69.018,0.001,30.684,-1.724,69.018,69.408,0.01,0.395,-0.39,-0.24,4.23,-174.0,6.5,30.7
236.782,542.446,-0.015,-0.041,69.018,-0.002,30.709,-1.532,69.018,69.408,0.006,0.393,-0.39,-0.25,4.22,-175.3,8.9,31.1
236.89,542.446,-0.007,-0.052,69.018,-0.001,30.718,-1.751,69.018,69.408,0.004,0.392,-0.39,-0.24,4.23,174.6,-20.0,31.4
236.984,542.446,0.013,-0.044,69.018,0.002,30.704,-1.808,69.018,69.408,0.002,0.391,-0.39,-0.22,4.13,172.8,4.7,29.7
237.086,542.446,-0.0,-0.047,69.018,-0.0,30.697,-2.172,69.018,69.408,0.001,0.391,-0.39,-0.22,4.12,-172.2,-19.2,28.9
237.188,542.446,-0.0,-0.048,69.018,-0.0,30.713,-1.883,69.018,69.408,0.001,0.39,-0.39,-0.21,4.07,176.1,-15.5,29.0
237.291,542.446,0.001,-0.049,69.018,0.0,30.691,-1.713,69.018,69.418,0.04,0.42,-0.4,-0.21,4.13,-171.5,-18.0,26.7
237.384,542.446,0.049,-0.04,69.018,0.006,30.723,-1.537,69.018,69.428,0.063,0.442,-0.41,-0.2,4.2,-179.5,8.8,27.6
237.482,542.446,0.011,-0.044,69.018,0.001,30.691,-1.817,69.018,69.428,0.039,0.429,-0.41,-0.18,4.12,-164.8,-23.6,23.9
237.583,542.446,0.026,-0.037,69.018,0.003,30.697,-1.7,69.018,69.418,-0.016,0.392,-0.4,-0.17,4.09,-171.0,11.4,27.2
237.69,542.446,-0.008,-0.047,69.018,-0.001,30.693,-1.853,69.018,69.418,-0.01,0.395,-0.4,-0.16,4.06,179.7,-19.6,26.3
237.786,542.446,0.02,-0.048,69.018,0.003,30.695,-1.903,69.018,69.428,0.033,0.427,-0.41,-0.16,4.12,-171.6,7.6,26.8
237.89,542.446,-0.054,-0.049,69.018,-0.007,30.691,-1.603,69.018,69.418,-0.019,0.39,-0.4,-0.16,4.12,-166.3,13.9,28.0
237.989,542.447,0.03,-0.041,69.018,0.004,30.718,-2.053,69.018,69.428,0.028,0.424,-0.41,-0.16,4.21,-179.2,-22.5,26.3
238.091,542.446,-0.022,-0.051,69.018,-0.003,30.677,-1.943,69.018,69.408,-0.061,0.359,-0.39,-0.14,4.04,179.8,-21.4,26.6
238.19,542.447,0.038,-0.044,69.018,0.005,30.723,-2.306,69.018,69.408,-0.037,0.372,-0.39,-0.14,4.19,176.6,13.8,26.2
238.281,542.447,-0.005,-0.055,69.018,-0.001,30.707,-2.015,69.018,69.408,-0.022,0.379,-0.39,-0.15,4.3,172.4,11.1,25.6
238.381,542.446,0.045,-0.049,69.018,0.006,30.7,-1.611,69.018,69.408,-0.014,0.383,-0.39,-0.15,4.24,-171.9,-24.0,25.3
238.487,542.446,0.01,-0.046,69.018,0.001,30.709,-1.941,69.018,69.388,-0.087,0.326,-0.37,-0.14,4.1,-173.2,9.6,27.8
238.59,542.446,-0.002,-0.047,69.018,-0.0,30.707,-1.757,69.018,69.398,-0.013,0.373,-0.38,-0.13,4.12,167.7,-25.8,30.0
238.686,542.446,-0.031,-0.047,69.018,-0.004,30.702,-1.902,69.018,69.408,0.031,0.406,-0.39,-0.13,4.2,-177.1,-17.4,28.1
238.781,542.446,-0.07,-0.049,69.018,-0.009,30.723,-2.051,69.018,69.418,0.058,0.429,-0.4,-0.14,4.18,171.4,2.6,27.7
238.885,542.446,-0.024,-0.044,69.018,-0.003,30.718,-1.914,69.018,69.418,0.035,0.418,-0.4,-0.15,4.02,-167.0,-19.2,26.6
238.989,542.446,-0.056,-0.039,69.018,-0.007,30.709,-1.57,69.018,69.438,0.1,0.47,-0.42,-0.14,3.99,-173.3,-17.1,27.1
239.082,542.446,0.036,-0.048,69.018,0.005,30.707,-1.977,69.018,69.468,0.179,0.539,-0.45,-0.14,4.15,-170.0,-7.8,25.4
239.182,542.447,0.03,-0.044,69.018,0.004,30.716,-2.141,69.018,69.468,0.109,0.504,-0.45,-0.12,3.96,-164.6,-18.1,24.1
239.289,542.446,-0.035,-0.052,69.018,-0.004,30.729,-1.394,69.018,69.478,0.105,0.513,-0.46,-0.12,3.97,159.2,8.0,21.3
239.387,542.446,0.028,-0.046,69.018,0.004,30.704,-1.732,69.018,69.498,0.142,0.551,-0.48,-0.14,3.98,-173.4,-11.0,23.2
239.492,542.447,0.03,-0.038,69.018,0.004,30.713,-1.882,69.018,69.508,0.126,0.553,-0.49,-0.14,3.93,-168.2,-9.4,21.8
239.585,542.447,-0.023,-0.056,69.018,-0.003,30.716,-1.772,69.018,69.518,0.116,0.558,-0.5,-0.13,3.88,-171.6,-2.2,21.9
239.681,542.446,-0.011,-0.046,69.018,-0.001,30.72,-1.741,69.018,69.508,0.031,0.505,-0.49,-0.1,3.95,170.4,4.3,19.4
239.782,542.446,0.037,-0.045,69.018,0.005,30.732,-1.792,69.018,69.488,-0.06,0.44,-0.47,-0.08,3.93,-173.1,-1.5,18.1
239.889,542.446,-0.013,-0.044,69.018,-0.002,30.723,-1.638,69.018,69.468,-0.115,0.392,-0.45,-0.09,3.9,-175.8,-1.2,15.3
239.982,542.446,0.037,-0.047,69.018,0.005,30.707,-1.876,69.018,69.458,-0.109,0.385,-0.44,-0.12,3.87,-174.7,-2.6,13.2
240.086,542.447,0.021,-0.045,69.018,0.003,30.702,-1.806,69.018,69.448,-0.105,0.377,-0.43,-0.15,3.84,-176.3,-0.2,11.1
240.189,542.447,-0.021,-0.045,69.018,-0.003,30.713,-1.84,69.018,69.438,-0.103,0.368,-0.42,-0.16,3.81,168.9,-18.5,11.4
240.285,542.446,0.035,-0.034,69.018,0.005,30.716,-1.7,69.018,69.418,-0.141,0.329,-0.4,-0.17,3.81,172.7,10.6,8.6
240.39,542.447,-0.016,-0.051,69.018,-0.002,30.711,-2.226,69.018,69.398,-0.164,0.298,-0.38,-0.19,3.81,176.7,-3.4,8.6
240.484,542.446,0.07,-0.037,69.018,0.009,30.707,-1.832,69.018,69.358,-0.257,0.212,-0.34,-0.22,3.8,179.6,0.5,8.3
240.583,542.446,0.034,-0.044,69.018,0.004,30.709,-2.179,69.018,69.318,-0.313,0.143,-0.3,-0.24,3.79,171.3,11.0,7.1
240.69,542.447,0.007,-0.045,69.018,0.001,30.7,-1.836,69.018,69.258,-0.426,0.027,-0.24,-0.25,3.78,173.7,10.9,7.1
240.789,542.447,-0.019,-0.044,69.018,-0.002,30.718,-2.015,0,69.188,-0.534,-0.194,-0.17,-0.24,3.78,-171.8,-6.2,6.7
240.889,542.437,-0.734,0.098,69.017,-0.093,30.697,5.219,0,69.097,-0.683,-0.523,-0.08,-0.23,3.75,-167.2,-1.0,7.5
240.983,542.284,-2.958,0.154,68.997,-0.376,30.652,7.643,0,68.977,-0.884,-0.884,0.02,-0.24,3.91,177.0,0.1,8.3
241.083,541.846,-6.201,0.202,68.942,-0.789,30.56,8.427,0,68.852,-1.03,-1.03,0.09,-0.23,3.77,-172.5,4.4,7.6
241.184,541.109,-8.443,0.118,68.848,-1.074,30.565,4.929,0,68.728,-1.112,-1.112,0.12,-0.23,3.76,-170.3,3.9,6.8
241.284,540.225,-8.807,0.024,68.735,-1.121,30.677,1.883,0,68.655,-0.96,-0.96,0.08,-0.24,3.76,-169.3,-12.7,5.7
241.386,539.344,-8.153,-0.107,68.623,-1.037,30.759,-4.735,0,68.553,-0.984,-1.014,0.07,-0.24,3.71,-175.2,-2.9,5.9
241.484,538.599,-7.366,0.043,68.528,-0.937,30.679,2.787,0,68.448,-1.009,-1.045,0.08,-0.26,3.8,177.7,15.0,7.8
241.584,537.817,-8.11,0.03,68.429,-1.032,30.691,2.652,0,68.329,-1.082,-1.116,0.1,-0.26,3.69,174.9,13.9,5.4
241.687,536.975,-9.005,0.011,68.322,-1.146,30.679,-0.071,0,68.242,-0.999,-1.078,0.08,-0.27,3.7,168.8,-5.7,5.7
241.786,536.095,-8.76,-0.033,68.21,-1.115,30.729,-1.929,0,68.18,-0.85,-0.91,0.03,-0.27,3.72,174.3,13.1,4.6
241.886,535.262,-7.624,-0.108,68.104,-0.97,30.759,-3.098,0,68.164,-0.578,-0.578,-0.06,-0.26,3.7,170.1,-7.4,5.0
241.987,534.588,-5.319,-0.179,68.018,-0.677,30.759,-5.937,0,68.168,-0.334,-0.334,-0.15,-0.26,3.82,-166.6,-17.4,3.4
242.083,534.164,-2.813,-0.17,67.964,-0.358,30.727,-8.222,0,68.194,-0.1,-0.1,-0.23,-0.24,3.66,175.7,2.3,4.6
242.184,533.967,-0.73,-0.117,67.939,-0.093,30.704,-3.702,69.018,68.259,0.195,0.195,-0.32,-0.22,3.76,-168.5,-14.3,4.6
242.282,533.97,0.863,-0.136,67.939,0.11,30.677,-6.868,69.018,68.309,0.316,0.351,-0.37,-0.17,3.72,-162.3,5.7,7.9
242.384,534.11,2.226,-0.241,67.957,0.283,30.622,-9.583,69.018,68.387,0.498,0.607,-0.43,-0.11,3.65,175.8,3.5,6.1
242.486,534.438,4.77,-0.172,67.999,0.607,30.574,-8.418,69.018,68.469,0.62,0.818,-0.47,-0.06,3.67,170.8,-18.1,8.4
242.584,534.959,6.564,-0.17,68.065,0.835,30.563,-7.462,69.018,68.545,0.677,0.972,-0.48,-0.04,3.58,168.9,15.8,7.0
242.685,535.645,7.653,-0.171,68.153,0.974,30.51,-8.252,69.018,68.653,0.832,1.181,-0.5,-0.04,3.6,176.2,8.7,8.2
242.785,536.46,9.376,-0.186,68.256,1.193,30.519,-6.918,69.018,68.776,0.992,1.38,-0.52,-0.04,3.61,176.0,10.1,8.7
242.884,537.431,11.001,-0.181,68.38,1.4,30.464,-7.721,69.018,68.92,1.166,1.587,-0.54,-0.04,3.72,175.7,-23.0,11.5
242.987,538.561,12.314,-0.173,68.524,1.567,30.398,-6.45,69.018,69.034,1.155,1.652,-0.51,-0.03,3.62,169.7,14.3,9.6
243.087,539.824,13.026,-0.13,68.684,1.657,30.423,-5.687,69.018,69.154,1.175,1.716,-0.47,-0.03,3.67,175.5,4.3,10.8
243.187,541.03,11.06,0.163,68.838,1.407,30.736,6.081,69.018,69.238,1.041,1.622,-0.4,-0.03,3.65,176.4,7.8,10.3
243.286,541.876,6.691,0.148,68.945,0.851,30.741,5.614,69.018,69.325,0.977,1.505,-0.38,-0.03,3.8,173.6,-12.0,11.5
243.384,542.342,2.949,0.043,69.005,0.375,30.704,2.917,69.018,69.415,0.943,1.385,-0.41,-0.03,3.68,173.2,10.4,9.4
243.488,542.499,0.107,0.053,69.025,0.014,30.688,1.522,69.018,69.515,0.965,1.317,-0.49,-0.03,3.66,169.2,14.9,8.7
243.586,542.457,-0.371,-0.077,69.019,-0.047,30.681,-2.781,69.018,69.639,1.076,1.356,-0.62,-0.04,3.74,177.8,-25.6,11.8
243.684,542.452,0.016,-0.042,69.019,0.002,30.704,-1.992,69.018,69.669,0.768,1.153,-0.65,-0.06,3.63,170.1,17.3,8.3
243.783,542.451,0.019,-0.043,69.019,0.002,30.679,-1.608,69.018,69.749,0.78,1.192,-0.73,-0.08,3.78,174.3,15.6,9.1
243.887,542.451,-0.044,-0.042,69.018,-0.006,30.702,-1.871,69.018,69.748,0.473,1.01,-0.73,-0.08,3.69,174.7,12.6,7.7
243.985,542.451,-0.011,-0.044,69.018,-0.001,30.713,-1.813,69.018,69.778,0.405,0.989,-0.76,-0.06,3.79,171.2,11.8,6.9
244.085,542.451,0.035,-0.034,69.018,0.004,30.702,-1.945,69.018,69.728,0.049,0.75,-0.71,-0.02,3.62,172.8,12.5,4.2
244.185,542.451,-0.009,-0.045,69.018,-0.001,30.704,-2.103,69.018,69.728,0.03,0.735,-0.71,0.01,3.78,-173.8,-32.6,4.3
244.286,542.451,0.005,-0.047,69.018,0.001,30.688,-1.872,69.018,69.698,-0.1,0.636,-0.68,0.03,3.88,178.6,10.8,3.5
244.385,542.451,-0.001,-0.041,69.018,-0.0,30.702,-1.61,69.018,69.608,-0.414,0.387,-0.59,0.03,3.56,165.9,18.6,-0.5
244.49,542.451,0.031,-0.045,69.018,0.004,30.704,-2.168,69.018,69.578,-0.369,0.378,-0.56,0.03,3.67,-169.8,-31.8,-0.3
244.588,542.451,-0.031,-0.039,69.018,-0.004,30.695,-1.634,69.018,69.528,-0.419,0.302,-0.51,0.05,3.7,-171.8,-22.1,-3.2
244.687,542.451,-0.013,-0.04,69.018,-0.002,30.704,-1.616,69.018,69.478,-0.451,0.235,-0.46,0.06,3.79,177.8,-21.0,-2.9
244.788,542.45,0.01,-0.042,69.018,0.001,30.723,-1.585,69.018,69.408,-0.548,0.117,-0.39,0.07,3.72,172.0,5.1,-4.2
244.89,542.45,-0.002,-0.047,69.018,-0.0,30.704,-1.717,69.018,69.348,-0.569,0.046,-0.33,0.07,3.58,-164.8,-20.1,-5.3
244.988,542.45,0.036,-0.04,69.018,0.005,30.7,-1.761,69.018,69.308,-0.503,0.039,-0.29,0.07,3.67,171.6,9.3,-4.6
245.09,542.45,0.033,-0.032,69.018,0.004,30.693,-1.699,69.018,69.268,-0.462,0.019,-0.25,0.08,3.58,-179.4,13.6,-2.8
245.187,542.45,0.014,-0.041,69.018,0.002,30.707,-1.748,69.018,69.258,-0.319,0.08,-0.24,0.09,3.71,179.8,-22.9,-2.6
245.297,542.45,0.017,-0.042,69.018,0.002,30.729,-1.528,69.018,69.228,-0.312,0.054,-0.21,0.1,3.66,177.5,-10.0,0.2
245.393,542.45,-0.001,-0.044,69.018,-0.0,30.711,-1.555,69.018,69.208,-0.268,0.056,-0.19,0.07,3.69,-173.1,-14.8,-1.0
245.489,542.45,0.009,-0.036,69.018,0.001,30.72,-1.547,69.018,69.198,-0.202,0.079,-0.18,0.04,3.66,167.5,16.4,0.7
245.592,542.45,0.061,-0.031,69.018,0.008,30.723,-1.743,69.018,69.208,-0.083,0.148,-0.19,0.02,3.78,170.4,-3.8,4.2
245.686,542.45,0.004,-0.038,69.018,0.001,30.679,-1.517,69.018,69.198,-0.09,0.135,-0.18,-0.0,3.72,170.9,9.4,1.9
245.786,542.45,0.002,-0.035,69.018,0.0,30.709,-1.69,69.018,69.198,-0.055,0.153,-0.18,-0.02,3.7,-164.4,5.6,4.2
245.893,542.45,0.025,-0.034,69.018,0.003,30.688,-1.654,69.018,69.188,-0.072,0,-0.17,-0.05,3.71,167.0,14.7,2.4
245.985,542.45,0.025,-0.033,69.018,0.003,30.711,-1.652,69.018,69.178,-0.084,0,-0.16,-0.08,3.59,165.6,13.8,0.8
246.084,542.45,0.0,-0.04,69.018,0.0,30.702,-1.379,69.018,69.198,0.028,0,-0.18,-0.11,3.71,169.6,7.5,2.6
246.186,542.449,0.039,-0.037,69.018,0.005,30.695,-1.667,69.018,69.218,0.096,0,-0.2,-0.13,3.75,-164.4,-20.9,0.8
246.288,542.449,-0.027,-0.035,69.018,-0.003,30.7,-1.411,69.018,69.248,0.176,0,-0.23,-0.15,3.9,178.0,-6.6,3.0
246.387,542.449,0.024,-0.024,69.018,0.003,30.711,-1.476,69.018,69.258,0.146,0,-0.24,-0.14,3.61,168.1,5.4,1.0
246.485,542.449,0.032,-0.035,69.018,0.004,30.7,-1.567,69.018,69.298,0.246,0,-0.28,-0.15,3.84,-161.3,-5.9,2.9
246.586,542.449,-0.031,-0.032,69.018,-0.004,30.697,-1.594,69.018,69.318,0.228,0,-0.3,-0.16,3.72,-164.4,-5.8,2.2
246.689,542.449,-0.024,-0.038,69.018,-0.003,30.681,-1.508,69.018,69.348,0.256,0,-0.33,-0.16,3.58,165.9,12.0,0.5
246.792,542.449,-0.015,-0.033,69.018,-0.002,30.695,-1.419,69.018,69.378,0.273,0,-0.36,-0.17,3.67,169.8,0.4,1.7
246.893,542.449,0.004,-0.04,69.018,0.001,30.707,-1.465,69.018,69.368,0.127,0,-0.35,-0.17,3.67,-166.7,-8.6,1.9
246.997,542.449,-0.014,-0.041,69.018,-0.002,30.695,-1.201,69.018,69.358,0.038,0,-0.34,-0.18,3.71,168.8,4.6,2.5
247.092,542.449,0.02,-0.038,69.018,0.003,30.688,-1.477,69.018,69.338,-0.056,0,-0.32,-0.19,3.7,-163.7,-19.2,-3.2
247.196,542.449,0.015,-0.042,69.018,0.002,30.709,-1.316,69.018,69.328,-0.073,0,-0.31,-0.19,3.72,177.4,10.2,-1.2
247.288,542.449,0.022,-0.034,69.018,0.003,30.709,-1.61,69.018,69.298,-0.162,0,-0.28,-0.16,3.59,169.1,10.3,-1.0
247.388,542.449,-0.015,-0.044,69.018,-0.002,30.695,-1.533,69.018,69.288,-0.137,0,-0.27,-0.14,3.74,-164.6,-0.7,2.8
247.488,542.449,0.004,-0.041,69.018,0.001,30.684,-1.5,69.018,69.278,-0.123,0,-0.26,-0.12,3.78,171.5,-11.1,3.9
247.595,542.449,0.005,-0.037,69.018,0.001,30.693,-1.522,69.018,69.258,-0.154,0,-0.24,-0.11,3.57,165.9,16.6,1.6
247.688,542.449,0.018,-0.032,69.018,0.002,30.711,-1.156,69.018,69.278,-0.015,0,-0.26,-0.12,3.69,169.5,13.2,4.1
247.79,542.449,-0.029,-0.033,69.018,-0.004,30.707,-1.441,69.018,69.288,0.03,0,-0.27,-0.13,3.71,171.1,15.0,4.5
247.895,542.449,0.031,-0.035,69.018,0.004,30.684,-1.371,69.018,69.298,0.058,0,-0.28,-0.13,3.65,169.4,16.3,5.3
247.993,542.449,0.012,-0.031,69.018,0.002,30.732,-1.276,69.018,69.308,0.074,0,-0.29,-0.12,3.68,169.7,16.8,4.7
248.09,542.448,-0.025,-0.04,69.018,-0.003,30.704,-1.345,69.018,69.298,0.006,0,-0.28,-0.11,3.54,165.9,19.2,2.7
248.192,542.448,-0.016,-0.039,69.018,-0.002,30.695,-1.292,69.018,69.308,0.043,0,-0.29,-0.11,3.53,164.2,18.8,2.4
248.287,542.449,0.031,-0.038,69.018,0.004,30.707,-1.402,69.018,69.318,0.065,0,-0.3,-0.12,3.67,169.3,15.3,3.8
248.391,542.448,0.017,-0.035,69.018,0.002,30.702,-1.241,69.018,69.318,0.04,0,-0.3,-0.13,3.69,172.2,8.8,3.9
248.493,542.448,-0.014,-0.031,69.018,-0.002,30.704,-1.316,68.268,69.318,0.024,2.0,-0.3,-0.13,3.86,-166.2,-16.5,3.4
248.593,542.439,-0.625,0.22,69.017,-0.08,30.668,7.883,68.268,69.297,-0.071,2.0,-0.28,-0.12,3.74,166.2,13.7,3.3
248.687,541.991,-7.212,0.318,68.96,-0.918,30.458,12.22,68.268,69.2,-0.424,2.0,-0.24,-0.12,3.72,166.5,14.9,3.4
248.787,540.865,-14.178,0.261,68.817,-1.804,30.307,10.714,68.268,69.127,-0.54,2.0,-0.31,-0.13,3.7,-161.5,-29.2,2.2
248.889,539.393,-13.928,0.114,68.629,-1.772,30.412,5.512,68.268,69.069,-0.555,2.0,-0.44,-0.15,3.73,-166.9,-23.3,4.2
248.991,538.101,-11.637,-0.262,68.465,-1.481,30.782,-9.823,68.268,69.085,-0.276,2.0,-0.62,-0.15,3.56,164.7,19.8,3.8
249.088,537.205,-6.811,-0.192,68.351,-0.867,30.764,-7.303,68.268,69.111,-0.066,2.0,-0.76,-0.14,3.56,165.0,20.5,3.7
249.193,536.679,-3.672,-0.214,68.284,-0.467,30.695,-7.294,68.268,69.164,0.168,2.0,-0.88,-0.13,3.57,167.5,16.8,3.4
249.288,536.478,-0.238,-0.2,68.259,-0.03,30.656,-8.584,68.268,69.219,0.318,2.0,-0.96,-0.13,3.7,168.4,17.9,4.5
249.387,536.505,0.696,-0.06,68.262,0.089,30.661,-3.148,68.268,69.222,0.206,2.0,-0.96,-0.14,3.7,167.4,18.1,3.9
249.487,536.539,0.045,-0.064,68.266,0.006,30.702,-2.093,69.018,69.176,-0.055,0.5,-0.91,-0.14,3.62,167.6,15.3,3.5
249.586,536.563,1.516,-0.261,68.269,0.193,30.622,-9.871,69.018,69.209,0.097,0.5,-0.94,-0.15,3.76,168.7,16.4,4.7
249.687,536.909,4.136,-0.17,68.313,0.526,30.56,-8.427,69.018,69.263,0.271,0.5,-0.95,-0.14,3.73,167.0,16.4,4.9
249.787,537.323,4.536,-0.109,68.366,0.577,30.608,-5.939,69.018,69.286,0.254,0.5,-0.92,-0.14,3.75,166.6,14.5,6.1
249.89,537.751,3.986,-0.107,68.42,0.507,30.668,-4.876,69.018,69.29,0.171,0.5,-0.87,-0.13,3.8,170.5,17.8,6.5
249.988,538.155,3.739,-0.101,68.472,0.476,30.638,-5.098,69.018,69.242,-0.087,0.5,-0.77,-0.11,3.62,163.8,17.4,3.5
250.086,538.533,3.845,-0.114,68.52,0.489,30.624,-5.551,69.018,69.28,0.097,0.5,-0.76,-0.11,3.72,167.1,16.7,4.7
250.187,538.929,4.225,-0.064,68.57,0.538,30.629,-1.427,69.018,69.29,0.1,0.5,-0.72,-0.09,3.72,166.1,14.6,4.4
250.285,539.323,3.939,-0.112,68.62,0.501,30.602,-5.571,69.018,69.26,-0.057,0.5,-0.64,-0.08,3.58,165.4,18.6,3.2
250.392,539.71,3.856,-0.121,68.67,0.491,30.624,-3.615,69.018,69.28,0.041,0.5,-0.61,-0.06,3.57,164.2,16.8,2.1
250.501,540.116,3.686,-0.135,68.721,0.469,30.656,-3.708,68.268,69.281,0.032,2.0,-0.56,-0.05,3.57,168.3,14.3,3.1
250.591,540.491,3.464,0.066,68.769,0.441,30.675,4.224,68.268,69.279,0.01,2.0,-0.51,-0.04,3.58,167.8,13.3,3.2
250.692,540.489,-3.932,0.203,68.769,-0.5,30.576,8.898,68.268,69.199,-0.307,2.0,-0.43,-0.02,3.59,-164.8,-30.3,3.1
250.791,539.802,-9.955,0.259,68.681,-1.267,30.394,11.728,68.268,69.161,-0.336,2.0,-0.48,-0.02,3.69,168.1,14.9,4.1
250.891,538.614,-11.538,0.161,68.53,-1.468,30.403,4.967,68.268,69.12,-0.364,2.0,-0.59,-0.05,3.7,171.3,12.8,4.9
250.993,537.534,-9.292,-0.163,68.393,-1.182,30.741,-7.918,68.268,69.203,0.103,2.0,-0.81,-0.08,3.82,174.9,16.7,6.9
251.09,536.835,-4.8,-0.169,68.304,-0.611,30.711,-8.097,68.268,69.104,-0.331,2.0,-0.8,-0.08,3.6,169.7,17.5,5.3
251.188,536.515,-1.73,-0.209,68.263,-0.22,30.686,-8.39,68.268,69.203,0.191,2.0,-0.94,-0.1,3.83,174.6,18.2,8.1
251.291,536.482,0.84,-0.123,68.259,0.107,30.659,-6.329,68.268,69.189,0.06,2.0,-0.93,-0.1,3.62,170.4,18.1,4.7
251.388,536.545,0.325,-0.049,68.267,0.041,30.672,-1.973,68.268,69.177,-0.011,2.0,-0.91,-0.11,3.75,168.5,18.1,5.2
251.487,536.551,-0.1,-0.076,68.268,-0.013,30.675,-3.115,69.018,69.208,0.115,0.5,-0.94,-0.13,3.88,176.4,14.4,6.4
251.587,536.574,1.643,-0.25,68.271,0.209,30.613,-9.25,69.018,69.151,-0.155,0.5,-0.88,-0.14,3.62,165.3,20.2,3.6
251.69,536.92,4.005,-0.226,68.315,0.51,30.538,-7.934,69.018,69.205,0.118,0.5,-0.89,-0.16,3.6,165.4,19.2,3.1
251.789,537.337,4.213,-0.129,68.368,0.536,30.586,-5.122,69.018,69.198,0.044,0.5,-0.83,-0.17,3.73,167.6,18.1,4.6
251.887,537.763,3.977,-0.097,68.422,0.506,30.634,-2.775,69.018,69.182,-0.036,0.5,-0.76,-0.16,3.73,166.2,17.3,3.6
251.986,538.164,3.679,-0.122,68.473,0.468,30.636,-4.625,69.018,69.163,-0.096,0.5,-0.69,-0.17,3.78,171.4,13.7,3.5
252.087,538.542,3.865,-0.125,68.521,0.492,30.622,-3.763,69.018,69.111,-0.264,0.5,-0.59,-0.17,3.62,166.2,17.3,1.6
252.189,538.939,4.445,-0.04,68.572,0.566,30.652,-3.343,69.018,69.092,-0.236,0.5,-0.52,-0.19,3.73,165.5,22.8,2.1
252.291,539.333,3.77,-0.128,68.622,0.48,30.652,-3.973,69.018,69.062,-0.26,0.5,-0.44,-0.18,3.68,166.1,23.2,3.0
252.387,539.719,3.957,-0.097,68.671,0.503,30.615,-5.652,69.018,69.041,-0.24,0.5,-0.37,-0.18,3.82,169.3,16.2,4.8
252.487,540.123,3.708,-0.104,68.722,0.472,30.622,-3.942,68.268,69.002,-0.298,2.0,-0.28,-0.16,3.53,163.7,20.7,2.8
252.588,540.483,2.425,0.136,68.768,0.309,30.672,6.424,68.268,69.008,-0.158,2.0,-0.24,-0.16,3.67,-158.4,-26.8,2.4
252.689,540.369,-4.751,0.244,68.754,-0.605,30.544,8.358,68.268,68.944,-0.351,2.0,-0.19,-0.17,3.84,176.5,2.0,6.4
252.79,539.585,-11.491,0.184,68.654,-1.462,30.373,6.386,68.268,68.844,-0.602,2.0,-0.19,-0.16,3.55,165.3,13.6,4.3
252.888,538.39,-11.177,0.117,68.502,-1.422,30.46,4.237,68.268,68.812,-0.492,2.0,-0.31,-0.16,3.54,162.6,18.1,3.5
252.991,537.363,-8.449,-0.203,68.371,-1.075,30.736,-7.8,68.268,68.921,0.129,2.0,-0.55,-0.18,3.66,166.5,17.2,5.0
253.089,536.75,-4.256,-0.203,68.293,-0.541,30.702,-7.409,68.268,68.963,0.244,2.0,-0.67,-0.19,3.7,163.1,19.1,4.0
253.189,536.491,-1.463,-0.237,68.26,-0.186,30.679,-10.036,68.268,68.93,0.019,2.0,-0.67,-0.17,3.57,164.4,21.4,3.7
253.289,536.496,0.829,-0.081,68.261,0.105,30.661,-3.37,68.268,68.921,-0.025,2.0,-0.66,-0.16,3.58,162.5,21.6,2.5
253.394,536.553,0.085,-0.06,68.268,0.011,30.677,-2.262,68.268,68.968,0.166,2.0,-0.7,-0.16,3.72,165.5,22.8,3.3
253.488,536.551,-0.056,-0.071,68.268,-0.007,30.693,-2.462,69.018,68.988,0.18,0.5,-0.72,-0.16,3.72,167.3,20.9,4.0
253.593,536.578,1.723,-0.239,68.271,0.219,30.622,-10.979,69.018,68.961,0.007,0.5,-0.69,-0.17,3.58,163.9,22.8,1.8
253.692,536.926,3.95,-0.232,68.315,0.503,30.574,-6.086,69.018,68.995,0.141,0.5,-0.68,-0.18,3.57,163.9,22.7,1.9
253.791,537.343,4.336,-0.111,68.369,0.552,30.597,-5.146,69.018,69.009,0.137,0.5,-0.64,-0.18,3.55,165.4,24.7,2.8
253.893,537.769,4.109,-0.061,68.423,0.523,30.627,-4.596,69.018,69.013,0.1,0.5,-0.59,-0.18,3.55,163.0,26.4,3.1
253.992,538.171,3.562,-0.114,68.474,0.453,30.636,-4.118,69.018,69.034,0.143,0.5,-0.56,-0.18,3.67,167.4,24.1,4.6
254.088,538.549,4.031,-0.085,68.522,0.513,30.622,-4.013,69.018,69.012,0.0,0.5,-0.49,-0.18,3.54,165.2,25.1,4.7
254.189,538.946,4.169,-0.081,68.573,0.53,30.645,-2.149,69.018,69.023,0.042,0.5,-0.45,-0.19,3.56,165.0,24.7,4.9
254.287,539.337,3.733,-0.115,68.622,0.475,30.624,-4.085,69.018,69.042,0.103,0.5,-0.42,-0.2,3.7,169.3,23.3,6.9
254.39,539.725,3.806,-0.125,68.672,0.484,30.595,-5.511,69.018,69.042,0.06,0.5,-0.37,-0.18,3.68,168.5,23.5,7.2
254.49,540.129,3.817,-0.076,68.723,0.486,30.64,-5.225,0,69.023,-0.037,14.0,-0.3,-0.15,3.5,165.2,27.7,6.3
254.589,540.49,2.606,0.149,68.769,0.332,30.67,6.515,0,68.999,0.2,14.0,-0.23,-0.14,3.51,165.7,25.2,6.0
254.69,540.394,-4.321,0.274,68.757,-0.55,30.563,8.447,0,68.887,-0.239,14.0,-0.13,-0.14,3.5,168.8,23.4,6.7
254.791,539.622,-11.314,0.235,68.659,-1.44,30.382,8.628,0,68.729,-0.958,14.0,-0.07,-0.16,3.45,169.9,25.2,6.1
254.894,538.195,-17.302,0.212,68.477,-2.201,30.236,8.582,0,68.557,-1.543,14.0,-0.08,-0.17,3.39,167.5,26.6,5.1
254.994,536.138,-23.323,0.213,68.215,-2.967,30.062,8.215,0,68.225,-2.606,-2.586,-0.01,-0.16,3.32,174.0,26.5,5.4
255.094,533.617,-24.363,0.202,67.895,-3.1,30.069,3.495,0,67.625,-3.969,-3.969,0.27,-0.13,2.97,174.1,23.7,4.5
255.193,531.403,-22.967,0.11,67.613,-2.922,30.332,6.006,0,67.083,-4.569,-4.569,0.53,-0.09,2.75,171.9,17.4,3.5
255.292,528.855,-28.222,0.246,67.289,-3.591,29.921,12.694,0,66.499,-5.081,-5.081,0.79,-0.05,2.55,169.0,13.4,2.1
255.395,525.69,-33.23,0.419,66.886,-4.228,29.555,13.975,0,65.886,-5.479,-5.479,1.0,-0.0,2.47,164.3,9.2,1.3
255.499,521.902,-41.763,0.242,66.404,-5.314,29.542,9.451,0,65.224,-5.934,-6.109,1.18,0.07,2.42,171.9,6.6,-3.3
255.607,517.605,-43.683,0.335,65.857,-5.558,29.201,10.257,0,64.517,-6.373,-6.789,1.34,0.16,2.36,173.1,2.7,-6.8
255.708,512.845,-50.018,0.239,65.252,-6.364,29.208,11.11,0,63.782,-6.772,-7.425,1.47,0.26,2.29,174.1,0.3,-10.9
255.802,507.616,-53.228,0.382,64.586,-6.772,28.861,13.212,0,63.782,-6.772,-6.772,,,,,,
255.899,501.907,-57.302,0.275,63.86,-7.291,29.124,7.586,0,63.782,-6.772,-6.772,,,,,,
255.999,496.457,-54.407,0.081,63.166,-6.922,29.944,0.993,0,63.782,-6.772,-6.772,,,,,,
256.1,491.104,-52.157,0.045,62.485,-6.636,30.316,-0.513,0,63.782,-6.772,-6.772,,,,,,
256.197,485.79,-53.472,-0.001,61.809,-6.803,30.343,1.563,0,63.782,-6.772,-6.772,,,,,,
256.299,480.502,-52.977,0.081,61.136,-6.741,30.147,2.917,0,63.782,-6.772,-6.772,,,,,,
256.397,475.192,-52.0,0.068,60.461,-6.616,30.243,2.804,0,63.782,-6.772,-6.772,,,,,,
256.5,469.772,-53.232,0.013,59.771,-6.773,30.302,4.222,0,63.782,-6.772,-6.772,,,,,,
256.6,464.473,-53.305,0.08,59.097,-6.782,30.186,2.398,0,63.782,-6.772,-6.772,,,,,,
256.698,459.158,-51.936,0.047,58.421,-6.608,30.213,0.726,0,63.782,-6.772,-6.772,,,,,,
256.803,453.846,-54.729,-0.008,57.745,-6.963,30.332,0.581,57.745,57.745,-6.772,0,,,,,,
256.897,448.562,-50.61,-0.009,57.073,-6.439,30.567,-2.83,57.073,57.073,-6.772,0,,,,,,
256.997,443.684,-43.538,-0.172,56.452,-5.539,31.312,-6.638,56.452,56.452,-6.772,0,,,,,,
257.095,439.507,-39.239,-0.298,55.92,-4.993,31.463,-15.404,55.92,55.92,-6.772,0,,,,,,
257.198,435.961,-34.461,-0.427,55.469,-4.385,31.568,-16.041,55.469,55.469,-6.772,0,,,,,,
257.299,432.996,-28.106,-0.593,55.092,-3.576,31.591,-24.012,55.092,55.092,-6.772,0,,,,,,
257.401,430.702,-19.414,-0.434,54.8,-2.47,31.374,-19.484,54.8,54.8,-6.772,0,,,,,,
257.5,429.054,-14.527,-0.61,54.59,-1.848,31.157,-20.994,54.59,54.59,-6.772,0,,,,,,
257.602,428.039,-7.976,-0.571,54.461,-1.015,30.878,-23.123,54.461,54.461,-6.772,0,,,,,,
257.702,427.658,-0.708,-0.47,54.413,-0.09,30.586,-17.726,54.413,54.413,-6.772,0,,,,,,
257.806,427.651,0.044,-0.505,54.412,0.006,30.455,-20.606,54.412,54.412,-6.772,0,,,,,,
257.903,427.676,0.24,-0.477,54.415,0.031,30.464,-18.404,54.415,54.415,-6.772,0,,,,,,
258.006,427.706,0.667,-0.376,54.419,0.085,30.499,-15.56,54.419,54.419,-6.772,0,,,,,,
258.104,427.792,1.403,-0.142,54.43,0.178,30.574,-5.679,54.43,54.43,-6.772,0,,,,,,
258.202,427.836,0.332,-0.151,54.436,0.042,30.622,-6.264,54.436,54.436,-6.772,0,,,,,,
258.302,427.873,-0.057,-0.115,54.44,-0.007,30.643,-4.803,54.44,54.44,-6.772,0,,,,,,
258.403,427.852,-0.115,-0.16,54.438,-0.015,30.624,-6.614,54.438,54.438,-6.772,0,,,,,,
258.505,427.848,-0.044,-0.161,54.437,-0.006,30.643,-6.324,0,52.427,-5.701,-7.178,2.01,-0.04,3.29,175.8,24.6,-63.6
258.605,427.837,-0.582,0.002,54.436,-0.074,30.649,0.312,0,52.716,-2.329,-4.292,1.72,0.41,3.52,170.0,17.4,-76.5
258.701,427.504,-6.941,0.386,54.393,-0.883,30.339,15.135,0,53.023,-0.195,-2.405,1.37,0.55,3.8,175.4,4.3,-84.1
258.804,426.411,-14.48,0.31,54.254,-1.842,30.163,11.676,0,53.384,1.299,-0.441,0.87,0.32,4.14,-176.9,6.9,-96.2
258.906,424.713,-17.867,0.022,54.038,-2.273,30.366,1.187,69.018,53.768,2.302,1.762,0.27,0.38,4.24,163.6,5.0,-109.5
259.006,423.206,-10.604,-0.305,53.846,-1.349,30.812,-13.04,69.018,54.256,3.311,3.311,-0.41,0.61,4.41,-174.8,11.5,-117.4
259.107,422.585,-2.394,-0.098,53.767,-0.305,30.7,-4.343,69.018,54.677,3.67,3.67,-0.91,0.48,4.2,-166.4,-17.6,-135.3
259.208,422.606,2.412,-0.115,53.77,0.307,30.62,-5.19,69.018,54.95,3.293,3.293,-1.18,0.6,3.88,-169.7,27.9,-135.9
259.307,423.111,7.831,-0.43,53.834,0.996,30.286,-16.851,69.018,55.094,2.564,2.564,-1.26,0.54,3.47,-172.6,27.1,-146.5
259.405,424.267,15.327,-0.333,53.981,1.95,30.01,-13.171,69.018,55.381,2.679,2.943,-1.4,0.56,3.7,-157.0,27.1,-154.5
259.502,426.097,20.704,-0.373,54.214,2.634,29.839,-14.895,69.018,55.504,2.114,2.935,-1.29,0.6,3.73,179.5,-6.1,-168.3
259.606,428.421,24.342,-0.102,54.51,3.097,30.101,-4.387,69.018,55.61,1.692,2.876,-1.1,0.51,4.02,-149.6,53.7,-159.9
259.701,430.807,22.991,0.019,54.813,2.925,30.538,1.105,69.018,55.61,1.692,1.692,,,,,,
259.799,433.066,20.794,0.151,55.101,2.646,30.803,5.894,69.018,55.61,1.692,1.692,,,,,,
259.899,434.802,14.165,0.235,55.322,1.802,30.88,10.53,69.018,55.61,1.692,1.692,,,,,,
259.999,436.113,12.153,0.058,55.489,1.546,30.789,1.524,69.018,55.61,1.692,1.692,,,,,,
260.099,437.304,12.311,-0.172,55.64,1.566,30.455,-7.455,69.018,55.61,1.692,1.692,,,,,,
260.2,438.598,13.279,-0.19,55.805,1.69,30.421,-6.215,69.018,55.61,1.692,1.692,,,,,,
260.3,439.93,13.958,-0.077,55.974,1.776,30.462,-2.612,69.018,55.61,1.692,1.692,,,,,,
260.399,441.241,12.799,-0.245,56.141,1.629,30.339,-9.718,69.018,55.61,1.692,1.692,,,,,,
260.501,442.556,13.145,-0.249,56.308,1.672,30.282,-10.512,69.018,55.478,0.969,0.612,0.83,0.45,4.53,141.0,45.6,86.6
260.601,443.847,12.462,0.001,56.473,1.586,30.448,0.351,69.018,55.523,0.76,0.331,0.95,0.4,4.4,151.9,31.4,95.3
260.708,444.771,5.584,0.244,56.59,0.71,30.691,9.284,69.018,55.57,0.65,0.085,1.02,0.59,4.39,162.4,19.1,98.8
260.809,445.015,-0.146,0.048,56.621,-0.019,30.64,2.034,69.018,55.701,0.906,0.067,0.92,0.58,4.2,-140.5,-7.3,93.6
260.902,444.998,0.092,-0.071,56.619,0.012,30.661,-2.935,0,55.799,0.937,-0.033,0.82,0.47,4.47,-178.8,15.4,102.6
260.996,445.015,-0.088,-0.032,56.621,-0.011,30.624,-1.012,69.018,55.971,1.242,0.169,0.65,0.36,4.19,-179.7,15.3,101.6
261.097,445.022,0.389,-0.187,56.622,0.05,30.608,-7.043,69.018,56.132,1.389,0.409,0.49,0.42,4.13,-163.2,-0.1,98.4
261.198,445.149,2.323,-0.274,56.638,0.296,30.524,-11.462,69.018,56.258,1.336,0.576,0.38,0.49,4.13,168.2,1.8,99.4
261.294,445.504,4.346,-0.214,56.684,0.553,30.531,-7.99,69.018,56.374,1.267,0.647,0.31,0.46,4.1,166.8,19.5,97.3
261.396,446.023,5.802,-0.073,56.75,0.738,30.586,-3.849,69.018,56.47,1.14,0.58,0.28,0.38,4.11,165.4,19.0,96.1
261.498,446.542,4.815,-0.053,56.816,0.613,30.618,-1.001,69.018,56.566,1.072,0.572,0.25,0.37,4.25,169.6,18.1,95.5
261.599,446.997,4.811,-0.04,56.873,0.612,30.629,-1.701,69.018,56.683,1.111,0.731,0.19,0.38,4.11,-160.1,-10.1,92.1
261.696,447.432,5.092,-0.198,56.929,0.648,30.515,-10.388,69.018,56.769,1.012,0.692,0.16,0.32,4.11,-160.0,-22.8,89.9
261.798,448.01,6.324,-0.057,57.002,0.805,30.59,-0.866,69.018,56.852,0.94,0.64,0.15,0.22,4.15,-162.1,-32.5,88.4
261.899,448.572,5.103,-0.05,57.074,0.649,30.627,-1.609,69.018,56.924,0.853,0.606,0.15,0.28,4.44,175.5,45.6,90.3
261.999,449.068,4.562,-0.087,57.137,0.58,30.615,-1.65,69.018,56.997,0.804,0.586,0.14,0.37,4.49,-170.3,-44.8,85.7
262.098,449.513,4.494,-0.109,57.194,0.572,30.611,-4.136,69.018,57.054,0.711,0.524,0.14,0.27,4.22,-173.8,-50.8,87.6
262.198,449.965,4.972,0.0,57.251,0.633,30.627,-0.296,69.018,57.091,0.578,0.428,0.16,0.19,4.45,-176.4,-55.1,88.5
262.297,450.354,3.708,-0.03,57.301,0.472,30.634,-1.273,69.018,57.121,0.468,0.333,0.18,0.25,4.33,-179.4,-50.7,92.8
262.398,450.659,2.744,-0.05,57.339,0.349,30.649,-2.649,69.018,57.129,0.318,0.195,0.21,0.35,4.25,-177.5,-52.5,89.1
262.495,450.888,1.89,0.005,57.368,0.241,30.652,0.079,69.018,57.118,0.15,0.031,0.25,0.39,4.3,-177.0,-47.3,92.5
262.598,451.018,0.418,0.043,57.385,0.053,30.665,1.658,0,57.125,0.116,-0.044,0.26,0.35,4.18,-176.2,-49.3,92.2
262.696,451.014,-0.059,0.05,57.385,-0.008,30.684,2.288,0,57.125,0.068,-0.131,0.26,0.35,4.25,-175.3,-40.4,96.1
262.794,450.989,-0.501,0.146,57.381,-0.064,30.649,5.142,0,57.091,-0.088,-0.283,0.29,0.39,4.18,-171.3,-35.7,96.0
262.895,450.883,-1.907,0.205,57.368,-0.243,30.579,7.678,0,57.058,-0.186,-0.399,0.31,0.45,4.13,-168.5,-28.5,98.6
262.997,450.609,-3.251,0.174,57.333,-0.414,30.581,5.447,0,57.033,-0.21,-0.47,0.3,0.46,4.13,-163.4,-20.1,100.5
263.096,450.232,-3.783,0.08,57.285,-0.481,30.622,5.901,0,56.985,-0.317,-0.593,0.3,0.45,4.27,-166.0,-9.8,105.4
263.196,449.831,-3.866,0.175,57.234,-0.492,30.595,7.365,0,56.934,-0.391,-0.676,0.3,0.46,4.25,-161.1,-1.9,108.8
263.294,449.351,-5.506,0.122,57.173,-0.701,30.576,4.667,0,56.883,-0.44,-0.742,0.29,0.45,4.14,-152.1,2.8,111.7
263.398,448.771,-5.446,0.128,57.099,-0.693,30.604,3.226,0,56.839,-0.438,-0.764,0.26,0.38,4.12,159.9,0.0,113.3
263.495,448.173,-6.055,0.063,57.023,-0.77,30.618,3.252,0,56.753,-0.606,-0.896,0.27,0.35,4.28,155.0,4.8,113.2
263.6,447.543,-6.745,0.143,56.943,-0.858,30.549,5.122,0,56.693,-0.6,-0.901,0.25,0.37,4.06,-143.9,13.4,116.8
263.698,446.823,-7.384,0.035,56.851,-0.939,30.602,1.576,0,56.611,-0.688,-0.979,0.24,0.4,4.22,155.4,-1.6,112.6
263.803,446.095,-7.642,0.084,56.759,-0.972,30.588,2.139,0,56.559,-0.623,-0.932,0.2,0.26,4.03,-144.6,7.7,111.3
263.903,445.331,-7.456,0.062,56.661,-0.949,30.615,1.264,0,56.461,-0.763,-1.029,0.2,0.17,4.16,153.7,3.6,106.7
264.002,444.59,-7.371,0.177,56.567,-0.938,30.556,5.058,0,56.397,-0.714,-0.983,0.17,0.22,4.04,-147.0,0.7,102.4
264.102,443.792,-7.923,0.029,56.466,-1.008,30.592,2.895,0,56.316,-0.756,-1.005,0.15,0.3,4.02,-148.5,-5.6,95.4
264.204,443.01,-7.829,0.08,56.366,-0.996,30.586,2.721,0,56.256,-0.691,-0.911,0.11,0.21,4.24,152.8,19.8,91.0
264.3,442.242,-7.211,0.04,56.268,-0.918,30.606,2.296,0,56.168,-0.766,-0.966,0.1,0.12,4.07,-147.2,-22.4,81.1
264.406,441.524,-7.256,0.115,56.177,-0.923,30.563,3.754,0,56.107,-0.705,-0.845,0.07,0.23,4.2,-142.3,-27.0,70.7
264.5,440.776,-7.277,-0.004,56.082,-0.926,30.643,0.145,0,56.022,-0.764,-0.884,0.06,0.3,4.05,-139.0,-31.7,65.3
264.602,440.102,-6.749,0.062,55.996,-0.859,30.586,4.529,0,55.956,-0.721,-0.801,0.04,0.28,4.19,-133.1,-37.3,57.8
264.7,439.434,-6.798,0.002,55.911,-0.865,30.652,0.742,0,55.861,-0.813,-0.902,0.05,0.33,4.15,-123.8,-38.2,48.2
264.801,438.783,-6.586,0.122,55.828,-0.838,30.59,5.569,0,55.861,-0.813,-0.813,,,,,,
264.899,438.101,-7.067,0.006,55.742,-0.899,30.636,0.55,0,55.861,-0.813,-0.813,,,,,,
265.005,437.451,-6.344,0.044,55.659,-0.807,30.643,2.46,0,55.861,-0.813,-0.813,,,,,,
265.104,436.82,-6.468,0.061,55.579,-0.823,30.638,2.849,0,55.861,-0.813,-0.813,,,,,,
265.202,436.191,-6.245,0.077,55.499,-0.795,30.59,3.626,0,55.861,-0.813,-0.813,,,,,,
265.307,435.554,-6.363,0.064,55.417,-0.81,30.579,3.309,0,55.861,-0.813,-0.813,,,,,,
265.407,434.908,-6.535,0.018,55.335,-0.831,30.627,2.01,0,55.861,-0.813,-0.813,,,,,,
265.5,434.273,-6.275,0.086,55.254,-0.798,30.613,2.414,0,55.861,-0.813,-0.813,,,,,,
265.606,433.627,-6.191,0.072,55.172,-0.788,30.618,4.268,0,55.861,-0.813,-0.813,,,,,,
265.706,432.982,-6.613,0.013,55.09,-0.841,30.636,1.684,0,55.861,-0.813,-0.813,,,,,,
265.817,432.346,-6.518,0.039,55.009,-0.829,30.627,1.945,55.009,55.009,-0.813,0,,,,,,
265.911,431.708,-5.438,-0.099,54.928,-0.692,30.675,-3.082,0,54.558,-0.92,-1.261,0.37,0.46,3.84,-115.4,-5.6,37.8
266.008,431.396,-1.264,-0.09,54.888,-0.161,30.643,-2.256,0,54.558,-0.92,-0.92,,,,,,
266.108,431.081,-6.104,0.317,54.848,-0.777,30.41,12.666,0,54.328,-1.011,-1.365,0.52,0.29,4.03,-122.4,0.3,35.7
266.208,430.319,-9.428,0.214,54.751,-1.2,30.414,10.009,0,54.281,-0.797,-1.264,0.47,0.27,3.9,-125.6,1.6,35.0
266.307,429.233,-11.393,0.001,54.613,-1.45,30.549,-0.069,0,54.203,-0.793,-1.32,0.41,0.31,3.91,-129.1,4.2,31.9
266.409,428.165,-9.986,0.012,54.477,-1.271,30.629,0.241,0,54.147,-0.699,-1.257,0.33,0.22,3.93,-132.4,5.1,28.9
266.51,427.168,-9.683,0.06,54.351,-1.232,30.615,1.054,54.123,54.061,-0.699,3.333,0.29,0.11,4.36,-135.3,4.3,23.2
266.611,426.203,-8.744,-0.103,54.228,-1.112,30.688,-5.09,0,54.018,-0.699,4.91,0.21,0.16,4.05,-143.7,4.1,18.6
266.711,425.602,-4.12,-0.052,54.151,-0.524,30.677,-0.722,0,54.011,-0.699,5.765,0.14,0.25,4.12,-149.7,-1.0,11.9
266.807,425.0,-9.491,0.534,54.075,-1.208,30.136,21.969,53.856,53.865,-0.699,0.0,0.21,0.21,4.13,-157.5,1.6,8.4
266.912,423.672,-13.986,0.292,53.906,-1.779,30.09,9.853,53.856,53.756,-0.699,0.0,0.15,0.15,4.34,159.1,3.9,3.9
267.013,422.422,-8.868,-0.396,53.747,-1.128,30.72,-16.684,53.856,53.767,-0.699,0.0,-0.02,0.22,4.37,-167.3,-2.7,-0.3
267.11,421.98,-0.404,-0.391,53.69,-0.051,30.538,-15.311,53.856,53.73,-0.699,0.0,-0.04,0.24,4.2,-171.5,-1.4,-6.5
267.208,422.102,1.547,-0.008,53.706,0.197,30.634,-0.639,53.856,53.626,-0.699,0.0,0.08,0.21,4.29,165.9,9.3,-12.4
267.308,422.135,-0.124,-0.121,53.71,-0.016,30.631,-5.233,53.856,53.54,-0.699,0.0,0.17,0.2,4.23,-173.0,4.7,-16.5
267.411,422.132,-0.016,-0.111,53.71,-0.002,30.643,-4.59,53.71,53.44,-0.699,0.0,0.27,0.25,4.3,168.0,14.3,-23.4
267.508,422.132,0.003,-0.12,53.71,0.0,30.654,-4.995,53.71,53.33,-0.699,0.0,0.38,0.27,4.49,166.7,9.6,-28.2
267.612,422.131,-0.001,-0.137,53.71,-0.0,30.643,-5.463,53.71,53.21,-0.699,0.0,0.5,0.28,4.6,-179.9,13.4,-33.8
267.712,422.132,-0.009,-0.139,53.71,-0.001,30.647,-5.599,53.71,53.14,-0.699,0.0,0.57,0.31,4.41,165.7,19.7,-43.2
267.811,422.132,-0.015,-0.15,53.71,-0.002,30.634,-5.817,53.71,53.1,-0.699,0.0,0.61,0.28,4.18,176.8,7.7,-47.6
267.908,422.132,-0.012,-0.154,53.71,-0.002,30.629,-6.552,53.71,53.03,-0.699,0.0,0.68,0.2,4.17,175.9,10.0,-53.6
268.01,422.132,0.013,-0.156,53.71,0.002,30.64,-6.82,53.71,52.97,-0.699,0.0,0.74,0.13,4.17,164.1,1.4,-58.3
268.11,422.133,-0.01,-0.169,53.71,-0.001,30.645,-7.004,53.71,52.92,-0.699,0.0,0.79,0.17,4.17,-174.6,18.8,-65.5
268.209,422.136,0.07,-0.175,53.71,0.009,30.622,-6.952,53.71,52.92,-0.699,0.0,0.79,0.19,4.13,162.5,9.6,-71.1
268.313,422.137,0.034,-0.172,53.71,0.004,30.618,-7.305,53.71,52.92,-0.699,0.0,0.79,0.14,4.15,177.4,-1.3,-73.4
268.404,422.138,-0.004,-0.18,53.71,-0.001,30.627,-7.278,53.71,52.93,-0.699,0.0,0.78,0.03,4.16,178.1,-1.1,-77.3
268.507,422.138,0.024,-0.198,53.711,0.003,30.602,-7.432,53.711,52.971,-0.699,0.0,0.74,-0.0,4.18,-179.3,-0.0,-81.2
268.611,422.139,0.011,-0.205,53.711,0.001,30.624,-8.169,53.711,53.041,-0.699,0.0,0.67,0.05,4.18,159.8,3.1,-85.2
268.711,422.139,0.005,-0.207,53.711,0.001,30.608,-8.396,53.711,53.091,-0.699,0.0,0.62,0.05,4.4,179.2,0.5,-86.0
268.807,422.14,0.002,-0.212,53.711,0.0,30.611,-8.632,53.711,53.201,-0.699,0.0,0.51,-0.02,4.26,160.6,14.5,-91.7
268.905,422.141,0.03,-0.221,53.711,0.004,30.622,-8.66,53.711,53.291,-0.699,0.0,0.42,-0.04,4.49,159.9,-9.5,-86.9
269.01,422.144,0.098,-0.208,53.711,0.012,30.624,-8.482,53.856,53.431,-0.699,0.0,0.28,-0.0,4.34,-172.2,10.6,-93.3
269.104,422.151,0.128,-0.194,53.712,0.016,30.631,-7.572,53.856,53.552,-0.699,0.0,0.16,0.03,4.32,165.1,-0.1,-95.9
269.205,422.169,0.183,-0.158,53.714,0.023,30.64,-6.259,53.856,53.664,-0.699,0.0,0.05,0.07,4.36,167.7,3.4,-98.2
269.303,422.191,0.173,-0.111,53.717,0.022,30.615,-4.675,53.856,53.777,-0.699,0.0,-0.06,0.16,4.45,167.6,-4.9,-100.1
269.411,422.206,0.153,-0.074,53.719,0.02,30.654,-2.983,53.856,53.899,-0.699,0.0,-0.18,0.2,4.35,163.3,12.8,-104.4
269.51,422.21,0.003,-0.094,53.72,0.0,30.663,-3.849,53.72,54.01,-0.699,0.0,-0.29,0.25,4.59,164.6,14.0,-105.9
269.609,422.21,-0.002,-0.091,53.72,-0.0,30.647,-3.265,53.72,54.09,-0.699,0.0,-0.37,0.37,4.47,-146.6,-14.9,-111.7
269.71,422.21,-0.005,-0.076,53.72,-0.001,30.663,-3.257,53.72,54.17,-0.699,0.0,-0.45,0.47,4.51,167.9,10.7,-108.8
269.813,422.211,-0.007,-0.073,53.72,-0.001,30.654,-3.392,53.72,54.22,-0.699,0.0,-0.5,0.5,4.48,-154.9,-13.9,-114.0
269.912,422.211,0.04,-0.072,53.72,0.005,30.645,-2.951,53.72,54.28,-0.699,0.0,-0.56,0.58,4.67,169.9,3.3,-112.8
270.014,422.211,-0.056,-0.077,53.72,-0.007,30.643,-2.932,53.72,54.25,-0.699,0.0,-0.53,0.61,4.45,172.2,9.4,-112.3
270.112,422.21,-0.028,-0.069,53.72,-0.004,30.679,-2.655,53.72,54.22,-0.699,0.0,-0.5,0.63,4.45,172.6,15.5,-111.1
270.214,422.21,-0.009,-0.068,53.72,-0.001,30.652,-2.676,53.72,54.18,-0.699,0.0,-0.46,0.63,4.36,177.4,22.1,-110.4
270.311,422.21,-0.024,-0.071,53.72,-0.003,30.668,-2.842,53.72,54.14,-0.699,0.0,-0.42,0.66,4.41,177.0,18.3,-109.6
270.415,422.21,-0.016,-0.062,53.72,-0.002,30.643,-2.387,53.72,54.07,-0.699,0.0,-0.35,0.65,4.53,-175.1,18.2,-106.5
270.512,422.21,-0.005,-0.065,53.72,-0.001,30.659,-2.726,53.72,53.97,-0.699,0.0,-0.25,0.58,4.41,-178.3,17.9,-104.1
270.611,422.209,-0.001,-0.06,53.72,-0.0,30.663,-2.449,53.72,53.87,-0.699,0.0,-0.15,0.55,4.38,-176.8,18.9,-101.0
270.709,422.209,-0.01,-0.058,53.72,-0.001,30.665,-2.493,53.72,53.78,-0.699,0.0,-0.06,0.52,4.31,-172.1,14.5,-96.8
270.809,422.208,0.013,-0.053,53.719,0.002,30.681,-2.175,53.719,53.679,-0.699,0.0,0.04,0.49,4.48,169.9,-26.6,-92.5
270.905,422.208,-0.003,-0.053,53.719,-0.0,30.638,-2.378,53.719,53.579,-0.699,0.0,0.14,0.43,4.34,174.1,9.4,-87.9
271.006,422.207,-0.001,-0.054,53.719,-0.0,30.652,-2.198,53.719,53.489,-0.699,0.0,0.23,0.36,4.29,159.5,-16.6,-78.2
271.112,422.207,0.053,-0.05,53.719,0.007,30.668,-2.295,53.719,53.399,-0.699,0.0,0.32,0.29,4.28,-176.3,4.3,-75.9
271.213,422.206,0.02,-0.051,53.719,0.003,30.665,-2.137,53.719,53.309,-0.699,0.0,0.41,0.28,4.34,165.7,7.5,-70.6
271.313,422.206,-0.021,-0.055,53.719,-0.003,30.665,-2.193,53.719,53.239,-0.699,0.0,0.48,0.28,4.34,158.2,-19.2,-58.5
271.409,422.205,0.001,-0.058,53.719,0.0,30.668,-2.082,53.719,53.189,-0.699,0.0,0.53,0.24,4.26,177.8,6.8,-58.1
271.509,422.205,-0.017,-0.051,53.719,-0.002,30.663,-1.968,53.719,53.129,-0.699,0.0,0.59,0.2,4.37,158.4,-4.0,-51.2
271.613,422.205,0.004,-0.056,53.719,0.0,30.659,-1.746,53.719,53.069,-0.699,0.0,0.65,0.22,4.49,-179.0,22.5,-50.1
271.713,422.205,0.003,-0.045,53.719,0.0,30.67,-1.685,53.719,53.059,-0.699,0.0,0.66,0.27,4.29,165.4,11.9,-44.3
271.812,422.204,-0.003,-0.035,53.719,-0.0,30.675,-1.79,53.719,53.019,-0.699,0.0,0.7,0.31,4.5,170.7,-0.1,-38.4
271.913,422.204,0.004,-0.041,53.719,0.001,30.659,-1.526,53.719,53.049,-0.699,0.0,0.67,0.25,4.28,-170.2,12.5,-35.8
272.013,422.204,-0.001,-0.043,53.719,-0.0,30.681,-1.82,69.018,53.089,-0.699,1.812,0.63,0.22,4.14,-166.6,18.6,-34.3
272.114,422.211,0.446,-0.287,53.72,0.057,30.615,-12.347,69.018,53.1,-0.699,2.008,0.62,0.27,4.12,150.4,-5.5,-29.0
272.213,422.61,7.911,-0.399,53.771,1.007,30.275,-14.861,69.018,53.171,-0.699,1.923,0.6,0.31,4.28,-173.6,-7.3,-31.9
272.308,423.708,13.731,-0.515,53.91,1.747,29.905,-20.25,69.018,53.32,-0.699,1.913,0.59,0.24,4.12,-168.2,16.8,-31.6
272.412,425.221,15.153,-0.347,54.103,1.928,29.891,-12.752,69.018,53.403,-0.699,2.348,0.7,0.19,4.34,178.2,10.6,-33.0
272.513,426.806,17.251,-0.304,54.304,2.195,29.989,-12.067,69.018,53.494,-0.699,2.763,0.81,0.22,4.32,176.5,8.5,-33.4
272.614,428.667,20.192,-0.36,54.541,2.569,29.763,-18.06,69.018,53.651,-0.699,3.033,0.89,0.2,4.13,159.6,20.0,-38.2
272.712,430.843,24.026,-0.341,54.818,3.057,29.642,-11.914,69.018,53.748,-0.699,3.137,1.07,0.11,4.45,171.3,7.9,-35.8
272.812,433.258,24.187,-0.372,55.125,3.077,29.59,-11.026,69.018,53.955,-0.699,2.941,1.17,0.06,4.33,164.3,3.5,-37.0
272.911,435.728,22.869,-0.277,55.44,2.91,29.871,-8.85,69.018,54.26,-0.699,2.866,1.18,0.06,3.95,-175.1,23.8,-42.8
273.011,438.07,22.76,-0.121,55.738,2.896,30.161,-8.006,69.018,54.458,-0.699,2.414,1.28,-0.0,4.04,158.6,29.8,-49.9
273.11,440.278,21.194,-0.032,56.019,2.697,30.33,-1.123,69.018,54.739,-0.699,2.491,1.28,-0.08,3.99,172.0,26.3,-51.0
273.211,442.23,18.393,-0.213,56.267,2.34,30.3,-6.816,69.018,54.977,-0.699,1.909,1.29,-0.07,4.11,174.7,32.9,-55.6
273.308,444.095,18.117,-0.054,56.504,2.305,30.355,-2.979,69.018,55.274,-0.699,1.795,1.23,-0.04,4.34,166.7,34.6,-61.8
273.41,445.694,13.523,0.014,56.708,1.721,30.62,0.311,69.018,55.648,-0.699,2.604,1.06,-0.08,4.18,168.5,40.2,-65.8
273.508,447.039,14.69,-0.351,56.879,1.869,30.161,-15.428,69.018,56.009,-0.699,3.002,0.87,-0.12,4.37,169.8,36.4,-69.4
273.608,448.893,22.472,-0.339,57.115,2.859,29.781,-12.96,69.018,56.475,-0.699,3.161,0.64,-0.08,4.37,162.3,42.3,-77.8
273.708,451.249,24.292,-0.381,57.414,3.091,29.512,-12.029,69.018,56.934,-0.699,1.91,0.48,-0.01,4.44,159.9,42.2,-85.6
273.809,453.722,22.606,-0.29,57.729,2.876,29.823,-8.271,69.018,57.379,-0.699,2.698,0.35,0.08,4.54,157.0,35.2,-88.8
273.909,455.893,20.094,-0.017,58.005,2.557,30.533,-0.615,69.018,57.705,-0.699,1.428,0.3,0.18,4.78,161.0,33.4,-97.9
274.01,457.866,19.472,-0.062,58.256,2.478,30.373,0.029,69.018,58.136,-0.699,1.16,0.12,0.27,4.87,161.3,25.5,-100.1
274.111,459.561,13.718,0.309,58.472,1.745,30.825,11.988,69.018,58.472,-0.699,1.497,0.0,0.35,4.77,166.8,19.8,-103.7
274.207,460.557,8.237,-0.205,58.599,1.048,30.581,-7.402,69.018,58.799,-0.699,2.581,-0.2,0.44,4.36,-147.0,-26.5,-113.3
274.307,461.572,12.969,-0.402,58.728,1.65,30.11,-16.074,69.018,59.218,-0.699,1.455,-0.49,0.49,4.28,162.2,12.3,-112.0
274.41,463.188,16.242,-0.172,58.933,2.067,30.181,-4.161,69.018,59.623,-0.699,1.999,-0.69,0.6,4.43,-145.2,-12.0,-119.2
274.51,464.675,12.723,0.023,59.123,1.619,30.675,0.798,69.018,59.803,-0.699,2.585,-0.68,0.68,4.15,169.4,9.0,-121.6
274.61,466.095,16.253,-0.388,59.303,2.068,30.074,-14.811,69.018,60.163,-0.699,3.051,-0.86,0.65,4.35,175.3,-1.4,-126.1
274.709,468.073,21.835,-0.397,59.555,2.778,29.809,-15.225,69.018,60.355,-0.699,3.12,-0.8,0.68,4.03,-148.5,6.7,-128.3
274.811,470.489,25.297,-0.184,59.862,3.219,29.921,-9.572,69.018,60.612,-0.699,1.161,-0.75,0.83,4.05,-174.2,18.9,-130.4
274.911,472.979,25.489,0.267,60.179,3.243,30.606,10.001,69.018,60.719,-0.699,2.934,-0.54,0.83,3.98,-175.9,14.3,-137.7
275.012,475.068,19.813,0.085,60.445,2.521,30.771,1.804,69.018,60.765,-0.699,3.104,-0.32,0.69,4.25,-173.1,-13.7,-147.7
275.111,477.161,22.347,-0.388,60.711,2.843,29.829,-15.441,69.018,60.961,-0.699,2.77,-0.25,0.56,4.37,-168.4,-18.7,-152.2
275.212,479.559,23.273,-0.04,61.016,2.961,30.261,-3.139,69.018,61.036,-0.699,3.192,-0.02,0.74,4.25,-168.3,22.1,-147.2
275.311,481.813,22.695,-0.207,61.303,2.888,30.151,-9.448,69.018,61.093,-0.699,2.125,0.21,0.78,4.22,-166.0,15.9,-151.5
275.412,484.199,22.783,-0.199,61.607,2.899,30.104,-6.564,69.018,61.187,-0.699,2.437,0.42,0.58,4.32,-165.2,20.7,-152.9
275.512,486.332,18.899,0.036,61.878,2.405,30.613,0.915,69.018,61.218,-0.699,2.306,0.66,0.54,4.3,-167.7,22.0,-155.2
275.613,488.12,17.45,-0.187,62.106,2.22,30.298,-9.098,69.018,61.346,-0.699,0.842,0.76,0.7,4.21,-166.4,18.7,-155.8
275.712,489.854,16.812,-0.066,62.326,2.139,30.341,-0.396,69.018,61.476,-0.699,3.085,0.85,0.56,4.24,-174.5,15.6,-158.7
275.811,491.296,12.484,-0.133,62.51,1.588,30.522,-6.065,69.018,61.58,-0.699,2.445,0.93,0.4,4.31,-174.8,14.9,-159.4
275.92,492.841,19.105,-0.31,62.706,2.431,29.976,-12.338,69.018,61.796,-0.699,3.175,0.91,0.56,4.44,-178.3,-41.4,-162.5
276.013,494.774,20.475,-0.344,62.952,2.605,29.843,-11.316,69.018,62.102,-0.699,2.104,0.85,0.58,4.18,176.2,8.6,-160.3
276.111,497.096,22.111,-0.341,63.248,2.813,29.795,-12.989,69.018,62.398,-0.699,3.206,0.85,0.45,4.19,169.4,6.8,-159.9
276.212,499.206,20.154,-0.25,63.516,2.564,30.154,-8.297,69.018,62.586,-0.699,2.325,0.93,0.41,4.28,178.3,7.0,-157.6
276.313,501.492,23.115,-0.189,63.807,2.941,29.962,-10.531,69.018,62.797,-0.699,2.448,1.01,0.6,4.53,175.7,0.2,-155.8
276.414,503.589,18.834,-0.01,64.074,2.396,30.471,-1.081,69.018,63.084,-0.699,3.251,0.99,0.63,4.15,-163.1,-32.6,-155.7
276.513,505.477,20.247,-0.259,64.314,2.576,30.049,-13.954,69.018,63.354,-0.699,3.261,0.96,0.56,4.14,173.4,1.4,-150.9
276.616,507.786,25.045,-0.416,64.608,3.187,29.526,-13.537,69.018,63.658,-0.699,2.369,0.95,0.52,4.28,-174.6,-24.1,-148.8
276.714,510.332,24.889,-0.166,64.932,3.167,29.855,-6.61,69.018,64.012,-0.699,2.741,0.92,0.55,4.28,178.4,-2.5,-145.9
276.816,512.578,20.076,-0.153,65.218,2.554,30.357,-6.606,69.018,64.288,-0.699,1.764,0.93,0.59,4.24,-178.0,1.0,-143.2
276.914,514.619,19.6,-0.093,65.477,2.494,30.236,-4.691,69.018,64.667,-0.699,2.772,0.81,0.51,4.17,-167.0,8.5,-139.9
277.015,516.396,16.28,-0.111,65.703,2.071,30.476,-4.665,69.018,64.983,-0.699,1.276,0.72,0.46,4.29,179.9,8.0,-139.0
277.114,518.233,18.711,-0.269,65.937,2.381,29.994,-8.561,69.018,65.407,-0.699,2.08,0.53,0.49,4.27,165.5,8.3,-138.7
277.214,520.006,17.297,0.011,66.163,2.201,30.496,0.127,69.018,65.763,-0.699,1.331,0.4,0.45,4.24,-176.6,7.4,-133.5
277.315,521.593,14.894,0.024,66.365,1.895,30.544,0.97,69.018,66.125,-0.699,2.133,0.24,0.41,4.45,-173.1,1.4,-132.2
277.413,522.822,10.695,-0.097,66.521,1.361,30.579,-4.501,69.018,66.411,-0.699,1.732,0.11,0.4,4.28,-168.6,-18.6,-134.3
277.511,524.137,13.47,-0.266,66.688,1.714,30.195,-11.265,69.018,66.848,-0.699,2.379,-0.16,0.38,4.22,173.3,19.6,-132.2
277.613,525.562,15.176,-0.25,66.87,1.931,30.199,-11.076,69.018,67.14,-0.699,2.345,-0.27,0.33,4.41,179.3,5.2,-131.1
277.712,527.324,19.022,-0.221,67.094,2.42,30.065,-8.655,69.018,67.484,-0.699,2.262,-0.39,0.24,4.17,174.1,17.8,-132.6
277.812,529.214,18.24,-0.069,67.334,2.321,30.394,-1.914,69.018,67.764,-0.699,4.212,-0.43,0.29,4.44,175.4,-8.0,-132.9
277.912,531.038,19.121,-0.219,67.566,2.433,30.266,-7.762,69.018,67.966,-0.699,1.328,-0.4,0.3,4.2,175.9,14.0,-134.0
278.012,533.184,21.157,-0.234,67.839,2.692,30.019,-9.373,69.018,68.279,-0.699,2.808,-0.44,0.27,4.4,-176.9,10.1,-133.9
278.112,535.212,18.814,-0.011,68.097,2.394,30.56,-1.584,69.018,68.377,-0.699,0.876,-0.28,0.25,4.39,176.8,-8.9,-136.3
278.212,537.128,18.048,0.08,68.341,2.296,30.588,2.413,69.018,68.591,-0.699,1.176,-0.25,0.31,4.22,173.0,28.1,-136.3
278.313,538.623,11.069,0.252,68.531,1.408,30.768,10.146,69.018,68.611,-0.699,1.081,-0.08,0.43,4.4,-172.7,18.4,-136.7
278.412,539.512,6.86,0.013,68.645,0.873,30.661,0.937,69.018,68.725,-0.699,1.125,-0.08,0.43,4.29,178.4,23.2,-135.9
278.51,540.218,7.822,-0.233,68.734,0.995,30.398,-9.125,69.018,68.844,-0.699,1.208,-0.11,0.48,4.42,-179.3,23.1,-138.3
278.613,541.102,9.445,-0.169,68.847,1.202,30.41,-6.092,69.018,68.937,-0.699,1.361,-0.09,0.6,4.52,-174.2,21.8,-137.4
278.712,541.952,7.099,0.138,68.955,0.903,30.629,7.47,69.018,68.985,-0.699,2.342,-0.03,0.66,4.35,172.5,20.9,-139.3
278.812,542.416,2.563,0.065,69.014,0.326,30.636,2.917,69.018,68.994,-0.699,2.735,0.02,0.7,4.54,172.4,16.5,-141.1
278.912,542.507,-0.448,0.012,69.026,-0.057,30.604,0.551,69.018,69.036,-0.699,3.144,-0.01,0.69,4.41,-159.0,-30.9,-147.3
279.009,542.47,-0.078,-0.039,69.021,-0.01,30.602,-0.91,69.018,69.081,-0.699,2.407,-0.06,0.73,4.41,179.8,14.2,-138.9
279.11,542.472,-0.038,-0.02,69.021,-0.005,30.624,-1.061,69.018,69.091,-0.699,3.494,-0.07,0.76,4.56,-178.4,16.1,-139.5
279.211,542.471,0.027,-0.011,69.021,0.003,30.618,-0.752,69.018,69.101,-0.699,3.179,-0.08,0.67,4.23,174.3,13.1,-138.4
279.309,542.471,-0.035,-0.01,69.021,-0.004,30.652,-0.598,69.018,69.061,-0.699,2.377,-0.04,0.72,4.48,-177.6,12.1,-135.3
279.412,542.471,0.009,-0.006,69.021,0.001,30.624,-0.441,69.018,69.041,-0.699,3.336,-0.02,0.67,4.16,-176.7,15.5,-133.7
279.507,542.471,0.016,-0.011,69.021,0.002,30.645,-0.007,69.018,68.981,-0.699,3.743,0.04,0.68,4.43,-168.5,-26.1,-136.1
279.61,542.471,0.007,-0.007,69.021,0.001,30.631,-0.098,69.018,68.921,-0.699,3.228,0.1,0.61,4.31,172.9,15.8,-131.2
279.71,542.47,0.018,0.005,69.021,0.002,30.638,-0.046,69.018,68.861,-0.699,4.427,0.16,0.58,4.24,179.7,13.8,-127.7
279.812,542.469,-0.009,-0.004,69.021,-0.001,30.631,0.006,69.018,68.791,-0.699,5.587,0.23,0.61,4.49,-179.6,10.3,-124.6
279.912,542.467,-0.024,-0.002,69.021,-0.003,30.624,-0.378,69.018,68.731,-0.699,6.77,0.29,0.52,4.41,-174.3,13.0,-120.3
280.01,542.463,-0.037,-0.014,69.02,-0.005,30.629,-0.542,69.018,68.66,-0.699,10.504,0.36,0.47,4.47,171.7,-23.7,-115.9
280.113,542.454,-0.161,-0.039,69.019,-0.02,30.631,-1.575,69.018,68.599,-0.699,11.897,0.42,0.45,4.36,-178.4,2.8,-114.3
280.214,542.444,-0.03,-0.049,69.018,-0.004,30.606,-2.006,69.018,68.548,-0.699,14.0,0.47,0.44,4.41,167.0,11.0,-112.2
280.31,542.444,-0.014,-0.045,69.018,-0.002,30.608,-1.963,69.018,68.498,-0.699,14.0,0.52,0.37,4.35,160.9,-20.5,-101.7
280.413,542.443,0.001,-0.053,69.018,0.0,30.656,-1.916,69.018,68.438,-0.699,14.0,0.58,0.33,4.46,173.7,10.4,-101.4
280.514,542.443,0.006,-0.044,69.017,0.001,30.636,-1.895,69.018,68.397,-0.699,14.0,0.62,0.31,4.4,171.6,-18.2,-94.0
280.613,542.443,-0.01,-0.039,69.017,-0.001,30.631,-2.147,69.018,68.347,-0.699,14.0,0.67,0.33,4.46,165.0,-9.6,-86.9
280.714,542.443,-0.002,-0.048,69.017,-0.0,30.656,-2.068,69.018,68.347,-0.699,14.0,0.67,0.29,4.29,175.9,-13.2,-81.9
280.815,542.443,-0.001,-0.046,69.017,-0.0,30.643,-1.85,69.018,68.337,-0.699,14.0,0.68,0.26,4.26,162.6,11.4,-81.3
280.915,542.443,0.037,-0.049,69.017,0.005,30.622,-2.176,69.018,68.337,-0.699,14.0,0.68,0.25,4.26,156.5,13.7,-78.6
281.022,542.442,-0.002,-0.045,69.017,-0.0,30.64,-2.012,69.018,68.347,-0.699,14.0,0.67,0.25,4.27,-179.1,-9.2,-68.3
281.115,542.443,0.016,-0.053,69.017,0.002,30.652,-2.284,69.018,68.377,-0.699,14.0,0.64,0.2,4.23,-177.0,15.4,-65.5
281.211,542.443,-0.03,-0.063,69.017,-0.004,30.649,-1.861,69.018,68.387,-0.699,14.0,0.63,0.18,4.34,163.3,-11.8,-56.4
281.313,542.443,0.018,-0.062,69.017,0.002,30.645,-2.011,69.018,68.427,-0.699,14.0,0.59,0.16,4.31,166.8,14.6,-57.2
281.416,542.443,0.025,-0.041,69.017,0.003,30.654,-2.167,69.018,68.467,-0.699,14.0,0.55,0.12,4.26,-176.3,20.3,-52.6
281.508,542.443,0.035,-0.063,69.017,0.004,30.606,-2.478,69.018,68.507,-0.699,14.0,0.51,0.07,4.27,163.9,13.6,-48.6
281.614,542.443,0.004,-0.055,69.017,0.001,30.645,-2.548,69.018,68.547,-0.699,14.0,0.47,0.06,4.39,172.7,-12.8,-40.8
281.71,542.443,-0.025,-0.065,69.017,-0.003,30.624,-2.358,69.018,68.607,-0.699,14.0,0.41,0.04,4.33,-171.9,20.0,-38.2
281.812,542.443,0.015,-0.057,69.017,0.002,30.627,-2.34,69.018,68.647,-0.699,14.0,0.37,-0.02,4.51,-178.2,-13.7,-33.6
281.912,542.443,0.017,-0.046,69.018,0.002,30.64,-2.293,69.018,68.708,-0.699,14.0,0.31,-0.07,4.42,175.9,-15.9,-28.7
282.012,542.444,0.006,-0.05,69.018,0.001,30.634,-2.613,69.018,68.748,-0.699,14.0,0.27,-0.05,4.5,-167.2,20.0,-24.1
282.11,542.444,0.002,-0.051,69.018,0.0,30.645,-2.115,69.018,68.808,-0.699,14.0,0.21,-0.02,4.32,-169.4,10.9,-21.9
282.213,542.444,0.017,-0.051,69.018,0.002,30.636,-2.244,69.018,68.838,-0.699,7.339,0.18,-0.04,4.42,-177.6,10.4,-17.8
282.311,542.444,0.002,-0.052,69.018,0.0,30.631,-2.049,69.018,68.868,-0.699,0.0,0.15,-0.04,4.24,-169.2,16.5,-12.7
282.41,542.444,0.073,-0.048,69.018,0.009,30.627,-2.147,69.018,68.878,-0.699,0.0,0.14,0.01,4.38,-172.7,7.9,-8.9
282.51,542.445,-0.014,-0.054,69.018,-0.002,30.643,-2.101,69.018,68.878,-0.699,0.0,0.14,0.05,4.34,-166.2,2.5,-6.3
282.612,542.446,-0.003,-0.051,69.018,-0.0,30.643,-1.723,69.018,68.858,-0.699,0.0,0.16,0.07,4.38,171.6,5.9,-1.6
282.711,542.446,-0.045,-0.045,69.018,-0.006,30.634,-1.771,69.018,68.838,-0.699,0.0,0.18,0.09,4.35,169.3,9.3,2.2
282.809,542.446,-0.007,-0.058,69.018,-0.001,30.649,-2.168,69.018,68.818,-0.699,0.0,0.2,0.14,4.22,-171.6,12.9,6.3
282.91,542.446,-0.022,-0.054,69.018,-0.003,30.643,-2.315,69.018,68.778,-0.699,0.0,0.24,0.16,4.2,-166.0,7.8,9.9
283.01,542.446,-0.006,-0.048,69.018,-0.001,30.624,-2.06,69.018,68.728,-0.699,0.0,0.29,0.18,4.2,-168.8,8.8,12.8
283.108,542.446,-0.016,-0.055,69.018,-0.002,30.634,-1.717,69.018,68.668,-0.699,0.0,0.35,0.22,4.3,163.5,19.9,14.1
283.208,542.446,0.013,-0.058,69.018,0.002,30.627,-2.301,69.018,68.618,-0.699,0.0,0.4,0.24,4.19,-165.6,19.9,19.8
283.309,542.445,0.038,-0.048,69.018,0.005,30.618,-2.137,69.018,68.548,-0.699,0.0,0.47,0.24,4.27,-164.3,-6.0,19.6
283.41,542.444,0.048,-0.044,69.018,0.006,30.636,-1.924,69.018,68.458,-0.699,0.0,0.56,0.25,4.35,-170.0,16.9,24.1
283.51,542.444,-0.002,-0.056,69.018,-0.0,30.652,-2.328,69.018,68.428,-0.699,0.0,0.59,0.25,4.11,-164.3,16.0,26.2
283.611,542.444,-0.029,-0.055,69.018,-0.004,30.629,-2.233,69.018,68.338,-0.699,0.0,0.68,0.29,4.31,171.0,2.3,26.5
283.709,542.444,-0.016,-0.065,69.018,-0.002,30.638,-2.108,69.018,68.278,-0.699,0.0,0.74,0.25,4.27,-165.1,19.1,26.7
283.815,542.443,-0.014,-0.061,69.018,-0.002,30.659,-2.152,69.018,68.248,-0.699,0.0,0.77,0.21,4.26,167.2,4.0,26.6
283.909,542.443,-0.004,-0.061,69.018,-0.001,30.618,-2.712,69.018,68.238,-0.699,0.0,0.78,0.19,4.09,-161.4,25.1,27.2
284.01,542.443,0.004,-0.055,69.018,0.0,30.627,-2.393,69.018,68.198,-0.699,0.0,0.82,0.19,4.18,170.8,18.9,23.3
284.112,542.443,-0.026,-0.065,69.018,-0.003,30.62,-2.682,69.018,68.208,-0.699,0.0,0.81,0.14,4.12,-165.5,16.0,22.5
284.209,542.443,-0.003,-0.06,69.018,-0.0,30.663,-2.152,69.018,68.208,-0.699,0.0,0.81,0.09,4.14,-164.6,25.9,21.2
284.312,542.443,0.006,-0.064,69.018,0.001,30.659,-2.53,69.018,68.218,-0.699,0.0,0.8,0.07,4.17,-164.5,26.1,18.3
284.413,542.443,0.036,-0.059,69.018,0.005,30.611,-2.586,69.018,68.238,-0.699,0.0,0.78,0.06,4.2,-169.4,17.4,13.0
284.513,542.443,0.006,-0.068,69.018,0.001,30.638,-2.439,69.018,68.278,-0.699,0.0,0.74,0.05,4.21,-173.3,20.5,9.5
284.613,542.443,0.022,-0.058,69.018,0.003,30.645,-2.328,69.018,68.308,-0.699,0.0,0.71,0.03,4.28,170.7,29.5,5.1
284.712,542.443,-0.015,-0.06,69.018,-0.002,30.647,-2.817,69.018,68.338,-0.699,0.0,0.68,0.03,4.47,-173.3,-7.8,2.0
284.811,542.443,-0.004,-0.058,69.018,-0.001,30.645,-2.447,69.018,68.418,-0.699,0.0,0.6,0.03,4.32,-167.8,1.2,-4.7
284.913,542.444,0.04,-0.059,69.018,0.005,30.618,-2.549,69.018,68.478,-0.699,0.0,0.54,0.04,4.39,-173.4,21.8,-7.6
285.014,542.444,0.007,-0.056,69.018,0.001,30.645,-2.598,69.018,68.558,-0.699,0.0,0.46,0.09,4.25,171.4,-0.0,-11.8
285.117,542.443,0.048,-0.059,69.018,0.006,30.636,-2.215,69.018,68.608,-0.699,0.0,0.41,0.1,4.25,-178.9,8.1,-16.9
285.211,542.444,0.008,-0.066,69.018,0.001,30.64,-2.499,69.018,68.608,-0.699,0.0,0.41,0.04,4.25,165.0,-6.7,-15.3
285.312,542.445,-0.079,-0.062,69.018,-0.01,30.627,-3.011,69.018,68.608,-0.699,0.0,0.41,0.06,4.26,170.9,7.5,-18.2
285.414,542.446,-0.048,-0.057,69.018,-0.006,30.645,-2.398,69.018,68.588,-0.699,0.0,0.43,0.17,4.43,167.0,26.1,-21.4
285.514,542.446,0.014,-0.065,69.018,0.002,30.624,-2.627,69.018,68.618,-0.699,0.0,0.4,0.22,4.2,178.2,-16.7,-15.9
285.613,542.446,-0.009,-0.066,69.018,-0.001,30.622,-2.653,69.018,68.628,-0.699,0.0,0.39,0.16,4.22,-180.0,-18.1,-14.4
285.713,542.447,-0.008,-0.067,69.018,-0.001,30.654,-2.425,69.018,68.648,-0.699,0.0,0.37,0.04,4.22,-179.4,-17.0,-11.6
285.811,542.446,-0.031,-0.067,69.018,-0.004,30.638,-2.395,69.018,68.678,-0.699,0.0,0.34,0.02,4.25,-176.3,30.9,-9.1
285.912,542.447,0.012,-0.061,69.018,0.002,30.629,-2.347,69.018,68.708,-0.699,0.0,0.31,0.1,4.24,180.0,24.9,-5.2
286.012,542.447,0.003,-0.057,69.018,0.0,30.654,-2.547,69.018,68.728,-0.699,0.0,0.29,0.18,4.27,172.8,28.0,-2.0
286.118,542.447,-0.019,-0.058,69.018,-0.002,30.659,-2.265,69.018,68.748,-0.699,0.0,0.27,0.16,4.18,173.0,-14.0,5.8
286.217,542.446,0.026,-0.06,69.018,0.003,30.647,-2.336,69.018,68.768,-0.699,0.0,0.25,0.02,4.31,174.6,-12.8,10.1
286.313,542.447,0.028,-0.057,69.018,0.004,30.638,-2.745,69.018,68.798,-0.699,0.0,0.22,-0.17,4.21,-169.6,-7.1,10.5
286.412,542.447,0.008,-0.057,69.018,0.001,30.636,-2.136,69.018,68.848,-0.699,0.0,0.17,-0.26,4.03,178.2,-3.5,13.1
286.511,542.447,0.006,-0.059,69.018,0.001,30.64,-2.386,69.018,68.898,-0.699,0.0,0.12,-0.23,3.91,173.4,0.9,15.4
286.613,542.447,-0.035,-0.064,69.018,-0.005,30.629,-2.364,69.018,68.938,-0.699,0.0,0.08,-0.14,3.85,177.6,5.0,17.7
286.716,542.447,0.012,-0.053,69.018,0.002,30.656,-2.371,69.018,68.968,-0.699,0.0,0.05,-0.11,3.77,-168.6,-13.4,18.8
286.812,542.447,0.047,-0.055,69.018,0.006,30.652,-2.116,69.018,68.988,-0.699,0.0,0.03,-0.18,3.7,167.6,18.2,21.3
286.914,542.447,-0.034,-0.068,69.018,-0.004,30.634,-2.029,69.018,68.998,-0.699,0.0,0.02,-0.3,3.7,-167.8,-15.2,22.2
287.016,542.447,-0.025,-0.057,69.018,-0.003,30.647,-2.066,69.018,69.008,-0.699,0.0,0.01,-0.33,3.66,-167.4,16.4,28.4
287.112,542.447,0.021,-0.06,69.018,0.003,30.64,-2.403,69.018,69.018,-0.699,0.0,0.0,-0.24,3.67,-176.5,13.8,27.7
287.214,542.447,-0.006,-0.054,69.018,-0.001,30.629,-2.261,69.018,69.018,-0.699,0.0,-0.0,-0.11,3.71,180.0,13.1,27.8
287.312,542.447,-0.03,-0.064,69.018,-0.004,30.654,-2.331,69.018,69.028,-0.699,0.0,-0.01,-0.03,3.73,-172.5,-17.5,26.8
287.411,542.447,-0.004,-0.064,69.018,-0.001,30.677,-2.713,69.018,69.028,-0.699,0.0,-0.01,-0.04,3.73,173.6,17.9,27.1
287.513,542.447,0.025,-0.055,69.018,0.003,30.638,-2.419,69.018,69.038,0.277,0.297,-0.02,-0.08,3.72,174.0,19.0,26.9
287.613,542.447,-0.011,-0.061,69.018,-0.001,30.649,-2.517,69.018,69.048,0.207,0.218,-0.03,-0.05,3.7,179.9,17.7,27.9
287.717,542.447,0.012,-0.055,69.018,0.002,30.624,-2.411,69.018,69.048,0.126,0.144,-0.03,0.08,3.71,178.2,16.9,26.9
287.819,542.447,0.062,-0.048,69.018,0.008,30.652,-2.426,69.018,69.048,0.076,0.099,-0.03,0.24,3.72,169.5,20.6,24.3
287.917,542.447,-0.001,-0.055,69.018,-0.0,30.649,-2.175,0,69.028,-0.033,-0.013,-0.01,0.3,3.65,174.4,16.8,24.2
288.015,542.446,-0.034,-0.053,69.018,-0.004,30.636,-1.576,0,68.988,-0.177,-0.177,0.03,0.27,3.63,167.1,20.3,21.5
288.114,542.435,-0.496,0.11,69.016,-0.063,30.631,2.923,0,68.926,-0.35,-0.35,0.09,0.18,3.61,177.4,13.7,21.3
288.214,542.287,-2.649,0.098,68.998,-0.337,30.602,4.241,0,68.838,-0.559,-0.559,0.16,0.14,3.65,176.7,16.3,19.0
288.315,541.95,-4.293,0.085,68.955,-0.546,30.606,6.031,0,68.755,-0.664,-0.664,0.2,0.17,3.59,-177.5,-4.8,17.5
288.417,541.481,-5.633,0.036,68.895,-0.717,30.615,3.012,0,68.645,-0.832,-0.847,0.25,0.21,3.44,166.2,17.0,14.3
288.515,540.909,-6.362,0.067,68.822,-0.809,30.602,3.829,0,68.542,-0.915,-0.993,0.28,0.18,3.43,179.5,9.0,14.9
288.617,540.225,-7.531,0.123,68.735,-0.958,30.57,4.457,0,68.415,-1.052,-1.171,0.32,0.07,3.52,175.5,14.1,13.7
288.715,539.4,-9.227,0.088,68.63,-1.174,30.544,4.385,0,68.31,-1.053,-1.251,0.32,-0.07,3.42,-166.1,-6.0,13.3
288.815,538.451,-10.109,0.059,68.509,-1.286,30.599,1.279,0,68.179,-1.151,-1.387,0.33,-0.15,3.45,-171.1,3.7,14.5
288.914,537.427,-10.765,0.069,68.379,-1.37,30.565,2.41,0,68.039,-1.253,-1.516,0.34,-0.15,3.48,-170.0,2.9,13.7
289.015,536.314,-11.688,0.095,68.238,-1.487,30.554,2.907,0,67.898,-1.314,-1.608,0.34,-0.12,3.52,172.6,-7.8,13.5
289.115,535.096,-12.914,0.038,68.083,-1.643,30.572,-0.027,0,67.753,-1.371,-1.692,0.33,-0.13,3.54,176.0,4.1,12.4
289.216,533.796,-13.146,0.031,67.917,-1.673,30.581,3.03,0,67.607,-1.4,-1.744,0.31,-0.2,3.53,-169.1,6.9,11.7
289.319,532.427,-13.976,0.011,67.743,-1.778,30.586,0.617,0,67.473,-1.369,-1.738,0.27,-0.3,3.5,-172.1,11.7,11.6
289.418,531.052,-13.948,0.002,67.568,-1.775,30.636,0.44,0,67.378,-1.202,-1.582,0.19,-0.34,3.46,-176.8,-4.0,9.3
289.517,529.715,-12.447,-0.048,67.398,-1.584,30.665,-1.399,0,67.338,-0.889,-1.009,0.06,-0.29,3.42,-172.6,4.7,10.1
289.617,528.51,-10.576,-0.181,67.245,-1.346,30.757,-7.485,0,67.335,-0.553,-0.553,-0.09,-0.21,3.4,-176.8,5.4,9.5
289.718,527.7,-5.563,-0.226,67.142,-0.708,30.745,-8.877,0,67.392,-0.114,-0.114,-0.25,-0.15,3.36,-175.1,5.3,10.1
289.815,527.317,-1.801,-0.225,67.093,-0.229,30.647,-9.072,69.018,67.443,0.135,0.135,-0.35,-0.14,3.29,-172.9,9.3,10.6
289.915,527.273,0.82,-0.246,67.087,0.104,30.579,-9.479,69.018,67.497,0.297,0.297,-0.41,-0.17,3.3,-176.3,9.9,11.6
290.018,527.443,2.461,-0.198,67.109,0.313,30.549,-8.268,69.018,67.519,0.265,0.388,-0.41,-0.15,3.21,-168.0,9.2,12.3
290.118,527.722,2.996,-0.139,67.144,0.381,30.572,-6.992,69.018,67.594,0.459,0.657,-0.45,-0.06,3.27,-171.8,9.1,12.2
290.22,528.08,4.412,-0.198,67.19,0.561,30.51,-10.835,69.018,67.66,0.535,0.812,-0.47,0.05,3.18,-165.4,12.0,13.1
290.319,528.607,6.417,-0.197,67.257,0.816,30.478,-7.535,69.018,67.777,0.787,1.092,-0.52,0.13,3.25,-167.6,14.2,13.2
290.416,529.293,8.539,-0.207,67.344,1.086,30.446,-8.067,69.018,67.874,0.858,1.238,-0.53,0.14,3.19,-161.8,16.1,13.9
290.515,530.19,9.59,-0.193,67.458,1.22,30.382,-6.215,69.018,68.038,1.165,1.556,-0.58,0.14,3.44,-167.9,16.5,12.8
290.617,531.222,12.071,-0.198,67.59,1.536,30.346,-6.697,69.018,68.16,1.18,1.655,-0.57,0.17,3.52,-166.6,17.4,13.4
290.718,532.477,13.305,-0.177,67.75,1.693,30.353,-7.309,69.018,68.28,1.191,1.742,-0.53,0.25,3.56,-165.4,18.4,14.6
290.817,533.809,13.796,-0.177,67.919,1.755,30.362,-6.376,69.018,68.349,0.994,1.632,-0.43,0.31,3.3,-159.5,22.4,16.7
290.917,535.181,12.934,-0.066,68.093,1.646,30.492,-2.139,69.018,68.463,1.056,1.672,-0.37,0.35,3.4,-163.0,22.3,16.4
291.018,536.478,13.006,-0.108,68.258,1.655,30.485,-4.25,69.018,68.568,1.051,1.627,-0.31,0.3,3.39,-162.6,20.6,16.6
291.118,537.762,12.505,-0.139,68.422,1.591,30.442,-4.787,69.018,68.672,1.046,1.546,-0.25,0.19,3.27,-157.9,21.1,17.3
291.224,539.031,12.89,0.005,68.583,1.64,30.567,-0.319,69.018,68.793,1.11,1.53,-0.21,0.11,3.39,-160.4,20.1,16.5
291.317,540.233,11.494,-0.096,68.736,1.462,30.49,-3.505,69.018,68.916,1.159,1.519,-0.18,0.1,3.3,-161.1,24.3,16.2
291.417,541.311,9.148,0.082,68.873,1.164,30.663,4.352,69.018,69.003,1.045,1.305,-0.13,0.13,3.3,-163.0,25.3,14.4
291.517,542.051,5.881,0.131,68.968,0.748,30.672,4.396,69.018,69.118,1.086,1.333,-0.15,0.13,3.47,-165.3,23.0,13.3
291.618,542.424,2.202,0.057,69.015,0.28,30.643,2.693,69.018,69.245,1.156,1.289,-0.23,0.04,3.55,-172.0,22.7,10.5
291.717,542.503,-0.543,0.007,69.025,-0.069,30.645,0.749,69.018,69.355,1.137,1.21,-0.33,-0.08,3.54,-169.8,25.8,11.5
291.818,542.455,-0.187,-0.052,69.019,-0.024,30.645,-2.26,69.018,69.459,1.096,1.165,-0.44,-0.15,3.49,-166.6,27.4,12.1
291.914,542.456,-0.011,-0.035,69.019,-0.001,30.67,-1.762,69.018,69.489,0.784,0.969,-0.47,-0.15,3.47,-162.8,27.6,13.1
292.015,542.455,-0.009,-0.033,69.019,-0.001,30.629,-2.047,69.018,69.499,0.514,0.802,-0.48,-0.09,3.47,-163.6,26.4,12.7
292.118,542.455,-0.002,-0.04,69.019,-0.0,30.649,-1.809,69.018,69.489,0.272,0.645,-0.47,-0.04,3.51,-165.5,22.5,13.2
292.216,542.454,0.009,-0.036,69.019,0.001,30.652,-1.487,69.018,69.449,0.008,0.458,-0.43,-0.03,3.38,-161.7,21.7,15.1
292.317,542.454,-0.016,-0.036,69.019,-0.002,30.656,-1.476,69.018,69.439,-0.035,0.417,-0.42,-0.05,3.6,-169.7,16.8,15.3
292.42,542.454,-0.061,-0.047,69.019,-0.008,30.656,-1.278,69.018,69.409,-0.138,0.329,-0.39,-0.03,3.61,-171.6,13.4,15.2
292.515,542.454,-0.007,-0.036,69.019,-0.001,30.647,-1.453,69.018,69.369,-0.242,0.234,-0.35,0.04,3.61,-175.5,12.5,16.6
292.617,542.454,0.015,-0.038,69.019,0.002,30.638,-1.048,69.018,69.329,-0.303,0.162,-0.31,0.14,3.57,179.1,16.2,16.9
292.717,542.454,0.06,-0.025,69.019,0.008,30.659,-1.545,69.018,69.279,-0.38,0.072,-0.26,0.19,3.37,-173.0,19.9,16.9
292.819,542.454,0.022,-0.033,69.019,0.003,30.627,-1.267,69.018,69.249,-0.348,0.057,-0.23,0.19,3.39,-175.3,20.6,15.3
292.915,542.454,0.026,-0.036,69.019,0.003,30.62,-1.242,69.018,69.219,-0.33,0.036,-0.2,0.15,3.39,-175.0,21.4,14.0
293.017,542.454,0.019,-0.029,69.019,0.002,30.652,-1.361,69.018,69.189,-0.317,0.012,-0.17,0.13,3.41,-177.9,21.3,11.1
293.118,542.454,-0.026,-0.032,69.019,-0.003,30.665,-1.322,69.018,69.169,-0.272,0.014,-0.15,0.16,3.42,-179.9,20.6,8.0
293.218,542.454,0.019,-0.035,69.019,0.002,30.647,-1.199,69.018,69.149,-0.243,0.008,-0.13,0.21,3.48,171.5,22.7,3.6
293.317,542.454,-0.001,-0.034,69.019,-0.0,30.656,-1.092,0,69.129,-0.227,-0.007,-0.11,0.22,3.48,170.7,23.3,1.6
293.416,542.453,0.008,-0.019,69.019,0.001,30.652,-1.004,0,69.099,-0.255,-0.095,-0.08,0.2,3.58,172.8,-19.6,3.7
293.515,542.444,-0.274,0.071,69.018,-0.035,30.631,2.991,69.017,69.068,-0.255,0.0,-0.05,0.15,3.64,-171.1,17.8,1.7
293.614,542.377,-0.407,-0.061,69.009,-0.052,30.661,-2.492,69.017,69.039,-0.255,0.0,-0.03,0.13,3.81,175.6,18.3,0.1
293.717,542.369,0.049,-0.034,69.008,0.006,30.643,-0.935,69.008,69.008,-0.255,0.0,-0.0,0.14,3.65,-172.4,-15.9,-3.8
293.817,542.37,-0.011,-0.035,69.008,-0.001,30.672,-1.023,69.008,68.998,-0.255,0.0,0.01,0.17,3.64,-177.1,20.4,-4.1
293.919,542.371,-0.067,-0.036,69.008,-0.009,30.647,-1.476,69.008,68.978,-0.255,0.0,0.03,0.19,3.63,176.6,16.8,-5.0
294.016,542.372,-0.008,-0.036,69.008,-0.001,30.64,-1.371,69.008,68.938,-0.255,0.0,0.07,0.16,3.79,177.7,17.0,-6.5
294.117,542.371,0.02,-0.03,69.008,0.003,30.638,-1.434,69.008,68.918,-0.255,0.0,0.09,0.12,3.72,167.6,16.0,-7.7
294.217,542.371,0.073,-0.039,69.008,0.009,30.679,-1.56,69.008,68.878,-0.255,0.0,0.13,0.09,3.78,169.9,-12.6,-5.4
294.315,542.371,-0.061,-0.026,69.008,-0.008,30.647,-1.422,69.008,68.838,-0.255,0.0,0.17,0.09,3.82,-175.4,3.5,-7.0
294.421,542.371,-0.01,-0.039,69.008,-0.001,30.647,-1.17,69.008,68.788,-0.255,0.0,0.22,0.13,3.87,-171.9,18.0,-7.3
294.518,542.371,0.047,-0.036,69.008,0.006,30.631,-1.274,69.008,68.758,-0.255,0.0,0.25,0.16,3.98,-178.7,6.2,-8.2
294.616,542.371,-0.069,-0.031,69.008,-0.009,30.661,-1.523,69.008,68.718,-0.255,0.0,0.29,0.15,4.06,179.1,7.6,-9.2
294.717,542.371,0.015,-0.029,69.008,0.002,30.649,-0.789,69.008,68.688,-0.255,0.0,0.32,0.1,4.14,-173.3,5.8,-8.9
294.818,542.366,-0.07,-0.036,69.008,-0.009,30.649,-2.412,69.008,68.628,-0.255,0.0,0.38,0.04,4.25,-172.5,16.7,-9.3
294.92,542.369,-0.079,-0.046,69.008,-0.01,30.67,-2.627,69.008,68.648,-0.255,0.0,0.36,-0.18,4.25,-169.4,15.7,-7.6
295.02,542.373,-0.025,-0.032,69.009,-0.003,30.661,-1.291,69.009,68.589,-0.255,0.0,0.42,-0.13,4.19,167.8,-5.3,-7.8
295.12,542.368,0.065,-0.041,69.008,0.008,30.649,-1.912,69.008,68.498,-0.255,0.0,0.51,0.14,4.33,-171.0,0.9,-10.4
295.22,542.367,0.056,-0.041,69.008,0.007,30.649,-1.594,69.008,68.538,-0.255,0.0,0.47,0.09,4.2,-164.8,-4.6,-10.2
295.32,542.367,-0.124,-0.056,69.008,-0.016,30.688,-1.666,69.017,68.498,-0.255,0.0,0.51,-0.11,4.15,-163.8,1.5,-7.8
295.419,542.367,-0.042,-0.052,69.008,-0.005,30.649,-1.716,69.008,68.488,-0.255,0.0,0.52,-0.06,4.15,-165.3,-0.6,-7.6
295.52,542.367,0.05,-0.04,69.008,0.006,30.649,-2.227,69.008,68.468,-0.255,0.0,0.54,0.19,4.29,166.0,8.0,-7.4
295.619,542.367,0.027,-0.038,69.008,0.003,30.656,-1.588,69.008,68.438,-0.255,0.0,0.57,0.2,4.32,-167.0,-1.9,-7.9
295.72,542.367,-0.012,-0.055,69.008,-0.002,30.654,-1.659,69.008,68.468,-0.255,0.0,0.54,0.0,4.1,-158.4,-1.2,-6.1
295.82,542.367,0.054,-0.036,69.008,0.007,30.661,-1.708,69.008,68.428,-0.255,0.0,0.58,0.05,4.39,-162.6,12.6,-3.7
295.92,542.367,-0.032,-0.043,69.008,-0.004,30.654,-1.819,69.008,68.468,-0.255,0.0,0.54,0.24,4.18,148.1,13.0,-6.5
296.02,542.367,0.008,-0.051,69.008,0.001,30.652,-1.842,69.008,68.458,-0.255,0.0,0.55,0.21,4.19,-153.1,3.2,-3.9
296.121,542.367,0.042,-0.041,69.008,0.005,30.656,-2.046,69.008,68.458,-0.255,0.0,0.55,0.06,4.28,-150.7,14.8,0.8
296.22,542.366,-0.021,-0.053,69.008,-0.003,30.679,-1.899,69.008,68.458,-0.255,0.0,0.55,0.14,4.31,-144.8,3.9,-1.1
296.328,542.366,-0.041,-0.059,69.008,-0.005,30.661,-1.152,69.008,68.478,-0.255,0.0,0.53,0.28,4.16,-143.1,10.4,2.9
296.421,542.366,-0.053,-0.059,69.008,-0.007,30.663,-1.918,69.008,68.508,-0.255,0.0,0.5,0.2,4.01,-138.2,10.5,6.5
296.521,542.366,-0.039,-0.049,69.008,-0.005,30.652,-2.096,69.008,68.458,-0.255,0.0,0.55,0.09,4.43,-133.8,11.7,6.2
296.619,542.367,0.019,-0.049,69.008,0.002,30.645,-1.955,69.008,68.528,-0.255,0.0,0.48,0.14,3.94,-128.7,11.2,11.6
296.719,542.367,0.047,-0.047,69.008,0.006,30.64,-2.093,69.008,68.538,-0.255,0.0,0.47,0.27,3.95,-128.7,11.5,11.8
296.82,542.367,0.007,-0.05,69.008,0.001,30.668,-1.67,69.008,68.518,-0.255,0.0,0.49,0.24,4.18,-127.9,12.0,11.9
296.92,542.367,-0.04,-0.052,69.008,-0.005,30.659,-1.921,69.008,68.528,-0.255,0.0,0.48,0.11,4.09,-125.0,10.7,12.3
297.02,542.367,0.018,-0.052,69.008,0.002,30.654,-2.397,69.008,68.568,-0.255,0.0,0.44,0.17,3.92,-125.0,9.4,12.4
297.12,542.367,0.062,-0.051,69.008,0.008,30.656,-2.218,69.008,68.568,-0.255,0.0,0.44,0.29,3.95,-128.8,9.1,10.6
297.221,542.367,-0.006,-0.05,69.008,-0.001,30.656,-1.864,69.008,68.578,-0.255,0.0,0.43,0.21,3.98,-130.4,7.4,8.8
297.32,542.368,0.002,-0.055,69.008,0.0,30.652,-2.148,69.008,68.548,-0.255,0.0,0.46,0.12,4.33,-131.6,8.8,4.3
297.422,542.368,-0.006,-0.054,69.008,-0.001,30.634,-1.977,69.008,68.568,-0.255,0.0,0.44,0.22,4.28,-137.1,10.7,2.8
297.526,542.368,-0.01,-0.054,69.008,-0.001,30.67,-2.087,69.008,68.598,-0.255,0.0,0.41,0.29,4.08,-143.3,2.5,-0.3
297.624,542.367,-0.011,-0.055,69.008,-0.001,30.649,-2.241,69.008,68.588,-0.255,0.0,0.42,0.18,4.35,-149.2,9.0,-2.3
297.724,542.367,-0.025,-0.048,69.008,-0.003,30.679,-1.793,69.008,68.608,-0.255,0.0,0.4,0.11,4.25,145.0,9.7,-7.4
297.822,542.367,-0.033,-0.061,69.008,-0.004,30.652,-2.1,69.008,68.618,-0.255,0.0,0.39,0.23,4.22,156.1,-0.2,-6.5
297.929,542.367,-0.002,-0.052,69.008,-0.0,30.654,-2.095,69.008,68.628,-0.255,0.0,0.38,0.27,4.12,-164.9,5.8,-10.0
298.022,542.367,-0.007,-0.049,69.008,-0.001,30.656,-2.045,69.008,68.618,-0.255,0.0,0.39,0.16,4.25,163.8,11.4,-14.0
298.119,542.368,-0.075,-0.067,69.008,-0.009,30.668,-2.301,69.008,68.618,-0.255,0.0,0.39,0.12,4.24,163.8,15.3,-18.2
298.226,542.368,0.002,-0.055,69.008,0.0,30.643,-2.141,69.008,68.598,-0.255,0.0,0.41,0.26,4.44,-178.7,7.3,-20.3
298.321,542.368,-0.067,-0.072,69.008,-0.009,30.654,-1.917,69.008,68.608,-0.255,0.0,0.4,0.25,4.29,-172.7,-8.7,-22.6
298.421,542.368,0.013,-0.051,69.008,0.002,30.665,-2.555,69.008,68.568,-0.255,0.0,0.44,0.12,4.54,166.9,-9.7,-24.2
298.522,542.367,-0.008,-0.056,69.008,-0.001,30.659,-2.175,69.008,68.558,-0.255,0.0,0.45,0.14,4.62,177.7,19.4,-30.7
298.629,542.367,0.041,-0.062,69.008,0.005,30.668,-1.972,69.008,68.548,-0.255,0.0,0.46,0.25,4.61,175.8,18.3,-35.0
298.719,542.367,-0.002,-0.052,69.008,-0.0,30.652,-2.326,69.008,68.548,-0.255,0.0,0.46,0.16,4.53,-169.9,13.3,-38.7
298.828,542.367,0.005,-0.06,69.008,0.001,30.661,-2.691,69.008,68.568,-0.255,0.0,0.44,0.05,4.36,151.3,22.7,-50.4
298.923,542.367,-0.006,-0.06,69.008,-0.001,30.652,-2.33,69.008,68.538,-0.255,0.0,0.47,0.14,4.62,174.4,-17.7,-47.7
299.024,542.367,0.006,-0.06,69.008,0.001,30.679,-2.286,69.008,68.558,-0.255,0.0,0.45,0.21,4.42,176.1,21.4,-54.4
299.121,542.367,0.039,-0.05,69.008,0.005,30.665,-2.483,69.008,68.558,-0.255,0.0,0.45,0.12,4.44,170.8,25.3,-59.7
299.225,542.367,-0.027,-0.057,69.008,-0.003,30.679,-2.467,69.008,68.538,-0.255,0.0,0.47,0.06,4.64,175.0,20.4,-62.3
299.323,542.367,-0.018,-0.057,69.008,-0.002,30.647,-2.678,69.008,68.558,-0.255,0.0,0.45,0.17,4.52,-173.2,-17.8,-64.3
299.423,542.367,-0.004,-0.062,69.008,-0.0,30.654,-2.584,69.008,68.568,-0.255,0.0,0.44,0.23,4.5,-179.7,6.1,-69.1
299.52,542.367,0.021,-0.06,69.008,0.003,30.665,-2.662,69.008,68.588,-0.255,0.0,0.42,0.15,4.36,164.6,8.8,-73.1
299.624,542.367,-0.027,-0.066,69.008,-0.003,30.659,-2.377,69.008,68.598,-0.255,0.0,0.41,0.13,4.46,-173.5,7.6,-74.2
299.723,542.368,0.008,-0.062,69.008,0.001,30.634,-2.506,69.008,68.608,-0.255,0.0,0.4,0.22,4.47,-177.8,3.9,-78.4
299.824,542.368,0.033,-0.053,69.008,0.004,30.672,-2.474,69.008,68.618,-0.255,0.0,0.39,0.26,4.55,164.8,9.1,-82.2
299.922,542.368,0.024,-0.054,69.008,0.003,30.67,-2.828,69.008,68.648,-0.255,0.0,0.36,0.2,4.51,-175.3,0.1,-83.3
300.024,542.368,-0.01,-0.06,69.008,-0.001,30.649,-2.569,69.008,68.668,-0.255,0.0,0.34,0.21,4.38,165.0,10.1,-87.8
300.122,542.368,-0.058,-0.062,69.008,-0.007,30.643,-2.762,69.008,68.698,-0.255,0.0,0.31,0.3,4.34,160.9,16.0,-91.4
300.227,542.368,0.019,-0.061,69.008,0.002,30.684,-2.384,69.008,68.708,-0.255,0.0,0.3,0.32,4.53,179.9,14.1,-93.0
300.324,542.368,0.026,-0.06,69.008,0.003,30.681,-2.751,69.008,68.718,-0.255,0.0,0.29,0.28,4.58,160.3,16.6,-95.5
300.429,542.368,-0.031,-0.064,69.008,-0.004,30.636,-2.624,69.008,68.748,-0.255,0.0,0.26,0.32,4.41,162.6,10.2,-98.8
300.526,542.369,-0.012,-0.066,69.008,-0.002,30.636,-2.419,69.008,68.758,-0.255,0.0,0.25,0.41,4.56,-161.2,-23.6,-103.1
300.624,542.369,0.001,-0.066,69.008,0.0,30.659,-2.578,69.008,68.778,-0.255,0.0,0.23,0.37,4.35,157.6,15.3,-105.4
300.723,542.369,0.011,-0.066,69.008,0.001,30.656,-2.576,69.008,68.778,-0.255,0.0,0.23,0.35,4.61,168.5,4.7,-105.1
300.83,542.369,-0.004,-0.061,69.008,-0.0,30.663,-2.534,69.008,68.798,-0.255,0.0,0.21,0.38,4.34,158.9,13.7,-109.0
300.929,542.369,-0.025,-0.07,69.008,-0.003,30.656,-2.33,69.008,68.788,-0.255,0.0,0.22,0.48,4.59,165.4,5.8,-108.8
301.025,542.369,-0.007,-0.067,69.008,-0.001,30.663,-2.472,69.008,68.798,-0.255,0.0,0.21,0.43,4.31,160.4,11.4,-112.1
301.125,542.369,0.001,-0.059,69.008,0.0,30.659,-2.448,69.008,68.788,-0.255,0.0,0.22,0.4,4.37,163.8,3.4,-111.6
301.222,542.369,0.005,-0.058,69.008,0.001,30.645,-2.647,69.008,68.778,-0.255,0.0,0.23,0.45,4.31,161.4,10.4,-114.2
301.327,542.369,0.024,-0.067,69.008,0.003,30.67,-2.511,69.008,68.758,-0.255,0.0,0.25,0.52,4.31,-161.1,-21.6,-114.7
301.433,542.369,-0.013,-0.063,69.008,-0.002,30.663,-2.561,69.008,68.748,-0.255,0.0,0.26,0.47,4.31,162.6,16.0,-115.3
301.528,542.369,0.011,-0.064,69.008,0.001,30.665,-2.829,69.008,68.738,-0.255,0.0,0.27,0.45,4.32,169.6,5.1,-114.3
301.624,542.369,0.019,-0.065,69.008,0.002,30.652,-2.548,69.008,68.718,-0.255,0.0,0.29,0.53,4.42,174.6,11.1,-113.6
301.728,542.369,-0.022,-0.069,69.008,-0.003,30.636,-2.699,69.008,68.688,-0.255,0.0,0.32,0.59,4.66,-175.9,-25.2,-113.5
301.823,542.369,-0.021,-0.066,69.008,-0.003,30.665,-3.048,69.008,68.678,-0.255,0.0,0.33,0.5,4.42,175.8,-22.0,-111.1
301.923,542.369,0.019,-0.06,69.008,0.002,30.661,-2.556,69.008,68.678,-0.255,0.0,0.33,0.49,4.35,-168.0,-30.7,-112.9
302.024,542.369,-0.001,-0.074,69.008,-0.0,30.675,-2.751,69.008,68.658,-0.255,0.0,0.35,0.55,4.35,163.2,13.1,-113.6
302.13,542.369,-0.032,-0.071,69.008,-0.004,30.64,-2.345,69.008,68.648,-0.255,0.0,0.36,0.54,4.32,164.2,15.3,-111.6
302.222,542.369,-0.033,-0.072,69.008,-0.004,30.668,-2.502,69.008,68.628,-0.255,0.0,0.38,0.46,4.31,165.4,12.4,-110.0
302.323,542.369,-0.008,-0.059,69.008,-0.001,30.661,-2.557,69.008,68.608,-0.255,0.0,0.4,0.47,4.32,171.3,4.2,-107.2
302.427,542.369,0.029,-0.067,69.008,0.004,30.654,-2.733,69.008,68.608,-0.255,0.0,0.4,0.54,4.31,172.8,2.6,-106.0
302.523,542.369,-0.025,-0.068,69.008,-0.003,30.684,-2.831,69.008,68.598,-0.255,0.0,0.41,0.53,4.27,170.1,5.6,-108.2
302.623,542.369,-0.009,-0.071,69.008,-0.001,30.647,-2.561,69.008,68.598,-0.255,0.0,0.41,0.49,4.31,163.6,12.7,-111.6
302.724,542.369,0.0,-0.064,69.008,0.0,30.659,-2.635,69.008,68.588,-0.255,0.0,0.42,0.53,4.3,164.7,11.8,-114.3
302.826,542.369,0.038,-0.066,69.008,0.005,30.649,-2.917,69.008,68.588,-0.255,0.0,0.42,0.6,4.3,160.1,16.9,-117.8
302.923,542.369,-0.035,-0.076,69.008,-0.004,30.654,-2.542,69.008,68.588,-0.255,0.0,0.42,0.58,4.32,162.5,12.2,-117.7
303.023,542.369,0.024,-0.073,69.008,0.003,30.661,-2.328,69.008,68.538,-0.255,0.0,0.47,0.58,4.75,167.9,11.9,-117.4
303.123,542.369,-0.007,-0.06,69.008,-0.001,30.647,-2.804,69.008,68.578,-0.255,0.0,0.43,0.57,4.5,-165.6,-33.4,-118.0
303.224,542.369,0.0,-0.071,69.008,0.0,30.659,-2.731,69.008,68.588,-0.255,0.0,0.42,0.59,4.33,159.6,16.3,-118.8
303.323,542.369,0.006,-0.063,69.008,0.001,30.652,-2.847,69.008,68.568,-0.255,0.0,0.44,0.57,4.52,163.1,1.8,-116.2
303.424,542.369,-0.019,-0.069,69.008,-0.002,30.649,-2.296,69.008,68.608,-0.255,0.0,0.4,0.47,4.33,159.8,17.4,-117.7
303.526,542.369,0.004,-0.065,69.008,0.0,30.638,-2.866,69.008,68.618,-0.255,0.0,0.39,0.51,4.3,164.9,11.2,-115.3
303.628,542.369,-0.0,-0.073,69.008,-0.0,30.668,-2.922,69.008,68.618,-0.255,0.0,0.39,0.57,4.53,-174.5,-24.1,-113.0
303.726,542.369,-0.005,-0.068,69.008,-0.001,30.665,-2.564,69.008,68.648,-0.255,0.0,0.36,0.48,4.28,167.0,15.7,-112.4
303.827,542.369,0.021,-0.06,69.008,0.003,30.647,-2.799,69.008,68.648,-0.255,0.0,0.36,0.45,4.34,167.6,15.2,-111.1
303.927,542.369,0.007,-0.065,69.008,0.001,30.624,-2.553,69.008,68.648,-0.255,0.0,0.36,0.5,4.59,-176.4,13.3,-106.2
304.029,542.369,-0.009,-0.068,69.008,-0.001,30.652,-2.664,69.008,68.678,-0.255,0.0,0.33,0.5,4.36,172.0,16.1,-106.5
304.126,542.369,0.031,-0.069,69.008,0.004,30.675,-2.594,69.008,68.688,-0.255,0.0,0.32,0.44,4.37,-179.7,21.7,-103.3
304.231,542.369,-0.005,-0.079,69.008,-0.001,30.645,-2.515,69.008,68.698,-0.255,0.0,0.31,0.41,4.34,176.9,17.6,-101.8
304.326,542.369,0.012,-0.078,69.008,0.002,30.647,-2.68,69.008,68.698,-0.255,0.0,0.31,0.46,4.39,176.3,14.9,-100.3
304.429,542.369,-0.024,-0.076,69.008,-0.003,30.634,-3.162,69.008,68.718,-0.255,0.0,0.29,0.46,4.35,177.6,18.4,-98.9
304.525,542.369,-0.002,-0.062,69.008,-0.0,30.684,-2.419,69.008,68.708,-0.255,0.0,0.3,0.43,4.66,170.6,-29.7,-95.1
304.624,542.369,0.007,-0.069,69.008,0.001,30.64,-2.879,69.008,68.728,-0.255,0.0,0.28,0.41,4.41,-178.1,20.1,-96.4
304.727,542.369,0.046,-0.069,69.008,0.006,30.64,-2.899,69.008,68.738,-0.255,0.0,0.27,0.47,4.42,178.8,18.3,-96.4
304.826,542.37,0.006,-0.074,69.008,0.001,30.649,-2.978,69.008,68.748,-0.255,0.0,0.26,0.47,4.37,171.8,15.3,-96.3
304.924,542.37,-0.007,-0.073,69.008,-0.001,30.654,-2.907,69.008,68.738,-0.255,0.0,0.27,0.44,4.52,-179.4,21.1,-95.6
305.025,542.37,-0.045,-0.076,69.008,-0.006,30.645,-2.705,69.008,68.738,-0.255,0.0,0.27,0.43,4.37,176.7,17.3,-94.9
305.125,542.37,-0.015,-0.065,69.008,-0.002,30.654,-2.633,69.008,68.728,-0.255,0.0,0.28,0.49,4.48,175.5,13.8,-93.6
305.225,542.37,0.017,-0.064,69.008,0.002,30.645,-3.136,69.008,68.708,-0.255,0.0,0.3,0.49,4.66,-179.6,-27.2,-92.3
305.323,542.37,0.004,-0.071,69.008,0.0,30.661,-2.822,69.008,68.718,-0.255,0.0,0.29,0.41,4.36,157.2,19.3,-94.1
305.426,542.37,0.016,-0.077,69.008,0.002,30.643,-2.689,69.008,68.708,-0.255,0.0,0.3,0.4,4.36,161.1,8.6,-89.3
305.525,542.37,-0.04,-0.075,69.008,-0.005,30.649,-2.638,69.008,68.698,-0.255,0.0,0.31,0.4,4.34,160.3,5.8,-87.3
305.629,542.37,0.012,-0.073,69.008,0.002,30.656,-2.909,69.008,68.698,-0.255,0.0,0.31,0.36,4.33,158.4,4.8,-84.6
305.729,542.37,-0.036,-0.077,69.008,-0.005,30.659,-2.826,69.008,68.688,-0.255,0.0,0.32,0.3,4.36,158.5,12.2,-83.6
305.829,542.37,0.018,-0.068,69.008,0.002,30.661,-2.694,69.008,68.668,-0.255,0.0,0.34,0.31,4.52,163.8,10.4,-79.9
305.927,542.37,0.004,-0.074,69.008,0.0,30.652,-2.965,69.008,68.678,-0.255,0.0,0.33,0.28,4.36,160.9,8.0,-77.8
306.03,542.37,-0.005,-0.073,69.008,-0.001,30.665,-2.873,69.008,68.658,-0.255,0.0,0.35,0.24,4.51,163.9,13.2,-75.5
306.127,542.37,-0.004,-0.069,69.008,-0.0,30.654,-3.111,69.008,68.658,-0.255,0.0,0.35,0.21,4.53,167.4,11.0,-71.4
306.23,542.37,-0.027,-0.07,69.008,-0.003,30.677,-2.555,69.008,68.668,-0.255,0.0,0.34,0.21,4.33,162.7,16.1,-71.0
306.326,542.37,0.022,-0.07,69.008,0.003,30.668,-3.204,69.008,68.658,-0.255,0.0,0.35,0.22,4.39,177.0,18.3,-67.0
306.432,542.37,-0.016,-0.073,69.008,-0.002,30.649,-2.922,69.008,68.648,-0.255,0.0,0.36,0.19,4.46,-175.8,19.2,-64.9
306.535,542.37,-0.025,-0.077,69.008,-0.003,30.661,-2.653,69.008,68.638,-0.255,0.0,0.37,0.19,4.55,169.0,11.2,-65.6
306.629,542.37,0.002,-0.071,69.008,0.0,30.636,-3.165,69.008,68.648,-0.255,0.0,0.36,0.21,4.28,-178.8,8.6,-63.0
306.732,542.37,0.012,-0.062,69.008,0.001,30.672,-2.897,69.008,68.618,-0.255,0.0,0.39,0.23,4.43,164.2,-8.1,-60.2
306.826,542.37,0.018,-0.077,69.008,0.002,30.654,-3.14,69.008,68.628,-0.255,0.0,0.38,0.19,4.22,-169.6,14.7,-61.1
306.929,542.369,-0.022,-0.071,69.008,-0.003,30.638,-3.051,69.008,68.618,-0.255,0.0,0.39,0.19,4.29,-171.0,-4.3,-61.3
307.029,542.37,-0.02,-0.066,69.008,-0.003,30.638,-2.764,69.008,68.608,-0.255,0.0,0.4,0.23,4.31,155.3,9.6,-63.8
307.127,542.37,0.043,-0.069,69.008,0.005,30.647,-3.222,69.008,68.578,-0.255,0.0,0.43,0.25,4.53,163.5,4.5,-61.7
307.225,542.37,-0.004,-0.064,69.008,-0.001,30.681,-2.84,69.008,68.588,-0.255,0.0,0.42,0.22,4.37,157.8,-6.3,-59.5
307.333,542.37,-0.002,-0.071,69.008,-0.0,30.652,-3.376,69.008,68.588,-0.255,0.0,0.42,0.24,4.35,-168.3,-6.9,-62.3
307.433,542.37,-0.02,-0.074,69.008,-0.003,30.661,-3.089,69.008,68.608,-0.255,0.0,0.4,0.26,4.17,-168.5,10.1,-62.8
307.527,542.37,0.01,-0.07,69.008,0.001,30.636,-3.1,69.008,68.618,-0.255,0.0,0.39,0.24,4.18,-166.1,17.1,-62.7
307.629,542.37,-0.012,-0.07,69.008,-0.002,30.656,-2.548,69.008,68.598,-0.255,0.0,0.41,0.24,4.42,-166.8,16.5,-64.4
307.735,542.37,-0.018,-0.075,69.008,-0.002,30.654,-2.873,69.008,68.608,-0.255,0.0,0.4,0.26,4.4,-171.0,18.3,-66.4
307.832,542.369,0.001,-0.068,69.008,0.0,30.675,-2.791,69.008,68.598,-0.255,0.0,0.41,0.29,4.61,171.5,-7.5,-67.6
307.929,542.37,-0.003,-0.081,69.008,-0.0,30.649,-3.107,69.008,68.628,-0.255,0.0,0.38,0.25,4.36,-177.5,15.9,-69.6
308.029,542.37,-0.024,-0.084,69.008,-0.003,30.652,-3.187,69.008,68.648,-0.255,0.0,0.36,0.23,4.26,-169.1,15.1,-69.4
308.132,542.37,-0.008,-0.068,69.008,-0.001,30.67,-2.782,69.008,68.658,-0.255,0.0,0.35,0.27,4.29,-180.0,8.5,-72.8
308.23,542.37,0.006,-0.073,69.008,0.001,30.64,-3.042,69.008,68.658,-0.255,0.0,0.35,0.28,4.33,173.0,3.7,-75.2
308.328,542.37,0.002,-0.069,69.008,0.0,30.661,-2.85,69.008,68.678,-0.255,0.0,0.33,0.25,4.3,174.5,8.9,-76.7
308.43,542.37,-0.025,-0.081,69.008,-0.003,30.661,-2.982,69.008,68.678,-0.255,0.0,0.33,0.25,4.33,161.4,13.1,-80.3
308.534,542.37,0.003,-0.078,69.008,0.0,30.647,-2.886,69.008,68.688,-0.255,0.0,0.32,0.28,4.33,162.7,13.3,-82.7
308.629,542.37,-0.025,-0.078,69.008,-0.003,30.663,-2.768,69.008,68.708,-0.255,0.0,0.3,0.29,4.32,161.8,18.9,-84.2
308.73,542.37,0.022,-0.074,69.008,0.003,30.656,-2.87,69.008,68.718,-0.255,0.0,0.29,0.28,4.31,166.0,11.6,-84.6
308.83,542.37,-0.036,-0.071,69.008,-0.005,30.647,-2.617,69.008,68.728,-0.255,0.0,0.28,0.31,4.31,168.5,12.9,-85.2
308.928,542.37,-0.033,-0.077,69.008,-0.004,30.649,-2.908,69.008,68.738,-0.255,0.0,0.27,0.34,4.36,-177.3,-19.2,-83.5
309.033,542.37,-0.003,-0.074,69.008,-0.0,30.652,-2.672,69.008,68.748,-0.255,0.0,0.26,0.34,4.34,172.3,13.1,-86.0
309.133,542.37,-0.04,-0.072,69.008,-0.005,30.652,-3.163,69.008,68.758,-0.255,0.0,0.25,0.34,4.33,170.4,16.0,-86.9
309.227,542.371,-0.026,-0.08,69.008,-0.003,30.67,-2.593,69.008,68.778,-0.255,0.0,0.23,0.37,4.35,165.5,19.1,-88.3
309.327,542.371,-0.026,-0.081,69.008,-0.003,30.64,-2.748,69.008,68.788,-0.255,0.0,0.22,0.37,4.31,170.9,17.4,-87.2
309.434,542.371,-0.016,-0.078,69.008,-0.002,30.677,-2.826,69.008,68.778,-0.255,0.0,0.23,0.38,4.5,173.7,-20.0,-82.6
309.534,542.371,0.027,-0.07,69.008,0.003,30.665,-2.831,69.008,68.788,-0.255,0.0,0.22,0.34,4.32,169.1,16.1,-87.5
309.629,542.371,0.027,-0.07,69.008,0.003,30.661,-2.66,69.008,68.788,-0.255,0.0,0.22,0.34,4.33,166.1,14.2,-88.3
309.728,542.371,-0.028,-0.071,69.008,-0.004,30.672,-2.314,69.008,68.768,-0.255,0.0,0.24,0.34,4.35,164.3,12.1,-88.5
309.832,542.371,-0.105,-0.08,69.008,-0.013,30.661,-2.516,69.017,68.748,-0.255,0.0,0.26,0.34,4.52,179.1,-16.0,-84.4
309.928,542.371,0.029,-0.067,69.008,0.004,30.652,-2.829,69.008,68.738,-0.255,0.0,0.27,0.33,4.42,159.2,-6.1,-87.1
310.028,542.371,-0.028,-0.074,69.008,-0.004,30.663,-2.625,69.008,68.708,-0.255,0.0,0.3,0.34,4.53,161.9,2.9,-89.3
310.129,542.371,-0.083,-0.079,69.008,-0.011,30.656,-2.781,69.017,68.708,-0.255,0.0,0.3,0.32,4.35,156.7,15.8,-93.8
310.23,542.37,0.011,-0.071,69.008,0.001,30.672,-2.982,69.008,68.688,-0.255,0.0,0.32,0.32,4.59,-166.9,3.0,-88.3
310.331,542.37,0.068,-0.068,69.008,0.009,30.663,-2.708,69.008,68.688,-0.255,0.0,0.32,0.3,4.34,-171.5,-18.1,-90.2
310.428,542.37,-0.008,-0.067,69.008,-0.001,30.654,-3.084,69.008,68.668,-0.255,0.0,0.34,0.31,4.46,-175.6,-12.3,-88.7
310.534,542.37,0.027,-0.071,69.008,0.003,30.681,-2.587,69.008,68.678,-0.255,0.0,0.33,0.28,4.29,161.3,15.9,-92.7
310.636,542.37,-0.017,-0.071,69.008,-0.002,30.652,-2.548,69.008,68.668,-0.255,0.0,0.34,0.26,4.33,161.1,16.9,-92.2
310.733,542.37,-0.018,-0.076,69.008,-0.002,30.659,-3.024,69.008,68.658,-0.255,0.0,0.35,0.26,4.33,-168.6,4.5,-87.8
310.83,542.37,-0.069,-0.084,69.008,-0.009,30.654,-3.174,69.008,68.638,-0.255,0.0,0.37,0.27,4.5,172.9,-13.8,-86.1
310.932,542.37,-0.008,-0.07,69.008,-0.001,30.631,-2.956,69.008,68.648,-0.255,0.0,0.36,0.27,4.32,162.3,18.3,-91.0
311.033,542.37,-0.028,-0.073,69.008,-0.004,30.647,-2.949,69.008,68.658,-0.255,0.0,0.35,0.26,4.27,168.3,17.7,-88.8
311.13,542.37,0.008,-0.073,69.008,0.001,30.654,-2.665,69.008,68.658,-0.255,0.0,0.35,0.25,4.33,167.3,11.5,-87.6
311.236,542.37,-0.024,-0.071,69.008,-0.003,30.649,-2.702,69.008,68.658,-0.255,0.0,0.35,0.27,4.36,161.9,-13.5,-81.6
311.339,542.37,0.028,-0.077,69.008,0.004,30.652,-2.796,69.008,68.668,-0.255,0.0,0.34,0.28,4.36,172.1,0.4,-83.5
311.43,542.37,-0.063,-0.083,69.008,-0.008,30.663,-2.681,69.008,68.678,-0.255,0.0,0.33,0.28,4.33,162.5,17.6,-84.5
311.528,542.371,0.006,-0.068,69.008,0.001,30.659,-3.392,69.008,68.688,-0.255,0.0,0.32,0.27,4.32,175.6,8.9,-81.0
311.643,542.371,-0.045,-0.075,69.008,-0.006,30.654,-2.843,69.008,68.688,-0.255,0.0,0.32,0.29,4.5,172.9,9.3,-78.9
311.73,542.37,-0.025,-0.071,69.008,-0.003,30.665,-2.707,69.008,68.708,-0.255,0.0,0.3,0.29,4.32,167.4,12.0,-78.1
311.829,542.37,-0.027,-0.077,69.008,-0.003,30.654,-3.036,69.008,68.698,-0.255,0.0,0.31,0.28,4.44,-173.6,16.1,-73.2
311.928,542.37,-0.006,-0.065,69.008,-0.001,30.654,-2.742,69.008,68.718,-0.255,0.0,0.29,0.26,4.28,168.2,14.1,-74.7
312.037,542.371,-0.021,-0.067,69.008,-0.003,30.645,-2.683,69.008,68.718,-0.255,0.0,0.29,0.28,4.44,-175.3,16.9,-71.5
312.129,542.371,-0.013,-0.074,69.008,-0.002,30.659,-2.695,69.008,68.718,-0.255,0.0,0.29,0.28,4.5,-173.7,12.3,-69.4
312.231,542.371,0.0,-0.074,69.008,0.0,30.679,-3.479,69.008,68.728,-0.255,0.0,0.28,0.25,4.48,175.9,12.1,-69.9
312.333,542.371,-0.032,-0.071,69.008,-0.004,30.654,-2.855,69.008,68.738,-0.255,0.0,0.27,0.24,4.36,166.3,-15.4,-66.3
312.436,542.371,0.036,-0.076,69.008,0.005,30.665,-3.001,69.008,68.738,-0.255,0.0,0.27,0.26,4.37,-172.9,-14.9,-68.0
312.53,542.371,-0.044,-0.074,69.008,-0.006,30.654,-2.746,69.008,68.728,-0.255,0.0,0.28,0.26,4.44,169.5,-16.9,-63.1
312.629,542.371,0.005,-0.065,69.008,0.001,30.64,-2.778,69.008,68.728,-0.255,0.0,0.28,0.25,4.51,-173.6,14.5,-65.2
312.735,542.371,-0.009,-0.076,69.008,-0.001,30.64,-2.802,69.008,68.728,-0.255,0.0,0.28,0.24,4.28,159.8,-15.3,-60.2
312.835,542.371,-0.012,-0.077,69.008,-0.002,30.647,-3.134,69.008,68.708,-0.255,0.0,0.3,0.26,4.4,-173.6,18.8,-61.7
312.931,542.371,0.01,-0.07,69.008,0.001,30.656,-2.777,69.008,68.688,-0.255,0.0,0.32,0.25,4.45,169.9,-9.7,-60.1
313.031,542.371,-0.01,-0.07,69.008,-0.001,30.634,-3.102,69.008,68.688,-0.255,0.0,0.32,0.24,4.31,-173.3,-7.1,-61.0
313.132,542.371,-0.075,-0.081,69.008,-0.01,30.656,-2.832,69.008,68.668,-0.255,0.0,0.34,0.25,4.24,162.3,-13.6,-57.6
313.232,542.37,0.0,-0.081,69.008,0.0,30.663,-2.962,69.008,68.648,-0.255,0.0,0.36,0.25,4.23,161.9,-14.8,-57.6
313.333,542.37,-0.023,-0.073,69.008,-0.003,30.645,-2.91,69.008,68.608,-0.255,0.0,0.4,0.27,4.44,171.7,5.2,-61.7
313.437,542.37,0.078,-0.07,69.008,0.01,30.647,-2.973,69.008,68.588,-0.255,0.0,0.42,0.27,4.44,-171.6,11.6,-61.7
313.531,542.37,-0.001,-0.075,69.008,-0.0,30.661,-3.074,69.008,68.568,-0.255,0.0,0.44,0.27,4.46,174.6,6.7,-64.3
313.632,542.37,-0.038,-0.075,69.008,-0.005,30.656,-3.047,69.008,68.578,-0.255,0.0,0.43,0.28,4.25,176.7,10.8,-65.5
313.732,542.37,-0.049,-0.079,69.008,-0.006,30.643,-3.08,69.008,68.558,-0.255,0.0,0.45,0.29,4.28,176.6,8.0,-67.8
313.832,542.37,0.053,-0.065,69.008,0.007,30.672,-3.229,69.008,68.538,-0.255,0.0,0.47,0.3,4.27,166.7,17.4,-72.0
313.929,542.37,-0.038,-0.087,69.008,-0.005,30.643,-2.818,69.008,68.528,-0.255,0.0,0.48,0.32,4.33,-178.6,-18.2,-71.4
314.034,542.37,0.058,-0.069,69.008,0.007,30.661,-2.861,69.008,68.528,-0.255,0.0,0.48,0.33,4.27,175.8,7.9,-76.7
314.134,542.37,0.032,-0.071,69.008,0.004,30.656,-2.95,69.008,68.518,-0.255,0.0,0.49,0.34,4.3,160.8,18.3,-84.3
314.233,542.37,-0.016,-0.078,69.008,-0.002,30.67,-2.993,69.008,68.488,-0.255,0.0,0.52,0.37,4.51,179.8,-19.0,-81.5
314.336,542.37,-0.0,-0.067,69.008,-0.0,30.67,-3.109,69.008,68.518,-0.255,0.0,0.49,0.35,4.28,-173.6,-27.3,-86.7
314.436,542.37,0.036,-0.071,69.008,0.005,30.656,-3.309,69.008,68.528,-0.255,0.0,0.48,0.35,4.26,160.9,18.1,-94.7
314.534,542.37,-0.015,-0.081,69.008,-0.002,30.654,-2.915,69.008,68.538,-0.255,0.0,0.47,0.36,4.32,-173.9,14.6,-95.7
314.635,542.37,0.003,-0.065,69.008,0.0,30.661,-2.922,69.008,68.568,-0.255,0.0,0.44,0.35,4.27,159.9,7.8,-99.4
314.735,542.37,-0.017,-0.076,69.008,-0.002,30.659,-2.737,69.008,68.588,-0.255,0.0,0.42,0.35,4.34,-177.0,8.1,-99.0
314.837,542.371,-0.019,-0.081,69.008,-0.002,30.663,-2.654,69.008,68.628,-0.255,0.0,0.38,0.33,4.27,161.6,9.5,-103.0
314.933,542.371,0.009,-0.074,69.008,0.001,30.661,-2.869,69.008,68.668,-0.255,0.0,0.34,0.34,4.32,164.7,9.8,-104.2
315.032,542.371,-0.059,-0.072,69.008,-0.007,30.663,-2.878,69.008,68.708,-0.255,0.0,0.3,0.36,4.32,172.4,-1.1,-103.2
315.136,542.371,0.005,-0.076,69.008,0.001,30.64,-2.702,69.008,68.758,-0.255,0.0,0.25,0.35,4.39,-175.5,5.9,-104.2
315.238,542.371,0.006,-0.072,69.008,0.001,30.645,-2.767,69.008,68.798,-0.255,0.0,0.21,0.34,4.3,169.9,5.7,-105.9
315.333,542.372,-0.017,-0.064,69.008,-0.002,30.677,-2.481,69.008,68.848,-0.255,0.0,0.16,0.36,4.32,159.2,14.2,-109.5
315.432,542.372,0.015,-0.058,69.008,0.002,30.647,-2.951,69.008,68.898,-0.255,0.0,0.11,0.38,4.3,-162.3,-19.2,-108.6
315.537,542.372,0.029,-0.059,69.008,0.004,30.647,-2.772,69.008,68.938,-0.255,0.0,0.07,0.39,4.3,167.7,2.2,-106.0
315.639,542.372,0.033,-0.062,69.008,0.004,30.652,-2.792,69.008,68.978,-0.255,0.0,0.03,0.39,4.32,168.5,1.7,-104.9
315.736,542.373,0.047,-0.064,69.009,0.006,30.665,-2.72,69.009,69.019,-0.255,0.0,-0.01,0.41,4.42,167.4,-9.3,-101.5
315.844,542.373,0.012,-0.062,69.009,0.001,30.645,-3.0,69.009,69.049,-0.255,0.0,-0.04,0.4,4.31,168.1,1.2,-100.8
315.932,542.373,-0.002,-0.073,69.009,-0.0,30.661,-2.77,69.009,69.079,-0.255,0.0,-0.07,0.4,4.47,-175.7,-1.0,-97.6
316.032,542.373,0.019,-0.064,69.009,0.002,30.668,-2.227,69.009,69.099,-0.255,0.0,-0.09,0.41,4.7,169.1,4.1,-91.7
316.137,542.373,-0.02,-0.064,69.009,-0.003,30.659,-2.794,69.009,69.099,-0.255,0.0,-0.09,0.38,4.51,173.4,4.0,-89.9
316.238,542.373,0.004,-0.065,69.009,0.0,30.654,-2.288,69.009,69.099,-0.255,0.0,-0.09,0.39,4.5,170.8,9.3,-85.0
316.333,542.373,0.022,-0.058,69.009,0.003,30.7,-2.744,69.009,69.089,-0.255,0.0,-0.08,0.35,4.3,-168.7,-22.6,-83.1
316.431,542.373,-0.013,-0.061,69.009,-0.002,30.663,-2.315,69.009,69.059,-0.255,0.0,-0.05,0.33,4.35,-168.5,-3.7,-77.5
316.531,542.373,0.003,-0.061,69.009,0.0,30.654,-2.621,69.009,69.009,-0.255,0.0,-0.0,0.31,4.35,-170.6,9.6,-73.6
316.634,542.373,-0.029,-0.068,69.009,-0.004,30.624,-2.45,69.009,68.959,-0.255,0.0,0.05,0.29,4.4,177.4,12.1,-71.6
316.745,542.373,0.02,-0.061,69.009,0.003,30.665,-2.362,69.009,68.899,-0.255,0.0,0.11,0.28,4.33,166.0,-13.9,-67.4
316.833,542.372,-0.028,-0.06,69.008,-0.004,30.659,-2.29,69.008,68.828,-0.255,0.0,0.18,0.26,4.33,-173.1,9.7,-65.6
316.932,542.372,-0.053,-0.07,69.008,-0.007,30.661,-2.488,69.008,68.738,-0.255,0.0,0.27,0.23,4.46,-175.2,-1.3,-64.4
317.036,542.372,0.021,-0.06,69.008,0.003,30.661,-2.754,69.008,68.658,-0.255,0.0,0.35,0.24,4.46,166.0,7.1,-61.7
317.133,542.371,-0.007,-0.065,69.008,-0.001,30.681,-2.655,69.008,68.588,-0.255,0.0,0.42,0.25,4.4,-177.4,6.6,-59.2
317.232,542.371,-0.031,-0.063,69.008,-0.004,30.643,-2.648,69.008,68.528,-0.255,0.0,0.48,0.22,4.26,-169.0,18.9,-55.8
317.331,542.371,0.045,-0.071,69.008,0.006,30.675,-2.508,69.008,68.448,-0.255,0.0,0.56,0.2,4.38,-173.7,19.3,-54.9
317.431,542.371,-0.023,-0.069,69.008,-0.003,30.672,-2.466,69.008,68.388,-0.255,0.0,0.62,0.22,4.32,154.7,13.3,-55.8
317.533,542.37,-0.024,-0.069,69.008,-0.003,30.656,-2.768,69.008,68.328,-0.255,0.0,0.68,0.23,4.5,165.7,13.9,-54.8
317.631,542.37,-0.023,-0.061,69.008,-0.003,30.681,-2.785,69.008,68.308,-0.255,0.0,0.7,0.2,4.35,163.8,-2.9,-49.9
317.736,542.37,-0.02,-0.073,69.008,-0.003,30.661,-2.593,69.008,68.248,-0.255,0.0,0.76,0.21,4.51,-176.2,12.9,-52.2
317.833,542.37,0.0,-0.063,69.008,0.0,30.661,-2.44,69.008,68.268,-0.255,0.0,0.74,0.23,4.33,179.6,11.0,-52.1
317.94,542.37,-0.011,-0.069,69.008,-0.001,30.64,-2.612,69.008,68.258,-0.255,0.0,0.75,0.25,4.28,156.2,15.7,-55.8
318.031,542.37,-0.005,-0.073,69.008,-0.001,30.672,-2.576,69.008,68.228,-0.255,0.0,0.78,0.25,4.5,160.9,-8.2,-50.5
318.137,542.369,0.007,-0.064,69.008,0.001,30.668,-2.583,69.008,68.278,-0.255,0.0,0.73,0.25,4.32,-175.0,18.2,-55.5
318.231,542.37,0.037,-0.065,69.008,0.005,30.652,-2.708,69.008,68.338,-0.255,0.0,0.67,0.27,4.14,-174.4,16.5,-57.4
318.338,542.369,-0.006,-0.069,69.008,-0.001,30.663,-2.848,69.008,68.358,-0.255,0.0,0.65,0.29,4.3,177.5,18.1,-61.4
318.432,542.37,-0.022,-0.075,69.008,-0.003,30.663,-2.689,69.008,68.398,-0.255,0.0,0.61,0.29,4.38,-177.9,17.9,-62.9
318.538,542.37,-0.012,-0.07,69.008,-0.002,30.663,-2.575,69.008,68.448,-0.255,0.0,0.56,0.3,4.46,-177.4,13.8,-65.7
318.632,542.37,0.025,-0.067,69.008,0.003,30.663,-2.914,69.008,68.538,-0.255,0.0,0.47,0.31,4.28,-175.3,11.5,-69.3
318.737,542.37,0.009,-0.067,69.008,0.001,30.647,-2.695,69.008,68.598,-0.255,0.0,0.41,0.33,4.3,170.0,5.9,-74.4
318.832,542.371,0.024,-0.062,69.008,0.003,30.663,-2.694,69.008,68.678,-0.255,0.0,0.33,0.3,4.33,166.2,11.4,-79.3
318.933,542.371,-0.005,-0.069,69.008,-0.001,30.649,-3.138,69.008,68.718,-0.255,0.0,0.29,0.31,4.44,173.2,13.2,-80.6
319.031,542.371,0.023,-0.062,69.008,0.003,30.659,-2.71,69.008,68.788,-0.255,0.0,0.22,0.32,4.35,173.4,2.1,-82.3
319.138,542.372,-0.001,-0.064,69.008,-0.0,30.675,-2.258,69.008,68.888,-0.255,0.0,0.12,0.31,4.32,164.1,17.9,-87.4
319.237,542.372,0.022,-0.063,69.008,0.003,30.645,-2.74,69.008,68.948,-0.255,0.0,0.06,0.31,4.5,-174.3,-21.6,-85.3
319.331,542.372,-0.022,-0.064,69.008,-0.003,30.652,-2.501,69.008,68.988,-0.255,0.0,0.02,0.3,4.32,165.7,21.6,-89.0
319.432,542.373,-0.001,-0.06,69.009,-0.0,30.661,-2.977,69.009,69.059,-0.255,0.0,-0.05,0.34,4.7,169.1,-13.8,-86.2
319.532,542.373,-0.029,-0.07,69.009,-0.004,30.656,-2.38,69.009,69.099,-0.255,0.0,-0.09,0.32,4.54,173.3,7.6,-89.2
319.631,542.373,-0.026,-0.061,69.009,-0.003,30.645,-1.96,69.009,69.119,-0.255,0.0,-0.11,0.31,4.5,-165.1,-21.3,-90.9
319.73,542.373,0.005,-0.057,69.009,0.001,30.645,-2.324,69.009,69.129,-0.255,0.0,-0.12,0.31,4.35,164.4,18.3,-90.8
319.83,542.373,-0.016,-0.062,69.009,-0.002,30.643,-2.208,69.009,69.129,-0.255,0.0,-0.12,0.33,4.6,174.2,1.8,-87.4
319.933,542.373,0.012,-0.062,69.009,0.001,30.652,-2.19,69.009,69.109,-0.255,0.0,-0.1,0.32,4.55,171.7,-0.4,-86.1
320.039,542.373,-0.02,-0.068,69.009,-0.003,30.656,-2.507,69.009,69.069,-0.255,0.0,-0.06,0.3,4.34,167.1,11.2,-86.5
320.131,542.373,-0.026,-0.062,69.009,-0.003,30.661,-2.336,69.009,69.039,-0.255,0.0,-0.03,0.31,4.54,-170.1,-20.9,-82.2
320.233,542.373,-0.022,-0.056,69.009,-0.003,30.679,-2.175,69.009,68.989,-0.255,0.0,0.02,0.3,4.32,167.3,15.2,-82.0
320.331,542.373,-0.022,-0.065,69.009,-0.003,30.645,-2.654,69.009,68.939,-0.255,0.0,0.07,0.28,4.41,-172.1,9.8,-76.0
320.434,542.372,-0.004,-0.062,69.008,-0.001,30.654,-2.373,69.008,68.878,-0.255,0.0,0.13,0.27,4.51,174.9,13.1,-73.7
320.538,542.372,0.022,-0.06,69.008,0.003,30.661,-2.849,69.008,68.808,-0.255,0.0,0.2,0.26,4.39,-176.4,11.3,-71.1
320.634,542.372,-0.057,-0.067,69.008,-0.007,30.629,-2.161,69.008,68.748,-0.255,0.0,0.26,0.26,4.31,174.1,8.5,-68.4
320.733,542.372,0.019,-0.054,69.008,0.002,30.624,-2.153,69.008,68.648,-0.255,0.0,0.36,0.26,4.51,163.9,14.0,-67.4
320.834,542.371,-0.019,-0.063,69.008,-0.002,30.645,-2.19,69.008,68.598,-0.255,0.0,0.41,0.24,4.29,-169.4,17.0,-60.9
320.934,542.371,0.035,-0.067,69.008,0.004,30.677,-2.373,69.008,68.518,-0.255,0.0,0.49,0.23,4.29,165.0,11.1,-60.4
321.032,542.371,0.083,-0.053,69.008,0.011,30.652,-2.579,69.017,68.458,-0.255,0.0,0.55,0.22,4.23,-170.2,17.5,-56.2
321.134,542.37,0.008,-0.052,69.008,0.001,30.679,-2.473,69.008,68.388,-0.255,0.0,0.62,0.22,4.26,-177.1,-5.4,-54.1
321.231,542.37,-0.003,-0.062,69.008,-0.0,30.665,-2.55,69.008,68.318,-0.255,0.0,0.69,0.22,4.33,-172.5,16.7,-54.3
321.334,542.37,-0.01,-0.061,69.008,-0.001,30.645,-2.773,69.008,68.258,-0.255,0.0,0.75,0.23,4.43,162.6,10.2,-53.6
321.435,542.369,-0.014,-0.069,69.008,-0.002,30.661,-2.56,69.008,68.258,-0.255,0.0,0.75,0.21,4.2,-178.0,7.4,-50.9
321.534,542.369,-0.011,-0.065,69.008,-0.001,30.675,-2.701,69.008,68.218,-0.255,0.0,0.79,0.22,4.29,159.5,-4.9,-48.9
321.631,542.369,0.013,-0.061,69.008,0.002,30.656,-2.936,69.008,68.188,-0.255,0.0,0.82,0.24,4.38,152.5,6.7,-53.0
321.731,542.369,0.023,-0.065,69.008,0.003,30.661,-2.525,69.008,68.188,-0.255,0.0,0.82,0.25,4.33,-173.5,17.3,-53.5
321.843,542.369,0.055,-0.069,69.008,0.007,30.661,-2.749,69.008,68.228,-0.255,0.0,0.78,0.25,4.12,-172.5,24.2,-55.1
321.933,542.368,0.037,-0.065,69.008,0.005,30.649,-2.653,69.008,68.218,-0.255,0.0,0.79,0.29,4.31,179.3,13.7,-56.8
322.032,542.368,0.049,-0.063,69.008,0.006,30.638,-2.745,69.008,68.258,-0.255,0.0,0.75,0.31,4.29,-174.5,19.6,-58.0
322.133,542.368,0.015,-0.071,69.008,0.002,30.661,-2.62,69.008,68.298,-0.255,0.0,0.71,0.33,4.35,155.7,-6.5,-56.8
322.239,542.368,0.021,-0.059,69.008,0.003,30.656,-3.095,69.008,68.358,-0.255,0.0,0.65,0.36,4.37,157.8,-8.3,-60.7
322.338,542.369,-0.005,-0.072,69.008,-0.001,30.649,-2.583,69.008,68.428,-0.255,0.0,0.58,0.38,4.35,-175.6,18.9,-66.6
322.439,542.369,0.006,-0.072,69.008,0.001,30.672,-2.613,69.008,68.488,-0.255,0.0,0.52,0.41,4.49,169.3,10.9,-72.3
322.535,542.369,-0.013,-0.068,69.008,-0.002,30.636,-2.811,69.008,68.578,-0.255,0.0,0.43,0.4,4.33,171.4,6.9,-76.4
322.637,542.37,0.033,-0.065,69.008,0.004,30.654,-2.755,69.008,68.648,-0.255,0.0,0.36,0.41,4.32,164.7,14.5,-82.5
322.743,542.37,0.015,-0.06,69.008,0.002,30.647,-2.683,69.008,68.728,-0.255,0.0,0.28,0.41,4.31,158.7,19.2,-89.5
322.834,542.371,-0.032,-0.068,69.008,-0.004,30.636,-2.623,69.008,68.788,-0.255,0.0,0.22,0.42,4.31,161.3,19.6,-93.6
322.934,542.371,-0.009,-0.065,69.008,-0.001,30.672,-2.722,69.008,68.848,-0.255,0.0,0.16,0.44,4.32,168.2,5.8,-96.7
323.038,542.372,-0.005,-0.061,69.008,-0.001,30.665,-2.648,69.008,68.908,-0.255,0.0,0.1,0.44,4.34,167.7,3.9,-100.5
323.137,542.372,-0.035,-0.064,69.008,-0.004,30.654,-2.223,69.008,68.958,-0.255,0.0,0.05,0.4,4.3,164.8,1.6,-104.6
323.236,542.372,0.015,-0.055,69.008,0.002,30.677,-2.151,69.008,69.028,-0.255,0.0,-0.02,0.4,4.31,170.0,3.7,-106.2
323.339,542.373,-0.023,-0.069,69.009,-0.003,30.656,-2.102,69.009,69.079,-0.255,0.0,-0.07,0.42,4.33,171.0,0.9,-108.0
323.435,542.373,-0.002,-0.062,69.009,-0.0,30.681,-2.257,69.009,69.119,-0.255,0.0,-0.11,0.4,4.32,-157.8,-20.1,-112.4
323.535,542.373,0.001,-0.061,69.009,0.0,30.656,-2.355,69.009,69.149,-0.255,0.0,-0.14,0.37,4.33,-155.9,-19.5,-113.6
323.635,542.373,-0.013,-0.056,69.009,-0.002,30.681,-2.112,69.009,69.179,-0.255,0.0,-0.17,0.37,4.31,164.5,11.0,-111.2
323.741,542.373,0.004,-0.049,69.009,0.0,30.681,-2.263,69.009,69.199,-0.255,0.0,-0.19,0.4,4.3,167.3,5.5,-110.3
323.839,542.373,-0.031,-0.062,69.009,-0.004,30.677,-1.959,69.009,69.209,-0.255,0.0,-0.2,0.41,4.48,-167.6,-2.6,-108.6
323.934,542.373,-0.024,-0.058,69.009,-0.003,30.663,-2.229,69.009,69.199,-0.255,0.0,-0.19,0.35,4.29,164.8,1.0,-106.6
324.034,542.373,-0.009,-0.055,69.009,-0.001,30.659,-2.219,69.009,69.189,-0.255,0.0,-0.18,0.34,4.3,167.3,5.3,-104.3
324.135,542.373,0.023,-0.057,69.009,0.003,30.645,-2.341,69.009,69.169,-0.255,0.0,-0.16,0.36,4.28,168.8,1.9,-99.7
324.237,542.373,-0.014,-0.056,69.009,-0.002,30.67,-2.172,69.009,69.149,-0.255,0.0,-0.14,0.36,4.45,169.9,-19.7,-95.2
324.334,542.373,-0.003,-0.052,69.009,-0.0,30.661,-2.391,69.009,69.119,-0.255,0.0,-0.11,0.33,4.68,-165.7,-7.4,-88.4
324.435,542.373,0.016,-0.059,69.009,0.002,30.684,-2.133,69.009,69.059,-0.255,0.0,-0.05,0.29,4.33,169.7,2.6,-85.6
324.536,542.373,-0.002,-0.056,69.009,-0.0,30.675,-2.218,69.009,68.999,-0.255,0.0,0.01,0.31,4.31,-171.7,-12.0,-80.5
324.635,542.373,-0.015,-0.054,69.009,-0.002,30.675,-2.053,69.009,68.929,-0.255,0.0,0.08,0.27,4.32,173.6,4.2,-74.6
324.734,542.372,0.0,-0.058,69.008,0.0,30.649,-2.119,69.008,68.858,-0.255,0.0,0.15,0.22,4.32,-173.4,13.1,-68.2
324.836,542.372,0.024,-0.049,69.008,0.003,30.636,-2.482,69.008,68.758,-0.255,0.0,0.25,0.22,4.47,179.2,6.9,-62.9
324.938,542.372,0.008,-0.05,69.008,0.001,30.661,-2.411,69.008,68.678,-0.255,0.0,0.33,0.23,4.24,-173.6,2.4,-57.4
325.035,542.371,-0.043,-0.053,69.008,-0.005,30.649,-2.279,69.008,68.588,-0.255,0.0,0.42,0.19,4.22,-176.7,3.9,-51.8
325.136,542.371,0.001,-0.057,69.008,0.0,30.679,-2.22,69.008,68.458,-0.255,0.0,0.55,0.14,4.37,-176.9,18.4,-48.7
325.242,542.37,0.013,-0.061,69.008,0.002,30.675,-2.239,69.008,68.388,-0.255,0.0,0.62,0.14,4.23,163.4,15.8,-45.7
325.342,542.368,-0.028,-0.067,69.008,-0.004,30.672,-2.717,69.008,68.308,-0.255,0.0,0.7,0.16,4.22,168.0,14.1,-41.3
325.438,542.368,-0.042,-0.074,69.008,-0.005,30.681,-2.513,69.008,68.248,-0.255,0.0,0.76,0.12,4.13,-175.8,9.7,-38.5
325.538,542.367,-0.019,-0.069,69.008,-0.002,30.675,-2.726,69.008,68.158,-0.255,0.0,0.85,0.08,4.32,-177.9,23.8,-35.8
325.638,542.367,0.018,-0.062,69.008,0.002,30.675,-2.592,69.008,68.088,-0.255,0.0,0.92,0.12,4.46,-176.8,15.8,-32.5
325.741,542.367,-0.03,-0.062,69.008,-0.004,30.645,-2.523,69.008,68.128,-0.255,0.0,0.88,0.15,4.16,-172.8,19.4,-32.0
325.84,542.367,0.021,-0.062,69.008,0.003,30.67,-3.092,69.008,68.108,-0.255,0.0,0.9,0.13,4.22,178.8,-1.2,-28.8
325.937,542.367,-0.018,-0.073,69.008,-0.002,30.67,-2.577,69.008,68.108,-0.255,0.0,0.9,0.12,4.26,170.6,21.1,-29.8
326.036,542.367,-0.008,-0.065,69.008,-0.001,30.656,-2.544,69.008,68.148,-0.255,0.0,0.86,0.16,4.27,-177.5,28.2,-28.1
326.141,542.368,-0.005,-0.056,69.008,-0.001,30.672,-2.282,69.008,68.218,-0.255,0.0,0.79,0.2,4.19,-178.7,24.4,-28.9
326.237,542.368,0.03,-0.062,69.008,0.004,30.67,-2.589,69.008,68.268,-0.255,0.0,0.74,0.18,4.26,-178.1,23.3,-28.8
326.342,542.368,0.02,-0.062,69.008,0.003,30.649,-2.581,69.008,68.318,-0.255,0.0,0.69,0.18,4.39,-177.2,32.4,-28.9
326.438,542.368,-0.004,-0.066,69.008,-0.001,30.652,-2.501,69.008,68.408,-0.255,0.0,0.6,0.23,4.34,-178.8,29.4,-30.5
326.541,542.369,0.023,-0.062,69.008,0.003,30.672,-2.411,69.008,68.498,-0.255,0.0,0.51,0.25,4.32,172.0,28.0,-32.9
326.637,542.369,0.022,-0.064,69.008,0.003,30.654,-2.549,69.008,68.588,-0.255,0.0,0.42,0.21,4.44,177.3,24.3,-33.5
326.741,542.37,-0.007,-0.069,69.008,-0.001,30.654,-2.175,69.008,68.678,-0.255,0.0,0.33,0.21,4.48,-174.6,22.9,-34.0
326.838,542.37,0.02,-0.066,69.008,0.003,30.67,-2.435,69.008,68.768,-0.255,0.0,0.24,0.24,4.5,167.7,21.6,-38.2
326.952,542.371,-0.02,-0.064,69.008,-0.003,30.656,-2.308,69.008,68.858,-0.255,0.0,0.15,0.24,4.44,175.3,16.2,-39.2
327.038,542.371,-0.006,-0.056,69.008,-0.001,30.681,-2.738,69.008,68.928,-0.255,0.0,0.08,0.19,4.48,174.7,-9.4,-40.5
327.14,542.372,-0.022,-0.063,69.008,-0.003,30.663,-2.217,69.008,68.988,-0.255,0.0,0.02,0.19,4.32,165.1,9.9,-46.2
327.24,542.372,-0.003,-0.058,69.008,-0.0,30.67,-2.061,69.008,69.038,-0.255,0.0,-0.03,0.23,4.42,-179.3,8.6,-47.4
327.342,542.372,0.05,-0.056,69.008,0.006,30.659,-2.497,69.008,69.078,-0.255,0.0,-0.07,0.22,4.4,-171.0,14.4,-49.3
327.442,542.372,0.029,-0.055,69.008,0.004,30.672,-2.095,69.008,69.098,-0.255,0.0,-0.09,0.19,4.46,164.3,2.4,-54.9
327.539,542.373,-0.014,-0.058,69.009,-0.002,30.647,-2.384,69.009,69.099,-0.255,0.0,-0.09,0.21,4.24,-167.5,12.3,-56.2
327.637,542.372,-0.004,-0.06,69.008,-0.001,30.67,-1.924,69.008,69.088,-0.255,0.0,-0.08,0.24,4.46,-169.7,15.5,-59.4
327.743,542.372,0.056,-0.043,69.008,0.007,30.67,-2.419,69.008,69.068,-0.255,0.0,-0.06,0.22,4.47,175.0,-14.2,-63.1
327.838,542.372,-0.014,-0.062,69.008,-0.002,30.661,-2.425,69.008,69.028,-0.255,0.0,-0.02,0.21,4.35,170.7,12.6,-68.2
327.938,542.372,-0.007,-0.059,69.008,-0.001,30.661,-2.218,69.008,68.978,-0.255,0.0,0.03,0.25,4.35,172.7,13.0,-71.5
328.038,542.372,-0.042,-0.06,69.008,-0.005,30.661,-2.074,69.008,68.928,-0.255,0.0,0.08,0.26,4.33,169.4,14.8,-74.9
328.143,542.372,0.027,-0.053,69.008,0.003,30.652,-2.55,69.008,68.858,-0.255,0.0,0.15,0.25,4.44,175.5,15.9,-76.1
328.239,542.371,0.035,-0.062,69.008,0.004,30.668,-2.481,69.008,68.788,-0.255,0.0,0.22,0.24,4.35,173.6,6.7,-77.9
328.338,542.371,0.007,-0.054,69.008,0.001,30.681,-2.379,69.008,68.708,-0.255,0.0,0.3,0.27,4.39,-175.9,9.3,-79.0
328.438,542.371,0.03,-0.056,69.008,0.004,30.672,-2.405,69.008,68.628,-0.255,0.0,0.38,0.29,4.52,172.7,7.9,-80.3
328.542,542.371,0.027,-0.059,69.008,0.003,30.67,-2.473,69.008,68.578,-0.255,0.0,0.43,0.27,4.32,166.4,4.0,-81.8
328.643,542.37,0.008,-0.058,69.008,0.001,30.649,-2.698,69.008,68.518,-0.255,0.0,0.49,0.27,4.28,157.8,18.0,-85.7
328.738,542.37,0.036,-0.055,69.008,0.005,30.663,-2.367,69.008,68.458,-0.255,0.0,0.55,0.29,4.35,-168.1,10.0,-80.4
328.842,542.37,-0.012,-0.066,69.008,-0.001,30.663,-2.744,69.008,68.418,-0.255,0.0,0.59,0.29,4.27,168.4,10.6,-84.8
328.938,542.369,-0.01,-0.07,69.008,-0.001,30.684,-2.671,69.008,68.398,-0.255,0.0,0.61,0.27,4.24,-178.1,-19.4,-80.6
329.04,542.369,-0.011,-0.061,69.008,-0.001,30.681,-2.451,69.008,68.348,-0.255,0.0,0.66,0.27,4.45,170.6,9.2,-83.1
329.142,542.369,0.013,-0.069,69.008,0.002,30.654,-2.678,69.008,68.368,-0.255,0.0,0.64,0.28,4.24,158.1,13.8,-86.6
329.238,542.369,0.03,-0.063,69.008,0.004,30.647,-2.699,69.008,68.378,-0.255,0.0,0.63,0.28,4.23,159.4,14.0,-85.9
329.338,542.369,0.006,-0.061,69.008,0.001,30.663,-2.591,69.008,68.388,-0.255,0.0,0.62,0.26,4.27,162.6,13.8,-85.1
329.44,542.369,0.005,-0.064,69.008,0.001,30.659,-2.462,69.008,68.408,-0.255,0.0,0.6,0.26,4.28,161.1,17.5,-85.8
329.541,542.369,-0.015,-0.059,69.008,-0.002,30.661,-2.432,69.008,68.438,-0.255,0.0,0.57,0.29,4.26,163.7,13.7,-85.0
329.639,542.369,-0.009,-0.067,69.008,-0.001,30.654,-2.363,69.008,68.478,-0.255,0.0,0.53,0.29,4.28,164.2,13.8,-84.8
329.739,542.369,0.001,-0.064,69.008,0.0,30.679,-2.259,69.008,68.518,-0.255,0.0,0.49,0.27,4.3,163.2,11.2,-85.5
329.842,542.369,-0.019,-0.064,69.008,-0.002,30.663,-2.402,69.008,68.568,-0.255,0.0,0.44,0.29,4.31,166.7,12.3,-85.5
329.944,542.37,0.021,-0.064,69.008,0.003,30.668,-2.434,69.008,68.628,-0.255,0.0,0.38,0.34,4.31,166.4,12.8,-85.8
330.037,542.37,-0.01,-0.064,69.008,-0.001,30.672,-2.521,69.008,68.688,-0.255,0.0,0.32,0.35,4.33,164.2,9.1,-86.4
330.137,542.37,0.007,-0.064,69.008,0.001,30.668,-2.652,69.008,68.748,-0.255,0.0,0.26,0.34,4.3,165.0,15.3,-87.7
330.243,542.371,0.047,-0.062,69.008,0.006,30.684,-2.75,69.008,68.788,-0.255,0.0,0.22,0.39,4.5,171.7,5.2,-85.5
330.346,542.371,0.016,-0.058,69.008,0.002,30.654,-2.134,69.008,68.858,-0.255,0.0,0.15,0.4,4.3,165.0,14.1,-88.9
330.438,542.371,0.015,-0.06,69.008,0.002,30.661,-2.318,69.008,68.908,-0.255,0.0,0.1,0.4,4.36,169.8,7.0,-87.8
330.543,542.371,-0.002,-0.053,69.008,-0.0,30.67,-2.403,69.008,68.958,-0.255,0.0,0.05,0.4,4.33,165.7,15.0,-88.4
330.638,542.372,-0.049,-0.065,69.008,-0.006,30.656,-2.394,69.008,68.998,-0.255,0.0,0.01,0.42,4.31,164.7,14.2,-88.4
330.747,542.372,0.028,-0.058,69.008,0.004,30.652,-2.624,69.008,69.028,-0.255,0.0,-0.02,0.42,4.33,170.0,8.1,-86.8
330.84,542.372,0.011,-0.052,69.008,0.001,30.665,-1.876,69.008,69.048,-0.255,0.0,-0.04,0.39,4.3,166.8,16.0,-86.4
330.943,542.372,0.026,-0.053,69.008,0.003,30.67,-2.0,69.008,69.068,-0.255,0.0,-0.06,0.38,4.29,164.9,14.0,-86.1
331.038,542.372,0.035,-0.065,69.008,0.004,30.672,-2.186,69.008,69.068,-0.255,0.0,-0.06,0.39,4.34,168.3,3.1,-83.5
331.139,542.372,-0.028,-0.054,69.008,-0.004,30.677,-2.036,69.008,69.068,-0.255,0.0,-0.06,0.37,4.31,172.0,5.6,-80.7
331.249,542.372,-0.033,-0.063,69.008,-0.004,30.677,-2.455,69.008,69.048,-0.255,0.0,-0.04,0.34,4.33,169.7,1.0,-78.7
331.342,542.372,0.039,-0.052,69.008,0.005,30.661,-2.23,69.008,69.018,-0.255,0.0,-0.01,0.31,4.35,176.5,5.9,-75.9
331.44,542.372,0.031,-0.056,69.008,0.004,30.672,-2.281,69.008,68.988,-0.255,0.0,0.02,0.3,4.32,171.8,4.7,-72.8
331.539,542.372,-0.022,-0.059,69.008,-0.003,30.679,-2.19,69.008,68.938,-0.255,0.0,0.07,0.28,4.45,173.8,-13.8,-67.2
331.642,542.372,0.039,-0.051,69.008,0.005,30.665,-2.266,69.008,68.888,-0.255,0.0,0.12,0.24,4.57,-174.1,9.2,-64.0
331.739,542.371,-0.021,-0.051,69.008,-0.003,30.668,-2.279,69.008,68.838,-0.255,0.0,0.17,0.2,4.49,-174.2,15.0,-59.3
331.84,542.371,-0.076,-0.064,69.008,-0.01,30.67,-2.301,69.008,68.778,-0.255,0.0,0.23,0.2,4.52,176.0,7.0,-56.5
331.94,542.371,-0.024,-0.067,69.008,-0.003,30.654,-2.362,69.008,68.718,-0.255,0.0,0.29,0.17,4.5,167.4,14.7,-52.3
332.053,542.371,-0.028,-0.054,69.008,-0.004,30.656,-2.084,69.008,68.668,-0.255,0.0,0.34,0.12,4.29,175.2,7.8,-45.7
332.139,542.371,0.054,-0.047,69.008,0.007,30.67,-2.668,69.008,68.608,-0.255,0.0,0.4,0.09,4.29,-172.7,13.1,-39.6
332.24,542.37,-0.034,-0.06,69.008,-0.004,30.675,-1.975,69.008,68.518,-0.255,0.0,0.49,0.1,4.42,173.2,-5.5,-34.1
332.342,542.37,-0.0,-0.068,69.008,-0.0,30.659,-2.328,69.008,68.478,-0.255,0.0,0.53,0.08,4.23,163.3,20.3,-32.6
332.44,542.37,-0.004,-0.057,69.008,-0.0,30.675,-2.033,69.008,68.418,-0.255,0.0,0.59,0.05,4.18,-176.0,12.2,-25.9
332.548,542.37,0.005,-0.056,69.008,0.001,30.672,-2.524,69.008,68.358,-0.255,0.0,0.65,0.03,4.21,163.2,-1.8,-19.7
332.641,542.369,-0.008,-0.059,69.008,-0.001,30.668,-2.397,69.008,68.298,-0.255,0.0,0.71,0.04,4.2,164.5,17.8,-19.8
332.747,542.369,0.014,-0.058,69.008,0.002,30.661,-2.573,69.008,68.268,-0.255,0.0,0.74,0.04,4.17,-170.4,24.5,-15.0
332.841,542.369,-0.012,-0.071,69.008,-0.002,30.665,-2.549,69.008,68.238,-0.255,0.0,0.77,0.04,4.19,165.5,-2.6,-11.7
332.941,542.369,0.033,-0.059,69.008,0.004,30.672,-2.756,69.008,68.218,-0.255,0.0,0.79,0.04,4.2,165.5,17.9,-13.0
333.045,542.369,0.019,-0.062,69.008,0.002,30.663,-2.215,69.008,68.218,-0.255,0.0,0.79,0.06,4.18,-170.1,11.1,-9.9
333.139,542.369,-0.002,-0.064,69.008,-0.0,30.675,-2.421,69.008,68.178,-0.255,0.0,0.83,0.07,4.42,173.4,18.8,-9.6
333.241,542.369,0.016,-0.065,69.008,0.002,30.663,-2.542,69.008,68.238,-0.255,0.0,0.77,0.05,4.28,177.0,17.8,-7.5
333.34,542.369,-0.002,-0.064,69.008,-0.0,30.661,-2.593,69.008,68.278,-0.255,0.0,0.73,0.06,4.29,172.0,14.8,-7.0
333.44,542.369,-0.019,-0.067,69.008,-0.002,30.665,-2.508,69.008,68.308,-0.255,0.0,0.7,0.08,4.41,179.3,25.2,-6.5
333.541,542.369,-0.008,-0.063,69.008,-0.001,30.656,-2.497,69.008,68.368,-0.255,0.0,0.64,0.08,4.3,177.8,22.1,-4.7
333.641,542.369,0.017,-0.057,69.008,0.002,30.672,-2.359,69.008,68.418,-0.255,0.0,0.59,0.07,4.36,174.1,23.2,-4.4
333.74,542.37,-0.025,-0.063,69.008,-0.003,30.672,-2.597,69.008,68.478,-0.255,0.0,0.53,0.09,4.39,-178.2,27.5,-3.6
333.841,542.37,-0.01,-0.063,69.008,-0.001,30.656,-2.589,69.008,68.518,-0.255,0.0,0.49,0.11,4.58,-174.6,27.1,1.0
333.939,542.37,0.009,-0.06,69.008,0.001,30.67,-2.341,69.008,68.618,-0.255,0.0,0.39,0.11,4.32,-173.2,17.0,-2.4
334.04,542.371,0.004,-0.057,69.008,0.001,30.649,-2.608,69.008,68.658,-0.255,0.0,0.35,0.11,4.51,178.2,-16.2,0.7
334.146,542.371,-0.002,-0.072,69.008,-0.0,30.661,-2.577,69.008,68.728,-0.255,0.0,0.28,0.13,4.47,171.4,-11.2,-2.2
334.245,542.371,0.026,-0.062,69.008,0.003,30.672,-2.462,69.008,68.778,-0.255,0.0,0.23,0.14,4.46,172.5,-10.0,-3.3
334.34,542.371,0.027,-0.055,69.008,0.003,30.675,-2.396,69.008,68.818,-0.255,0.0,0.19,0.14,4.5,-177.9,-13.6,-0.9
334.448,542.372,0.023,-0.056,69.008,0.003,30.661,-2.386,69.008,68.858,-0.255,0.0,0.15,0.13,4.34,172.2,14.6,-5.3
334.542,542.372,-0.002,-0.058,69.008,-0.0,30.654,-2.367,69.008,68.888,-0.255,0.0,0.12,0.14,4.31,158.6,12.8,-8.7
334.645,542.372,-0.007,-0.058,69.008,-0.001,30.677,-2.719,69.008,68.898,-0.255,0.0,0.11,0.15,4.32,165.2,10.0,-8.1
334.749,542.372,-0.021,-0.063,69.008,-0.003,30.654,-2.679,69.008,68.898,-0.255,0.0,0.11,0.13,4.33,169.1,11.1,-9.7
334.841,542.372,0.052,-0.064,69.008,0.007,30.665,-2.485,69.008,68.888,-0.255,0.0,0.12,0.13,4.31,160.5,14.2,-13.5
334.941,542.372,-0.047,-0.062,69.008,-0.006,30.663,-2.364,69.008,68.868,-0.255,0.0,0.14,0.14,4.32,-179.1,9.6,-12.2
335.041,542.372,-0.037,-0.058,69.008,-0.005,30.663,-2.128,69.008,68.838,-0.255,0.0,0.17,0.14,4.32,178.0,9.2,-15.0
335.145,542.371,-0.014,-0.065,69.008,-0.002,30.684,-2.402,69.008,68.808,-0.255,0.0,0.2,0.13,4.34,168.1,13.8,-18.0
335.243,542.371,-0.021,-0.056,69.008,-0.003,30.67,-2.341,69.008,68.758,-0.255,0.0,0.25,0.13,4.32,171.0,8.9,-20.3
335.343,542.371,-0.039,-0.071,69.008,-0.005,30.645,-2.215,69.008,68.698,-0.255,0.0,0.31,0.14,4.52,177.4,10.3,-22.1
335.442,542.371,0.054,-0.055,69.008,0.007,30.656,-2.048,69.008,68.658,-0.255,0.0,0.35,0.12,4.36,-171.4,13.4,-23.7
335.541,542.371,-0.025,-0.057,69.008,-0.003,30.668,-2.376,69.008,68.578,-0.255,0.0,0.43,0.12,4.56,-175.7,15.9,-25.2
335.643,542.37,-0.036,-0.063,69.008,-0.005,30.656,-2.362,69.008,68.548,-0.255,0.0,0.46,0.1,4.28,162.7,17.8,-29.4
335.742,542.37,-0.014,-0.059,69.008,-0.002,30.668,-2.505,69.008,68.488,-0.255,0.0,0.52,0.1,4.29,-178.9,6.2,-28.9
335.843,542.37,0.016,-0.049,69.008,0.002,30.681,-2.622,69.008,68.418,-0.255,0.0,0.59,0.1,4.46,-169.6,3.4,-31.0
335.942,542.369,0.005,-0.063,69.008,0.001,30.677,-2.43,69.008,68.398,-0.255,0.0,0.61,0.07,4.28,159.5,25.8,-35.8
336.042,542.369,-0.011,-0.062,69.008,-0.001,30.64,-2.435,69.008,68.368,-0.255,0.0,0.64,0.06,4.24,-172.5,17.6,-33.8
336.142,542.369,0.005,-0.066,69.008,0.001,30.67,-2.55,69.008,68.308,-0.255,0.0,0.7,0.07,4.45,167.5,-8.1,-32.0
336.244,542.369,-0.043,-0.069,69.008,-0.005,30.661,-2.37,69.008,68.268,-0.255,0.0,0.74,0.08,4.6,172.1,19.4,-37.4
336.347,542.369,-0.018,-0.068,69.008,-0.002,30.647,-2.784,69.008,68.298,-0.255,0.0,0.71,0.07,4.37,174.0,18.6,-39.9
336.448,542.369,0.026,-0.061,69.008,0.003,30.645,-2.491,69.008,68.278,-0.255,0.0,0.73,0.08,4.61,178.3,15.0,-40.7
336.549,542.369,-0.02,-0.061,69.008,-0.002,30.67,-2.483,69.008,68.338,-0.255,0.0,0.67,0.09,4.29,163.3,18.1,-44.0
336.65,542.369,-0.01,-0.06,69.008,-0.001,30.661,-2.659,69.008,68.338,-0.255,0.0,0.67,0.1,4.52,169.0,-11.4,-38.9
336.747,542.369,-0.012,-0.069,69.008,-0.002,30.654,-2.48,69.008,68.378,-0.255,0.0,0.63,0.1,4.5,178.4,22.1,-43.9
336.847,542.369,-0.01,-0.067,69.008,-0.001,30.668,-2.721,69.008,68.458,-0.255,0.0,0.55,0.11,4.3,-177.7,28.4,-47.4
336.944,542.369,-0.006,-0.063,69.008,-0.001,30.649,-2.53,69.008,68.478,-0.255,0.0,0.53,0.13,4.5,178.1,21.7,-47.5
337.042,542.369,-0.008,-0.073,69.008,-0.001,30.67,-2.831,69.008,68.548,-0.255,0.0,0.46,0.13,4.42,170.5,-11.5,-45.5
337.153,542.369,-0.012,-0.053,69.008,-0.002,30.661,-2.528,69.008,68.608,-0.255,0.0,0.4,0.14,4.45,169.0,20.3,-49.8
337.246,542.37,-0.003,-0.062,69.008,-0.0,30.688,-2.599,69.008,68.668,-0.255,0.0,0.34,0.16,4.47,169.6,23.1,-51.5
337.344,542.37,0.012,-0.063,69.008,0.002,30.656,-2.21,69.008,68.728,-0.255,0.0,0.28,0.18,4.7,170.3,18.8,-52.3
337.444,542.37,-0.038,-0.067,69.008,-0.005,30.675,-2.209,69.008,68.798,-0.255,0.0,0.21,0.17,4.36,157.6,20.0,-53.7
337.542,542.371,-0.003,-0.065,69.008,-0.0,30.688,-2.69,69.008,68.848,-0.255,0.0,0.16,0.19,4.49,-176.2,20.3,-49.5
337.643,542.371,-0.005,-0.063,69.008,-0.001,30.663,-2.248,69.008,68.898,-0.255,0.0,0.11,0.21,4.47,-177.7,22.0,-50.5
337.742,542.371,0.053,-0.061,69.008,0.007,30.668,-2.446,69.008,68.948,-0.255,0.0,0.06,0.22,4.49,172.8,10.2,-50.9
337.844,542.372,-0.011,-0.055,69.008,-0.001,30.645,-2.451,69.008,68.978,-0.255,0.0,0.03,0.2,4.3,166.9,13.8,-51.0
337.944,542.372,0.002,-0.065,69.008,0.0,30.649,-2.253,69.008,68.998,-0.255,0.0,0.01,0.23,4.52,178.3,2.2,-49.4
338.046,542.372,-0.022,-0.059,69.008,-0.003,30.656,-2.627,69.008,69.008,-0.255,0.0,0.0,0.23,4.52,-174.5,-14.8,-50.4
338.146,542.372,0.001,-0.056,69.008,0.0,30.659,-2.593,69.008,69.008,-0.255,0.0,0.0,0.23,4.49,-172.6,16.2,-48.1
338.245,542.372,-0.003,-0.064,69.008,-0.0,30.668,-2.194,69.008,68.988,-0.255,0.0,0.02,0.22,4.35,-177.9,7.2,-48.6
338.35,542.372,0.024,-0.054,69.008,0.003,30.661,-2.208,69.008,68.968,-0.255,0.0,0.04,0.23,4.46,-174.4,15.7,-47.2
338.455,542.372,-0.03,-0.06,69.008,-0.004,30.663,-2.225,69.008,68.928,-0.255,0.0,0.08,0.23,4.45,-175.5,21.4,-47.6
338.551,542.372,-0.007,-0.056,69.008,-0.001,30.677,-2.7,69.008,68.888,-0.255,0.0,0.12,0.22,4.3,175.1,8.5,-46.6
338.651,542.371,-0.042,-0.066,69.008,-0.005,30.668,-2.259,69.008,68.828,-0.255,0.0,0.18,0.22,4.54,-172.2,-15.1,-47.2
338.745,542.371,0.01,-0.056,69.008,0.001,30.672,-2.17,69.008,68.778,-0.255,0.0,0.23,0.23,4.55,162.9,12.4,-48.6
338.846,542.371,0.009,-0.062,69.008,0.001,30.668,-2.284,69.008,68.728,-0.255,0.0,0.28,0.21,4.3,163.8,14.8,-46.3
338.948,542.371,0.036,-0.058,69.008,0.005,30.665,-2.495,69.008,68.668,-0.255,0.0,0.34,0.2,4.3,-176.5,-14.9,-42.3
339.046,542.37,0.019,-0.062,69.008,0.002,30.649,-2.347,69.008,68.588,-0.255,0.0,0.42,0.21,4.48,-178.5,19.0,-42.0
339.148,542.37,0.009,-0.065,69.008,0.001,30.675,-2.744,69.008,68.528,-0.255,0.0,0.48,0.2,4.43,178.0,14.7,-41.5
339.247,542.37,-0.027,-0.057,69.008,-0.003,30.643,-2.412,69.008,68.478,-0.255,0.0,0.53,0.19,4.38,171.4,-8.0,-37.9
339.348,542.37,0.01,-0.066,69.008,0.001,30.668,-2.398,69.008,68.418,-0.255,0.0,0.59,0.18,4.41,167.7,-6.2,-37.4
339.447,542.369,-0.012,-0.064,69.008,-0.002,30.659,-2.644,69.008,68.408,-0.255,0.0,0.6,0.16,4.23,176.9,16.3,-40.3
339.553,542.369,0.007,-0.069,69.008,0.001,30.659,-2.846,69.008,68.368,-0.255,0.0,0.64,0.15,4.24,163.1,21.4,-41.5
339.646,542.369,-0.015,-0.06,69.008,-0.002,30.663,-2.537,69.008,68.308,-0.255,0.0,0.7,0.15,4.43,161.4,-7.1,-34.5
339.748,542.369,-0.033,-0.069,69.008,-0.004,30.64,-2.568,69.008,68.278,-0.255,0.0,0.73,0.13,4.58,179.5,12.3,-36.9
339.846,542.369,0.01,-0.059,69.008,0.001,30.675,-2.431,69.008,68.298,-0.255,0.0,0.71,0.12,4.4,169.2,-4.2,-35.2
339.947,542.369,-0.013,-0.063,69.008,-0.002,30.675,-2.694,69.008,68.338,-0.255,0.0,0.67,0.1,4.24,165.5,20.8,-39.0
340.046,542.369,0.009,-0.068,69.008,0.001,30.661,-2.603,69.008,68.348,-0.255,0.0,0.66,0.1,4.31,163.2,-5.4,-33.7
340.152,542.369,-0.002,-0.066,69.008,-0.0,30.668,-2.715,69.008,68.358,-0.255,0.0,0.65,0.08,4.4,176.2,22.0,-37.4
340.248,542.369,-0.011,-0.073,69.008,-0.001,30.649,-2.576,69.008,68.388,-0.255,0.0,0.62,0.08,4.46,163.6,22.3,-37.7
340.347,542.369,-0.004,-0.063,69.008,-0.001,30.672,-2.438,69.008,68.448,-0.255,0.0,0.56,0.07,4.31,164.4,23.8,-37.6
340.454,542.369,0.003,-0.068,69.008,0.0,30.661,-2.481,69.008,68.488,-0.255,0.0,0.52,0.07,4.46,-170.4,6.6,-34.3
340.552,542.37,-0.009,-0.066,69.008,-0.001,30.697,-2.793,69.008,68.538,-0.255,0.0,0.47,0.06,4.51,163.7,24.6,-35.7
340.649,542.37,-0.02,-0.059,69.008,-0.003,30.668,-2.801,69.008,68.608,-0.255,0.0,0.4,0.06,4.36,166.1,19.8,-34.3
340.748,542.37,-0.074,-0.07,69.008,-0.009,30.659,-2.669,69.008,68.658,-0.255,0.0,0.35,0.07,4.47,172.2,20.3,-32.3
340.846,542.371,0.005,-0.064,69.008,0.001,30.661,-2.517,69.008,68.708,-0.255,0.0,0.3,0.07,4.57,-177.6,19.3,-29.7
340.947,542.371,0.004,-0.062,69.008,0.001,30.649,-2.227,69.008,68.768,-0.255,0.0,0.24,0.07,4.52,-178.3,-10.6,-29.2
341.047,542.371,0.047,-0.059,69.008,0.006,30.645,-2.847,69.008,68.808,-0.255,0.0,0.2,0.08,4.56,170.4,-14.4,-25.3
341.146,542.371,-0.043,-0.06,69.008,-0.005,30.645,-2.177,69.008,68.858,-0.255,0.0,0.15,0.08,4.35,168.9,18.2,-29.1
341.249,542.371,0.012,-0.053,69.008,0.001,30.672,-2.442,69.008,68.888,-0.255,0.0,0.12,0.09,4.53,171.6,16.8,-27.4
341.347,542.372,-0.041,-0.07,69.008,-0.005,30.638,-2.646,69.008,68.908,-0.255,0.0,0.1,0.09,4.34,-165.2,17.9,-24.4
341.447,542.372,-0.056,-0.063,69.008,-0.007,30.681,-2.212,69.008,68.918,-0.255,0.0,0.09,0.1,4.32,162.6,8.9,-28.0
341.547,542.372,-0.036,-0.062,69.008,-0.005,30.652,-2.274,69.008,68.918,-0.255,0.0,0.09,0.11,4.27,-166.9,-1.4,-25.8
341.647,542.372,0.017,-0.053,69.008,0.002,30.677,-2.333,69.008,68.908,-0.255,0.0,0.1,0.12,4.28,-170.3,15.9,-23.9
341.747,542.372,-0.034,-0.078,69.008,-0.004,30.656,-2.082,69.008,68.888,-0.255,0.0,0.12,0.12,4.27,-178.8,7.8,-23.6
341.847,542.371,0.009,-0.052,69.008,0.001,30.679,-1.949,69.008,68.858,-0.255,0.0,0.15,0.14,4.47,-170.3,17.5,-22.2
341.947,542.371,0.024,-0.057,69.008,0.003,30.67,-2.382,69.008,68.818,-0.255,0.0,0.19,0.14,4.33,-172.2,-9.0,-22.8
342.047,542.371,0.024,-0.057,69.008,0.003,30.665,-2.434,69.008,68.768,-0.255,0.0,0.24,0.14,4.34,164.6,21.4,-24.6
342.15,542.371,-0.016,-0.059,69.008,-0.002,30.679,-2.069,69.008,68.718,-0.255,0.0,0.29,0.14,4.27,-173.8,8.6,-21.9
342.257,542.371,-0.014,-0.062,69.008,-0.002,30.665,-2.512,69.008,68.658,-0.255,0.0,0.35,0.15,4.35,169.1,11.3,-21.8
342.348,542.371,0.007,-0.061,69.008,0.001,30.684,-2.527,69.008,68.578,-0.255,0.0,0.43,0.15,4.52,166.6,16.5,-22.6
342.454,542.37,-0.035,-0.06,69.008,-0.004,30.695,-2.523,69.008,68.538,-0.255,0.0,0.47,0.15,4.31,166.2,15.9,-22.6
342.554,542.37,0.011,-0.062,69.008,0.001,30.665,-2.671,69.008,68.488,-0.255,0.0,0.52,0.16,4.24,-170.6,5.1,-22.4
342.656,542.37,-0.035,-0.073,69.008,-0.004,30.656,-2.7,69.008,68.418,-0.255,0.0,0.59,0.16,4.39,-170.4,20.2,-21.2
342.755,542.37,-0.01,-0.055,69.008,-0.001,30.668,-2.445,69.008,68.378,-0.255,0.0,0.63,0.16,4.28,166.1,14.5,-23.6
342.849,542.369,0.009,-0.064,69.008,0.001,30.675,-2.8,69.008,68.348,-0.255,0.0,0.66,0.16,4.21,-169.8,8.9,-24.1
342.948,542.369,-0.024,-0.061,69.008,-0.003,30.656,-2.491,69.008,68.328,-0.255,0.0,0.68,0.16,4.18,158.4,-6.5,-20.2
343.052,542.369,-0.034,-0.07,69.008,-0.004,30.668,-2.511,69.008,68.278,-0.255,0.0,0.73,0.16,4.33,161.2,19.5,-26.7
343.148,542.369,-0.005,-0.064,69.008,-0.001,30.679,-2.53,69.008,68.278,-0.255,0.0,0.73,0.16,4.3,176.2,16.6,-26.7
343.25,542.369,0.003,-0.058,69.008,0.0,30.663,-2.661,69.008,68.278,-0.255,0.0,0.73,0.17,4.29,163.3,6.0,-27.4
343.351,542.369,0.004,-0.068,69.008,0.001,30.659,-2.798,69.008,68.288,-0.255,0.0,0.72,0.17,4.27,-167.4,25.7,-27.4
343.457,542.369,0.001,-0.063,69.008,0.0,30.654,-2.685,69.008,68.298,-0.255,0.0,0.71,0.15,4.32,158.0,-3.5,-26.8
343.551,542.369,0.018,-0.064,69.008,0.002,30.656,-2.662,69.008,68.298,-0.255,0.0,0.71,0.16,4.48,-166.2,16.6,-30.2
343.65,542.369,0.009,-0.069,69.008,0.001,30.67,-2.769,69.008,68.368,-0.255,0.0,0.64,0.17,4.27,158.8,2.7,-32.7
343.751,542.369,-0.014,-0.068,69.008,-0.002,30.643,-2.703,69.008,68.418,-0.255,0.0,0.59,0.17,4.27,158.4,2.8,-35.0
343.854,542.369,-0.003,-0.071,69.008,-0.0,30.686,-2.582,69.008,68.458,-0.255,0.0,0.55,0.16,4.38,-167.9,17.8,-36.1
343.955,542.37,0.005,-0.065,69.008,0.001,30.656,-2.689,69.008,68.518,-0.255,0.0,0.49,0.16,4.3,150.6,-7.5,-35.8
344.05,542.37,0.028,-0.069,69.008,0.004,30.654,-2.904,69.008,68.578,-0.255,0.0,0.43,0.18,4.31,158.9,-6.6,-39.9
344.155,542.37,0.005,-0.06,69.008,0.001,30.668,-2.364,69.008,68.658,-0.255,0.0,0.35,0.18,4.17,-169.5,10.6,-44.6
344.251,542.37,0.024,-0.06,69.008,0.003,30.672,-2.425,69.008,68.708,-0.255,0.0,0.3,0.17,4.33,-172.2,-2.0,-47.2
344.354,542.371,-0.01,-0.072,69.008,-0.001,30.665,-2.338,69.008,68.758,-0.255,0.0,0.25,0.18,4.39,-174.3,11.9,-50.1
344.45,542.371,-0.024,-0.065,69.008,-0.003,30.679,-2.521,69.008,68.818,-0.255,0.0,0.19,0.2,4.41,-171.7,17.9,-52.2
344.556,542.371,0.026,-0.058,69.008,0.003,30.652,-2.384,69.008,68.868,-0.255,0.0,0.14,0.2,4.29,-172.5,0.6,-55.8
344.65,542.371,-0.03,-0.062,69.008,-0.004,30.668,-2.878,69.008,68.908,-0.255,0.0,0.1,0.21,4.47,175.7,8.1,-58.5
344.756,542.371,0.004,-0.065,69.008,0.001,30.64,-2.314,69.008,68.938,-0.255,0.0,0.07,0.22,4.54,-173.7,9.8,-61.0
344.852,542.372,-0.009,-0.051,69.008,-0.001,30.668,-2.716,69.008,68.968,-0.255,0.0,0.04,0.23,4.33,166.7,13.6,-65.3
344.956,542.372,-0.014,-0.07,69.008,-0.002,30.652,-2.392,69.008,68.978,-0.255,0.0,0.03,0.25,4.54,177.3,8.3,-66.8
345.05,542.371,0.045,-0.061,69.008,0.006,30.675,-2.305,69.008,68.988,-0.255,0.0,0.02,0.25,4.58,166.6,5.8,-69.9
345.157,542.371,0.042,-0.048,69.008,0.005,30.654,-2.36,69.008,68.988,-0.255,0.0,0.02,0.26,4.32,159.8,7.0,-74.1
345.253,542.372,-0.009,-0.059,69.008,-0.001,30.67,-2.301,69.008,68.968,-0.255,0.0,0.04,0.3,4.62,-164.4,1.7,-74.1
345.353,542.372,0.032,-0.061,69.008,0.004,30.668,-2.463,69.008,68.948,-0.255,0.0,0.06,0.29,4.43,154.5,11.0,-79.4
345.45,542.371,-0.022,-0.06,69.008,-0.003,30.67,-2.262,69.008,68.918,-0.255,0.0,0.09,0.27,4.41,154.1,2.9,-79.5
345.553,542.371,-0.018,-0.071,69.008,-0.002,30.675,-2.198,69.008,68.878,-0.255,0.0,0.13,0.29,4.48,155.2,6.6,-80.3
345.651,542.371,0.053,-0.057,69.008,0.007,30.661,-2.693,69.008,68.838,-0.255,0.0,0.17,0.32,4.47,154.2,6.3,-81.8
345.752,542.371,0.001,-0.071,69.008,0.0,30.649,-2.188,69.008,68.798,-0.255,0.0,0.21,0.32,4.42,151.0,-5.0,-79.6
345.851,542.371,0.026,-0.063,69.008,0.003,30.636,-2.555,69.008,68.758,-0.255,0.0,0.25,0.3,4.36,153.6,0.6,-82.3
345.952,542.371,-0.003,-0.054,69.008,-0.0,30.675,-3.001,69.008,68.718,-0.255,0.0,0.29,0.32,4.34,152.9,1.9,-84.1
346.054,542.371,-0.003,-0.053,69.008,-0.0,30.668,-2.748,69.008,68.678,-0.255,0.0,0.33,0.34,4.37,159.3,3.1,-84.1
346.15,542.37,-0.001,-0.058,69.008,-0.0,30.67,-2.783,69.008,68.638,-0.255,0.0,0.37,0.33,4.36,158.1,10.8,-85.8
346.252,542.37,-0.019,-0.068,69.008,-0.002,30.654,-2.583,69.008,68.608,-0.255,0.0,0.4,0.32,4.32,156.9,14.3,-87.3
346.351,542.37,0.028,-0.059,69.008,0.004,30.654,-2.81,69.008,68.578,-0.255,0.0,0.43,0.34,4.33,160.5,14.6,-86.5
346.453,542.37,0.017,-0.062,69.008,0.002,30.654,-2.638,69.008,68.558,-0.255,0.0,0.45,0.36,4.3,-172.8,-23.2,-82.3
346.552,542.37,0.008,-0.054,69.008,0.001,30.656,-2.595,69.008,68.508,-0.255,0.0,0.5,0.36,4.52,167.9,11.7,-84.2
346.654,542.37,-0.006,-0.059,69.008,-0.001,30.654,-2.27,69.008,68.498,-0.255,0.0,0.51,0.35,4.47,174.9,-17.8,-79.5
346.751,542.37,0.013,-0.066,69.008,0.002,30.688,-2.477,69.008,68.508,-0.255,0.0,0.5,0.34,4.28,163.1,16.2,-84.9
346.858,542.37,-0.002,-0.067,69.008,-0.0,30.665,-2.402,69.008,68.478,-0.255,0.0,0.53,0.36,4.54,164.4,-17.7,-76.2
346.951,542.37,0.048,-0.06,69.008,0.006,30.634,-2.504,69.008,68.518,-0.255,0.0,0.49,0.32,4.29,159.1,12.4,-84.1
347.055,542.37,0.029,-0.059,69.008,0.004,30.663,-2.905,69.008,68.528,-0.255,0.0,0.48,0.31,4.29,160.4,14.3,-83.4
347.152,542.37,0.04,-0.065,69.008,0.005,30.659,-2.27,69.008,68.538,-0.255,0.0,0.47,0.32,4.38,157.9,-7.3,-77.5
347.257,542.37,0.029,-0.062,69.008,0.004,30.686,-2.503,69.008,68.558,-0.255,0.0,0.45,0.32,4.43,161.4,-9.2,-76.9
347.363,542.37,-0.014,-0.064,69.008,-0.002,30.672,-2.616,69.008,68.598,-0.255,0.0,0.41,0.3,4.44,-177.1,3.9,-77.7
347.458,542.37,-0.035,-0.072,69.008,-0.004,30.67,-2.478,69.008,68.638,-0.255,0.0,0.37,0.28,4.32,158.5,15.4,-80.6
347.553,542.37,0.02,-0.06,69.008,0.003,30.668,-2.665,69.008,68.668,-0.255,0.0,0.34,0.3,4.53,167.3,12.3,-77.3
347.656,542.37,-0.003,-0.058,69.008,-0.0,30.645,-2.661,69.008,68.718,-0.255,0.0,0.29,0.28,4.32,163.8,10.4,-77.2
347.758,542.371,-0.012,-0.055,69.008,-0.002,30.675,-2.229,69.008,68.748,-0.255,0.0,0.26,0.27,4.48,174.8,7.7,-75.0
347.856,542.371,0.005,-0.061,69.008,0.001,30.652,-2.453,69.008,68.788,-0.255,0.0,0.22,0.28,4.51,-176.6,6.7,-72.5
347.953,542.371,-0.008,-0.06,69.008,-0.001,30.645,-2.397,69.008,68.828,-0.255,0.0,0.18,0.28,4.34,163.9,15.3,-74.0
348.06,542.371,-0.01,-0.066,69.008,-0.001,30.675,-2.191,69.008,68.868,-0.255,0.0,0.14,0.27,4.36,-163.6,-22.4,-72.2
348.16,542.371,0.061,-0.062,69.008,0.008,30.663,-2.423,69.008,68.888,-0.255,0.0,0.12,0.26,4.41,-176.9,11.6,-68.9
348.255,542.371,0.026,-0.062,69.008,0.003,30.656,-2.676,69.008,68.908,-0.255,0.0,0.1,0.26,4.53,174.6,11.5,-67.8
348.353,542.371,0.012,-0.055,69.008,0.002,30.665,-2.511,69.008,68.928,-0.255,0.0,0.08,0.26,4.38,168.3,-13.3,-64.0
348.455,542.371,0.075,-0.058,69.008,0.01,30.67,-2.386,69.008,68.928,-0.255,0.0,0.08,0.25,4.48,-173.9,15.1,-62.9
348.557,542.371,-0.021,-0.061,69.008,-0.003,30.663,-2.219,69.008,68.928,-0.255,0.0,0.08,0.23,4.49,178.2,8.4,-61.9
348.654,542.371,0.005,-0.054,69.008,0.001,30.679,-2.311,69.008,68.908,-0.255,0.0,0.1,0.23,4.49,-167.8,-13.1,-60.7
348.759,542.371,0.047,-0.058,69.008,0.006,30.661,-2.396,69.008,68.888,-0.255,0.0,0.12,0.24,4.74,176.4,3.4,-59.4
348.853,542.371,0.012,-0.063,69.008,0.002,30.64,-1.787,69.008,68.868,-0.255,0.0,0.14,0.21,4.38,163.7,-8.3,-56.5
348.956,542.371,-0.005,-0.066,69.008,-0.001,30.654,-2.626,69.008,68.838,-0.255,0.0,0.17,0.2,4.52,-178.1,-5.8,-56.3
349.054,542.371,0.056,-0.056,69.008,0.007,30.636,-2.377,69.008,68.808,-0.255,0.0,0.2,0.19,4.34,163.3,-20.9,-50.2
349.156,542.371,0.012,-0.067,69.008,0.002,30.665,-2.447,69.008,68.768,-0.255,0.0,0.24,0.19,4.32,176.6,11.0,-51.9
349.251,542.371,0.055,-0.047,69.008,0.007,30.668,-2.455,69.008,68.728,-0.255,0.0,0.28,0.17,4.34,168.0,9.4,-51.2
349.356,542.371,0.046,-0.043,69.008,0.006,30.665,-2.748,69.008,68.668,-0.255,0.0,0.34,0.17,4.53,-174.6,-8.9,-48.6
349.453,542.37,0.026,-0.066,69.008,0.003,30.665,-2.56,69.008,68.618,-0.255,0.0,0.39,0.18,4.53,-174.5,-8.6,-46.3
349.557,542.37,0.007,-0.054,69.008,0.001,30.663,-2.817,69.008,68.588,-0.255,0.0,0.42,0.17,4.26,160.4,-11.3,-39.4
349.653,542.37,-0.018,-0.063,69.008,-0.002,30.654,-2.468,69.008,68.528,-0.255,0.0,0.48,0.15,4.4,167.9,-8.3,-38.2
349.759,542.37,-0.014,-0.057,69.008,-0.002,30.672,-2.266,69.008,68.498,-0.255,0.0,0.51,0.15,4.25,-170.4,15.5,-38.6
349.862,542.37,0.006,-0.058,69.008,0.001,30.675,-2.621,69.008,68.438,-0.255,0.0,0.57,0.17,4.41,167.2,-2.3,-35.8
349.954,542.37,-0.033,-0.067,69.008,-0.004,30.67,-2.522,69.008,68.408,-0.255,0.0,0.6,0.16,4.39,164.8,-0.8,-33.8
350.053,542.37,-0.007,-0.07,69.008,-0.001,30.668,-2.68,69.008,68.368,-0.255,0.0,0.64,0.14,4.4,170.5,-1.8,-32.1
350.16,542.369,0.021,-0.062,69.008,0.003,30.681,-2.376,69.008,68.378,-0.255,0.0,0.63,0.14,4.21,-178.3,12.0,-33.1
350.261,542.369,-0.022,-0.067,69.008,-0.003,30.663,-2.481,69.008,68.348,-0.255,0.0,0.66,0.16,4.34,-177.4,15.7,-31.9
350.354,542.369,0.014,-0.061,69.008,0.002,30.675,-2.458,69.008,68.338,-0.255,0.0,0.67,0.16,4.39,178.8,13.8,-30.4
350.454,542.369,0.022,-0.063,69.008,0.003,30.645,-2.77,69.008,68.368,-0.255,0.0,0.64,0.14,4.21,-173.0,23.1,-30.4
350.558,542.369,-0.03,-0.073,69.008,-0.004,30.659,-2.429,69.008,68.368,-0.255,0.0,0.64,0.16,4.32,-175.5,26.2,-30.2
350.66,542.369,0.004,-0.064,69.008,0.001,30.659,-2.634,69.008,68.378,-0.255,0.0,0.63,0.17,4.43,-174.2,22.2,-29.2
350.754,542.37,-0.012,-0.058,69.008,-0.002,30.656,-2.425,69.008,68.438,-0.255,0.0,0.57,0.16,4.26,170.1,20.3,-30.7
350.855,542.37,-0.017,-0.068,69.008,-0.002,30.668,-2.26,69.008,68.468,-0.255,0.0,0.54,0.15,4.37,163.2,20.4,-31.8
350.955,542.37,-0.032,-0.07,69.008,-0.004,30.668,-2.565,69.008,68.508,-0.255,0.0,0.5,0.16,4.34,175.5,14.4,-30.1
351.061,542.37,0.009,-0.067,69.008,0.001,30.677,-2.651,69.008,68.558,-0.255,0.0,0.45,0.18,4.42,167.8,-10.5,-28.1
351.155,542.37,-0.021,-0.069,69.008,-0.003,30.656,-2.565,69.008,68.608,-0.255,0.0,0.4,0.16,4.36,166.8,-13.6,-29.1
351.258,542.37,-0.02,-0.064,69.008,-0.003,30.654,-2.373,69.008,68.648,-0.255,0.0,0.36,0.15,4.4,-170.3,21.8,-31.5
351.354,542.37,-0.002,-0.06,69.008,-0.0,30.665,-2.301,69.008,68.698,-0.255,0.0,0.31,0.17,4.42,-177.7,12.9,-34.5
351.458,542.371,-0.041,-0.066,69.008,-0.005,30.668,-2.311,69.008,68.738,-0.255,0.0,0.27,0.18,4.62,-177.7,14.4,-36.8
351.559,542.371,-0.021,-0.067,69.008,-0.003,30.672,-2.411,69.008,68.788,-0.255,0.0,0.22,0.16,4.43,179.1,12.9,-39.0
351.658,542.371,0.002,-0.061,69.008,0.0,30.665,-2.829,69.008,68.828,-0.255,0.0,0.18,0.16,4.31,175.8,4.4,-41.1
351.753,542.371,0.002,-0.063,69.008,0.0,30.649,-2.737,69.008,68.848,-0.255,0.0,0.16,0.18,4.36,-170.2,18.0,-44.3
351.861,542.371,0.03,-0.062,69.008,0.004,30.663,-2.156,69.008,68.878,-0.255,0.0,0.13,0.19,4.33,165.2,12.0,-47.8
351.963,542.371,-0.009,-0.06,69.008,-0.001,30.652,-2.513,69.008,68.888,-0.255,0.0,0.12,0.18,4.29,168.5,15.8,-49.5
352.058,542.371,-0.037,-0.066,69.008,-0.005,30.645,-2.402,69.008,68.898,-0.255,0.0,0.11,0.19,4.36,-172.6,14.6,-50.6
352.153,542.371,-0.052,-0.067,69.008,-0.007,30.652,-2.633,69.008,68.888,-0.255,0.0,0.12,0.21,4.33,163.1,11.3,-55.1
352.258,542.371,0.018,-0.066,69.008,0.002,30.659,-2.692,69.008,68.878,-0.255,0.0,0.13,0.22,4.37,-173.3,11.7,-55.7
352.357,542.371,0.015,-0.054,69.008,0.002,30.649,-2.458,69.008,68.858,-0.255,0.0,0.15,0.22,4.45,-177.2,20.3,-58.5
352.465,542.371,0.005,-0.063,69.008,0.001,30.659,-2.072,69.008,68.838,-0.255,0.0,0.17,0.24,4.32,173.8,7.4,-61.6
352.554,542.371,-0.045,-0.059,69.008,-0.006,30.659,-2.238,69.008,68.808,-0.255,0.0,0.2,0.25,4.31,158.6,17.0,-67.4
352.656,542.371,0.012,-0.065,69.008,0.002,30.647,-2.588,69.008,68.778,-0.255,0.0,0.23,0.25,4.33,-171.6,-16.4,-65.9
352.758,542.371,0.05,-0.061,69.008,0.006,30.675,-2.727,69.008,68.738,-0.255,0.0,0.27,0.25,4.32,157.4,14.8,-71.5
352.854,542.371,0.025,-0.067,69.008,0.003,30.645,-2.389,69.008,68.698,-0.255,0.0,0.31,0.26,4.29,-170.7,-22.0,-70.4
352.961,542.37,0.019,-0.055,69.008,0.002,30.663,-2.476,69.008,68.668,-0.255,0.0,0.34,0.27,4.37,-176.9,8.8,-71.7
353.059,542.37,-0.02,-0.063,69.008,-0.002,30.649,-2.341,69.008,68.638,-0.255,0.0,0.37,0.26,4.32,168.7,8.1,-74.8
353.162,542.37,0.009,-0.055,69.008,0.001,30.659,-2.612,69.008,68.598,-0.255,0.0,0.41,0.26,4.38,-179.8,9.6,-75.6
353.259,542.37,0.01,-0.073,69.008,0.001,30.654,-2.826,69.008,68.578,-0.255,0.0,0.43,0.26,4.3,167.0,9.9,-78.0
353.36,542.37,0.01,-0.064,69.008,0.001,30.668,-2.79,69.008,68.538,-0.255,0.0,0.47,0.28,4.5,170.9,7.7,-78.6
353.464,542.37,0.032,-0.056,69.008,0.004,30.661,-2.292,69.008,68.538,-0.255,0.0,0.47,0.27,4.29,163.0,16.2,-81.8
353.562,542.37,-0.025,-0.061,69.008,-0.003,30.672,-2.413,69.008,68.528,-0.255,0.0,0.48,0.27,4.31,160.7,13.7,-83.1
353.663,542.37,0.003,-0.062,69.008,0.0,30.652,-2.31,69.008,68.528,-0.255,0.0,0.48,0.28,4.3,164.6,5.2,-82.1
353.759,542.37,-0.008,-0.072,69.008,-0.001,30.668,-2.947,69.008,68.528,-0.255,0.0,0.48,0.29,4.33,166.7,6.7,-83.4
353.856,542.37,-0.018,-0.065,69.008,-0.002,30.656,-2.711,69.008,68.538,-0.255,0.0,0.47,0.29,4.34,162.4,15.5,-86.3
353.956,542.37,0.002,-0.068,69.008,0.0,30.636,-2.661,69.008,68.568,-0.255,0.0,0.44,0.3,4.34,161.3,12.7,-86.0
354.054,542.37,0.024,-0.064,69.008,0.003,30.638,-2.553,69.008,68.588,-0.255,0.0,0.42,0.31,4.41,-177.4,7.7,-83.5
354.152,542.37,0.004,-0.058,69.008,0.001,30.656,-2.413,69.008,68.618,-0.255,0.0,0.39,0.32,4.41,162.7,-11.9,-80.9
354.253,542.37,0.01,-0.06,69.008,0.001,30.631,-3.036,69.008,68.648,-0.255,0.0,0.36,0.32,4.39,161.4,-9.3,-81.4
354.355,542.37,0.03,-0.062,69.008,0.004,30.665,-2.824,69.008,68.688,-0.255,0.0,0.32,0.32,4.34,169.7,5.7,-83.9
354.455,542.37,-0.004,-0.059,69.008,-0.0,30.659,-2.522,69.008,68.728,-0.255,0.0,0.28,0.32,4.32,161.7,19.4,-86.3
354.553,542.371,-0.006,-0.069,69.008,-0.001,30.665,-2.376,69.008,68.758,-0.255,0.0,0.25,0.32,4.33,168.5,6.2,-84.0
354.653,542.372,0.143,-0.051,69.008,0.018,30.64,-2.282,69.017,68.808,-0.255,0.0,0.2,0.37,4.31,167.9,2.7,-83.6
354.756,542.372,0.025,-0.053,69.008,0.003,30.64,-2.293,69.008,68.858,-0.255,0.0,0.15,0.45,4.24,166.3,-3.3,-80.4
354.856,542.373,0.008,-0.057,69.009,0.001,30.643,-2.418,69.009,68.889,-0.255,0.0,0.12,0.56,4.16,-166.5,0.1,-75.4
354.959,542.373,0.002,-0.053,69.009,0.0,30.638,-2.257,69.009,68.909,-0.255,0.0,0.1,0.59,4.16,-176.4,0.3,-70.5
355.057,542.373,-0.007,-0.049,69.009,-0.001,30.649,-1.872,69.009,68.919,-0.255,0.0,0.09,0.5,4.16,-170.3,4.8,-61.5
355.158,542.373,-0.008,-0.052,69.009,-0.001,30.656,-2.151,69.009,68.929,-0.255,0.0,0.08,0.39,4.22,-177.7,-1.8,-52.0
355.256,542.373,0.025,-0.055,69.009,0.003,30.668,-2.478,69.009,68.909,-0.255,0.0,0.1,0.26,4.02,161.8,3.4,-41.5
355.356,542.373,-0.008,-0.049,69.009,-0.001,30.652,-2.01,69.009,68.879,-0.255,0.0,0.13,0.21,4.04,165.1,1.2,-32.3
355.454,542.373,0.03,-0.055,69.009,0.004,30.668,-2.482,69.009,68.859,-0.255,0.0,0.15,0.2,3.65,-166.4,-14.6,-25.4
355.556,542.373,0.019,-0.045,69.009,0.002,30.634,-2.376,69.009,68.809,-0.255,0.0,0.2,0.19,3.67,160.0,19.8,-18.1
355.654,542.373,0.012,-0.057,69.009,0.002,30.647,-2.232,69.009,68.769,-0.255,0.0,0.24,0.13,3.59,-169.3,-13.5,-7.1
355.757,542.373,0.01,-0.06,69.009,0.001,30.645,-2.16,69.009,68.719,-0.255,0.0,0.29,0.06,3.51,-165.9,-12.3,-1.8
355.856,542.373,0.018,-0.06,69.009,0.002,30.645,-2.121,69.009,68.689,-0.255,0.0,0.32,0.01,3.5,-163.5,-9.0,4.6
355.955,542.373,-0.018,-0.057,69.009,-0.002,30.672,-1.862,69.009,68.679,-0.255,0.0,0.33,0.0,3.36,-162.0,-10.1,9.3
356.059,542.374,0.009,-0.051,69.009,0.001,30.656,-1.678,69.009,68.639,-0.255,0.0,0.37,0.03,3.47,-172.6,-4.0,16.8
356.155,542.374,0.002,-0.061,69.009,0.0,30.668,-2.207,69.009,68.619,-0.255,0.0,0.39,0.06,3.45,175.0,6.2,22.2
356.258,542.374,0.004,-0.046,69.009,0.001,30.652,-1.857,69.009,68.629,-0.255,0.0,0.38,0.04,3.32,-162.8,-6.3,22.9
356.36,542.373,0.026,-0.049,69.009,0.003,30.668,-2.532,69.009,68.639,-0.255,0.0,0.37,-0.01,3.34,-167.2,4.4,26.2
356.455,542.373,-0.01,-0.043,69.009,-0.001,30.668,-2.105,69.009,68.649,-0.255,0.0,0.36,-0.06,3.59,-165.6,6.9,26.0
356.556,542.373,0.015,-0.051,69.009,0.002,30.67,-2.01,0,68.709,-0.003,-0.303,0.3,-0.05,3.42,171.0,-6.8,25.6
356.655,542.358,-0.996,0.182,69.007,-0.127,30.592,7.265,0,68.747,0.15,-0.19,0.26,-0.01,3.59,-177.8,9.8,23.7
356.757,542.154,-2.777,-0.085,68.981,-0.353,30.656,-2.64,69.018,68.811,0.342,0.002,0.17,0.03,3.56,173.7,11.4,22.1
356.856,541.978,-0.227,-0.133,68.958,-0.029,30.629,-6.228,69.018,68.898,0.554,0.434,0.06,0.04,3.54,-170.6,12.1,21.8
356.961,542.025,1.633,-0.266,68.964,0.208,30.581,-10.344,69.018,68.964,0.593,0.593,0.0,-0.01,3.62,-170.9,12.6,20.8
357.059,542.322,3.082,-0.058,69.002,0.392,30.599,-3.349,69.018,69.082,0.827,0.827,-0.08,-0.07,3.7,179.6,13.8,20.0
357.159,542.501,0.126,0.071,69.025,0.016,30.634,2.559,69.018,69.145,0.748,0.748,-0.12,-0.1,3.73,179.2,-11.4,19.0
357.255,542.459,-0.3,-0.047,69.019,-0.038,30.668,-2.227,69.018,69.249,0.867,0.867,-0.23,-0.1,3.55,-171.1,11.0,20.6
357.359,542.452,0.098,-0.034,69.019,0.012,30.663,-0.7,69.018,69.319,0.791,0.791,-0.3,-0.1,3.72,177.6,-23.2,20.8
357.456,542.452,0.028,-0.04,69.019,0.004,30.656,-1.565,69.018,69.419,0.875,0.875,-0.4,-0.14,3.65,-177.2,16.2,21.5
357.567,542.453,0.066,-0.028,69.019,0.008,30.672,-1.102,69.018,69.489,0.804,0.88,-0.47,-0.2,3.45,-170.4,15.2,24.1
357.657,542.453,0.049,-0.029,69.019,0.006,30.645,-1.223,69.018,69.559,0.771,0.93,-0.54,-0.29,3.42,-167.7,14.0,25.0
357.759,542.453,-0.045,-0.037,69.019,-0.006,30.661,-1.209,69.018,69.629,0.742,0.984,-0.61,-0.32,3.45,-166.4,13.9,25.2
357.857,542.453,-0.032,-0.04,69.019,-0.004,30.654,-1.522,69.018,69.709,0.766,1.075,-0.69,-0.29,3.55,-169.3,14.8,24.8
357.958,542.453,-0.002,-0.032,69.019,-0.0,30.645,-1.452,69.018,69.799,0.817,1.19,-0.78,-0.26,3.67,-172.6,15.7,24.1
358.06,542.452,-0.008,-0.034,69.019,-0.001,30.665,-2.043,69.018,69.909,0.926,1.353,-0.89,-0.27,3.94,-177.3,16.9,22.9
358.159,542.452,0.01,-0.032,69.019,0.001,30.659,-1.54,69.018,69.939,0.678,1.259,-0.92,-0.3,3.86,-177.9,17.1,22.8
358.257,542.451,-0.033,-0.042,69.018,-0.004,30.652,-1.313,69.018,69.998,0.649,1.304,-0.98,-0.35,3.9,-172.9,17.7,23.6
358.361,542.451,-0.024,-0.039,69.018,-0.003,30.654,-1.242,69.018,70.068,0.666,1.383,-1.05,-0.38,3.91,-176.8,13.2,22.6
358.46,542.451,0.003,-0.032,69.018,0.0,30.659,-1.535,69.018,70.098,0.523,1.341,-1.08,-0.35,3.86,-174.9,16.9,21.5
358.56,542.451,0.018,-0.033,69.018,0.002,30.654,-1.476,69.018,70.098,0.317,1.239,-1.08,-0.33,3.77,-174.3,17.7,20.4
358.659,542.451,0.002,-0.029,69.018,0.0,30.67,-1.581,69.018,70.128,0.311,1.265,-1.11,-0.35,3.77,-174.9,18.7,18.8
358.758,542.45,-0.017,-0.037,69.018,-0.002,30.668,-1.352,69.018,70.138,0.228,1.234,-1.12,-0.42,3.73,-171.7,16.2,18.9
358.859,542.45,0.043,-0.031,69.018,0.005,30.656,-1.567,69.018,70.158,0.217,1.248,-1.14,-0.48,3.76,-170.6,16.0,18.0
358.961,542.45,0.002,-0.033,69.018,0.0,30.668,-1.336,69.018,70.148,0.092,1.176,-1.13,-0.48,3.72,-175.6,13.8,15.4
359.058,542.45,-0.006,-0.034,69.018,-0.001,30.681,-0.827,69.018,70.118,-0.063,1.069,-1.1,-0.44,3.64,-170.3,12.2,14.9
359.162,542.45,-0.017,-0.025,69.018,-0.002,30.663,-0.881,69.018,70.128,0.0,1.11,-1.11,-0.4,3.71,-173.5,13.7,14.8
359.261,542.45,0.001,-0.035,69.018,0.0,30.652,-1.342,69.018,70.118,-0.039,1.08,-1.1,-0.41,3.7,-171.5,14.2,14.2
359.36,542.45,-0.001,-0.035,69.018,-0.0,30.675,-1.247,69.018,70.118,-0.024,1.088,-1.1,-0.45,3.72,-171.0,15.0,14.9
359.459,542.45,-0.017,-0.035,69.018,-0.002,30.638,-1.278,69.018,70.128,0.025,1.123,-1.11,-0.49,3.8,-166.1,18.6,16.3
359.561,542.45,0.03,-0.034,69.018,0.004,30.679,-1.039,69.018,70.108,-0.063,1.058,-1.09,-0.47,3.74,-168.8,16.1,14.5
359.661,542.45,-0.027,-0.029,69.018,-0.003,30.672,-1.34,69.018,70.118,0.001,1.101,-1.1,-0.43,3.82,-179.4,17.2,12.2
359.76,542.45,-0.037,-0.041,69.018,-0.005,30.665,-1.183,69.018,70.128,0.04,1.13,-1.11,-0.38,3.87,178.3,15.8,10.7
359.86,542.45,0.013,-0.038,69.018,0.002,30.668,-1.225,69.018,70.158,0.143,1.211,-1.14,-0.39,3.98,-179.0,16.3,11.1
359.961,542.449,0.016,-0.034,69.018,0.002,30.663,-1.108,69.018,70.138,0.008,1.124,-1.12,-0.43,3.91,-179.7,13.4,9.9
360.061,542.449,0.017,-0.038,69.018,0.002,30.663,-1.189,69.018,70.148,0.045,1.152,-1.13,-0.48,3.94,-176.0,16.2,10.1
360.161,542.449,-0.01,-0.04,69.018,-0.001,30.668,-1.272,69.018,70.128,-0.051,1.084,-1.11,-0.48,3.87,179.6,15.0,7.8
360.261,542.449,0.041,-0.027,69.018,0.005,30.684,-1.144,69.018,70.158,0.088,1.184,-1.14,-0.44,3.97,-176.4,12.9,9.2
360.361,542.449,0.001,-0.036,69.018,0.0,30.672,-0.811,69.018,70.138,-0.025,1.107,-1.12,-0.38,3.88,-177.2,16.1,8.7
360.459,542.449,-0.001,-0.029,69.018,-0.0,30.67,-1.314,69.018,70.118,-0.094,1.053,-1.1,-0.39,3.78,-176.5,15.0,7.8
360.562,542.449,-0.057,-0.034,69.018,-0.007,30.665,-0.86,69.018,70.088,-0.175,0.983,-1.07,-0.45,3.67,179.9,17.3,7.9
360.661,542.45,-0.018,-0.027,69.018,-0.002,30.652,-1.216,69.018,70.098,-0.067,1.047,-1.08,-0.51,3.7,177.0,18.4,8.3
360.761,542.449,-0.043,-0.034,69.018,-0.006,30.665,-0.869,69.018,70.098,-0.041,1.06,-1.08,-0.51,3.73,178.0,14.4,8.6
360.862,542.449,-0.07,-0.026,69.018,-0.009,30.668,-1.242,69.018,70.078,-0.104,1.008,-1.06,-0.44,3.72,-177.8,14.3,9.9
360.962,542.449,0.011,-0.028,69.018,0.001,30.672,-1.086,69.018,70.078,-0.063,1.028,-1.06,-0.4,3.81,175.5,15.7,9.0
361.06,542.449,-0.042,-0.034,69.018,-0.005,30.652,-1.195,69.018,70.118,0.12,1.16,-1.1,-0.43,4.04,-176.2,14.5,12.4
361.162,542.449,-0.016,-0.035,69.018,-0.002,30.677,-1.088,69.018,70.048,-0.201,0.93,-1.03,-0.45,3.85,175.0,17.6,9.5
361.263,542.449,0.009,-0.02,69.018,0.001,30.661,-1.299,69.018,70.038,-0.161,0.939,-1.02,-0.48,3.86,-178.3,10.0,10.3
361.363,542.449,-0.001,-0.029,69.018,-0.0,30.672,-1.097,69.018,70.018,-0.176,0.912,-1.0,-0.46,3.83,-179.1,11.0,10.2
361.462,542.449,-0.019,-0.024,69.018,-0.002,30.665,-0.744,69.018,70.018,-0.107,0.947,-1.0,-0.39,3.87,179.2,7.7,10.7
361.562,542.449,-0.008,-0.033,69.018,-0.001,30.668,-1.039,69.018,70.018,-0.065,0.968,-1.0,-0.34,3.89,177.5,5.2,11.3
361.663,542.448,-0.038,-0.034,69.018,-0.005,30.67,-0.929,69.018,70.008,-0.079,0.95,-0.99,-0.34,3.87,176.5,4.4,12.6
361.762,542.448,-0.036,-0.029,69.018,-0.005,30.652,-0.976,69.018,70.018,-0.009,0.996,-1.0,-0.4,3.87,174.9,3.1,13.0
361.861,542.449,0.021,-0.026,69.018,0.003,30.663,-1.336,69.018,69.998,-0.084,0.938,-0.98,-0.45,3.8,178.4,4.5,15.4
361.962,542.449,-0.012,-0.017,69.018,-0.001,30.665,-0.935,69.018,70.028,0.066,1.043,-1.01,-0.47,3.84,-173.1,2.9,18.1
362.062,542.449,0.011,-0.022,69.018,0.001,30.649,-1.11,69.018,70.018,0.001,1.0,-1.0,-0.42,3.78,-179.3,-1.3,19.7
362.161,542.449,0.032,-0.027,69.018,0.004,30.693,-0.664,69.018,70.048,0.118,1.089,-1.03,-0.39,3.87,-179.2,3.9,23.1
362.261,542.449,0.002,-0.027,69.018,0.0,30.672,-1.127,69.018,70.058,0.111,1.096,-1.04,-0.4,3.93,177.5,5.1,27.0
362.361,542.449,-0.03,-0.024,69.018,-0.004,30.649,-1.122,69.018,70.068,0.106,1.103,-1.05,-0.46,3.99,174.5,0.1,29.7
362.463,542.448,-0.041,-0.027,69.018,-0.005,30.677,-0.784,69.018,70.018,-0.134,0.933,-1.0,-0.48,3.78,163.4,-35.1,37.2
362.561,542.449,0.036,-0.02,69.018,0.005,30.645,-0.83,69.018,70.048,0.036,1.048,-1.03,-0.5,3.99,169.1,-3.2,35.6
362.671,542.453,0.068,-0.01,69.019,0.009,30.679,-0.229,69.018,70.009,-0.132,0.925,-0.99,-0.48,4.06,166.2,-22.8,39.9
362.764,542.447,-0.016,-0.026,69.018,-0.002,30.688,-1.132,69.018,70.008,-0.083,0.947,-0.99,-0.42,3.85,-173.7,6.9,40.3
362.861,542.448,-0.001,-0.026,69.018,-0.0,30.684,-0.848,69.018,70.038,0.069,1.054,-1.02,-0.43,4.02,163.9,-38.4,44.3
362.967,542.447,0.023,-0.031,69.018,0.003,30.677,-0.82,69.018,70.058,0.12,1.1,-1.04,-0.44,4.11,-179.1,-31.8,40.0
363.059,542.447,0.017,-0.024,69.018,0.002,30.686,-1.155,69.018,70.018,-0.086,0.957,-1.0,-0.45,4.02,179.3,0.8,38.5
363.162,542.447,-0.002,-0.029,69.018,-0.0,30.659,-1.199,69.018,69.978,-0.208,0.856,-0.96,-0.45,3.98,179.5,4.3,38.0
363.264,542.447,0.006,-0.023,69.018,0.001,30.665,-1.185,69.018,69.958,-0.205,0.837,-0.94,-0.43,3.96,172.9,-4.9,37.9
363.361,542.447,-0.018,-0.022,69.018,-0.002,30.675,-0.877,69.018,69.968,-0.086,0.907,-0.95,-0.42,4.01,176.5,4.4,36.9
363.463,542.447,-0.03,-0.024,69.018,-0.004,30.677,-0.93,69.018,69.938,-0.171,0.835,-0.92,-0.41,3.92,167.1,2.3,36.4
363.562,542.447,0.002,-0.026,69.018,0.0,30.661,-1.229,69.018,69.938,-0.103,0.868,-0.92,-0.45,3.91,174.8,-5.2,37.4
363.663,542.447,-0.007,-0.025,69.018,-0.001,30.67,-1.064,69.018,69.938,-0.063,0.889,-0.92,-0.51,3.89,166.5,-3.7,35.9
363.762,542.448,-0.013,-0.025,69.018,-0.002,30.672,-0.943,69.018,69.938,-0.038,0.901,-0.92,-0.55,3.88,-168.0,-25.9,36.8
363.863,542.447,0.002,-0.021,69.018,0.0,30.675,-0.998,69.018,69.948,0.016,0.938,-0.93,-0.56,3.93,167.8,-26.5,39.8
363.961,542.447,0.0,-0.024,69.018,0.0,30.693,-1.079,69.018,69.928,-0.068,0.876,-0.91,-0.52,3.93,-173.7,-2.0,39.5
364.065,542.447,-0.007,-0.018,69.018,-0.001,30.654,-0.975,69.018,69.928,-0.041,0.889,-0.91,-0.51,3.95,171.1,-6.6,39.4
364.162,542.448,-0.034,-0.018,69.018,-0.004,30.679,-0.783,69.018,69.918,-0.064,0.868,-0.9,-0.54,3.92,-172.6,-8.8,40.7
364.263,542.447,-0.003,-0.028,69.018,-0.0,30.665,-0.839,69.018,69.908,-0.079,0.851,-0.89,-0.6,3.86,-174.8,-3.9,40.2
364.362,542.447,-0.017,-0.02,69.018,-0.002,30.672,-0.693,69.018,69.948,0.109,0.984,-0.93,-0.62,4.0,-179.7,3.1,39.1
364.464,542.447,-0.022,-0.026,69.018,-0.003,30.684,-0.671,69.018,69.938,0.026,0.933,-0.92,-0.51,3.95,-170.5,5.0,39.6
364.565,542.447,-0.002,-0.027,69.018,-0.0,30.659,-0.881,69.018,69.938,0.016,0.928,-0.92,-0.42,3.96,161.4,-2.7,36.6
364.664,542.447,-0.005,-0.017,69.018,-0.001,30.681,-0.971,69.018,69.938,0.01,0.925,-0.92,-0.42,3.98,165.8,-3.0,37.8
364.765,542.447,0.002,-0.023,69.018,0.0,30.672,-1.132,69.018,69.938,0.006,0.923,-0.92,-0.5,3.96,170.3,-10.6,38.7
364.865,542.447,-0.006,-0.025,69.018,-0.001,30.672,-0.863,69.018,69.968,0.122,1.011,-0.95,-0.6,4.11,169.9,-15.3,38.8
364.963,542.447,0.034,-0.023,69.018,0.004,30.686,-0.699,69.018,69.948,-0.005,0.928,-0.93,-0.58,4.06,167.6,-31.0,41.1
365.065,542.447,-0.011,-0.025,69.018,-0.001,30.659,-0.971,69.018,69.908,-0.161,0.809,-0.89,-0.47,3.95,160.9,-5.6,39.8
365.165,542.447,-0.001,-0.033,69.018,-0.0,30.668,-0.827,69.018,69.878,-0.215,0.752,-0.86,-0.38,3.86,-167.8,0.5,42.9
365.262,542.448,-0.016,-0.028,69.018,-0.002,30.668,-1.002,69.018,69.898,-0.051,0.854,-0.88,-0.41,4.01,-170.1,2.8,42.8
365.366,542.448,0.008,-0.021,69.018,0.001,30.686,-0.534,69.018,69.898,-0.031,0.865,-0.88,-0.51,4.08,163.3,-13.7,42.5
365.463,542.447,-0.001,-0.023,69.018,-0.0,30.665,-0.948,69.018,69.838,-0.256,0.692,-0.82,-0.53,3.83,-166.6,-10.2,42.8
365.565,542.447,-0.02,-0.025,69.018,-0.003,30.67,-1.112,69.018,69.878,0.001,0.861,-0.86,-0.49,4.02,161.6,-27.5,44.2
365.665,542.448,-0.016,-0.027,69.018,-0.002,30.67,-1.114,69.018,69.858,-0.078,0.801,-0.84,-0.35,3.96,-164.7,-20.0,41.0
365.766,542.448,0.018,-0.025,69.018,0.002,30.652,-0.735,69.018,69.858,-0.047,0.816,-0.84,-0.28,3.95,159.6,-9.8,40.8
365.864,542.448,-0.028,-0.024,69.018,-0.004,30.665,-0.645,69.018,69.858,-0.029,0.826,-0.84,-0.33,3.94,158.4,-9.9,39.8
365.964,542.448,-0.016,-0.025,69.018,-0.002,30.647,-1.001,69.018,69.848,-0.056,0.802,-0.83,-0.4,3.89,-160.6,-13.9,38.7
366.063,542.448,0.026,-0.015,69.018,0.003,30.672,-0.846,69.018,69.878,0.085,0.902,-0.86,-0.4,4.06,-166.2,0.4,39.2
366.165,542.448,0.007,-0.025,69.018,0.001,30.672,-0.923,69.018,69.898,0.13,0.945,-0.88,-0.33,4.12,-172.3,-14.1,39.8
366.263,542.448,-0.017,-0.025,69.018,-0.002,30.679,-0.766,69.018,69.878,-0.001,0.86,-0.86,-0.27,4.05,158.3,-26.9,43.5
366.363,542.448,-0.053,-0.026,69.018,-0.007,30.702,-0.796,69.018,69.858,-0.078,0.801,-0.84,-0.29,4.02,-167.8,-5.8,41.7
366.464,542.448,-0.007,-0.024,69.018,-0.001,30.665,-1.108,69.018,69.808,-0.245,0.667,-0.79,-0.35,3.82,-163.2,-10.1,43.4
366.565,542.448,0.038,-0.018,69.018,0.005,30.67,-0.392,69.018,69.848,0.008,0.834,-0.83,-0.38,3.99,-159.3,-13.1,43.0
366.665,542.449,-0.015,-0.017,69.018,-0.002,30.668,-0.767,69.018,69.818,-0.114,0.743,-0.8,-0.32,3.83,-162.5,-8.3,46.0
366.764,542.449,-0.035,-0.022,69.018,-0.004,30.681,-0.455,69.018,69.848,0.048,0.854,-0.83,-0.31,3.97,-161.5,-14.6,45.9
366.862,542.449,0.039,-0.022,69.018,0.005,30.684,-0.917,69.018,69.838,-0.01,0.815,-0.82,-0.35,3.91,-160.6,-11.2,45.0
366.964,542.449,0.005,-0.01,69.018,0.001,30.663,-0.786,69.018,69.858,0.071,0.876,-0.84,-0.43,4.02,-163.1,3.5,44.9
367.062,542.448,0.018,-0.021,69.018,0.002,30.665,-0.63,69.018,69.868,0.083,0.891,-0.85,-0.45,4.1,154.6,-16.1,43.3
367.164,542.448,-0.03,-0.023,69.018,-0.004,30.654,-0.693,69.018,69.838,-0.067,0.786,-0.82,-0.4,4.02,-162.7,-15.9,42.9
367.263,542.449,-0.037,-0.019,69.018,-0.005,30.684,-0.659,69.018,69.818,-0.12,0.74,-0.8,-0.38,4.04,156.4,-20.8,44.6
367.367,542.448,-0.002,-0.02,69.018,-0.0,30.672,-0.755,69.018,69.798,-0.151,0.704,-0.78,-0.4,4.0,-159.1,-17.1,40.7
367.47,542.448,0.02,-0.027,69.018,0.003,30.659,-0.805,69.018,69.788,-0.131,0.704,-0.77,-0.4,3.96,-158.2,-18.8,40.4
367.565,542.448,-0.006,-0.019,69.018,-0.001,30.665,-0.786,69.018,69.758,-0.197,0.641,-0.74,-0.36,3.84,-162.0,-6.5,43.3
367.672,542.448,0.003,-0.018,69.018,0.0,30.672,-0.645,69.018,69.758,-0.119,0.68,-0.74,-0.35,3.98,-159.1,-21.1,41.8
367.774,542.448,0.013,-0.017,69.018,0.002,30.665,-0.852,69.018,69.768,-0.034,0.733,-0.75,-0.39,4.07,-162.4,-16.2,42.4
367.862,542.448,0.031,-0.015,69.018,0.004,30.686,-0.692,69.018,69.728,-0.179,0.62,-0.71,-0.41,3.91,-161.2,-14.5,44.4
367.967,542.448,0.016,-0.02,69.018,0.002,30.656,-0.667,69.018,69.768,0.047,0.774,-0.75,-0.43,4.06,160.0,-12.1,45.5
368.062,542.448,0.002,-0.015,69.018,0.0,30.649,-0.644,69.018,69.808,0.187,0.883,-0.79,-0.44,4.27,-170.9,-6.6,45.5
368.165,542.448,0.025,-0.02,69.018,0.003,30.665,-0.912,69.018,69.738,-0.16,0.64,-0.72,-0.41,3.93,-166.1,-2.3,48.8
368.263,542.448,0.003,-0.017,69.018,0.0,30.668,-0.776,69.018,69.748,-0.058,0.701,-0.73,-0.46,3.97,-165.7,-26.0,47.2
368.365,542.448,0.009,-0.023,69.018,0.001,30.675,-0.673,69.018,69.758,0.004,0.742,-0.74,-0.52,4.04,-167.0,-9.5,48.4
368.464,542.448,0.007,-0.013,69.018,0.001,30.668,-0.517,69.018,69.728,-0.116,0.652,-0.71,-0.5,3.9,-170.3,-11.1,47.6
368.57,542.448,0.006,-0.019,69.018,0.001,30.686,-0.668,69.018,69.748,0.008,0.734,-0.73,-0.48,4.07,167.0,-27.6,47.6
368.672,542.448,-0.02,-0.021,69.018,-0.003,30.652,-0.603,69.018,69.758,0.044,0.762,-0.74,-0.48,4.14,-170.1,-21.0,44.3
368.764,542.448,0.012,-0.013,69.018,0.002,30.661,-0.577,69.018,69.718,-0.13,0.635,-0.7,-0.49,3.91,-170.3,-12.2,45.2
368.865,542.448,-0.0,-0.02,69.018,-0.0,30.656,-0.627,69.018,69.728,-0.039,0.69,-0.71,-0.53,3.96,-163.8,-23.9,42.8
368.967,542.448,0.007,-0.016,69.018,0.001,30.679,-0.411,69.018,69.708,-0.101,0.639,-0.69,-0.49,3.89,-170.1,-9.3,44.7
369.073,542.448,-0.033,-0.013,69.018,-0.004,30.67,-0.541,69.018,69.748,0.097,0.778,-0.73,-0.43,4.08,169.1,-17.5,44.7
369.171,542.448,0.026,-0.017,69.018,0.003,30.684,-0.581,69.018,69.748,0.059,0.759,-0.73,-0.41,4.13,173.6,-6.3,44.7
369.268,542.448,-0.059,-0.015,69.018,-0.008,30.647,-0.513,69.018,69.738,-0.004,0.718,-0.72,-0.47,4.18,-174.6,-2.5,44.0
369.367,542.447,0.007,-0.011,69.018,0.001,30.661,-0.751,69.018,69.728,-0.042,0.689,-0.71,-0.5,4.02,160.8,-9.0,43.8
369.467,542.448,0.006,-0.003,69.018,0.001,30.67,-0.574,69.018,69.688,-0.184,0.578,-0.67,-0.45,3.91,-162.5,-20.0,42.9
369.57,542.448,-0.02,-0.02,69.018,-0.002,30.675,-0.63,69.018,69.718,0.006,0.703,-0.7,-0.39,4.12,-176.8,-13.9,44.0
369.672,542.448,0.004,-0.012,69.018,0.0,30.679,-0.767,69.018,69.708,-0.036,0.672,-0.69,-0.35,3.96,163.6,0.8,42.0
369.768,542.448,-0.008,-0.016,69.018,-0.001,30.656,-0.705,69.018,69.698,-0.061,0.65,-0.68,-0.4,3.99,-167.5,3.2,43.9
369.867,542.448,0.001,-0.015,69.018,0.0,30.661,-0.768,69.018,69.678,-0.116,0.602,-0.66,-0.45,3.91,-164.1,-21.9,40.9
369.967,542.448,-0.011,-0.018,69.018,-0.001,30.672,-0.738,69.018,69.698,0.008,0.684,-0.68,-0.43,3.96,163.0,-27.5,43.6
370.068,542.448,-0.019,-0.015,69.018,-0.002,30.67,-0.507,69.018,69.708,0.045,0.712,-0.69,-0.37,4.1,-165.7,-21.2,39.3
370.171,542.448,-0.046,-0.014,69.018,-0.006,30.647,-1.151,69.018,69.698,-0.012,0.674,-0.68,-0.32,4.0,-166.4,5.7,41.1
370.267,542.448,-0.014,-0.01,69.018,-0.002,30.691,-0.476,69.018,69.688,-0.047,0.647,-0.67,-0.35,3.95,-172.7,-15.3,39.4
370.368,542.448,-0.045,-0.019,69.018,-0.006,30.663,-0.491,69.018,69.708,0.05,0.715,-0.69,-0.4,4.08,-161.9,-19.3,37.6
370.466,542.448,0.023,-0.018,69.018,0.003,30.652,-0.249,69.018,69.678,-0.088,0.616,-0.66,-0.38,3.93,-168.0,-13.2,38.3
370.57,542.448,-0.031,-0.015,69.018,-0.004,30.663,-0.758,69.018,69.688,-0.014,0.663,-0.67,-0.33,4.0,164.5,-16.4,38.6
370.672,542.448,-0.047,-0.01,69.018,-0.006,30.661,-0.744,69.018,69.668,-0.088,0.606,-0.65,-0.31,3.95,-158.9,-24.1,35.1
370.771,542.448,0.003,-0.014,69.018,0.0,30.679,-0.475,69.018,69.668,-0.053,0.623,-0.65,-0.36,3.94,160.1,-0.5,35.2
370.871,542.448,-0.023,-0.012,69.018,-0.003,30.67,-0.729,69.018,69.698,0.086,0.723,-0.68,-0.45,4.13,-163.8,-5.3,36.9
370.969,542.448,-0.022,-0.014,69.018,-0.003,30.679,-0.49,69.018,69.688,0.013,0.677,-0.67,-0.43,4.07,-164.8,-11.1,35.5
371.07,542.448,0.023,-0.004,69.018,0.003,30.652,-0.642,69.018,69.718,0.127,0.764,-0.7,-0.39,4.27,-167.5,-15.2,35.1
371.174,542.448,-0.011,-0.01,69.018,-0.001,30.661,-0.479,69.018,69.688,-0.04,0.65,-0.67,-0.35,4.08,161.0,-6.9,35.6
371.27,542.448,0.021,-0.011,69.018,0.003,30.663,-0.711,69.018,69.658,-0.142,0.569,-0.64,-0.38,3.93,-156.3,-23.8,34.0
371.372,542.448,0.004,-0.011,69.018,0.0,30.656,-0.357,69.018,69.648,-0.125,0.568,-0.63,-0.4,3.9,-163.9,-14.9,36.4
371.469,542.448,-0.028,-0.01,69.018,-0.004,30.652,-0.432,69.018,69.658,-0.036,0.622,-0.64,-0.37,3.94,158.2,0.1,35.7
371.571,542.448,0.023,-0.016,69.018,0.003,30.649,-0.64,69.018,69.718,0.213,0.806,-0.7,-0.34,4.31,168.9,-2.5,36.5
371.676,542.448,0.023,-0.014,69.018,0.003,30.688,-0.502,69.018,69.678,-0.03,0.645,-0.66,-0.3,4.12,-166.1,-13.9,37.1
371.768,542.448,-0.034,-0.01,69.018,-0.004,30.688,-0.339,69.018,69.698,0.06,0.71,-0.68,-0.33,4.22,-168.1,-6.7,38.0
371.873,542.448,-0.052,-0.013,69.018,-0.007,30.661,-0.365,69.018,69.648,-0.16,0.55,-0.63,-0.3,3.89,-153.2,-23.3,34.5
371.97,542.448,-0.019,-0.01,69.018,-0.002,30.675,-0.575,69.018,69.678,0.02,0.67,-0.66,-0.28,4.12,-161.6,-21.5,36.7
372.071,542.448,-0.002,-0.013,69.018,-0.0,30.668,-0.448,69.018,69.668,-0.027,0.636,-0.65,-0.24,4.05,-163.5,-14.1,37.6
372.169,542.448,0.003,-0.012,69.018,0.0,30.672,-0.335,69.018,69.648,-0.095,0.583,-0.63,-0.25,3.91,-163.5,-15.3,37.9
372.266,542.448,-0.004,-0.009,69.018,-0.0,30.672,-0.21,69.018,69.648,-0.057,0.601,-0.63,-0.29,3.93,-165.6,-17.4,37.4
372.374,542.448,0.042,-0.009,69.018,0.005,30.656,-0.49,69.018,69.668,0.043,0.672,-0.65,-0.31,4.07,-158.7,-20.7,34.6
372.468,542.448,-0.0,-0.014,69.018,-0.0,30.677,-0.469,69.018,69.648,-0.053,0.604,-0.63,-0.27,3.95,159.1,2.9,35.7
372.575,542.448,0.019,-0.015,69.018,0.002,30.643,-0.752,69.018,69.668,0.046,0.673,-0.65,-0.28,4.12,-168.0,-14.1,37.3
372.666,542.448,-0.009,-0.017,69.018,-0.001,30.672,-0.308,69.018,69.658,-0.011,0.634,-0.64,-0.31,4.06,-168.9,-5.7,37.8
372.77,542.448,0.007,-0.017,69.018,0.001,30.652,-0.342,69.018,69.658,-0.007,0.637,-0.64,-0.33,4.08,156.6,2.0,34.7
372.878,542.448,-0.031,-0.016,69.018,-0.004,30.663,-0.196,69.018,69.638,-0.083,0.578,-0.62,-0.31,3.94,159.0,2.0,35.4
372.972,542.448,-0.008,-0.017,69.018,-0.001,30.686,-0.549,69.018,69.628,-0.09,0.565,-0.61,-0.29,3.93,154.5,3.9,34.4
373.068,542.448,0.031,-0.011,69.018,0.004,30.663,-0.587,69.018,69.638,-0.015,0.613,-0.62,-0.31,3.95,-162.2,-21.6,35.8
373.17,542.448,-0.008,-0.012,69.018,-0.001,30.654,-0.434,69.018,69.638,-0.009,0.616,-0.62,-0.33,3.97,-158.8,-23.4,35.0
373.271,542.448,0.008,-0.006,69.018,0.001,30.668,-0.385,69.018,69.628,-0.045,0.587,-0.61,-0.32,3.95,-157.1,-25.9,34.0
373.369,542.448,-0.006,-0.007,69.018,-0.001,30.659,-0.644,69.018,69.628,-0.027,0.596,-0.61,-0.29,3.93,-164.2,-17.6,36.6
373.476,542.448,0.001,-0.008,69.018,0.0,30.668,-0.438,69.018,69.648,0.063,0.661,-0.63,-0.31,4.05,-162.9,-16.2,36.5
373.57,542.448,-0.011,-0.01,69.018,-0.001,30.668,-0.199,69.018,69.678,0.155,0.738,-0.66,-0.35,4.25,-174.6,-3.9,37.6
373.676,542.448,0.037,-0.006,69.018,0.005,30.663,-0.331,69.018,69.678,0.094,0.707,-0.66,-0.37,4.31,169.2,-2.0,36.4
373.77,542.448,-0.007,-0.01,69.018,-0.001,30.665,-0.136,69.018,69.678,0.057,0.689,-0.66,-0.34,4.3,-168.7,-20.2,36.3
373.872,542.448,0.004,-0.006,69.018,0.001,30.686,-0.455,69.018,69.628,-0.163,0.528,-0.61,-0.3,3.97,154.5,5.9,34.7
373.972,542.448,0.005,-0.005,69.018,0.001,30.638,-0.403,69.018,69.638,-0.06,0.59,-0.62,-0.32,4.11,159.3,4.5,34.9
374.07,542.448,-0.019,-0.002,69.018,-0.002,30.647,-0.381,69.018,69.648,0.003,0.632,-0.63,-0.34,4.14,163.2,2.7,35.5
374.171,542.448,0.027,-0.009,69.018,0.003,30.663,-0.364,69.018,69.648,0.002,0.631,-0.63,-0.31,4.11,162.9,-2.8,37.4
374.273,542.448,-0.011,-0.008,69.018,-0.001,30.67,-0.353,69.018,69.638,-0.039,0.601,-0.62,-0.27,4.11,-170.1,3.5,39.4
374.376,542.448,-0.01,-0.005,69.018,-0.001,30.656,-0.432,69.018,69.668,0.094,0.697,-0.65,-0.27,4.28,174.6,-15.8,39.3
374.469,542.448,0.007,-0.009,69.018,0.001,30.663,-0.27,69.018,69.668,0.057,0.678,-0.65,-0.29,4.27,-179.7,0.3,38.8
374.576,542.448,-0.011,0.0,69.018,-0.001,30.661,-0.336,69.018,69.618,-0.161,0.519,-0.6,-0.27,3.95,-167.4,-18.9,38.3
374.67,542.448,0.035,-0.01,69.018,0.005,30.668,-0.283,69.018,69.668,0.1,0.7,-0.65,-0.27,4.3,-169.3,-19.0,36.5
374.772,542.448,0.018,-0.004,69.018,0.002,30.659,-0.701,69.018,69.618,-0.135,0.533,-0.6,-0.23,3.96,159.0,3.9,36.2
374.871,542.448,0.005,-0.0,69.018,0.001,30.665,-0.337,69.018,69.668,0.116,0.708,-0.65,-0.26,4.3,-172.0,-22.1,37.2
374.97,542.448,-0.023,-0.006,69.018,-0.003,30.645,-0.05,69.018,69.608,-0.165,0.508,-0.59,-0.27,3.97,160.8,4.7,36.2
375.076,542.448,-0.008,-0.012,69.018,-0.001,30.672,-0.146,69.018,69.608,-0.1,0.54,-0.59,-0.28,3.96,-167.5,-17.8,37.7
375.17,542.448,-0.033,-0.008,69.018,-0.004,30.675,-0.137,69.018,69.608,-0.06,0.56,-0.59,-0.26,3.95,160.2,5.7,35.8
375.273,542.448,-0.025,-0.009,69.018,-0.003,30.652,-0.217,69.018,69.658,0.161,0.721,-0.64,-0.29,4.3,174.6,-3.6,37.2
375.37,542.448,0.01,-0.008,69.018,0.001,30.654,0.019,69.018,69.628,-0.02,0.6,-0.61,-0.32,4.14,167.2,-0.0,36.3
375.474,542.448,0.003,-0.008,69.018,0.0,30.661,-0.302,69.018,69.618,-0.051,0.574,-0.6,-0.34,4.15,-162.3,-21.7,34.8
375.571,542.448,0.023,-0.001,69.018,0.003,30.665,0.189,69.018,69.618,-0.031,0.584,-0.6,-0.32,4.16,-165.3,-24.6,35.1
375.672,542.448,-0.009,-0.003,69.018,-0.001,30.684,-0.157,69.018,69.598,-0.098,0.531,-0.58,-0.28,3.99,-164.4,-21.5,36.2
375.772,542.448,0.009,-0.013,69.018,0.001,30.656,-0.457,69.018,69.598,-0.059,0.55,-0.58,-0.28,4.01,-171.1,-18.2,37.2
375.87,542.448,0.041,-0.004,69.018,0.005,30.677,-0.248,69.018,69.618,0.043,0.622,-0.6,-0.3,4.15,179.2,-10.7,37.2
375.974,542.448,0.015,-0.006,69.018,0.002,30.665,-0.389,69.018,69.608,-0.013,0.584,-0.59,-0.28,4.14,167.2,3.0,35.1
376.072,542.448,0.002,-0.006,69.018,0.0,30.654,-0.0,69.018,69.618,0.032,0.616,-0.6,-0.26,4.12,-167.7,-18.1,34.9
376.176,542.448,0.001,-0.002,69.018,0.0,30.672,-0.366,69.018,69.588,-0.098,0.521,-0.57,-0.24,3.99,161.5,5.9,32.8
376.271,542.448,-0.005,-0.005,69.018,-0.001,30.656,-0.036,69.018,69.598,-0.02,0.57,-0.58,-0.26,4.03,-170.9,-13.9,34.3
376.374,542.448,-0.001,-0.006,69.018,-0.0,30.67,-0.26,69.018,69.588,-0.051,0.544,-0.57,-0.26,3.99,-169.1,-16.3,33.5
376.476,542.448,-0.0,-0.012,69.018,-0.0,30.672,-0.213,69.018,69.608,0.048,0.614,-0.59,-0.26,4.15,170.4,1.9,32.0
376.578,542.448,0.005,-0.01,69.018,0.001,30.631,-0.187,69.018,69.618,0.068,0.634,-0.6,-0.26,4.16,159.9,2.4,29.7
376.672,542.448,-0.012,-0.003,69.018,-0.001,30.656,-0.197,69.018,69.618,0.041,0.621,-0.6,-0.27,4.2,174.6,-0.2,29.8
376.771,542.448,-0.008,-0.002,69.018,-0.001,30.663,0.205,69.018,69.598,-0.053,0.553,-0.58,-0.27,4.01,-160.6,-25.3,26.0
376.872,542.448,-0.018,-0.003,69.018,-0.002,30.643,-0.392,69.018,69.618,0.047,0.623,-0.6,-0.29,4.1,-176.0,1.9,27.4
376.978,542.448,0.001,-0.005,69.018,0.0,30.675,-0.264,69.018,69.608,-0.011,0.585,-0.59,-0.28,4.02,-169.4,-15.0,26.1
377.078,542.448,0.02,-0.007,69.018,0.003,30.665,-0.392,69.018,69.618,0.033,0.617,-0.6,-0.28,4.07,-168.4,-0.2,26.7
377.174,542.448,0.001,-0.008,69.018,0.0,30.656,-0.319,69.018,69.648,0.137,0.699,-0.63,-0.29,4.21,167.5,2.5,23.4
377.272,542.448,-0.013,-0.01,69.018,-0.002,30.663,-0.118,69.018,69.608,-0.076,0.552,-0.59,-0.29,4.04,-172.2,-11.3,24.4
377.374,542.447,-0.014,-0.005,69.018,-0.002,30.67,-0.217,69.018,69.598,-0.085,0.537,-0.58,-0.31,4.04,-169.2,-12.8,24.3
377.475,542.448,0.002,-0.007,69.018,0.0,30.647,0.177,69.018,69.588,-0.091,0.524,-0.57,-0.33,4.03,162.2,5.0,22.0
377.575,542.447,0.029,-0.004,69.018,0.004,30.681,-0.284,69.018,69.628,0.099,0.66,-0.61,-0.37,4.18,-178.2,0.1,24.4
377.675,542.447,0.03,-0.006,69.018,0.004,30.647,-0.312,69.018,69.608,-0.019,0.581,-0.59,-0.39,4.0,172.2,-6.7,22.6
377.772,542.447,-0.005,-0.007,69.018,-0.001,30.679,-0.207,69.018,69.628,0.067,0.643,-0.61,-0.42,4.06,168.5,-22.0,22.2
377.872,542.447,-0.019,-0.005,69.018,-0.002,30.659,-0.154,69.018,69.688,0.278,0.809,-0.67,-0.45,4.26,173.2,0.5,20.2
377.984,542.447,-0.019,-0.004,69.018,-0.002,30.668,-0.148,69.018,69.668,0.09,0.695,-0.65,-0.43,4.08,169.4,-20.3,19.3
378.072,542.447,-0.008,-0.006,69.018,-0.001,30.654,-0.264,69.018,69.638,-0.064,0.588,-0.62,-0.44,4.05,-166.2,-11.4,18.4
378.172,542.447,-0.038,-0.007,69.018,-0.005,30.656,-0.21,69.018,69.638,-0.039,0.6,-0.62,-0.46,4.06,173.3,-9.4,18.7
378.272,542.447,-0.03,-0.01,69.018,-0.004,30.638,-0.028,69.018,69.648,0.016,0.638,-0.63,-0.46,4.09,170.4,2.3,17.8
378.372,542.446,0.008,0.001,69.018,0.001,30.681,-0.237,69.018,69.648,0.009,0.634,-0.63,-0.43,4.08,-161.9,0.7,20.3
378.472,542.446,-0.004,-0.006,69.018,-0.0,30.675,-0.406,69.018,69.638,-0.034,0.603,-0.62,-0.41,4.07,-164.1,-10.8,18.3
378.573,542.446,-0.002,-0.004,69.018,-0.0,30.672,-0.378,69.018,69.628,-0.06,0.58,-0.61,-0.43,4.09,-165.1,-7.9,18.1
378.672,542.446,-0.019,-0.008,69.018,-0.002,30.656,-0.42,69.018,69.648,0.043,0.651,-0.63,-0.46,4.1,-158.9,-16.9,15.5
378.775,542.446,-0.01,-0.005,69.018,-0.001,30.665,-0.561,69.018,69.648,0.026,0.643,-0.63,-0.46,4.11,-163.2,-20.8,14.7
378.872,542.446,-0.012,-0.004,69.018,-0.002,30.661,-0.52,69.018,69.628,-0.063,0.579,-0.61,-0.43,4.08,169.6,-11.0,15.2
378.974,542.445,-0.072,-0.007,69.018,-0.009,30.679,-0.267,69.018,69.638,0.0,0.62,-0.62,-0.43,4.1,166.5,-19.6,15.4
379.072,542.445,-0.051,0.002,69.018,-0.006,30.659,-0.307,69.018,69.668,0.119,0.71,-0.65,-0.48,4.23,170.7,-9.7,15.1
379.172,542.446,0.004,-0.014,69.018,0.001,30.668,-0.273,69.018,69.638,-0.045,0.598,-0.62,-0.48,4.06,175.4,-11.3,13.8
379.275,542.446,0.007,-0.011,69.018,0.001,30.677,-0.47,69.018,69.638,-0.027,0.606,-0.62,-0.5,4.09,173.2,-11.0,13.5
379.372,542.445,-0.003,-0.013,69.018,-0.0,30.675,-0.544,69.018,69.648,0.023,0.641,-0.63,-0.49,4.08,-165.1,-8.3,13.6
379.473,542.446,-0.008,-0.007,69.018,-0.001,30.663,-0.669,69.018,69.638,-0.026,0.607,-0.62,-0.47,4.06,171.4,-11.3,13.7
379.572,542.446,-0.027,-0.019,69.018,-0.003,30.659,-0.617,69.018,69.638,-0.016,0.612,-0.62,-0.48,4.07,173.3,-12.8,13.8
379.672,542.445,-0.001,-0.014,69.018,-0.0,30.665,-0.44,69.018,69.638,-0.01,0.615,-0.62,-0.51,4.06,173.2,-13.0,14.3
379.776,542.446,0.049,-0.003,69.018,0.006,30.663,-0.568,69.018,69.638,-0.006,0.617,-0.62,-0.52,4.06,-167.2,-6.4,14.9
379.872,542.446,0.015,-0.006,69.018,0.002,30.67,0.036,69.018,69.628,-0.043,0.589,-0.61,-0.5,4.05,171.9,-12.4,14.6
379.973,542.446,-0.055,-0.012,69.018,-0.007,30.672,-0.206,69.018,69.638,0.013,0.627,-0.62,-0.49,4.11,174.8,3.1,15.2
380.074,542.446,-0.036,-0.008,69.018,-0.005,30.656,-0.403,69.018,69.628,-0.031,0.594,-0.61,-0.49,4.07,-167.4,-5.8,15.1
380.173,542.446,0.015,-0.014,69.018,0.002,30.661,-0.257,69.018,69.628,-0.019,0.6,-0.61,-0.5,4.04,173.5,-13.8,13.9
380.276,542.446,0.052,-0.017,69.018,0.007,30.67,-0.45,69.018,69.638,0.028,0.634,-0.62,-0.5,4.1,172.7,-0.8,13.4
380.374,542.446,-0.006,-0.012,69.018,-0.001,30.652,-0.254,69.018,69.638,0.017,0.629,-0.62,-0.46,4.07,171.3,0.2,13.9
380.474,542.446,0.0,-0.012,69.018,0.0,30.711,-0.364,69.018,69.638,0.01,0.625,-0.62,-0.43,4.05,-166.9,-9.9,13.9
380.579,542.446,0.012,-0.005,69.018,0.002,30.663,-0.353,69.018,69.638,0.006,0.623,-0.62,-0.43,4.09,171.7,1.3,13.4
380.678,542.446,-0.044,-0.013,69.018,-0.006,30.668,-0.263,69.018,69.638,0.004,0.622,-0.62,-0.43,4.05,-168.3,-10.3,13.7
380.781,542.446,0.031,-0.013,69.018,0.004,30.643,-0.325,69.018,69.638,0.002,0.621,-0.62,-0.42,4.08,172.0,0.9,13.5
380.873,542.446,0.057,-0.007,69.018,0.007,30.645,0.01,69.018,69.618,-0.078,0.561,-0.6,-0.37,4.03,173.2,-9.6,14.0
380.977,542.446,0.022,-0.009,69.018,0.003,30.659,-0.611,69.018,69.608,-0.087,0.547,-0.59,-0.33,4.07,175.5,-8.7,14.1
381.073,542.446,-0.009,-0.011,69.018,-0.001,30.686,-0.395,69.018,69.598,-0.092,0.534,-0.58,-0.3,4.09,-167.3,2.8,16.6
381.174,542.447,-0.021,-0.012,69.018,-0.003,30.659,-0.317,69.018,69.558,-0.212,0.434,-0.54,-0.29,4.1,165.5,-24.7,18.5
381.273,542.447,0.001,-0.012,69.018,0.0,30.643,-0.367,69.018,69.558,-0.129,0.476,-0.54,-0.3,4.21,-171.3,-14.3,18.7
381.377,542.447,-0.014,-0.014,69.018,-0.002,30.684,-0.484,69.018,69.538,-0.156,0.442,-0.52,-0.29,4.12,172.5,-16.9,22.3
381.472,542.447,-0.002,-0.006,69.018,-0.0,30.656,-0.543,69.018,69.538,-0.095,0.473,-0.52,-0.3,4.05,-171.9,-17.0,24.8
381.575,542.447,0.004,-0.016,69.018,0.001,30.652,-0.505,69.018,69.558,0.021,0.55,-0.54,-0.32,4.19,-178.4,-23.5,27.0
381.675,542.446,-0.001,-0.008,69.018,-0.0,30.661,-0.478,69.018,69.568,0.052,0.576,-0.55,-0.38,4.29,-172.0,-22.0,26.6
381.775,542.447,-0.011,-0.008,69.018,-0.001,30.649,-0.174,69.018,69.598,0.149,0.654,-0.58,-0.44,4.28,-170.1,-24.9,27.0
381.874,542.447,-0.026,-0.007,69.018,-0.003,30.659,-0.532,69.018,69.588,0.05,0.595,-0.57,-0.45,4.1,166.3,-30.0,31.0
381.977,542.447,0.015,-0.011,69.018,0.002,30.672,-0.47,69.018,69.578,-0.008,0.556,-0.56,-0.46,4.11,-167.1,3.5,31.3
382.077,542.447,0.039,-0.005,69.018,0.005,30.659,-0.52,69.018,69.588,0.034,0.587,-0.57,-0.46,4.06,164.3,-31.1,32.5
382.175,542.447,-0.01,-0.012,69.018,-0.001,30.679,-0.441,69.018,69.598,0.06,0.61,-0.58,-0.5,4.17,178.1,-23.4,30.3
382.274,542.447,0.021,-0.014,69.018,0.003,30.681,-0.419,69.018,69.578,-0.042,0.539,-0.56,-0.51,4.07,166.8,-29.8,33.0
382.375,542.447,0.007,0.002,69.018,0.001,30.654,-0.061,69.018,69.568,-0.064,0.518,-0.55,-0.52,4.12,-160.7,-22.8,27.6
382.477,542.447,0.028,-0.01,69.018,0.004,30.665,-0.344,69.018,69.578,0.0,0.56,-0.56,-0.49,4.07,-178.1,-17.9,29.3
382.577,542.447,-0.06,-0.011,69.018,-0.008,30.652,-0.208,69.018,69.568,-0.039,0.53,-0.55,-0.46,4.08,-176.9,-3.1,29.1
382.674,542.447,0.011,-0.001,69.018,0.001,30.663,-0.055,69.018,69.578,0.016,0.568,-0.56,-0.47,4.06,-165.4,-21.4,25.8
382.774,542.446,-0.041,-0.016,69.018,-0.005,30.668,-0.43,69.018,69.578,0.009,0.565,-0.56,-0.49,4.05,-174.7,-19.1,26.0
382.876,542.447,0.002,0.0,69.018,0.0,30.67,-0.354,69.018,69.578,0.006,0.563,-0.56,-0.49,4.09,173.9,4.1,24.8
382.976,542.447,-0.009,-0.014,69.018,-0.001,30.668,-0.177,69.018,69.568,-0.036,0.532,-0.55,-0.47,4.09,175.5,5.5,24.3
383.088,542.446,0.046,-0.004,69.018,0.006,30.686,-0.302,69.018,69.598,0.096,0.628,-0.58,-0.48,4.06,171.7,-23.7,25.1
383.175,542.447,0.002,-0.005,69.018,0.0,30.675,-0.49,69.018,69.578,-0.02,0.55,-0.56,-0.51,4.06,169.0,-30.2,24.6
383.276,542.447,0.011,-0.012,69.018,0.001,30.661,-0.332,69.018,69.598,0.067,0.613,-0.58,-0.54,4.18,-172.0,-22.4,21.2
383.378,542.447,0.016,-0.006,69.018,0.002,30.681,-0.445,69.018,69.588,0.001,0.571,-0.57,-0.5,4.05,-165.0,4.3,24.4
383.476,542.447,-0.028,-0.006,69.018,-0.004,30.663,-0.336,69.018,69.588,0.001,0.57,-0.57,-0.49,4.07,-163.7,-18.4,20.7
383.576,542.447,0.051,-0.003,69.018,0.007,30.659,-0.33,69.018,69.598,0.04,0.6,-0.58,-0.49,4.06,-163.5,-20.0,20.5
383.676,542.447,-0.011,-0.007,69.018,-0.001,30.665,-0.369,69.018,69.588,-0.015,0.562,-0.57,-0.51,4.08,-174.2,-4.2,23.6
383.775,542.447,0.015,-0.013,69.018,0.002,30.677,0.143,69.018,69.578,-0.049,0.536,-0.56,-0.49,4.07,179.9,-14.2,22.9
383.876,542.447,-0.005,-0.006,69.018,-0.001,30.659,-0.404,69.018,69.588,0.01,0.575,-0.57,-0.48,4.1,-163.6,-19.3,22.0
383.981,542.447,-0.009,-0.013,69.018,-0.001,30.663,-0.148,69.018,69.578,-0.033,0.543,-0.56,-0.47,4.09,-163.4,9.3,26.3
384.078,542.447,-0.019,-0.013,69.018,-0.002,30.684,-0.285,69.018,69.578,-0.02,0.55,-0.56,-0.48,4.06,170.6,-22.2,24.4
384.179,542.447,0.017,-0.006,69.018,0.002,30.681,-0.062,69.018,69.578,-0.012,0.554,-0.56,-0.49,4.08,-176.9,-6.6,23.4
384.282,542.447,0.029,-0.008,69.018,0.004,30.661,-0.779,69.018,69.578,-0.007,0.556,-0.56,-0.49,4.1,-164.6,-17.9,21.5
384.382,542.447,0.009,-0.007,69.018,0.001,30.659,-0.115,69.018,69.598,0.073,0.617,-0.58,-0.51,4.24,-174.8,-1.1,22.5
384.481,542.447,-0.016,-0.009,69.018,-0.002,30.654,-0.613,69.018,69.578,-0.036,0.542,-0.56,-0.49,4.08,172.4,0.7,21.7
384.579,542.447,0.014,-0.009,69.018,0.002,30.668,-0.307,69.018,69.568,-0.061,0.519,-0.55,-0.51,4.04,-168.4,-6.4,22.2
384.681,542.447,0.005,-0.012,69.018,0.001,30.688,-0.415,69.018,69.598,0.081,0.621,-0.58,-0.53,4.24,177.9,4.4,21.6
384.776,542.447,-0.0,-0.009,69.018,-0.0,30.663,-0.134,69.018,69.568,-0.069,0.516,-0.55,-0.5,4.11,-165.5,-20.8,19.9
384.876,542.447,-0.013,-0.01,69.018,-0.002,30.677,-0.331,69.018,69.568,-0.042,0.529,-0.55,-0.49,4.1,-166.9,-21.5,20.0
384.977,542.447,-0.003,-0.004,69.018,-0.0,30.663,-0.397,69.018,69.558,-0.064,0.508,-0.54,-0.49,4.09,-158.5,-23.8,17.5
385.082,542.447,0.014,-0.008,69.018,0.002,30.668,-0.494,69.018,69.558,-0.039,0.521,-0.54,-0.49,4.07,173.1,3.1,21.4
385.175,542.447,0.02,-0.008,69.018,0.003,30.668,-0.429,69.018,69.558,-0.024,0.528,-0.54,-0.47,4.09,173.0,2.8,21.6
385.275,542.447,0.004,-0.006,69.018,0.001,30.681,-0.478,69.018,69.558,-0.014,0.533,-0.54,-0.44,4.08,-168.0,4.2,23.2
385.376,542.447,-0.009,-0.007,69.018,-0.001,30.663,-0.454,69.018,69.548,-0.048,0.506,-0.53,-0.45,4.08,-168.9,5.5,23.7
385.475,542.447,-0.004,-0.011,69.018,-0.001,30.663,-0.456,69.018,69.538,-0.069,0.486,-0.52,-0.46,4.07,170.9,4.1,22.4
385.577,542.447,0.001,-0.001,69.018,0.0,30.668,-0.16,69.018,69.518,-0.12,0.44,-0.5,-0.44,4.07,171.4,5.8,22.5
385.676,542.447,-0.015,-0.006,69.018,-0.002,30.679,-0.316,69.018,69.518,-0.072,0.464,-0.5,-0.43,4.09,-164.8,-21.7,21.4
385.777,542.447,-0.021,-0.005,69.018,-0.003,30.672,-0.421,69.018,69.518,-0.044,0.478,-0.5,-0.43,4.09,-165.1,-23.2,21.9
385.874,542.447,-0.002,-0.01,69.018,-0.0,30.647,-0.241,69.018,69.538,0.053,0.546,-0.52,-0.49,4.39,-177.1,-24.3,23.6
385.978,542.447,0.008,-0.009,69.018,0.001,30.672,-0.476,69.018,69.518,-0.046,0.477,-0.5,-0.47,4.2,-177.1,7.8,26.4
386.074,542.447,0.003,-0.001,69.018,0.0,30.64,-0.032,69.018,69.508,-0.068,0.456,-0.49,-0.44,4.1,-161.7,-28.4,21.9
386.18,542.447,0.006,-0.008,69.018,0.001,30.634,-0.421,69.018,69.518,-0.002,0.499,-0.5,-0.44,4.14,172.4,3.9,24.9
386.276,542.447,-0.014,-0.004,69.018,-0.002,30.659,0.038,69.018,69.508,-0.041,0.47,-0.49,-0.45,4.12,-176.0,-16.5,24.8
386.38,542.447,0.0,-0.007,69.018,0.0,30.661,-0.381,69.018,69.518,0.014,0.507,-0.5,-0.45,4.11,-162.8,-29.2,21.7
386.477,542.447,-0.019,-0.003,69.018,-0.002,30.672,-0.153,69.018,69.518,0.009,0.504,-0.5,-0.44,4.13,-162.5,-26.2,21.7
386.581,542.447,-0.006,-0.005,69.018,-0.001,30.672,-0.247,69.018,69.528,0.045,0.532,-0.51,-0.44,4.23,-179.6,4.3,24.5
386.684,542.447,-0.016,-0.01,69.018,-0.002,30.659,-0.409,69.018,69.528,0.027,0.523,-0.51,-0.44,4.23,-179.0,5.3,24.5
386.785,542.447,-0.008,-0.006,69.018,-0.001,30.697,-0.337,69.018,69.528,0.016,0.518,-0.51,-0.43,4.11,-175.8,-17.5,23.6
386.885,542.447,-0.007,-0.003,69.018,-0.001,30.684,-0.12,69.018,69.528,0.01,0.515,-0.51,-0.43,4.12,-164.7,-21.7,22.1
386.984,542.447,0.024,-0.002,69.018,0.003,30.668,-0.431,69.018,69.518,-0.033,0.483,-0.5,-0.42,4.07,173.3,8.3,23.7
387.081,542.447,-0.012,-0.009,69.018,-0.002,30.672,-0.149,69.018,69.528,0.02,0.52,-0.51,-0.42,4.1,179.7,-1.0,23.4
387.182,542.447,-0.02,-0.007,69.018,-0.003,30.656,-0.254,69.018,69.548,0.09,0.575,-0.53,-0.45,4.26,-164.8,-22.1,20.5
387.279,542.447,-0.001,-0.007,69.018,-0.0,30.638,-0.05,69.018,69.528,-0.025,0.498,-0.51,-0.43,4.09,171.5,5.9,23.2
387.378,542.447,-0.026,-0.01,69.018,-0.003,30.656,0.039,69.018,69.528,-0.015,0.503,-0.51,-0.42,4.08,-175.4,-18.4,23.5
387.478,542.447,0.011,-0.003,69.018,0.001,30.659,-0.414,69.018,69.528,-0.009,0.505,-0.51,-0.42,4.15,171.7,-28.2,24.7
387.581,542.447,-0.013,-0.004,69.018,-0.002,30.665,-0.277,69.018,69.538,0.033,0.537,-0.52,-0.44,4.27,-165.9,-23.9,21.1
387.682,542.447,-0.012,-0.011,69.018,-0.002,30.661,-0.14,69.018,69.518,-0.06,0.47,-0.5,-0.42,4.11,-165.7,-21.0,22.0
387.776,542.447,-0.017,-0.006,69.018,-0.002,30.656,-0.273,69.018,69.558,0.12,0.6,-0.54,-0.43,4.41,-174.2,-22.5,22.1
387.877,542.447,0.004,0.0,69.018,0.001,30.654,-0.28,69.018,69.558,0.073,0.577,-0.54,-0.41,4.38,-173.7,-26.6,22.4
387.977,542.447,-0.01,-0.005,69.018,-0.001,30.652,-0.335,69.018,69.528,-0.073,0.473,-0.51,-0.4,4.13,-165.6,9.8,26.0
388.084,542.447,0.02,0.003,69.018,0.003,30.656,-0.414,69.018,69.528,-0.044,0.488,-0.51,-0.4,4.14,-168.8,3.9,25.0
388.188,542.447,0.001,-0.005,69.018,0.0,30.679,-0.342,69.018,69.518,-0.065,0.468,-0.5,-0.39,4.13,-171.1,4.6,25.1
388.285,542.448,-0.005,-0.007,69.018,-0.001,30.661,0.019,69.018,69.528,0.001,0.511,-0.51,-0.39,4.21,-179.9,7.5,24.1
388.379,542.447,0.018,-0.006,69.018,0.002,30.665,-0.402,69.018,69.518,-0.038,0.481,-0.5,-0.4,4.08,175.2,-0.4,23.6
388.481,542.447,0.033,-0.003,69.018,0.004,30.663,-0.187,69.018,69.508,-0.064,0.458,-0.49,-0.4,4.05,179.4,4.3,24.1
388.581,542.447,-0.008,-0.001,69.018,-0.001,30.652,-0.385,69.018,69.508,-0.039,0.471,-0.49,-0.4,4.07,170.3,6.0,23.4
388.682,542.447,-0.004,-0.0,69.018,-0.001,30.647,0.067,69.018,69.528,0.056,0.538,-0.51,-0.42,4.25,-172.0,9.8,25.4
388.781,542.447,-0.019,-0.003,69.018,-0.002,30.672,-0.195,69.018,69.518,-0.005,0.498,-0.5,-0.42,4.11,175.7,-22.6,24.1
388.887,542.447,0.005,-0.005,69.018,0.001,30.663,-0.446,69.018,69.508,-0.042,0.469,-0.49,-0.42,4.1,-165.4,4.6,26.1
388.979,542.448,0.009,0.002,69.018,0.001,30.679,-0.241,69.018,69.508,-0.026,0.477,-0.49,-0.41,4.09,-165.2,-22.2,22.1
389.084,542.447,-0.001,-0.008,69.018,-0.0,30.649,-0.313,69.018,69.508,-0.016,0.482,-0.49,-0.4,4.09,170.3,5.0,23.6
389.192,542.447,0.022,-0.005,69.018,0.003,30.668,-0.033,69.018,69.508,-0.009,0.485,-0.49,-0.4,4.11,-168.5,6.6,26.2
389.281,542.447,0.01,-0.004,69.018,0.001,30.656,-0.23,69.018,69.498,-0.045,0.457,-0.48,-0.39,4.08,-172.9,-17.4,24.0
389.388,542.447,-0.011,-0.005,69.018,-0.001,30.661,-0.447,69.018,69.498,-0.027,0.466,-0.48,-0.38,4.12,177.3,-1.7,24.9
389.481,542.447,-0.002,0.0,69.018,-0.0,30.677,0.257,69.018,69.508,0.024,0.502,-0.49,-0.39,4.22,179.3,5.7,24.9
389.587,542.447,0.014,-0.006,69.018,0.002,30.654,0.011,69.018,69.498,-0.025,0.468,-0.48,-0.38,4.1,170.5,6.6,24.4
389.686,542.447,-0.011,-0.003,69.018,-0.001,30.654,-0.468,69.018,69.508,0.025,0.502,-0.49,-0.39,4.23,179.3,6.7,26.0
389.782,542.447,0.024,-0.01,69.018,0.003,30.647,-0.299,69.018,69.518,0.054,0.527,-0.5,-0.4,4.28,172.5,4.7,24.5
389.881,542.447,-0.008,-0.002,69.018,-0.001,30.663,0.006,69.018,69.508,-0.007,0.487,-0.49,-0.4,4.24,-175.1,-19.2,24.3
389.982,542.447,0.018,-0.013,69.018,0.002,30.679,-0.058,69.018,69.508,-0.004,0.488,-0.49,-0.41,4.3,-176.2,-10.3,25.5
390.082,542.447,0.018,0.015,69.018,0.002,30.668,0.034,69.018,69.498,-0.042,0.459,-0.48,-0.39,4.12,170.2,5.3,24.6
390.182,542.447,0.023,0.002,69.018,0.003,30.652,-0.159,69.018,69.508,0.014,0.497,-0.49,-0.4,4.26,-178.1,2.8,25.6
390.285,542.447,0.013,-0.006,69.018,0.002,30.67,-0.076,69.018,69.488,-0.071,0.435,-0.47,-0.39,4.09,-175.5,-19.5,24.7
390.387,542.447,-0.023,-0.004,69.018,-0.003,30.652,-0.028,69.018,69.498,-0.004,0.478,-0.48,-0.39,4.11,-174.6,-16.1,25.0
390.488,542.447,0.015,-0.004,69.018,0.002,30.668,-0.025,69.018,69.498,-0.002,0.479,-0.48,-0.38,4.12,170.5,5.9,24.7
390.588,542.447,-0.001,-0.008,69.018,-0.0,30.675,-0.538,69.018,69.498,-0.001,0.479,-0.48,-0.39,4.12,-165.9,-22.8,23.3
390.685,542.447,0.021,-0.005,69.018,0.003,30.656,-0.296,69.018,69.508,0.039,0.509,-0.49,-0.39,4.23,178.6,6.1,25.8
390.781,542.447,0.003,-0.001,69.018,0.0,30.649,0.043,69.018,69.498,-0.016,0.472,-0.48,-0.37,4.08,-171.8,-17.6,24.9
390.887,542.447,0.022,-0.003,69.018,0.003,30.67,0.071,69.018,69.498,-0.01,0.475,-0.48,-0.38,4.1,-170.2,6.8,27.0
390.984,542.447,0.016,-0.007,69.018,0.002,30.663,-0.079,69.018,69.498,-0.006,0.477,-0.48,-0.38,4.11,-167.3,-23.9,23.5
391.086,542.448,0.003,-0.003,69.018,0.0,30.693,-0.461,69.018,69.518,0.075,0.538,-0.5,-0.39,4.25,172.7,8.8,24.9
391.186,542.448,-0.012,-0.0,69.018,-0.002,30.652,-0.042,69.018,69.508,0.006,0.493,-0.49,-0.38,4.14,-170.3,5.5,26.8
391.286,542.447,-0.0,-0.001,69.018,-0.0,30.67,-0.18,69.018,69.508,0.004,0.492,-0.49,-0.39,4.11,-165.0,-20.3,24.2
391.388,542.448,-0.016,-0.004,69.018,-0.002,30.67,-0.236,69.018,69.498,-0.037,0.461,-0.48,-0.38,4.1,179.0,-0.7,26.3
391.482,542.448,-0.004,-0.003,69.018,-0.001,30.67,0.073,69.018,69.498,-0.023,0.469,-0.48,-0.37,4.1,-165.3,-21.0,24.5
391.584,542.448,0.004,-0.001,69.018,0.001,30.67,0.051,69.018,69.498,-0.014,0.473,-0.48,-0.36,4.08,-172.2,-16.5,26.6
391.686,542.448,-0.01,-0.001,69.018,-0.001,30.652,-0.03,69.018,69.498,-0.008,0.476,-0.48,-0.36,4.09,163.7,9.4,25.5
391.785,542.448,0.003,0.005,69.018,0.0,30.661,0.017,69.018,69.508,0.034,0.507,-0.49,-0.35,4.09,-175.3,-13.3,27.8
391.88,542.447,0.007,-0.0,69.018,0.001,30.665,-0.14,69.018,69.548,0.179,0.619,-0.53,-0.35,4.23,-169.8,-10.4,27.2
391.988,542.448,0.036,-0.005,69.018,0.005,30.67,-0.039,69.018,69.538,0.07,0.555,-0.52,-0.33,4.05,-167.0,-9.0,27.4
392.083,542.448,-0.017,-0.005,69.018,-0.002,30.643,0.115,69.018,69.578,0.201,0.66,-0.56,-0.34,4.23,178.2,-2.4,26.6
392.186,542.447,-0.01,-0.004,69.018,-0.001,30.663,-0.023,69.018,69.578,0.122,0.621,-0.56,-0.33,4.08,162.5,5.9,23.9
392.281,542.447,0.009,0.0,69.018,0.001,30.654,-0.215,69.018,69.598,0.153,0.656,-0.58,-0.33,4.05,-167.3,-13.0,24.7
392.38,542.447,-0.024,-0.002,69.018,-0.003,30.665,-0.1,69.018,69.618,0.171,0.685,-0.6,-0.34,4.12,-168.4,-21.1,23.1
392.48,542.447,0.004,-0.004,69.018,0.0,30.668,0.013,69.018,69.628,0.143,0.682,-0.61,-0.35,4.1,168.2,-21.4,23.6
392.581,542.447,-0.033,-0.007,69.018,-0.004,30.661,-0.092,69.018,69.628,0.087,0.653,-0.61,-0.36,4.14,170.5,1.0,20.1
392.68,542.447,-0.013,-0.009,69.018,-0.002,30.668,-0.107,69.018,69.618,0.013,0.606,-0.6,-0.36,4.07,170.3,-10.5,19.3
392.781,542.446,0.034,0.003,69.018,0.004,30.684,-0.047,69.018,69.618,0.008,0.604,-0.6,-0.37,4.1,-169.7,-13.0,17.6
392.882,542.446,0.016,-0.011,69.018,0.002,30.665,-0.049,69.018,69.608,-0.035,0.572,-0.59,-0.37,4.14,-175.5,-16.0,16.2
392.981,542.445,0.001,-0.001,69.018,0.0,30.656,-0.364,69.018,69.598,-0.061,0.549,-0.58,-0.38,4.13,-161.9,0.9,16.2
393.081,542.444,-0.012,-0.011,69.018,-0.001,30.679,-0.542,69.018,69.598,-0.037,0.561,-0.58,-0.38,4.13,-163.3,-19.0,11.1
393.184,542.444,-0.026,-0.003,69.018,-0.003,30.665,-0.374,69.018,69.598,-0.023,0.568,-0.58,-0.41,4.24,169.8,-8.2,12.8
393.29,542.444,-0.005,-0.009,69.018,-0.001,30.647,-0.222,69.018,69.568,-0.132,0.484,-0.55,-0.42,4.11,-167.7,-7.1,12.6
393.383,542.444,0.02,-0.008,69.018,0.003,30.691,-0.517,69.018,69.578,-0.041,0.54,-0.56,-0.45,4.31,-172.9,-0.9,13.3
393.48,542.444,-0.007,-0.01,69.018,-0.001,30.67,-0.516,69.018,69.538,-0.183,0.428,-0.52,-0.42,4.1,174.3,-9.6,12.7
393.58,542.445,0.014,-0.016,69.018,0.002,30.675,-0.318,69.018,69.518,-0.189,0.406,-0.5,-0.39,4.12,175.2,5.8,13.6
393.684,542.445,0.003,-0.006,69.018,0.0,30.672,-0.332,69.018,69.508,-0.154,0.413,-0.49,-0.36,4.11,-173.6,-1.7,13.9
393.781,542.445,-0.014,-0.006,69.018,-0.002,30.677,-0.175,69.018,69.498,-0.132,0.414,-0.48,-0.32,4.1,174.6,-4.9,13.5
393.883,542.445,-0.029,-0.012,69.018,-0.004,30.672,-0.351,69.018,69.488,-0.12,0.41,-0.47,-0.3,4.09,-171.6,-13.4,13.9
393.982,542.446,0.037,-0.007,69.018,0.005,30.659,-0.402,69.018,69.498,-0.033,0.464,-0.48,-0.26,4.25,-166.9,-11.4,14.9
394.084,542.446,0.037,-0.006,69.018,0.005,30.672,-0.258,69.018,69.478,-0.099,0.411,-0.46,-0.2,4.07,-167.2,-14.5,16.3
394.184,542.446,0.035,-0.01,69.018,0.004,30.668,-0.475,69.018,69.448,-0.177,0.342,-0.43,-0.15,4.06,-166.8,-15.6,19.0
394.282,542.446,-0.016,-0.004,69.018,-0.002,30.654,-0.232,69.018,69.428,-0.187,0.317,-0.41,-0.13,4.05,-160.2,-19.1,19.2
394.381,542.446,0.019,-0.006,69.018,0.002,30.661,-0.224,69.018,69.398,-0.23,0.265,-0.38,-0.1,4.04,155.3,12.2,20.2
394.483,542.447,0.031,-0.003,69.018,0.004,30.675,-0.183,69.018,69.388,-0.179,0.28,-0.37,-0.06,4.24,-170.9,-6.9,25.4
394.584,542.446,-0.001,-0.012,69.018,-0.0,30.652,-0.229,69.018,69.358,-0.226,0.227,-0.34,-0.01,4.06,156.3,11.2,23.0
394.683,542.446,-0.014,-0.011,69.018,-0.002,30.656,-0.088,69.018,69.358,-0.137,0.271,-0.34,0.02,4.44,166.3,3.0,25.0
394.788,542.446,0.04,-0.014,69.018,0.005,30.702,-0.372,69.018,69.318,-0.24,0.18,-0.3,0.01,4.07,155.7,13.4,21.0
394.882,542.446,0.009,-0.007,69.018,0.001,30.665,-0.097,69.018,69.328,-0.106,0.257,-0.31,0.02,4.23,-161.1,-14.9,22.3
394.981,542.446,0.015,-0.014,69.018,0.002,30.679,-0.304,69.018,69.308,-0.142,0.219,-0.29,0.03,4.06,155.8,14.6,18.7
395.085,542.446,0.008,-0.007,69.018,0.001,30.663,-0.498,69.018,69.298,-0.126,0.217,-0.28,0.02,4.07,-159.7,-21.1,18.9
395.183,542.446,0.071,-0.01,69.018,0.009,30.672,-0.11,69.018,69.288,-0.116,0.212,-0.27,-0.0,4.08,-163.4,-17.5,18.9
395.281,542.446,0.033,-0.015,69.018,0.004,30.702,-0.424,69.018,69.308,0.009,0.294,-0.29,-0.03,4.4,179.4,-12.2,19.8
395.381,542.446,-0.001,-0.006,69.018,-0.0,30.675,-0.526,69.018,69.278,-0.112,0.204,-0.26,-0.05,4.1,-158.3,-21.4,16.1
395.483,542.446,0.04,-0.009,69.018,0.005,30.677,-0.228,69.018,69.288,-0.029,0.256,-0.27,-0.09,4.26,-162.2,-19.0,17.1
395.585,542.446,0.032,-0.007,69.018,0.004,30.656,0.021,69.018,69.268,-0.096,0.202,-0.25,-0.13,4.08,-161.5,-19.1,17.4
395.685,542.446,-0.015,-0.014,69.018,-0.002,30.647,-0.554,69.018,69.268,-0.058,0.221,-0.25,-0.17,4.09,-161.8,-18.7,17.8
395.785,542.446,0.019,-0.011,69.018,0.002,30.661,-0.42,69.018,69.258,-0.074,0.203,-0.24,-0.19,4.09,161.1,14.6,17.6
395.882,542.446,0.002,-0.007,69.018,0.0,30.649,0.007,69.018,69.248,-0.085,0.188,-0.23,-0.2,4.1,-165.7,-20.3,18.6
395.983,542.446,0.001,-0.006,69.018,0.0,30.661,-0.141,69.018,69.238,-0.09,0.175,-0.22,-0.21,4.12,-167.6,-20.7,19.8
396.082,542.446,0.029,0.001,69.018,0.004,30.661,-0.354,69.018,69.208,-0.174,0.103,-0.19,-0.21,4.15,166.7,16.4,21.6
396.182,542.446,-0.062,-0.009,69.018,-0.008,30.67,-0.302,69.018,69.208,-0.106,0.137,-0.19,-0.23,4.25,173.2,-27.2,27.7
396.282,542.446,-0.037,-0.006,69.018,-0.005,30.663,-0.31,69.018,69.208,-0.064,0.158,-0.19,-0.23,4.2,-163.7,-30.3,25.0
396.382,542.445,0.025,-0.01,69.018,0.003,30.668,-0.41,69.018,69.238,0.078,0.259,-0.22,-0.24,4.33,-176.7,-28.0,28.0
396.483,542.446,-0.039,-0.012,69.018,-0.005,30.675,-0.232,69.018,69.268,0.166,0.333,-0.25,-0.23,4.3,176.8,-25.5,29.1
396.583,542.446,-0.003,-0.013,69.018,-0.0,30.638,-0.035,69.018,69.278,0.14,0.33,-0.26,-0.21,4.17,-179.7,-29.8,27.4
396.683,542.446,-0.014,-0.008,69.018,-0.002,30.652,-0.419,69.018,69.298,0.164,0.362,-0.28,-0.18,4.24,-173.8,-31.4,25.4
396.784,542.446,0.039,-0.008,69.018,0.005,30.67,-0.621,69.018,69.308,0.139,0.359,-0.29,-0.14,4.16,-178.8,-31.5,26.0
396.886,542.446,0.002,-0.008,69.018,0.0,30.665,-0.38,69.018,69.308,0.084,0.332,-0.29,-0.12,4.21,-172.8,-31.0,25.2
396.985,542.446,0.026,-0.016,69.018,0.003,30.679,-0.533,69.018,69.288,-0.027,0.257,-0.27,-0.1,4.2,179.9,25.0,27.2
397.083,542.446,0.009,-0.003,69.018,0.001,30.677,-0.541,69.018,69.278,-0.056,0.232,-0.26,-0.07,4.23,179.7,-31.7,28.7
397.184,542.446,-0.014,-0.017,69.018,-0.002,30.693,-0.326,69.018,69.268,-0.073,0.214,-0.25,-0.05,4.24,-179.1,-31.5,29.3
397.29,542.446,-0.001,-0.014,69.018,-0.0,30.668,-0.323,69.018,69.258,-0.084,0.198,-0.24,-0.05,4.3,-172.2,-32.4,27.6
397.385,542.446,0.006,-0.005,69.018,0.001,30.661,-0.251,69.018,69.238,-0.129,0.156,-0.22,-0.06,4.13,-172.6,-31.9,27.3
397.485,542.446,0.026,-0.005,69.018,0.003,30.672,-0.367,69.018,69.248,-0.039,0.211,-0.23,-0.08,4.31,-172.7,-33.3,25.7
397.584,542.446,-0.007,-0.007,69.018,-0.001,30.656,-0.138,69.018,69.238,-0.062,0.189,-0.22,-0.08,4.14,-171.0,-33.0,25.0
397.683,542.446,-0.016,-0.006,69.018,-0.002,30.668,-0.438,69.018,69.248,0.002,0.231,-0.23,-0.1,4.14,-172.4,-34.0,24.5
397.783,542.446,0.011,-0.01,69.018,0.001,30.659,-0.685,69.018,69.248,0.001,0.231,-0.23,-0.12,4.35,-166.3,-33.9,22.0
397.883,542.446,0.025,-0.011,69.018,0.003,30.665,-0.591,69.018,69.228,-0.079,0.171,-0.21,-0.14,4.2,-160.6,-34.6,21.8
397.987,542.446,0.054,-0.015,69.018,0.007,30.677,-0.284,69.018,69.228,-0.048,0.186,-0.21,-0.15,4.13,-170.4,-31.2,25.7
398.086,542.447,-0.019,-0.01,69.018,-0.002,30.675,-0.39,69.018,69.228,-0.029,0.196,-0.21,-0.16,4.13,166.4,25.9,24.5
398.183,542.446,0.005,-0.012,69.018,0.001,30.688,-0.372,69.018,69.238,0.022,0.231,-0.22,-0.18,4.16,165.4,22.5,24.3
398.283,542.446,-0.033,-0.01,69.018,-0.004,30.668,-0.423,69.018,69.228,-0.027,0.197,-0.21,-0.19,4.11,-168.4,-28.4,24.6
398.396,542.446,-0.002,-0.008,69.018,-0.0,30.67,-0.44,69.018,69.248,0.062,0.261,-0.23,-0.2,4.27,-168.6,-28.3,24.4
398.489,542.446,0.032,-0.009,69.018,0.004,30.665,-0.458,69.018,69.228,-0.042,0.189,-0.21,-0.2,4.29,-169.4,-29.0,24.6
398.59,542.446,0.072,-0.014,69.018,0.009,30.661,-0.258,69.018,69.238,0.014,0.227,-0.22,-0.21,4.27,-170.5,-28.6,25.0
398.689,542.446,0.012,-0.013,69.018,0.002,30.677,-0.552,69.018,69.228,-0.031,0.194,-0.21,-0.21,4.3,173.9,20.3,25.2
398.786,542.447,-0.004,-0.009,69.018,-0.001,30.675,-0.388,69.018,69.228,-0.019,0.201,-0.21,-0.2,4.24,-175.8,-27.9,25.1
398.886,542.446,0.008,-0.008,69.018,0.001,30.659,-0.373,69.018,69.218,-0.051,0.174,-0.2,-0.18,4.15,-160.2,-32.2,20.5
398.988,542.446,-0.025,-0.009,69.018,-0.003,30.672,-0.21,69.018,69.218,-0.031,0.185,-0.2,-0.17,4.15,166.8,25.4,23.4
399.09,542.446,-0.008,-0.015,69.018,-0.001,30.668,-0.347,69.018,69.228,0.021,0.22,-0.21,-0.17,4.32,-169.5,-29.4,23.3
399.187,542.446,-0.002,-0.014,69.018,-0.0,30.665,-0.435,69.018,69.218,-0.027,0.187,-0.2,-0.14,4.15,165.6,25.4,24.1
399.285,542.446,-0.007,-0.013,69.018,-0.001,30.661,-0.425,69.018,69.218,-0.016,0.192,-0.2,-0.11,4.26,-169.6,-31.2,24.3
399.391,542.446,0.016,-0.006,69.018,0.002,30.659,-0.342,69.018,69.218,-0.01,0.195,-0.2,-0.1,4.14,-164.6,-31.6,24.4
399.495,542.446,0.033,-0.012,69.018,0.004,30.675,-0.212,69.018,69.218,-0.006,0.197,-0.2,-0.09,4.18,172.8,25.9,26.0
399.586,542.446,0.007,-0.014,69.018,0.001,30.659,-0.522,69.018,69.228,0.036,0.228,-0.21,-0.08,4.24,-168.7,-33.0,25.1
399.687,542.446,0.012,-0.011,69.018,0.002,30.681,-0.398,69.018,69.228,0.022,0.221,-0.21,-0.06,4.24,-173.6,-29.5,26.7
399.789,542.447,0.02,-0.012,69.018,0.003,30.672,-0.691,69.018,69.228,0.013,0.217,-0.21,-0.07,4.19,-172.3,-30.6,26.3
399.885,542.447,-0.023,-0.013,69.018,-0.003,30.679,-0.457,69.018,69.218,-0.032,0.184,-0.2,-0.09,4.12,-167.4,-29.7,25.0
399.99,542.446,-0.044,-0.013,69.018,-0.006,30.668,-0.562,69.018,69.228,0.02,0.22,-0.21,-0.11,4.24,-165.5,-30.3,23.3
400.091,542.447,0.01,-0.013,69.018,0.001,30.67,-0.654,69.018,69.228,0.012,0.216,-0.21,-0.11,4.28,-161.8,-31.4,22.4
400.187,542.447,-0.006,-0.016,69.018,-0.001,30.661,-0.594,69.018,69.228,0.007,0.214,-0.21,-0.14,4.24,173.8,19.5,25.9
400.287,542.447,-0.013,-0.008,69.018,-0.002,30.684,-0.386,69.018,69.228,0.004,0.212,-0.21,-0.17,4.29,169.1,20.8,24.8
400.392,542.447,-0.003,-0.011,69.018,-0.0,30.663,-0.24,69.018,69.228,0.003,0.211,-0.21,-0.17,4.13,-168.8,-26.2,24.3
400.495,542.446,-0.012,-0.008,69.018,-0.002,30.656,-0.369,69.018,69.238,0.041,0.241,-0.22,-0.19,4.27,-162.3,-29.7,22.1
400.588,542.446,0.025,-0.013,69.018,0.003,30.663,-0.497,69.018,69.238,0.025,0.232,-0.22,-0.2,4.28,168.6,19.1,24.0
400.69,542.447,0.019,-0.009,69.018,0.002,30.675,-0.29,69.018,69.228,-0.024,0.198,-0.21,-0.2,4.11,164.7,21.3,22.9
400.796,542.446,0.007,-0.009,69.018,0.001,30.675,-0.618,69.018,69.238,0.024,0.232,-0.22,-0.21,4.26,-173.0,-24.1,24.5
400.895,542.447,-0.002,-0.013,69.018,-0.0,30.656,-0.64,69.018,69.228,-0.025,0.198,-0.21,-0.19,4.11,163.4,21.1,22.8
400.998,542.447,0.016,-0.014,69.018,0.002,30.668,-0.208,69.018,69.228,-0.015,0.202,-0.21,-0.2,4.09,-159.3,-28.0,21.4
401.101,542.447,0.031,-0.009,69.018,0.004,30.672,-0.454,69.018,69.228,-0.009,0.205,-0.21,-0.19,4.1,-166.9,-25.7,23.8
401.19,542.446,0.035,-0.012,69.018,0.004,30.659,-0.293,69.018,69.238,0.034,0.237,-0.22,-0.19,4.36,179.9,17.4,26.9
401.29,542.447,0.071,-0.016,69.018,0.009,30.679,-0.406,69.018,69.218,-0.059,0.171,-0.2,-0.16,4.12,163.9,21.6,23.9
401.395,542.447,-0.004,-0.011,69.018,-0.001,30.636,-0.652,69.018,69.218,-0.036,0.182,-0.2,-0.16,4.11,-160.2,-26.8,22.8
401.494,542.447,-0.003,-0.008,69.018,-0.0,30.668,-0.298,69.018,69.218,-0.022,0.189,-0.2,-0.15,4.14,-166.1,-23.9,25.5
401.588,542.447,-0.014,-0.006,69.018,-0.002,30.665,-0.411,69.018,69.228,0.026,0.223,-0.21,-0.14,4.27,166.7,19.0,25.3
401.688,542.446,-0.013,-0.008,69.018,-0.002,30.686,-0.324,69.018,69.228,0.016,0.218,-0.21,-0.13,4.44,-167.2,-27.0,23.9
401.793,542.447,-0.012,-0.015,69.018,-0.002,30.679,-0.452,69.018,69.218,-0.029,0.186,-0.2,-0.11,4.43,172.4,18.2,25.1
401.898,542.446,0.019,-0.008,69.018,0.002,30.675,-0.508,69.018,69.208,-0.057,0.161,-0.19,-0.1,4.25,166.1,20.3,24.6
402.001,542.446,0.014,-0.009,69.018,0.002,30.691,-0.628,69.018,69.198,-0.074,0.143,-0.18,-0.1,4.28,167.5,18.5,26.3
402.095,542.446,0.024,-0.013,69.018,0.003,30.652,-0.6,69.018,69.188,-0.084,0.128,-0.17,-0.09,4.26,-171.1,-19.9,26.8
402.199,542.447,0.001,-0.007,69.018,0.0,30.656,-0.475,69.018,69.178,-0.09,0.115,-0.16,-0.08,4.11,-159.1,-25.0,24.9
402.288,542.447,-0.023,-0.011,69.018,-0.003,30.654,-0.417,69.018,69.178,-0.055,0.133,-0.16,-0.1,4.42,170.0,18.2,27.0
402.39,542.446,0.007,-0.012,69.018,0.001,30.661,-0.577,69.018,69.158,-0.111,0.084,-0.14,-0.1,4.11,159.1,18.5,25.2
402.5,542.446,0.011,-0.017,69.018,0.001,30.643,-0.724,69.018,69.158,-0.068,0.106,-0.14,-0.1,4.26,163.2,19.3,26.2
402.589,542.446,-0.002,-0.01,69.018,-0.0,30.679,-0.425,69.018,69.148,-0.08,0.09,-0.13,-0.11,4.29,164.1,19.3,26.2
402.686,542.446,-0.006,-0.011,69.018,-0.001,30.659,-0.821,69.018,69.148,-0.049,0.106,-0.13,-0.13,4.11,-152.9,-27.2,23.1
402.792,542.446,0.056,-0.01,69.018,0.007,30.649,-0.409,69.018,69.168,0.049,0.174,-0.15,-0.14,4.26,-159.7,-22.9,25.9
402.89,542.447,-0.018,-0.014,69.018,-0.002,30.649,-0.262,69.018,69.138,-0.089,0.076,-0.12,-0.14,4.1,-150.8,-26.1,25.0
402.99,542.447,-0.006,-0.006,69.018,-0.001,30.672,-0.477,69.018,69.128,-0.093,0.064,-0.11,-0.17,4.24,162.1,20.5,30.2
403.089,542.446,0.017,-0.012,69.018,0.002,30.663,-0.414,0,69.098,-0.175,-0.015,-0.08,-0.13,4.27,162.3,20.5,32.3
403.188,542.445,-0.08,-0.004,69.018,-0.01,30.654,0.022,0,69.058,-0.264,-0.184,-0.04,-0.05,4.48,163.6,22.4,31.9
403.287,542.427,-0.731,0.135,69.015,-0.093,30.634,5.745,0,69.065,-0.13,-0.03,-0.05,0.01,4.46,166.0,19.3,31.4
403.389,542.285,-1.375,-0.12,68.997,-0.175,30.672,-4.684,0,69.067,-0.071,-0.004,-0.07,0.04,4.26,-157.2,-23.9,26.1
403.5,542.249,-0.0,-0.057,68.993,-0.0,30.67,-1.66,0,69.053,-0.1,-0.022,-0.06,-0.06,4.48,178.9,-8.2,29.7
403.592,542.252,0.006,-0.015,68.993,0.001,30.659,-0.279,69.018,69.063,-0.02,0.041,-0.07,-0.11,4.24,-170.2,-18.4,25.5
403.694,542.25,0.211,-0.049,68.993,0.027,30.675,-2.073,0,69.023,-0.17,-0.11,-0.03,0.11,4.23,162.9,23.2,23.0
403.794,542.258,-0.341,0.036,68.994,-0.043,30.663,1.613,0,68.994,-0.217,-0.217,0.0,0.37,4.01,-165.6,-20.2,23.5
403.893,542.181,-1.534,0.085,68.984,-0.195,30.636,3.414,0,68.974,-0.209,-0.209,0.01,0.42,3.99,152.1,23.3,17.9
403.997,541.982,-1.867,-0.033,68.959,-0.238,30.645,-1.079,0,68.939,-0.266,-0.266,0.02,0.23,3.99,-164.4,-19.6,21.9
404.094,541.813,-1.698,0.058,68.937,-0.216,30.659,2.863,0,68.927,-0.206,-0.206,0.01,-0.03,4.1,170.1,7.8,23.1
404.195,541.61,-2.264,-0.077,68.911,-0.288,30.665,-3.255,0,68.921,-0.148,-0.148,-0.01,-0.13,3.86,173.1,4.9,22.6
404.295,541.438,-1.245,-0.067,68.89,-0.158,30.668,-2.276,0,68.94,-0.018,-0.018,-0.05,-0.01,3.82,-172.5,-0.6,21.8
404.395,541.36,-0.421,-0.084,68.88,-0.054,30.64,-3.341,0,68.94,-0.011,-0.011,-0.06,0.18,3.74,-170.4,13.0,21.1
404.493,541.352,0.009,-0.035,68.879,0.001,30.665,-1.306,69.018,68.959,0.068,0.068,-0.08,0.26,3.7,165.8,-14.4,21.0
404.597,541.356,0.316,-0.1,68.879,0.04,30.665,-4.479,69.018,68.979,0.121,0.13,-0.1,0.13,3.69,168.3,11.1,15.2
404.695,541.405,0.672,-0.16,68.885,0.085,30.631,-5.246,69.018,68.995,0.138,0.173,-0.11,-0.06,3.68,-168.4,-13.8,13.7
404.795,541.515,1.251,-0.128,68.899,0.159,30.64,-5.464,69.018,69.009,0.138,0.203,-0.11,-0.12,3.68,171.7,14.1,13.4
404.893,541.669,1.666,-0.109,68.919,0.212,30.659,-3.922,69.018,69.019,0.122,0.214,-0.1,-0.0,3.68,170.4,12.5,12.1
404.994,541.842,1.962,-0.058,68.941,0.25,30.636,-2.467,69.018,69.031,0.121,0.225,-0.09,0.16,3.69,-171.7,12.1,12.7
405.098,542.03,1.799,-0.067,68.965,0.229,30.627,-2.982,69.018,69.055,0.168,0.267,-0.09,0.21,3.7,171.0,2.2,11.8
405.195,542.192,1.956,-0.155,68.986,0.249,30.624,-5.956,69.018,69.086,0.222,0.307,-0.1,0.11,3.74,170.3,0.0,11.9
405.296,542.4,1.92,-0.027,69.012,0.244,30.634,-0.748,69.018,69.142,0.357,0.42,-0.13,-0.06,3.81,-175.5,-4.4,12.0
405.393,542.477,-0.444,-0.01,69.022,-0.056,30.668,-0.081,69.018,69.172,0.334,0.403,-0.15,-0.13,3.84,176.8,2.3,11.4
405.494,542.448,-0.128,-0.051,69.018,-0.016,30.645,-1.365,69.018,69.308,0.742,0.742,-0.29,-0.08,3.84,174.3,0.5,11.3
405.595,542.451,-0.043,-0.052,69.018,-0.006,30.649,-1.729,69.018,69.388,0.764,0.78,-0.37,0.04,3.8,168.6,9.5,10.4
405.695,542.45,-0.0,-0.032,69.018,-0.0,30.688,-2.007,69.018,69.508,0.938,0.976,-0.49,0.07,3.77,172.0,1.3,11.4
405.795,542.45,-0.005,-0.048,69.018,-0.001,30.638,-1.469,69.018,69.598,0.921,1.051,-0.58,-0.05,3.76,176.7,2.5,12.7
405.894,542.451,-0.006,-0.039,69.018,-0.001,30.659,-1.705,69.018,69.718,1.034,1.223,-0.7,-0.24,3.86,-176.9,3.7,15.2
405.994,542.45,-0.039,-0.044,69.018,-0.005,30.656,-1.778,69.018,69.778,0.861,1.195,-0.76,-0.37,3.7,177.2,8.1,16.8
406.097,542.45,-0.017,-0.038,69.018,-0.002,30.654,-1.478,69.018,69.848,0.799,1.232,-0.83,-0.35,3.74,173.4,7.5,17.5
406.196,542.45,0.002,-0.043,69.018,0.0,30.668,-1.492,69.018,69.858,0.524,1.103,-0.84,-0.24,3.7,178.7,-30.4,21.2
406.294,542.45,-0.012,-0.035,69.018,-0.002,30.665,-1.368,69.018,69.838,0.239,0.94,-0.82,-0.16,3.74,170.7,7.7,21.5
406.394,542.45,0.022,-0.036,69.018,0.003,30.647,-1.436,69.018,69.788,-0.051,0.745,-0.77,-0.22,3.72,-175.3,5.2,24.2
406.495,542.45,-0.021,-0.042,69.018,-0.003,30.677,-1.442,69.018,69.718,-0.308,0.546,-0.7,-0.38,3.68,-174.7,0.3,23.7
406.595,542.45,-0.025,-0.032,69.018,-0.003,30.659,-1.326,69.018,69.628,-0.539,0.341,-0.61,-0.49,3.71,-174.4,-21.0,21.1
406.693,542.45,0.022,-0.033,69.018,0.003,30.665,-1.427,69.018,69.518,-0.762,0.119,-0.5,-0.43,3.65,-164.7,-0.5,22.5
406.797,542.45,0.025,-0.029,69.018,0.003,30.649,-0.945,0,69.408,-0.893,-0.113,-0.39,-0.26,3.65,-166.4,3.5,21.6
406.897,542.444,-0.363,0.07,69.018,-0.046,30.654,3.338,0,69.288,-1.015,-0.475,-0.27,-0.16,3.64,-163.7,9.4,20.9
406.997,542.345,-2.323,0.203,69.005,-0.296,30.606,8.689,0,69.165,-1.095,-0.775,-0.16,-0.21,3.71,-168.2,-5.4,16.7
407.097,541.959,-5.648,0.183,68.956,-0.719,30.531,9.605,0,69.006,-1.294,-1.194,-0.05,-0.35,3.57,-164.5,4.6,16.2
407.196,541.294,-8.033,0.164,68.871,-1.022,30.496,7.507,0,68.881,-1.272,-1.252,-0.01,-0.43,3.55,-162.7,2.5,13.9
407.296,540.34,-10.394,0.072,68.75,-1.323,30.558,2.485,0,68.73,-1.37,-1.37,0.02,-0.35,3.57,-166.0,2.8,11.5
407.398,539.281,-10.789,0.052,68.615,-1.373,30.579,1.96,0,68.615,-1.278,-1.278,-0.0,-0.17,3.57,-167.5,3.5,9.4
407.498,538.203,-10.416,-0.05,68.478,-1.325,30.663,-2.177,0,68.468,-1.358,-1.358,0.01,-0.05,3.53,-164.0,7.9,9.1
407.598,537.195,-9.941,0.071,68.35,-1.265,30.59,2.722,0,68.33,-1.367,-1.367,0.02,-0.1,3.51,-174.4,3.4,6.6
407.696,536.145,-10.718,0.046,68.216,-1.364,30.611,0.632,0,68.166,-1.475,-1.475,0.05,-0.24,3.48,-176.7,4.9,6.7
407.797,535.044,-11.783,0.038,68.076,-1.499,30.592,1.834,0,68.026,-1.443,-1.443,0.05,-0.29,3.47,-170.0,-5.4,5.2
407.896,533.879,-11.672,-0.029,67.928,-1.485,30.64,-0.612,0,67.878,-1.461,-1.471,0.05,-0.19,3.52,-169.1,-11.9,4.1
407.997,532.738,-10.839,0.067,67.783,-1.379,30.631,1.534,0,67.763,-1.337,-1.377,0.02,-0.01,3.51,-166.1,9.0,6.5
408.096,531.604,-11.197,-0.043,67.638,-1.425,30.672,-2.83,0,67.688,-1.105,-1.105,-0.05,0.07,3.46,-172.2,-13.7,5.4
408.197,530.542,-9.36,-0.141,67.503,-1.191,30.711,-4.923,0,67.663,-0.767,-0.767,-0.16,-0.01,3.42,-173.3,-6.7,5.8
408.299,529.715,-6.398,-0.155,67.398,-0.814,30.716,-6.062,0,67.678,-0.407,-0.407,-0.28,-0.17,3.43,172.4,-13.0,7.0
408.399,529.159,-3.916,-0.202,67.327,-0.498,30.697,-9.554,0,67.737,-0.015,-0.015,-0.41,-0.24,3.47,-173.8,-17.5,6.2
408.498,528.895,-0.799,-0.169,67.294,-0.102,30.672,-6.991,69.018,67.794,0.214,0.225,-0.5,-0.14,3.49,-170.9,7.8,9.7
408.607,528.929,1.566,-0.173,67.298,0.199,30.631,-6.543,69.018,67.838,0.303,0.469,-0.54,0.01,3.38,179.7,4.4,8.8
408.697,529.132,3.104,-0.224,67.324,0.395,30.572,-10.192,69.018,67.894,0.405,0.688,-0.57,0.09,3.41,179.1,4.2,10.0
408.798,529.533,5.466,-0.169,67.375,0.695,30.533,-6.496,69.018,67.995,0.641,0.989,-0.62,0.03,3.46,-179.3,3.8,11.7
408.899,530.113,7.017,-0.26,67.449,0.893,30.448,-9.361,69.018,68.089,0.76,1.196,-0.64,-0.1,3.53,170.2,9.0,11.5
408.997,530.939,9.74,-0.168,67.554,1.239,30.428,-7.034,69.018,68.184,0.833,1.358,-0.63,-0.17,3.47,-168.4,3.6,16.3
409.098,531.92,10.973,-0.133,67.679,1.396,30.419,-5.89,69.018,68.319,1.038,1.595,-0.64,-0.13,3.51,169.2,6.9,14.6
409.198,533.034,12.344,-0.207,67.82,1.571,30.369,-8.779,69.018,68.44,1.106,1.715,-0.62,-0.01,3.42,-178.8,4.1,17.7
409.297,534.314,13.725,-0.186,67.983,1.746,30.346,-6.872,69.018,68.563,1.156,1.809,-0.58,0.04,3.4,-174.9,11.6,19.8
409.398,535.693,13.826,-0.231,68.159,1.759,30.307,-9.011,69.018,68.699,1.232,1.894,-0.54,-0.04,3.48,-178.8,-26.1,21.6
409.498,537.148,14.494,-0.216,68.344,1.844,30.353,-7.183,69.018,68.804,1.163,1.855,-0.46,-0.17,3.41,-176.3,5.8,22.1
409.598,538.64,14.546,-0.122,68.534,1.851,30.432,-5.232,69.018,68.934,1.213,1.871,-0.4,-0.24,3.41,-172.2,3.5,23.1
409.697,540.07,13.395,0.113,68.715,1.704,30.645,3.393,69.018,69.045,1.179,1.804,-0.33,-0.18,3.45,175.5,7.6,22.6
409.798,541.188,9.141,0.086,68.858,1.163,30.704,3.444,69.018,69.108,0.959,1.459,-0.25,-0.05,3.45,-176.2,6.0,23.7
409.897,541.94,6.34,0.126,68.953,0.807,30.668,3.995,69.018,69.203,0.96,1.413,-0.25,0.02,3.52,172.3,8.5,23.1
409.997,542.37,2.963,0.054,69.008,0.377,30.659,3.653,69.018,69.278,0.875,1.229,-0.27,-0.03,3.45,-176.8,10.6,23.9
410.098,542.504,-0.113,0.041,69.025,-0.014,30.67,1.518,69.018,69.335,0.756,1.039,-0.31,-0.17,3.42,167.9,-22.5,24.6
410.197,542.455,-0.136,-0.054,69.019,-0.017,30.631,-2.36,69.018,69.409,0.747,0.964,-0.39,-0.28,3.49,-174.4,11.4,23.3
410.297,542.456,0.005,-0.042,69.019,0.001,30.647,-1.654,69.018,69.419,0.493,0.768,-0.4,-0.25,3.42,173.4,-29.6,21.0
410.397,542.455,-0.056,-0.04,69.019,-0.007,30.622,-1.503,69.018,69.429,0.338,0.653,-0.41,-0.14,3.48,-175.4,-27.0,17.8
410.497,542.455,-0.015,-0.031,69.019,-0.002,30.656,-1.242,69.018,69.419,0.165,0.527,-0.4,-0.08,3.45,177.8,13.1,16.4
410.598,542.455,0.02,-0.036,69.019,0.003,30.64,-0.949,69.018,69.399,0.023,0.418,-0.38,-0.15,3.53,-179.2,16.5,15.7
410.7,542.455,-0.015,-0.029,69.019,-0.002,30.656,-1.323,69.018,69.369,-0.105,0.314,-0.35,-0.28,3.45,180.0,10.9,13.0
410.797,542.455,-0.032,-0.035,69.019,-0.004,30.634,-1.05,69.018,69.349,-0.142,0.269,-0.33,-0.36,3.43,-176.2,11.9,12.2
410.899,542.455,0.035,-0.02,69.019,0.004,30.67,-1.095,69.018,69.349,-0.086,0.293,-0.33,-0.31,3.55,-178.4,13.2,11.1
410.999,542.455,0.024,-0.02,69.019,0.003,30.64,-1.12,69.018,69.329,-0.13,0.249,-0.31,-0.16,3.48,174.1,15.8,8.3
411.096,542.455,-0.028,-0.027,69.019,-0.004,30.649,-1.196,69.018,69.339,-0.039,0.303,-0.32,-0.08,3.5,176.7,12.0,7.1
411.197,542.455,-0.03,-0.025,69.019,-0.004,30.636,-1.006,69.018,69.319,-0.102,0.25,-0.3,-0.13,3.48,172.8,17.5,6.2
411.297,542.454,0.008,-0.026,69.019,0.001,30.654,-1.101,69.018,69.319,-0.062,0.27,-0.3,-0.26,3.59,-175.9,-18.5,5.7
411.398,542.454,0.049,-0.025,69.019,0.006,30.638,-0.816,69.018,69.309,-0.076,0.252,-0.29,-0.32,3.48,172.7,19.0,6.6
411.5,542.453,0.017,-0.019,69.019,0.002,30.663,-1.101,69.018,69.319,-0.007,0.296,-0.3,-0.26,3.61,176.6,11.8,7.0
411.601,542.453,-0.022,-0.017,69.019,-0.003,30.665,-1.201,69.018,69.299,-0.082,0.239,-0.28,-0.11,3.51,169.5,16.7,5.0
411.698,542.453,0.005,-0.025,69.019,0.001,30.638,-1.145,69.018,69.299,-0.05,0.255,-0.28,-0.04,3.54,173.2,10.3,5.5
411.801,542.453,-0.026,-0.025,69.019,-0.003,30.67,-1.048,69.018,69.309,0.009,0.294,-0.29,-0.09,3.62,173.2,10.8,6.5
411.898,542.453,-0.009,-0.025,69.019,-0.001,30.663,-0.644,69.018,69.309,0.005,0.292,-0.29,-0.21,3.63,-164.4,-25.4,3.6
412.002,542.453,0.024,-0.02,69.019,0.003,30.652,-0.896,69.018,69.299,-0.036,0.262,-0.28,-0.26,3.61,-179.7,-10.8,5.5
412.098,542.453,-0.056,-0.019,69.019,-0.007,30.638,-1.021,69.018,69.299,-0.022,0.269,-0.28,-0.19,3.6,-174.6,5.0,5.9
412.2,542.452,0.002,-0.023,69.019,0.0,30.631,-0.668,69.018,69.289,-0.052,0.244,-0.27,-0.06,3.49,169.5,15.8,3.8
412.299,542.452,-0.011,-0.021,69.019,-0.001,30.668,-0.691,69.018,69.299,0.008,0.284,-0.28,0.01,3.61,174.7,10.5,5.1
412.399,542.452,-0.018,-0.019,69.019,-0.002,30.645,-0.881,69.018,69.289,-0.034,0.253,-0.27,-0.06,3.49,175.5,10.6,4.5
412.499,542.452,-0.025,-0.022,69.019,-0.003,30.645,-0.7,69.018,69.289,-0.021,0.26,-0.27,-0.17,3.5,177.6,8.2,4.7
412.599,542.452,-0.01,-0.021,69.019,-0.001,30.675,-0.75,69.018,69.289,-0.013,0.264,-0.27,-0.22,3.61,-178.6,-10.0,5.0
412.7,542.452,-0.008,-0.023,69.019,-0.001,30.652,-0.512,69.018,69.279,-0.047,0.236,-0.26,-0.16,3.62,172.5,11.9,4.8
412.801,542.452,-0.042,-0.015,69.019,-0.005,30.677,-0.645,69.018,69.259,-0.107,0.187,-0.24,-0.05,3.53,171.4,9.8,3.4
412.898,542.452,-0.034,-0.014,69.019,-0.004,30.661,-0.699,69.018,69.239,-0.144,0.148,-0.22,0.0,3.65,170.6,9.3,5.0
413.0,542.452,-0.003,-0.013,69.019,-0.0,30.649,-0.509,69.018,69.219,-0.164,0.118,-0.2,-0.06,3.57,-168.7,0.9,6.1
413.102,542.452,0.026,-0.017,69.019,0.003,30.649,-0.624,69.018,69.199,-0.178,0.091,-0.18,-0.16,3.52,173.7,3.5,4.2
413.2,542.452,-0.003,-0.017,69.019,-0.0,30.659,-0.754,69.018,69.209,-0.069,0.155,-0.19,-0.23,3.67,176.8,-7.8,5.6
413.299,542.452,0.016,-0.019,69.019,0.002,30.665,-0.772,69.018,69.219,-0.003,0.199,-0.2,-0.18,3.51,172.5,11.8,3.1
413.4,542.452,-0.036,-0.008,69.019,-0.005,30.681,-0.526,69.018,69.229,0.038,0.229,-0.21,-0.09,3.5,175.6,6.2,3.0
413.499,542.451,-0.01,-0.012,69.019,-0.001,30.688,-0.453,69.018,69.249,0.102,0.281,-0.23,-0.02,3.5,169.6,12.9,1.8
413.6,542.451,0.044,-0.018,69.019,0.006,30.661,-0.768,69.018,69.269,0.14,0.32,-0.25,-0.04,3.51,175.9,7.2,2.1
413.71,542.452,-0.027,-0.012,69.019,-0.003,30.677,-0.866,69.019,69.289,0.163,0,-0.27,-0.12,3.62,172.3,6.9,3.0
413.8,542.451,0.013,-0.007,69.019,0.002,30.663,-0.485,69.019,69.289,0.099,0,-0.27,-0.17,3.6,175.8,8.0,3.5
413.899,542.451,0.005,-0.011,69.019,0.001,30.661,-0.205,69.019,69.299,0.1,0,-0.28,-0.15,3.59,-170.1,-1.8,4.0
414.003,542.451,0.01,-0.014,69.019,0.001,30.659,-0.401,69.019,69.319,0.139,0,-0.3,-0.06,3.74,174.8,13.1,4.2
414.102,542.451,-0.001,-0.009,69.019,-0.0,30.645,-0.685,69.019,69.309,0.044,0,-0.29,0.0,3.57,179.6,6.9,3.6
414.199,542.451,-0.003,-0.008,69.019,-0.0,30.661,-0.567,69.019,69.299,-0.013,0,-0.28,-0.01,3.58,172.9,11.8,2.9
414.3,542.451,0.022,-0.009,69.018,0.003,30.649,-0.49,69.019,69.278,-0.087,0,-0.26,-0.1,3.58,176.6,12.8,3.3
414.4,542.451,0.014,-0.007,69.018,0.002,30.656,-0.249,69.019,69.248,-0.169,0,-0.23,-0.15,3.45,173.8,16.9,3.0
414.499,542.45,-0.016,-0.011,69.018,-0.002,30.665,-0.607,69.019,69.218,-0.222,0,-0.2,-0.13,3.44,177.0,11.3,3.8
414.602,542.448,0.007,-0.017,69.018,0.001,30.665,-0.753,69.019,69.198,-0.213,0,-0.18,-0.04,3.44,-170.5,-23.5,3.6
414.701,542.447,-0.031,-0.02,69.018,-0.004,30.645,-0.808,69.019,69.198,-0.13,0,-0.18,0.03,3.57,-171.6,-24.2,4.9
414.802,542.446,-0.019,-0.021,69.018,-0.002,30.649,-0.897,69.019,69.208,-0.04,0,-0.19,0.02,3.43,174.2,14.3,4.4
414.9,542.446,-0.025,-0.018,69.018,-0.003,30.64,-0.917,69.019,69.218,0.015,0,-0.2,-0.06,3.43,174.8,13.2,4.0
414.999,542.446,-0.016,-0.027,69.018,-0.002,30.647,-0.916,69.019,69.248,0.126,0,-0.23,-0.13,3.55,-169.9,10.0,5.7
415.099,542.446,-0.036,-0.02,69.018,-0.005,30.631,-0.901,69.019,69.258,0.116,0,-0.24,-0.11,3.53,171.7,11.6,2.6
415.2,542.445,-0.024,-0.028,69.018,-0.003,30.663,-1.119,69.019,69.258,0.07,0,-0.24,-0.02,3.43,166.2,17.5,0.3
415.3,542.445,0.018,-0.027,69.018,0.002,30.67,-1.049,69.019,69.278,0.121,0,-0.26,0.04,3.56,165.7,18.7,0.8
415.402,542.445,0.039,-0.016,69.018,0.005,30.652,-0.788,69.019,69.278,0.074,0,-0.26,0.01,3.55,169.8,13.6,2.9
415.506,542.445,0.021,-0.028,69.018,0.003,30.647,-0.931,69.019,69.268,0.005,0,-0.25,-0.08,3.42,168.3,18.1,3.3
415.601,542.445,-0.009,-0.024,69.018,-0.001,30.649,-0.637,69.019,69.258,-0.036,0,-0.24,-0.15,3.42,171.4,17.8,4.7
415.698,542.445,0.023,-0.019,69.018,0.003,30.649,-0.889,69.019,69.258,-0.022,0,-0.24,-0.13,3.53,-177.1,-17.5,6.1
415.804,542.445,-0.011,-0.026,69.018,-0.001,30.643,-1.027,69.019,69.238,-0.091,0,-0.22,-0.05,3.43,171.1,18.2,5.6
415.901,542.445,-0.006,-0.023,69.018,-0.001,30.656,-0.85,69.019,69.238,-0.055,0,-0.22,0.0,3.53,174.5,16.1,6.4
415.999,542.445,-0.008,-0.023,69.018,-0.001,30.656,-0.833,69.019,69.228,-0.073,0,-0.21,-0.04,3.43,168.8,19.1,4.2
416.1,542.445,0.027,-0.021,69.018,0.003,30.64,-0.815,69.019,69.228,-0.044,0,-0.21,-0.14,3.56,175.3,14.5,5.4
416.201,542.445,-0.016,-0.023,69.018,-0.002,30.665,-1.055,69.019,69.218,-0.066,0,-0.2,-0.2,3.45,175.0,13.2,4.1
416.302,542.445,-0.023,-0.028,69.018,-0.003,30.656,-0.939,69.019,69.228,-0.001,0,-0.21,-0.15,3.59,-169.1,9.2,6.2
416.402,542.445,0.033,-0.017,69.018,0.004,30.638,-1.269,69.019,69.218,-0.04,0,-0.2,-0.09,3.44,170.9,17.7,3.2
416.499,542.445,0.042,-0.02,69.018,0.005,30.647,-0.896,69.019,69.208,-0.064,0,-0.19,-0.05,3.45,170.1,17.3,3.1
416.6,542.445,0.03,-0.028,69.018,0.004,30.634,-0.802,69.019,69.208,-0.039,0,-0.19,-0.08,3.46,-167.0,-23.0,1.8
416.7,542.445,-0.025,-0.023,69.018,-0.003,30.618,-1.043,69.019,69.208,-0.023,0,-0.19,-0.17,3.55,-176.0,7.9,4.7
416.799,542.445,-0.007,-0.033,69.018,-0.001,30.654,-1.147,69.019,69.198,-0.053,0,-0.18,-0.21,3.45,175.1,10.8,3.7
416.9,542.445,-0.018,-0.028,69.018,-0.002,30.659,-0.831,69.019,69.198,-0.032,0,-0.18,-0.16,3.44,169.7,15.6,2.6
416.999,542.445,-0.021,-0.026,69.018,-0.003,30.649,-0.561,69.019,69.198,-0.02,0,-0.18,-0.08,3.44,173.3,11.3,2.4
417.104,542.445,-0.045,-0.029,69.018,-0.006,30.659,-1.066,69.019,69.208,0.027,0,-0.19,-0.07,3.55,-176.8,8.4,3.0
417.199,542.445,-0.011,-0.025,69.018,-0.001,30.649,-0.753,69.019,69.198,-0.023,0,-0.18,-0.11,3.45,-166.5,-21.0,0.6
417.299,542.445,0.019,-0.024,69.018,0.002,30.659,-1.15,69.019,69.208,0.025,0,-0.19,-0.18,3.58,170.2,-13.9,3.5
417.405,542.445,0.046,-0.03,69.018,0.006,30.663,-1.082,69.019,69.198,-0.023,0,-0.18,-0.19,3.43,167.6,22.3,1.8
417.5,542.445,0.003,-0.022,69.018,0.0,30.656,-0.693,69.019,69.208,0.026,0,-0.19,-0.14,3.7,-174.2,8.5,5.0
417.6,542.445,0.045,-0.023,69.018,0.006,30.643,-0.701,69.019,69.188,-0.063,0,-0.17,-0.06,3.46,-164.7,-20.4,1.2
417.702,542.445,0.006,-0.025,69.018,0.001,30.652,-1.288,69.019,69.188,-0.038,0,-0.17,-0.04,3.46,171.9,11.5,2.5
417.798,542.445,0.028,-0.027,69.018,0.004,30.647,-1.205,69.019,69.188,-0.023,0,-0.17,-0.07,3.45,-167.3,-21.6,1.5
417.901,542.445,0.009,-0.033,69.018,0.001,30.643,-1.36,69.019,69.188,-0.014,0,-0.17,-0.13,3.47,173.6,10.3,2.6
418.003,542.445,-0.004,-0.026,69.018,-0.001,30.643,-0.951,69.019,69.198,0.031,0,-0.18,-0.15,3.55,-166.9,-22.1,2.0
418.099,542.445,0.037,-0.024,69.018,0.005,30.634,-1.143,69.019,69.198,0.019,0,-0.18,-0.11,3.56,173.9,11.4,3.5
418.201,542.445,0.014,-0.032,69.018,0.002,30.656,-1.175,69.019,69.188,-0.028,0,-0.17,-0.06,3.58,174.2,12.8,3.3
418.304,542.445,-0.022,-0.023,69.018,-0.003,30.636,-1.339,69.019,69.198,0.022,0,-0.18,-0.03,3.58,-178.6,1.8,3.5
418.399,542.445,-0.008,-0.029,69.018,-0.001,30.634,-1.248,69.019,69.188,-0.026,0,-0.17,-0.06,3.57,172.7,10.5,3.7
418.5,542.445,-0.021,-0.03,69.018,-0.003,30.627,-1.264,69.019,69.188,-0.016,0,-0.17,-0.13,3.55,-175.3,6.4,3.9
418.602,542.445,-0.01,-0.035,69.018,-0.001,30.631,-1.29,69.019,69.178,-0.048,0,-0.16,-0.15,3.44,168.8,14.0,2.4
418.699,542.445,-0.01,-0.022,69.018,-0.001,30.656,-1.042,68.269,69.178,-0.029,2.0,-0.16,-0.12,3.44,170.3,14.0,2.6
418.81,542.425,-1.384,0.218,69.015,-0.176,30.602,9.552,68.269,69.185,0.011,2.0,-0.17,-0.06,3.57,-169.4,-21.6,2.8
418.9,541.906,-8.473,0.276,68.949,-1.078,30.375,10.07,68.269,69.139,-0.175,2.0,-0.19,-0.03,3.57,172.8,9.4,3.2
419.002,540.711,-15.039,0.187,68.797,-1.913,30.259,8.607,68.269,69.057,-0.429,2.0,-0.26,-0.07,3.45,167.5,14.9,1.6
419.103,539.253,-13.15,0.13,68.612,-1.673,30.33,4.948,68.269,69.022,-0.4,2.0,-0.41,-0.14,3.56,-167.9,-29.2,2.0
419.208,537.993,-11.098,-0.241,68.451,-1.412,30.716,-8.021,68.269,69.091,0.028,2.0,-0.64,-0.18,3.58,-171.2,-31.3,1.8
419.303,537.146,-6.964,-0.237,68.343,-0.886,30.734,-10.557,68.269,69.083,-0.014,2.0,-0.74,-0.15,3.46,174.1,11.3,2.9
419.404,536.65,-3.6,-0.217,68.28,-0.458,30.659,-6.684,68.269,69.11,0.098,2.0,-0.83,-0.09,3.48,173.0,11.1,3.0
419.501,536.475,-0.184,-0.207,68.258,-0.023,30.618,-8.512,68.269,69.148,0.208,2.0,-0.89,-0.06,3.58,169.9,15.3,3.7
419.602,536.51,0.477,-0.071,68.263,0.061,30.613,-1.32,68.269,69.103,-0.053,2.0,-0.84,-0.08,3.49,169.0,14.6,3.0
419.703,536.544,-0.047,-0.074,68.267,-0.006,30.656,-2.611,69.019,69.107,-0.015,0.5,-0.84,-0.14,3.51,172.8,11.0,3.7
419.801,536.564,1.322,-0.254,68.269,0.168,30.563,-9.982,69.019,69.089,-0.078,0.5,-0.82,-0.17,3.5,-164.1,-39.6,1.4
419.901,536.904,4.198,-0.182,68.313,0.534,30.533,-6.868,69.019,69.093,-0.034,0.5,-0.78,-0.15,3.49,171.4,10.1,4.5
420.003,537.324,4.561,-0.134,68.366,0.58,30.551,-5.28,69.019,69.096,-0.007,0.5,-0.73,-0.08,3.61,175.3,7.9,7.0
420.1,537.75,4.007,-0.099,68.42,0.51,30.574,-5.483,69.019,69.05,-0.186,0.5,-0.63,-0.04,3.52,169.4,10.0,6.5
420.199,538.153,3.633,-0.104,68.472,0.462,30.599,-4.688,69.019,69.032,-0.187,0.5,-0.56,-0.07,3.6,169.5,12.5,7.8
420.301,538.533,3.859,-0.097,68.52,0.491,30.581,-5.487,69.019,69.01,-0.199,0.5,-0.49,-0.13,3.49,169.8,11.8,7.7
420.401,538.933,4.377,-0.03,68.571,0.557,30.613,-2.897,69.019,69.021,-0.078,0.5,-0.45,-0.17,3.59,-169.8,-22.5,8.1
420.502,539.326,3.96,-0.117,68.621,0.504,30.572,-5.682,69.019,68.991,-0.165,0.5,-0.37,-0.14,3.45,167.4,17.8,7.6
420.602,539.713,3.894,-0.124,68.67,0.495,30.57,-3.486,69.019,69.02,0.015,0.5,-0.35,-0.09,3.57,167.3,13.1,8.0
420.701,540.119,3.692,-0.103,68.722,0.47,30.599,-3.145,68.269,69.022,0.016,2.0,-0.3,-0.05,3.47,168.3,9.8,7.5
420.801,540.477,2.394,0.143,68.767,0.305,30.638,6.004,68.269,69.027,0.031,2.0,-0.26,-0.08,3.44,164.1,15.0,6.2
420.904,540.349,-4.818,0.222,68.751,-0.613,30.512,8.516,68.269,68.971,-0.2,2.0,-0.22,-0.14,3.45,169.2,10.8,7.4
421.003,539.545,-11.848,0.18,68.649,-1.507,30.389,8.607,68.269,68.899,-0.406,2.0,-0.25,-0.18,3.48,170.3,10.0,7.7
421.104,538.364,-10.816,0.155,68.498,-1.376,30.396,5.112,68.269,68.858,-0.405,2.0,-0.36,-0.15,3.46,167.4,16.5,7.9
421.206,537.352,-8.226,-0.179,68.37,-1.047,30.679,-7.93,68.269,68.96,0.153,2.0,-0.59,-0.11,3.59,-175.1,-26.7,9.8
421.307,536.743,-4.129,-0.176,68.292,-0.525,30.663,-9.097,68.269,68.982,0.182,2.0,-0.69,-0.08,3.6,172.3,6.8,9.4
421.404,536.49,-1.106,-0.225,68.26,-0.141,30.631,-9.778,68.269,68.98,0.101,2.0,-0.72,-0.12,3.6,170.1,13.0,9.5
421.505,536.499,0.602,-0.119,68.261,0.077,30.608,-3.443,68.269,68.961,-0.013,2.0,-0.7,-0.18,3.5,166.6,15.1,7.5
421.603,536.554,0.076,-0.055,68.268,0.01,30.627,-1.936,68.269,68.968,0.02,2.0,-0.7,-0.21,3.51,167.8,15.0,7.0
421.704,536.552,-0.014,-0.061,68.268,-0.002,30.636,-3.068,69.019,68.978,0.05,0.5,-0.71,-0.19,3.5,171.7,13.0,7.5
421.805,536.575,1.618,-0.253,68.271,0.206,30.576,-8.451,69.019,68.971,0.003,0.5,-0.7,-0.14,3.5,170.0,13.1,7.0
421.905,536.923,4.024,-0.224,68.315,0.512,30.51,-6.238,69.019,69.015,0.176,0.5,-0.7,-0.12,3.52,169.2,11.5,6.6
422.004,537.341,4.319,-0.113,68.368,0.549,30.563,-5.205,69.019,69.028,0.159,0.5,-0.66,-0.15,3.51,169.7,13.1,6.2
422.105,537.767,4.118,-0.056,68.423,0.524,30.59,-3.902,69.019,69.023,0.073,0.5,-0.6,-0.21,3.5,169.2,14.2,6.3
422.205,538.168,3.604,-0.115,68.474,0.459,30.592,-4.062,69.019,68.994,-0.069,0.5,-0.52,-0.23,3.46,-162.8,-35.1,5.8
422.303,538.547,3.996,-0.092,68.522,0.508,30.583,-3.594,69.019,68.982,-0.088,0.5,-0.46,-0.2,3.46,169.3,13.3,10.5
422.406,538.944,4.348,-0.07,68.572,0.553,30.595,-3.189,69.019,68.972,-0.091,0.5,-0.4,-0.15,3.47,170.2,7.7,11.3
422.505,539.334,3.768,-0.131,68.622,0.479,30.572,-3.869,69.019,68.952,-0.135,0.5,-0.33,-0.11,3.42,166.8,16.3,10.4
422.603,539.722,3.851,-0.103,68.671,0.49,30.565,-5.896,69.019,68.981,0.033,0.5,-0.31,-0.14,3.55,-169.5,-21.2,10.7
422.704,540.128,3.868,-0.085,68.723,0.492,30.595,-5.038,68.269,68.983,0.027,2.0,-0.26,-0.18,3.41,168.2,18.9,9.6
422.807,540.486,2.455,0.144,68.768,0.312,30.627,6.844,68.269,68.988,0.038,2.0,-0.22,-0.19,3.42,170.4,18.9,10.3
422.905,540.368,-4.785,0.24,68.754,-0.609,30.494,8.729,68.269,68.914,-0.269,2.0,-0.16,-0.16,3.39,167.0,24.2,10.2
423.006,539.573,-11.736,0.204,68.652,-1.493,30.378,7.438,68.269,68.852,-0.404,2.0,-0.2,-0.1,3.54,170.6,21.4,10.2
423.107,538.384,-10.999,0.153,68.501,-1.399,30.423,5.966,68.269,68.831,-0.329,2.0,-0.33,-0.06,3.41,165.8,24.2,8.3
423.207,537.366,-8.389,-0.175,68.371,-1.067,30.691,-7.373,68.269,68.891,0.038,2.0,-0.52,-0.09,3.4,169.8,21.1,8.8
423.307,536.752,-4.312,-0.213,68.293,-0.549,30.691,-7.734,68.269,68.933,0.188,2.0,-0.64,-0.14,3.53,171.9,24.2,9.0
423.407,536.497,-1.239,-0.235,68.261,-0.158,30.631,-9.298,68.269,68.931,0.104,2.0,-0.67,-0.17,3.43,172.2,27.3,8.1
423.507,536.503,0.614,-0.093,68.262,0.078,30.606,-2.854,68.269,68.982,0.263,2.0,-0.72,-0.15,3.55,171.5,25.1,8.5
423.606,536.557,0.062,-0.05,68.269,0.008,30.627,-1.645,68.269,68.969,0.108,2.0,-0.7,-0.11,3.47,170.0,26.1,6.6
423.705,536.555,-0.09,-0.067,68.268,-0.011,30.629,-2.667,69.019,68.978,0.104,0.5,-0.71,-0.09,3.53,169.2,26.9,7.1
423.804,536.579,1.71,-0.213,68.271,0.218,30.56,-9.671,69.019,68.971,0.036,0.5,-0.7,-0.11,3.52,169.3,28.6,6.4
423.914,536.924,4.027,-0.224,68.315,0.512,30.547,-6.106,69.019,69.005,0.155,0.5,-0.69,-0.16,3.46,169.1,27.8,6.1
424.005,537.343,4.32,-0.113,68.369,0.55,30.551,-5.644,69.019,69.039,0.225,0.5,-0.67,-0.2,3.55,169.9,26.6,6.3
424.106,537.768,4.097,-0.059,68.423,0.521,30.579,-4.384,69.019,69.023,0.074,0.5,-0.6,-0.19,3.52,169.2,28.2,5.6
424.205,538.17,3.526,-0.121,68.474,0.449,30.579,-4.407,69.019,69.034,0.089,0.5,-0.56,-0.15,3.56,165.7,29.2,3.9
424.306,538.548,3.95,-0.095,68.522,0.503,30.579,-3.902,69.019,69.052,0.125,0.5,-0.53,-0.12,3.68,170.1,24.8,5.9
424.406,538.95,4.195,-0.079,68.573,0.534,30.604,-1.387,69.019,69.053,0.08,0.5,-0.48,-0.13,3.6,166.4,25.3,4.6
424.506,539.341,3.832,-0.098,68.623,0.488,30.592,-5.298,69.019,69.023,-0.07,0.5,-0.4,-0.17,3.45,165.5,27.5,3.6
424.606,539.728,3.713,-0.147,68.672,0.472,30.567,-5.241,69.019,69.042,0.033,0.5,-0.37,-0.2,3.48,169.6,27.6,5.1
424.705,540.134,3.729,-0.12,68.724,0.474,30.579,-5.5,0,69.064,0.105,14.0,-0.34,-0.17,3.58,172.4,26.4,6.9
424.806,540.491,2.576,0.179,68.769,0.328,30.638,7.222,0,69.029,0.152,14.0,-0.26,-0.11,3.39,166.3,29.3,5.8
424.906,540.374,-4.901,0.238,68.754,-0.624,30.49,9.749,0,68.934,-0.175,14.0,-0.18,-0.08,3.41,165.9,27.5,6.1
425.005,539.577,-11.739,0.185,68.653,-1.494,30.389,7.08,0,68.833,-0.777,14.0,-0.18,-0.1,3.39,166.7,27.8,7.7
425.107,538.15,-17.231,0.228,68.471,-2.192,30.202,8.844,0,68.701,-1.424,14.0,-0.23,-0.14,3.36,167.6,27.7,8.1
425.209,536.127,-23.308,0.22,68.214,-2.966,30.026,8.058,0,68.434,-2.381,14.0,-0.22,-0.18,3.23,172.6,25.4,8.3
425.307,533.507,-30.675,0.116,67.881,-3.903,29.891,6.323,0,67.881,-3.976,14.0,0.0,-0.15,2.96,172.4,27.8,6.5
425.406,530.279,-34.703,0.318,67.47,-4.415,29.535,17.061,0,67.24,-4.885,14.0,0.23,-0.08,2.74,172.6,19.0,3.0
425.509,526.462,-42.832,0.188,66.984,-5.45,29.436,5.685,0,66.574,-5.297,14.0,0.41,-0.0,2.64,-173.0,18.7,-0.2
425.61,522.035,-46.813,0.373,66.421,-5.956,28.948,14.581,0,65.881,-6.033,-6.033,0.54,0.05,2.54,170.9,8.4,-4.3
425.711,517.103,-47.231,0.335,65.793,-6.009,29.076,13.508,0,65.143,-6.562,-6.562,0.65,0.09,2.5,-177.4,20.9,-9.2
425.812,512.305,-50.694,0.122,65.183,-6.45,29.231,9.341,0,64.473,-6.617,-6.807,0.71,0.14,2.5,179.0,19.9,-14.5
425.911,507.135,-52.738,0.273,64.525,-6.71,28.989,11.31,0,63.795,-6.68,-7.055,0.73,0.22,2.48,176.8,19.9,-18.9
426.011,501.734,-54.814,0.213,63.838,-6.974,29.034,11.711,0,63.138,-6.637,-7.181,0.7,0.29,2.41,174.2,17.9,-22.3
426.112,496.094,-55.474,0.226,63.12,-7.058,29.299,6.721,0,62.47,-6.626,-7.279,0.65,0.32,2.32,173.1,17.0,-24.4
426.212,490.4,-58.14,0.152,62.396,-7.397,29.674,1.657,0,61.816,-6.595,-7.314,0.58,0.32,2.28,174.8,12.6,-24.0
426.311,484.656,-56.175,0.102,61.665,-7.147,29.989,4.175,0,61.165,-6.56,-7.302,0.5,0.28,2.29,175.0,11.6,-23.1
426.412,478.916,-59.256,0.034,60.935,-7.539,30.181,-0.508,0,60.495,-6.614,-7.319,0.44,0.25,2.3,178.7,10.6,-21.5
426.514,473.19,-56.144,0.065,60.206,-7.143,30.037,2.672,0,59.806,-6.721,-7.36,0.4,0.24,2.35,177.5,9.5,-19.7
426.613,467.453,-58.005,0.135,59.476,-7.38,29.907,1.633,0,59.106,-6.83,-7.404,0.37,0.25,2.4,174.6,8.4,-18.2
426.711,461.672,-56.781,0.054,58.741,-7.225,29.996,4.826,0,58.391,-6.958,-7.471,0.35,0.24,2.46,175.0,12.5,-17.1
426.81,455.854,-60.435,0.037,58.0,-7.689,30.06,1.103,0,57.65,-7.131,-7.58,0.35,0.18,2.48,174.6,16.7,-16.0
426.909,449.983,-60.417,0.106,57.253,-7.687,29.768,2.523,0,56.903,-7.265,-7.675,0.35,0.1,2.41,174.9,17.7,-14.3
427.011,444.019,-60.557,0.097,56.495,-7.705,29.713,3.538,0,56.185,-7.226,-7.651,0.31,0.03,2.22,174.8,20.7,-13.4
427.107,437.996,-61.135,0.035,55.728,-7.778,29.964,0.856,0,55.468,-7.213,-7.642,0.26,-0.01,2.0,172.3,18.4,-13.0
427.209,431.99,-61.049,0.047,54.964,-7.768,30.04,1.094,0,54.744,-7.219,-7.619,0.22,-0.05,2.03,174.3,17.4,-12.1
427.311,426.008,-60.547,0.054,54.203,-7.704,30.044,1.858,0,54.043,-7.138,-7.458,0.16,-0.1,1.79,-170.8,10.8,-11.4
427.412,420.064,-58.523,-0.027,53.447,-7.446,30.373,-0.233,0,53.327,-7.146,-7.386,0.12,-0.16,1.73,169.5,1.2,-10.4
427.512,414.23,-57.107,0.025,52.704,-7.266,30.321,1.561,0,52.614,-7.137,-7.317,0.09,-0.18,1.64,171.1,-2.0,-10.6
427.614,408.477,-57.577,0.069,51.972,-7.326,30.156,1.01,0,51.862,-7.286,-7.473,0.11,-0.19,1.84,171.1,-2.7,-12.0
427.714,402.728,-57.624,0.104,51.241,-7.332,29.85,8.774,0,51.091,-7.458,-7.576,0.15,-0.18,2.08,170.2,1.1,-14.2
427.816,396.87,-61.444,0.094,50.496,-7.818,29.77,0.61,0,50.286,-7.687,-7.76,0.21,-0.18,2.3,168.3,6.1,-16.9
427.918,390.888,-62.732,0.129,49.734,-7.982,29.658,0.532,0,49.464,-7.896,-7.964,0.27,-0.21,2.44,166.5,10.0,-19.2
428.016,384.782,-63.143,0.023,48.958,-8.034,29.603,5.457,0,48.638,-8.04,-8.14,0.32,-0.28,2.45,164.0,14.8,-21.6
428.117,378.445,-64.035,0.269,48.151,-8.147,29.181,6.351,0,47.811,-8.097,-8.264,0.34,-0.39,2.38,163.6,15.4,-23.5
428.216,372.033,-64.414,0.183,47.335,-8.196,29.288,6.565,0,47.005,-8.074,-8.319,0.33,-0.5,2.22,161.8,14.3,-24.8
428.315,365.524,-65.036,0.142,46.507,-8.275,29.532,6.564,0,46.217,-8.004,-8.321,0.29,-0.62,2.05,162.4,9.1,-24.5
428.414,358.99,-65.675,0.113,45.676,-8.356,29.651,1.688,0,45.426,-7.967,-8.312,0.25,-0.75,1.94,162.2,2.9,-23.3
428.512,352.458,-65.923,0.122,44.845,-8.388,29.809,0.923,0,45.426,-7.967,-7.967,,,,,,
428.614,345.978,-64.068,-0.049,44.02,-8.152,30.474,-4.331,0,45.426,-7.967,-7.967,,,,,,
428.715,339.712,-61.859,-0.013,43.223,-7.871,30.394,0.798,0,45.426,-7.967,-7.967,,,,,,
428.816,333.514,-62.044,0.11,42.434,-7.894,29.852,5.992,0,45.426,-7.967,-7.967,,,,,,
428.915,327.217,-61.075,0.157,41.633,-7.771,29.77,7.033,0,45.426,-7.967,-7.967,,,,,,
429.024,320.974,-63.262,0.133,40.839,-8.049,29.733,1.027,0,45.426,-7.967,-7.967,,,,,,
429.112,314.717,-62.557,0.001,40.043,-7.959,29.969,1.764,0,45.426,-7.967,-7.967,,,,,,
429.212,308.476,-63.246,0.105,39.249,-8.047,29.845,2.022,0,45.426,-7.967,-7.967,,,,,,
429.31,302.23,-61.355,0.08,38.454,-7.806,29.754,5.501,0,45.426,-7.967,-7.967,,,,,,
429.41,295.993,-62.746,0.138,37.661,-7.984,29.683,3.341,0,45.426,-7.967,-7.967,,,,,,
429.51,289.739,-62.543,0.039,36.865,-7.958,29.923,2.283,36.865,36.865,-7.967,0,,,,,,
429.612,283.535,-60.464,-0.064,36.075,-7.693,30.535,-3.253,36.075,36.075,-7.967,0,,,,,,
429.713,277.788,-53.985,-0.304,35.344,-6.869,31.54,-11.722,35.344,35.344,-7.967,0,,,,,,
429.814,272.754,-46.652,-0.286,34.704,-5.936,31.586,-8.129,34.704,34.704,-7.967,0,,,,,,
429.917,268.374,-42.396,-0.385,34.146,-5.394,31.586,-14.205,34.146,34.146,-7.967,0,,,,,,
430.018,264.63,-33.354,-0.192,33.67,-4.244,31.269,-10.32,33.67,33.67,-7.967,0,,,,,,
430.117,261.498,-29.045,-0.335,33.272,-3.696,31.317,-14.985,33.272,33.272,-7.967,0,,,,,,
430.217,258.99,-22.635,-0.33,32.952,-2.88,31.182,-12.617,32.952,32.952,-7.967,0,,,,,,
430.32,257.071,-17.843,-0.587,32.708,-2.27,31.186,-22.085,32.708,32.708,-7.967,0,,,,,,
430.419,255.763,-9.793,-0.561,32.542,-1.246,30.917,-22.577,32.542,32.542,-7.967,0,,,,,,
430.518,255.104,-4.021,-0.675,32.458,-0.512,30.547,-27.995,32.458,32.458,-7.967,0,,,,,,
430.613,254.958,0.25,-0.649,32.439,0.032,30.252,-26.309,32.439,32.439,-7.967,0,,,,,,
430.717,255.009,1.955,-0.362,32.446,0.249,30.318,-13.542,32.446,32.446,-7.967,0,,,,,,
430.818,255.265,1.642,0.089,32.478,0.209,30.547,3.379,32.478,32.478,-7.967,0,,,,,,
430.92,255.304,-0.793,-0.029,32.483,-0.101,30.563,-2.194,32.483,32.483,-7.967,0,,,,,,
431.025,255.139,-0.769,-0.419,32.462,-0.098,30.462,-17.613,0,30.322,-7.115,-9.17,2.14,-0.2,3.54,136.5,49.6,-85.3
431.123,255.098,0.487,-0.113,32.457,0.062,30.492,-3.581,0,30.797,-2.442,-4.997,1.66,0.54,3.68,144.3,24.4,-92.1
431.219,254.947,-5.619,0.599,32.438,-0.715,30.067,20.856,0,31.028,-0.572,-3.017,1.41,1.33,3.3,142.1,-8.4,-99.8
431.317,253.869,-14.472,0.394,32.301,-1.841,29.923,16.591,0,31.181,0.254,-1.986,1.12,1.13,3.86,143.0,-9.3,-109.5
431.424,252.135,-18.031,0.002,32.08,-2.294,30.337,-1.099,69.018,31.5,1.411,0.251,0.58,-0.75,4.45,147.9,-7.8,-107.6
431.52,250.476,-14.361,-0.151,31.869,-1.827,30.654,-5.584,69.018,31.929,2.543,2.543,-0.06,0.15,4.75,167.0,-24.6,-122.4
431.621,249.433,-7.064,-0.076,31.737,-0.899,30.608,-3.023,69.018,32.357,3.223,3.223,-0.62,1.25,3.65,-171.6,-39.2,-141.2
431.726,249.037,-0.556,-0.04,31.686,-0.071,30.57,-1.566,69.018,32.676,3.212,3.212,-0.99,-0.27,4.07,-175.1,-11.9,-145.2
431.821,249.19,3.642,-0.369,31.706,0.463,30.403,-14.578,69.018,32.836,2.576,2.576,-1.13,0.27,3.89,-156.1,-0.9,-151.2
431.924,249.898,11.164,-0.398,31.796,1.42,29.971,-14.297,69.018,33.006,2.231,2.286,-1.21,1.05,3.37,-157.9,-2.2,-152.8
432.025,251.337,17.795,-0.331,31.979,2.264,29.811,-14.835,69.018,33.169,1.994,2.523,-1.19,0.28,3.94,-154.5,34.8,-152.4
432.126,253.276,20.039,-0.143,32.226,2.55,30.243,-4.067,69.018,33.176,1.237,2.258,-0.95,-0.05,4.05,-145.7,55.5,-151.7
432.219,255.308,18.965,0.13,32.484,2.413,30.638,7.432,69.018,33.176,1.237,1.237,,,,,,
432.318,257.106,15.589,0.184,32.713,1.983,30.761,7.031,69.018,33.176,1.237,1.237,,,,,,
432.419,258.35,9.991,0.271,32.871,1.271,30.755,10.142,69.018,33.176,1.237,1.237,,,,,,
432.518,259.239,8.133,-0.038,32.984,1.035,30.604,-2.926,69.018,33.176,1.237,1.237,,,,,,
432.619,260.098,9.331,-0.15,33.093,1.187,30.412,-5.454,69.018,33.176,1.237,1.237,,,,,,
432.722,261.087,10.016,-0.06,33.219,1.274,30.494,-2.741,69.018,33.176,1.237,1.237,,,,,,
432.822,262.066,9.578,-0.087,33.344,1.219,30.506,-3.991,69.018,33.176,1.237,1.237,,,,,,
432.923,263.011,9.599,-0.131,33.464,1.221,30.435,-5.74,69.018,33.176,1.237,1.237,,,,,,
433.022,263.959,10.205,-0.135,33.585,1.298,30.382,-6.304,69.018,33.176,1.237,1.237,,,,,,
433.122,264.917,9.907,-0.188,33.707,1.26,30.348,-6.274,69.018,33.027,0.691,0.375,0.68,0.65,4.41,158.5,48.7,133.1
433.224,265.858,8.843,-0.009,33.826,1.125,30.442,-0.114,69.018,33.076,0.615,0.223,0.75,0.78,4.35,166.9,33.0,142.0
433.321,266.449,2.258,0.214,33.901,0.287,30.551,8.481,0,33.091,0.433,-0.042,0.81,0.72,4.45,-142.2,-19.6,134.1
433.424,266.487,-0.566,-0.031,33.906,-0.072,30.554,-0.967,0,33.196,0.674,-0.028,0.71,0.12,4.47,166.7,-2.9,148.4
433.523,266.467,-0.184,0.019,33.904,-0.023,30.576,0.918,69.018,33.344,0.99,0.139,0.56,-0.01,4.26,-160.5,-2.2,150.5
433.625,266.462,0.222,-0.106,33.903,0.028,30.576,-4.685,69.018,33.423,0.913,0.099,0.48,0.47,4.38,-178.2,-18.8,149.3
433.719,266.518,0.661,-0.122,33.91,0.084,30.544,-4.829,69.018,33.56,1.092,0.392,0.35,0.55,4.25,-173.1,23.0,155.5
433.822,266.623,1.961,-0.253,33.924,0.25,30.487,-8.848,69.018,33.664,1.069,0.549,0.26,0.04,4.24,-176.2,22.9,155.4
433.922,266.937,4.845,-0.114,33.964,0.616,30.487,-6.594,69.018,33.804,1.2,0.88,0.16,-0.26,4.31,172.7,-31.4,158.6
434.024,267.434,5.911,-0.175,34.027,0.752,30.455,-10.216,69.018,33.907,1.134,0.894,0.12,0.17,4.41,-177.7,-29.2,156.3
434.13,268.126,7.281,-0.126,34.115,0.926,30.458,-4.795,69.018,34.065,1.302,1.202,0.05,0.45,4.32,-171.4,28.9,162.8
434.223,268.878,8.208,-0.138,34.211,1.044,30.453,-7.832,69.018,34.081,0.851,0.662,0.13,-0.16,4.27,174.4,-23.1,161.0
434.325,269.757,8.661,0.002,34.322,1.102,30.494,0.14,69.018,34.192,0.957,0.791,0.13,-0.39,4.3,161.0,-20.8,164.7
434.423,270.42,4.813,-0.106,34.407,0.612,30.551,-3.222,69.018,34.197,0.598,0.523,0.21,0.53,4.26,175.5,-8.1,160.8
434.523,270.913,5.383,0.003,34.47,0.685,30.556,-0.051,69.018,34.32,0.845,0.659,0.15,0.83,4.17,176.6,0.5,161.3
434.626,271.355,4.2,-0.211,34.526,0.534,30.496,-7.649,69.018,34.326,0.537,0.414,0.2,0.05,4.42,161.5,6.7,160.7
434.724,271.823,4.917,0.001,34.585,0.626,30.519,0.225,69.018,34.445,0.796,0.584,0.14,0.33,4.41,162.7,14.3,159.7
434.823,272.213,3.523,-0.169,34.635,0.448,30.524,-6.681,69.018,34.455,0.52,0.375,0.18,1.11,4.48,179.6,21.6,162.5
434.924,272.592,4.032,-0.027,34.683,0.513,30.533,-0.605,69.018,34.503,0.505,0.347,0.18,0.74,4.73,171.1,26.4,159.3
435.023,272.932,3.116,0.003,34.726,0.396,30.588,0.12,69.018,34.526,0.398,0.251,0.2,0.51,4.49,163.6,33.9,156.0
435.129,273.158,1.752,-0.087,34.755,0.223,30.572,-3.722,69.018,34.565,0.393,0.215,0.19,1.04,4.18,176.6,45.0,162.1
435.223,273.323,1.863,-0.09,34.776,0.237,30.556,-3.766,69.018,34.606,0.401,0.199,0.17,1.19,4.05,178.8,49.0,164.9
435.326,273.502,1.534,-0.083,34.799,0.195,30.583,-3.083,69.018,34.609,0.254,0.084,0.19,0.72,4.39,178.2,47.2,161.6
435.424,273.646,0.916,-0.015,34.817,0.117,30.588,-0.417,69.018,34.617,0.186,0.018,0.2,0.51,4.45,-178.7,52.0,161.8
435.527,273.702,0.311,-0.024,34.824,0.04,30.604,-1.366,69.018,34.644,0.219,0.02,0.18,0.94,4.15,-162.7,54.3,172.3
435.623,273.7,0.049,-0.071,34.824,0.006,30.588,-2.866,0,34.654,0.171,-0.03,0.17,1.08,4.01,-152.3,53.5,-178.3
435.725,273.702,-0.068,-0.054,34.824,-0.009,30.59,-1.841,0,34.644,0.065,-0.114,0.18,0.62,4.15,-154.6,54.7,178.3
435.823,273.694,-0.181,0.082,34.823,-0.023,30.586,3.089,0,34.653,0.075,-0.114,0.17,0.32,4.25,-151.6,48.6,177.8
435.926,273.649,-0.619,0.149,34.818,-0.079,30.551,5.356,0,34.648,0.023,-0.159,0.17,0.59,4.23,-147.7,41.8,178.8
436.023,273.55,-1.286,0.108,34.805,-0.164,30.551,4.514,0,34.665,0.082,-0.124,0.14,0.53,4.16,-145.6,40.1,178.7
436.126,273.417,-1.264,0.076,34.788,-0.161,30.581,2.246,0,34.658,0.023,-0.167,0.13,0.17,4.27,-154.5,34.5,172.7
436.225,273.306,-0.954,0.133,34.774,-0.121,30.563,4.691,0,34.674,0.076,-0.119,0.1,0.34,4.32,-156.1,28.5,175.4
436.324,273.182,-1.149,0.057,34.758,-0.146,30.595,2.573,0,34.658,-0.016,-0.174,0.1,0.55,4.3,-152.8,33.1,177.0
436.425,273.062,-1.095,0.091,34.743,-0.139,30.567,4.099,0,34.633,-0.109,-0.235,0.11,0.25,4.39,-169.7,20.5,170.9
436.524,272.945,-1.251,0.203,34.728,-0.159,30.531,8.124,0,34.618,-0.125,-0.244,0.11,0.13,4.39,-168.9,22.4,171.5
436.625,272.77,-2.444,0.12,34.706,-0.311,30.54,4.698,0,34.566,-0.281,-0.368,0.14,0.34,4.58,-173.5,-17.2,168.9
436.722,272.521,-2.821,0.1,34.674,-0.359,30.542,5.978,0,34.514,-0.374,-0.462,0.16,0.37,4.38,-172.9,21.0,173.3
436.823,272.213,-3.514,0.123,34.635,-0.447,30.524,6.499,0,34.475,-0.381,-0.498,0.16,0.44,4.31,176.0,20.0,173.5
436.924,271.829,-3.599,0.126,34.586,-0.458,30.544,5.106,0,34.436,-0.384,-0.527,0.15,0.68,4.26,177.2,19.9,175.5
437.025,271.432,-4.601,0.062,34.536,-0.585,30.554,4.072,0,34.386,-0.431,-0.577,0.15,0.6,4.29,173.6,22.0,176.2
437.125,270.996,-4.411,0.09,34.48,-0.561,30.538,3.839,0,34.31,-0.559,-0.687,0.17,0.46,4.76,175.5,24.2,176.2
437.225,270.543,-4.986,0.197,34.422,-0.634,30.478,8.965,0,34.242,-0.605,-0.74,0.18,0.68,4.67,-177.0,26.4,-174.7
437.322,269.975,-5.976,0.101,34.35,-0.76,30.503,4.644,0,34.2,-0.533,-0.715,0.15,0.77,4.29,178.0,31.0,-173.4
437.424,269.376,-6.147,0.042,34.274,-0.782,30.542,2.171,0,34.124,-0.62,-0.79,0.15,0.67,4.39,174.8,29.0,-172.2
437.525,268.796,-5.713,0.141,34.2,-0.727,30.533,5.269,0,34.09,-0.509,-0.709,0.11,0.76,4.24,-177.9,37.6,-163.4
437.626,268.201,-6.065,0.063,34.124,-0.772,30.538,2.144,0,34.044,-0.488,-0.648,0.08,0.92,4.15,-171.8,39.4,-156.0
437.727,267.644,-4.994,0.053,34.054,-0.635,30.563,3.316,0,34.014,-0.418,-0.498,0.04,0.67,4.22,-171.4,40.2,-151.2
437.826,267.162,-4.197,0.013,33.992,-0.534,30.579,0.032,0,33.962,-0.455,-0.515,0.03,0.37,4.3,-169.2,40.0,-145.3
437.926,266.778,-3.174,0.162,33.943,-0.404,30.515,7.188,0,33.913,-0.469,-0.529,0.03,0.51,4.26,-165.8,35.3,-138.0
438.026,266.394,-4.309,0.117,33.894,-0.548,30.528,3.937,0,33.854,-0.516,-0.576,0.04,0.7,4.17,-160.7,28.3,-129.6
438.127,265.948,-4.287,0.082,33.838,-0.545,30.554,3.545,0,33.808,-0.496,-0.556,0.03,0.49,4.3,-162.7,23.5,-124.8
438.226,265.513,-4.67,0.097,33.782,-0.594,30.542,3.448,0,33.752,-0.519,-0.569,0.03,0.25,4.56,-168.6,22.2,-120.5
438.326,265.059,-4.735,0.079,33.725,-0.603,30.54,2.018,0,33.725,-0.424,-0.424,-0.0,0.32,4.37,-168.6,11.9,-114.9
438.424,264.641,-3.665,0.026,33.671,-0.466,30.579,0.712,0,33.691,-0.387,-0.387,-0.02,0.32,4.34,-168.4,5.1,-109.7
438.526,264.302,-2.958,0.04,33.628,-0.376,30.579,1.75,0,33.648,-0.405,-0.405,-0.02,-0.04,4.42,174.6,2.2,-104.3
438.624,264.011,-3.038,0.089,33.591,-0.387,30.563,3.143,0,33.581,-0.51,-0.51,0.01,-0.05,4.28,-169.2,9.4,-97.2
438.725,263.705,-3.473,0.218,33.552,-0.442,30.512,9.654,0,33.532,-0.501,-0.501,0.02,0.34,4.27,-170.4,3.0,-90.6
438.825,263.284,-4.52,0.02,33.499,-0.575,30.567,2.502,0,33.479,-0.515,-0.515,0.02,0.31,4.3,-173.0,4.2,-84.5
438.926,262.862,-3.759,0.078,33.445,-0.478,30.551,1.938,0,33.415,-0.563,-0.563,0.03,-0.11,4.38,170.9,-14.1,-77.6
439.025,262.477,-4.173,0.103,33.396,-0.531,30.528,5.154,0,33.356,-0.573,-0.573,0.04,-0.06,4.5,-179.4,18.4,-72.1
439.125,262.02,-4.634,0.052,33.338,-0.59,30.554,2.323,0,33.318,-0.498,-0.533,0.02,0.33,4.54,174.3,12.9,-66.4
439.235,261.58,-4.417,0.058,33.282,-0.562,30.565,1.312,0,33.252,-0.561,-0.581,0.03,0.31,4.6,169.6,16.4,-61.8
439.327,261.148,-4.375,0.077,33.227,-0.557,30.533,3.006,0,33.197,-0.555,-0.579,0.03,0.11,4.42,-169.9,-25.8,-54.1
439.426,260.708,-4.428,0.122,33.171,-0.563,30.524,6.077,0,33.131,-0.596,-0.613,0.04,0.29,4.55,-175.8,21.0,-46.4
439.524,260.243,-4.602,0.112,33.112,-0.586,30.535,3.573,0,33.072,-0.594,-0.62,0.04,0.45,4.47,172.2,10.2,-40.2
439.628,259.755,-4.545,0.144,33.05,-0.578,30.512,6.655,0,33.0,-0.644,-0.666,0.05,0.24,4.36,169.0,-21.8,-30.5
439.727,259.268,-5.112,0.105,32.988,-0.65,30.522,4.424,0,32.918,-0.713,-0.727,0.07,0.19,4.46,171.6,-16.9,-25.3
439.828,258.732,-5.318,0.163,32.92,-0.677,30.496,7.869,0,32.86,-0.662,-0.707,0.06,0.43,4.51,174.3,11.8,-22.9
439.926,258.161,-5.761,0.078,32.847,-0.733,30.533,1.964,0,32.797,-0.645,-0.706,0.05,0.48,4.24,178.1,10.5,-17.0
440.027,257.601,-5.483,0.087,32.776,-0.698,30.531,4.591,0,32.736,-0.634,-0.7,0.04,0.26,4.53,-179.7,-12.8,-11.9
440.126,257.047,-5.853,0.046,32.705,-0.745,30.556,3.574,0,32.645,-0.742,-0.779,0.06,0.09,4.46,174.3,-13.3,-6.0
440.226,256.497,-5.682,0.153,32.635,-0.723,30.496,5.342,0,32.575,-0.725,-0.771,0.06,0.16,4.35,172.3,11.4,-4.3
440.324,255.877,-6.45,0.06,32.556,-0.821,30.54,1.362,0,32.496,-0.75,-0.802,0.06,0.14,4.34,176.3,13.0,-0.3
440.426,255.261,-6.078,0.096,32.478,-0.773,30.508,4.796,0,32.408,-0.803,-0.848,0.07,0.03,4.56,-171.7,-18.7,3.8
440.527,254.625,-6.135,0.142,32.397,-0.781,30.494,7.678,0,32.347,-0.723,-0.797,0.05,0.08,4.46,177.2,-17.3,8.0
440.626,253.96,-6.63,0.043,32.312,-0.844,30.542,4.193,0,32.262,-0.771,-0.836,0.05,0.09,4.47,177.8,15.7,9.3
440.728,253.333,-6.203,0.131,32.233,-0.789,30.49,5.627,0,32.183,-0.783,-0.841,0.05,-0.11,4.38,173.8,19.1,10.1
440.826,252.684,-6.33,0.164,32.15,-0.805,30.492,6.338,0,32.09,-0.839,-0.885,0.06,-0.22,4.33,177.6,22.1,13.5
440.929,252.012,-7.1,0.114,32.065,-0.903,30.51,4.558,0,31.995,-0.885,-0.927,0.07,-0.1,4.36,177.8,20.2,14.5
441.025,251.311,-7.068,0.125,31.975,-0.899,30.467,6.227,0,31.885,-0.966,-0.999,0.09,-0.03,4.5,-178.1,16.3,15.4
441.126,250.572,-7.507,0.164,31.881,-0.955,30.442,5.547,0,31.801,-0.917,-0.982,0.08,-0.06,4.35,-179.4,15.1,16.4
441.226,249.778,-7.953,0.091,31.78,-1.012,30.506,2.433,0,31.69,-0.992,-1.054,0.09,-0.01,4.46,167.7,17.5,15.9
441.324,248.993,-8.283,0.105,31.68,-1.054,30.485,5.255,0,31.6,-0.955,-1.037,0.08,-0.0,4.36,179.8,15.5,18.3
441.426,248.175,-8.15,0.103,31.576,-1.037,30.455,4.394,0,31.486,-1.029,-1.101,0.09,-0.08,4.55,-178.0,12.7,18.9
441.526,247.342,-8.652,0.101,31.47,-1.101,30.48,5.361,31.289,31.38,-1.029,0.0,0.09,-0.02,4.43,-171.5,17.3,19.2
441.627,246.498,-7.69,-0.129,31.363,-0.978,30.599,-6.429,31.289,31.263,-1.029,0.0,0.1,0.19,4.38,-177.2,11.9,18.3
441.725,246.037,-0.717,-0.363,31.304,-0.091,30.506,-14.904,31.289,31.224,-1.029,0.0,0.08,0.29,4.39,178.0,10.1,17.1
441.826,246.125,1.042,-0.037,31.316,0.133,30.57,-1.608,31.289,31.086,-1.029,0.0,0.23,0.18,4.39,174.3,14.3,15.7
441.926,246.148,-0.146,-0.12,31.319,-0.019,30.56,-4.768,69.018,30.979,-1.029,0.879,0.34,0.08,4.23,-167.4,13.0,16.0
442.027,246.163,0.716,-0.376,31.32,0.091,30.492,-14.754,69.018,30.88,-1.029,0.727,0.44,0.21,4.2,-167.5,12.6,14.3
442.126,246.557,6.172,-0.358,31.371,0.785,30.282,-14.498,31.463,30.831,-1.029,0.0,0.54,0.29,4.29,167.4,25.4,9.3
442.227,247.214,6.197,0.168,31.454,0.788,30.549,5.963,69.018,30.744,-1.029,1.205,0.71,0.17,4.25,172.8,21.9,8.3
442.327,247.457,-0.265,-0.169,31.485,-0.034,30.538,-6.606,69.018,30.605,-1.029,1.663,0.88,0.19,4.35,175.9,5.9,7.0
442.425,247.75,6.932,-0.564,31.522,0.882,30.072,-20.552,69.018,30.672,-1.029,1.643,0.85,0.27,4.21,163.3,31.8,-1.4
442.528,248.841,13.037,-0.485,31.661,1.659,29.777,-19.763,69.018,30.701,-1.029,1.795,0.96,0.0,4.38,-178.7,-1.6,1.0
442.628,250.21,14.328,-0.373,31.835,1.823,29.841,-13.307,69.018,30.775,-1.029,4.118,1.06,-0.18,4.22,-174.4,31.3,-3.6
442.73,251.723,15.198,-0.425,32.028,1.934,29.9,-15.928,69.018,30.828,-1.029,3.969,1.2,0.07,4.29,170.7,31.6,-11.9
442.83,253.625,21.881,-0.467,32.27,2.784,29.446,-18.992,69.018,30.96,-1.029,2.561,1.31,0.17,4.28,164.3,36.1,-19.6
442.932,256.09,24.246,-0.397,32.584,3.085,29.398,-16.318,69.018,31.204,-1.029,2.15,1.38,-0.12,4.12,161.2,32.7,-20.2
443.032,258.358,20.033,0.152,32.872,2.549,30.46,7.974,69.018,31.382,-1.029,2.396,1.49,-0.26,4.03,163.3,35.0,-23.6
443.132,260.116,16.438,-0.271,33.096,2.091,30.257,-11.446,69.018,31.496,-1.029,2.032,1.6,-0.08,4.2,164.4,32.4,-29.6
443.231,261.825,17.236,-0.192,33.313,2.193,30.065,-6.489,69.018,31.813,-1.029,1.421,1.5,-0.01,4.09,158.1,47.7,-38.0
443.332,263.471,15.84,0.073,33.523,2.015,30.46,3.59,69.018,32.063,-1.029,2.175,1.46,-0.2,4.14,150.9,54.3,-45.6
443.432,264.712,10.88,-0.215,33.681,1.384,30.382,-8.731,69.018,32.291,-1.029,1.286,1.39,-0.16,4.26,140.6,54.8,-55.7
443.53,266.091,14.371,-0.362,33.856,1.829,29.955,-15.155,69.018,32.291,-1.029,1.514,,,,,,
443.63,267.463,12.966,0.02,34.03,1.65,30.494,0.178,69.018,32.291,-1.029,2.22,,,,,,
443.73,268.637,12.099,-0.353,34.18,1.539,30.11,-15.228,69.018,32.291,-1.029,2.865,,,,,,
443.829,270.204,17.917,-0.565,34.379,2.28,29.498,-19.028,69.018,32.291,-1.029,2.731,,,,,,
443.931,272.354,22.418,-0.317,34.653,2.852,29.615,-12.011,69.018,32.291,-1.029,3.047,,,,,,
444.031,274.625,23.246,-0.28,34.942,2.958,29.859,-12.49,69.018,32.291,-1.029,2.126,,,,,,
444.13,277.023,24.507,0.063,35.247,3.118,30.261,2.463,69.018,32.291,-1.029,2.285,,,,,,
444.23,279.067,18.033,0.118,35.507,2.294,30.661,2.396,69.018,32.291,-1.029,2.309,,,,,,
444.337,280.722,16.147,-0.335,35.718,2.054,30.058,-12.815,69.018,32.291,-1.029,2.005,,,,,,
444.428,282.487,18.18,0.016,35.942,2.313,30.327,0.557,69.018,32.291,-1.029,2.285,,,,,,
444.527,284.145,16.015,-0.308,36.153,2.038,30.199,-11.993,69.018,32.291,-1.029,1.699,,,,,,
444.626,285.845,17.042,-0.005,36.369,2.168,30.378,0.556,69.018,32.291,-1.029,1.2,,,,,,
444.725,287.3,11.635,0.227,36.555,1.48,30.695,11.057,69.018,32.291,-1.029,2.025,,,,,,
444.825,288.227,8.856,-0.322,36.672,1.127,30.346,-12.996,69.018,36.222,-1.029,2.866,0.45,0.28,4.96,-116.1,-33.7,-54.5
444.929,289.538,17.085,-0.472,36.839,2.174,29.733,-19.078,69.018,36.559,-1.029,1.891,0.28,0.19,5.03,105.9,33.0,-58.8
445.025,291.542,19.875,-0.333,37.094,2.529,29.731,-12.967,69.018,36.834,-1.029,2.129,0.26,0.09,4.85,111.2,30.6,-52.1
445.126,293.436,17.95,0.115,37.335,2.284,30.547,2.742,69.018,36.975,-1.029,2.71,0.36,0.12,4.81,116.7,28.8,-46.5
445.225,295.085,17.084,-0.371,37.545,2.174,30.024,-16.365,69.018,37.165,-1.029,2.473,0.38,0.24,4.81,120.6,27.8,-41.8
445.325,297.06,20.969,-0.167,37.796,2.668,29.989,-8.866,69.018,37.386,-1.029,2.321,0.41,0.13,4.64,130.1,29.8,-35.1
445.424,299.069,19.703,0.053,38.052,2.507,30.412,1.058,69.018,37.542,-1.029,3.236,0.51,0.07,4.69,136.1,23.4,-29.3
445.522,300.891,18.919,-0.364,38.284,2.407,29.898,-11.602,69.018,37.774,-1.029,3.249,0.51,0.16,4.52,137.8,23.3,-27.5
445.623,303.132,24.658,-0.542,38.569,3.137,29.181,-23.644,69.018,37.999,-1.029,2.479,0.57,0.09,4.68,149.4,22.8,-21.1
445.728,305.712,24.618,-0.04,38.897,3.132,30.074,-0.906,69.018,38.237,-1.029,3.042,0.66,-0.02,4.35,147.8,23.0,-20.8
445.823,307.932,20.695,-0.023,39.18,2.633,30.442,-2.893,69.018,38.43,-1.029,3.249,0.75,0.17,4.34,154.0,27.4,-19.1
445.921,310.132,23.895,-0.507,39.46,3.04,29.366,-20.944,69.018,38.72,-1.029,2.805,0.74,0.27,4.41,163.9,26.9,-16.5
446.022,312.656,24.276,-0.048,39.781,3.089,30.058,-3.038,69.018,38.971,-1.029,3.106,0.81,0.11,4.52,-172.4,-6.4,-13.6
446.121,314.99,24.054,-0.122,40.078,3.061,30.124,-7.676,69.018,39.208,-1.029,3.64,0.87,0.0,4.33,166.1,37.2,-14.0
446.221,317.39,26.946,-0.296,40.383,3.428,29.548,-13.514,69.018,39.503,-1.029,3.085,0.88,0.17,4.42,172.8,42.2,-13.8
446.326,320.167,26.655,-0.167,40.736,3.391,29.855,-6.37,69.018,39.826,-1.029,3.577,0.91,0.11,4.33,175.0,48.4,-11.8
446.425,322.737,24.72,-0.32,41.063,3.145,29.914,-10.778,69.018,40.083,-1.029,3.628,0.98,0.01,4.4,178.7,48.6,-9.3
446.523,325.435,28.849,-0.281,41.407,3.671,29.496,-12.455,69.018,40.447,-1.029,3.115,0.96,0.07,4.3,174.4,57.2,-13.9
446.627,328.276,26.7,-0.069,41.768,3.397,30.074,-0.926,69.018,40.768,-1.029,3.807,1.0,0.14,4.25,166.1,65.1,-19.6
446.725,330.824,25.108,-0.259,42.092,3.195,29.914,-10.819,69.018,41.012,-1.029,3.666,1.08,0.11,4.27,153.0,69.5,-28.2
446.832,333.591,27.876,-0.467,42.444,3.547,29.215,-17.424,69.018,41.314,-1.029,3.501,1.13,0.08,4.38,130.0,73.3,-45.0
446.93,336.487,28.966,-0.132,42.813,3.686,29.823,-5.697,69.018,41.314,-1.029,3.085,,,,,,
447.03,339.258,25.273,-0.032,43.165,3.216,30.222,-0.963,69.018,41.314,-1.029,2.938,,,,,,
447.132,341.677,22.221,-0.124,43.473,2.827,30.241,-5.384,69.018,41.314,-1.029,2.125,,,,,,
447.229,343.879,21.389,-0.043,43.753,2.721,30.229,-0.29,69.018,41.314,-1.029,3.4,,,,,,
447.332,345.789,17.392,-0.196,43.996,2.213,30.27,-8.478,69.018,41.314,-1.029,3.441,,,,,,
447.43,347.851,25.006,-0.417,44.259,3.182,29.407,-15.623,69.018,41.314,-1.029,2.912,,,,,,
447.532,350.483,26.152,-0.221,44.594,3.327,29.601,-11.038,69.018,41.314,-1.029,2.606,,,,,,
447.632,352.899,23.097,0.21,44.901,2.939,30.494,8.405,69.018,41.314,-1.029,3.416,,,,,,
447.733,354.97,21.168,-0.214,45.164,2.693,30.067,-11.185,69.018,41.314,-1.029,3.75,,,,,,
447.83,357.382,28.858,-0.353,45.471,3.672,29.27,-15.038,69.018,41.314,-1.029,3.765,,,,,,
447.933,360.309,30.082,-0.325,45.844,3.828,29.201,-10.897,69.018,41.314,-1.029,3.384,,,,,,
448.03,363.294,28.441,-0.146,46.224,3.619,29.797,-2.035,69.018,41.314,-1.029,3.554,,,,,,
448.131,366.061,27.794,-0.146,46.576,3.536,29.923,-12.494,69.018,41.314,-1.029,2.963,,,,,,
448.23,368.75,25.507,-0.187,46.918,3.245,29.857,-4.014,69.018,41.314,-1.029,3.091,,,,,,
448.331,371.206,21.925,-0.311,47.23,2.79,29.98,-10.077,69.018,41.314,-1.029,2.772,,,,,,
448.43,373.524,22.368,-0.13,47.525,2.846,30.067,-5.541,69.018,41.314,-1.029,3.283,,,,,,
448.527,375.731,22.283,-0.379,47.806,2.835,29.674,-13.636,69.018,41.314,-1.029,3.762,,,,,,
448.627,378.245,26.54,-0.519,48.126,3.377,29.153,-16.107,69.018,41.314,-1.029,3.255,,,,,,
448.729,381.182,27.323,-0.291,48.499,3.476,29.551,-11.833,69.018,41.314,-1.029,2.951,,,,,,
448.829,383.842,24.758,0.139,48.838,3.15,30.503,8.638,69.018,41.314,-1.029,3.099,,,,,,
448.93,386.154,21.817,-0.364,49.132,2.776,29.909,-14.802,69.018,41.314,-1.029,3.997,,,,,,
449.03,388.535,25.942,-0.349,49.435,3.301,29.583,-16.304,69.018,41.314,-1.029,2.431,,,,,,
449.131,391.368,29.224,-0.199,49.795,3.718,29.539,-7.919,69.018,41.314,-1.029,3.648,,,,,,
449.232,394.043,26.981,-0.052,50.136,3.433,30.174,-5.88,69.018,41.314,-1.029,3.593,,,,,,
449.334,396.75,26.945,-0.429,50.48,3.428,29.389,-12.433,69.018,41.314,-1.029,3.226,,,,,,
449.446,399.555,27.236,-0.069,50.837,3.465,29.932,-3.709,69.018,41.314,-1.029,2.818,,,,,,
449.539,402.18,22.933,-0.123,51.171,2.918,30.186,-5.409,69.018,41.314,-1.029,4.242,,,,,,
449.637,404.386,22.389,-0.309,51.452,2.849,29.905,-12.924,69.018,49.662,-1.029,3.788,1.79,0.23,4.23,96.3,36.3,-94.9
449.738,406.901,29.597,-0.424,51.772,3.766,29.062,-16.016,69.018,50.052,-1.029,3.784,1.72,0.38,4.06,94.3,24.3,-94.0
449.838,409.858,30.455,-0.382,52.148,3.875,28.957,-14.835,69.018,50.378,-1.029,2.714,1.77,0.11,4.12,96.1,18.4,-96.6
449.94,412.871,29.123,-0.208,52.531,3.705,29.448,-4.074,69.018,50.701,-1.029,3.477,1.83,0.07,4.06,96.2,11.4,-100.4
450.037,415.532,24.821,-0.084,52.87,3.158,30.17,-5.513,69.018,50.98,-1.029,3.717,1.89,0.39,3.97,100.6,6.1,-111.7
450.138,418.106,27.476,-0.524,53.198,3.496,29.114,-23.98,69.018,51.418,-1.029,3.64,1.78,0.41,3.82,99.5,-3.3,-116.9
450.243,420.977,30.208,-0.229,53.563,3.843,29.299,-11.688,69.018,51.763,-1.029,3.841,1.8,0.05,3.99,102.4,3.2,-125.3
450.338,423.887,30.479,-0.262,53.933,3.878,29.32,-8.621,69.018,52.203,-1.029,3.793,1.73,0.07,4.01,-143.1,-31.3,-121.2
450.438,426.906,30.672,-0.154,54.317,3.903,29.548,-4.702,69.018,52.677,-1.029,4.278,1.64,0.45,3.99,111.9,0.3,-139.7
450.536,429.929,31.927,-0.243,54.702,4.062,29.446,-8.44,69.018,53.182,-1.029,3.608,1.52,0.43,4.06,114.1,1.8,-144.7
450.638,433.224,31.052,-0.339,55.121,3.951,29.357,-10.465,69.018,53.182,-1.029,3.0,,,,,,
450.735,436.207,26.545,0.091,55.501,3.377,30.439,2.274,69.018,53.182,-1.029,3.7,,,,,,
450.833,438.675,22.337,-0.336,55.815,2.842,30.014,-15.399,69.018,53.182,-1.029,3.185,,,,,,
450.932,441.262,25.999,-0.35,56.144,3.308,29.482,-9.706,69.018,53.182,-1.029,3.056,,,,,,
451.032,443.847,25.015,-0.003,56.473,3.183,30.197,1.002,69.018,53.182,-1.029,4.051,,,,,,
451.133,446.274,24.199,-0.333,56.781,3.079,29.784,-9.875,69.018,53.182,-1.029,3.576,,,,,,
451.23,449.038,30.098,-0.114,57.133,3.83,29.685,-7.448,69.018,53.182,-1.029,2.384,,,,,,
451.332,451.92,28.624,0.323,57.5,3.642,30.608,14.007,69.018,53.182,-1.029,3.702,,,,,,
451.43,454.335,22.619,0.016,57.807,2.878,30.604,0.702,69.018,53.182,-1.029,2.927,,,,,,
451.531,456.772,24.611,-0.192,58.117,3.131,29.893,-3.287,69.018,53.182,-1.029,4.264,,,,,,
451.631,459.239,23.362,-0.229,58.431,2.972,30.195,-7.606,69.018,53.182,-1.029,3.985,,,,,,
451.731,461.968,31.94,-0.23,58.778,4.064,29.553,-11.188,69.018,53.182,-1.029,4.627,,,,,,
451.831,465.146,33.063,-0.35,59.183,4.207,29.341,-15.545,69.018,53.182,-1.029,3.973,,,,,,
451.931,468.692,33.751,-0.17,59.634,4.294,29.754,-6.64,69.018,60.634,-1.029,4.212,-1.0,0.15,4.42,117.8,26.6,-167.0
452.032,472.032,34.138,0.103,60.059,4.344,30.535,2.072,69.018,60.809,-1.029,4.567,-0.75,0.12,4.45,116.2,27.7,-170.1
452.132,475.291,33.321,-0.295,60.473,4.24,29.717,-7.798,69.018,61.163,-1.029,3.846,-0.69,0.04,4.52,119.6,34.2,-170.6
452.232,478.785,33.208,-0.099,60.918,4.225,30.028,0.309,69.018,61.388,-1.029,4.338,-0.47,0.09,4.69,-119.1,-26.6,-173.8
452.333,482.024,32.204,0.009,61.33,4.098,30.446,-0.588,69.018,61.53,-1.029,3.974,-0.2,0.17,4.76,126.9,37.3,-170.9
452.433,485.236,31.222,-0.133,61.739,3.972,29.944,-3.252,69.018,61.779,-1.029,4.294,-0.04,0.24,4.78,134.3,38.0,-169.5
452.534,488.406,32.581,-0.265,62.142,4.145,29.679,-9.499,69.018,61.892,-1.029,4.292,0.25,0.4,4.67,143.9,38.6,-165.1
452.634,491.708,32.485,-0.376,62.562,4.133,29.29,-13.958,69.018,62.092,-1.029,4.305,0.47,0.42,4.55,154.8,35.1,-159.5
452.735,495.096,33.922,-0.216,62.993,4.316,29.516,-13.524,69.018,62.273,-1.029,4.363,0.72,0.54,4.4,161.5,28.8,-155.8
452.834,498.481,35.281,-0.218,63.424,4.489,29.475,-11.433,69.018,62.494,-1.029,4.45,0.93,0.71,4.25,167.9,18.9,-152.5
452.935,501.904,35.957,-0.186,63.86,4.575,29.354,-5.876,69.018,62.71,-1.029,4.549,1.15,0.66,4.41,174.6,11.6,-149.7
453.033,505.423,36.945,-0.209,64.307,4.701,29.327,-7.298,69.018,63.007,-1.029,4.303,1.3,0.68,4.3,178.8,6.8,-150.2
453.133,508.973,36.144,-0.036,64.759,4.599,29.722,-0.821,69.018,63.409,-1.029,4.066,1.35,0.82,4.01,178.8,2.5,-151.1
453.233,512.345,32.681,-0.041,65.188,4.158,30.019,-1.068,69.018,63.798,-1.029,4.254,1.39,0.82,3.88,178.6,-7.2,-153.0
453.333,515.558,32.668,-0.238,65.597,4.157,29.628,-12.612,69.018,64.147,-1.029,3.073,1.45,0.77,3.92,-169.5,1.0,-152.4
453.434,518.809,31.35,-0.089,66.01,3.989,29.793,-1.524,69.018,64.56,-1.029,3.904,1.45,0.75,3.88,-179.1,-3.9,-156.0
453.534,521.75,27.705,-0.221,66.385,3.525,30.046,-7.278,69.018,64.965,-1.029,3.397,1.42,0.8,3.84,-175.3,-3.1,-157.6
453.636,524.689,27.247,-0.27,66.759,3.467,29.749,-9.174,69.018,65.449,-1.029,3.295,1.31,0.92,3.78,-170.4,0.5,-158.3
453.736,527.39,26.124,-0.031,67.102,3.324,30.17,-1.803,69.018,65.862,-1.029,3.197,1.24,0.85,3.97,-171.9,3.6,-158.6
453.835,529.917,25.524,-0.059,67.424,3.248,30.074,-1.795,69.018,66.334,-1.029,3.251,1.09,0.73,4.2,-175.0,1.2,-159.3
453.937,532.407,25.444,-0.166,67.741,3.237,29.891,-5.995,69.018,66.851,-1.029,3.296,0.89,0.78,4.12,178.6,0.2,-159.9
454.035,534.805,22.601,-0.005,68.046,2.876,30.252,0.216,69.018,67.386,-1.029,4.3,0.66,0.79,4.1,179.2,7.9,-157.9
454.135,536.898,19.646,0.12,68.312,2.5,30.494,4.028,69.018,67.872,-1.029,3.919,0.44,0.67,4.42,177.2,6.4,-157.1
454.235,538.617,15.195,0.018,68.531,1.933,30.476,0.843,69.018,68.391,-1.029,4.245,0.14,0.52,4.5,-165.2,9.5,-152.1
454.335,540.031,13.251,0.132,68.711,1.686,30.554,4.355,69.018,68.911,-1.029,4.133,-0.2,0.51,4.22,-156.4,-9.7,-154.5
454.433,541.145,9.244,0.088,68.852,1.176,30.56,4.06,69.018,69.412,-1.029,4.651,-0.56,0.47,4.39,-154.4,10.8,-146.4
454.544,541.941,7.053,0.249,68.954,0.897,30.592,7.541,69.018,69.854,-1.029,4.288,-0.9,0.32,4.23,-156.0,6.8,-145.4
454.648,542.419,3.226,0.188,69.014,0.41,30.535,7.964,69.018,70.254,-1.029,4.214,-1.24,0.31,4.14,-150.0,15.1,-139.6
454.734,542.588,0.133,0.244,69.036,0.017,30.49,8.836,69.018,70.476,-1.029,4.185,-1.44,0.27,3.71,179.5,18.3,-136.3
454.833,542.555,-0.46,0.125,69.032,-0.059,30.487,6.013,69.018,70.722,-1.029,3.803,-1.69,0.21,3.54,-177.1,23.8,-131.4
454.935,542.534,-0.027,0.143,69.029,-0.003,30.471,5.768,69.018,70.869,-1.029,4.526,-1.84,0.17,3.36,-175.9,28.6,-125.8
455.035,542.517,-0.306,0.077,69.027,-0.039,30.487,3.087,69.018,70.927,-1.029,3.605,-1.9,0.19,3.26,-175.7,28.0,-121.1
455.132,542.483,-0.206,0.036,69.023,-0.026,30.519,1.415,69.018,70.927,-1.029,4.562,,,,,,
455.231,542.474,0.015,0.039,69.021,0.002,30.499,2.206,69.018,70.941,-1.029,4.541,-1.92,0.14,3.25,-167.7,33.2,-106.8
455.333,542.474,-0.024,0.048,69.021,-0.003,30.501,1.982,69.018,70.851,-1.029,4.523,-1.83,0.09,3.3,-167.0,33.5,-101.5
455.43,542.474,0.024,0.053,69.021,0.003,30.501,2.115,69.018,70.761,-1.029,5.323,-1.74,0.06,3.47,-166.7,29.7,-96.8
455.53,542.474,0.008,0.061,69.021,0.001,30.503,2.536,69.018,70.571,-1.029,6.068,-1.55,0.05,3.54,-161.5,30.0,-88.5
455.632,542.475,0.023,0.071,69.021,0.003,30.501,2.501,69.018,70.411,-1.029,4.831,-1.39,0.01,3.82,-158.4,31.0,-78.0
455.732,542.475,0.036,0.078,69.021,0.005,30.506,2.365,69.018,70.151,-1.029,4.145,-1.13,-0.02,4.02,-157.0,20.7,-72.9
455.831,542.474,0.011,0.066,69.021,0.001,30.51,3.038,69.018,69.841,-1.029,6.153,-0.82,-0.03,4.16,-162.2,12.5,-68.3
455.931,542.474,-0.005,0.073,69.021,-0.001,30.503,2.726,69.018,69.471,-1.029,10.906,-0.45,0.01,4.28,173.1,-6.3,-61.9
456.034,542.472,0.02,0.069,69.021,0.003,30.501,2.746,69.018,69.101,-1.029,14.0,-0.08,-0.02,4.42,161.0,3.7,-53.0
456.133,542.458,-0.435,0.007,69.019,-0.055,30.522,0.271,69.018,68.709,-1.029,14.0,0.31,0.0,4.19,-163.3,0.9,-43.2
456.232,542.409,-0.498,-0.099,69.013,-0.063,30.508,-3.093,69.018,68.343,-1.029,14.0,0.67,0.08,4.21,-168.7,9.7,-34.3
456.334,542.389,-0.05,-0.111,69.011,-0.006,30.501,-4.342,69.018,68.031,-1.029,14.0,0.98,0.1,4.05,-173.2,9.1,-25.6
456.436,542.389,0.003,-0.106,69.011,0.0,30.483,-4.759,69.018,67.741,-1.029,14.0,1.27,0.09,3.95,-173.0,27.9,-17.5
456.534,542.388,0.004,-0.126,69.011,0.001,30.478,-4.574,69.018,67.531,-1.029,12.638,1.48,0.15,3.75,-170.0,25.2,-9.2
456.636,542.389,-0.004,-0.132,69.011,-0.001,30.508,-5.131,69.011,67.331,-1.029,0.0,1.68,0.18,3.6,-166.2,27.3,-0.4
456.737,542.389,0.037,-0.131,69.011,0.005,30.506,-5.773,69.011,67.161,-1.029,0.0,1.85,0.18,3.49,165.9,24.9,10.0
456.838,542.389,0.057,-0.139,69.011,0.007,30.492,-5.941,69.011,67.011,-1.029,0.0,2.0,0.19,3.41,171.8,29.9,18.8
456.936,542.391,0.029,-0.15,69.011,0.004,30.48,-5.905,69.011,66.931,-1.029,0.0,2.08,0.22,3.32,175.8,28.6,28.7
457.035,542.392,0.038,-0.153,69.011,0.005,30.49,-6.353,69.011,66.841,-1.029,0.0,2.17,0.26,3.34,-168.2,27.1,39.3
457.135,542.393,-0.015,-0.165,69.011,-0.002,30.49,-6.274,69.011,66.821,-1.029,0.0,2.19,0.3,3.33,-152.0,36.4,53.4
457.233,542.395,0.013,-0.16,69.011,0.002,30.506,-6.751,69.011,66.861,-1.029,0.0,2.15,0.36,3.31,-155.2,31.2,61.2
457.332,542.396,-0.01,-0.181,69.011,-0.001,30.485,-6.826,69.011,66.941,-1.029,0.0,2.07,0.44,3.31,-148.7,40.5,78.2
457.431,542.396,0.001,-0.173,69.011,0.0,30.49,-7.149,69.011,66.991,-1.029,0.0,2.02,0.51,3.45,-147.6,30.4,79.5
457.532,542.396,0.004,-0.188,69.011,0.001,30.471,-7.518,69.011,67.181,-1.029,0.0,1.83,0.52,3.45,-142.7,35.1,93.3
457.632,542.396,0.01,-0.19,69.011,0.001,30.492,-7.603,69.011,67.321,-1.029,0.0,1.69,0.52,3.64,-168.6,-14.3,78.8
457.732,542.397,0.027,-0.193,69.012,0.003,30.469,-7.74,69.012,67.512,-1.029,0.0,1.5,0.52,3.82,-171.0,-20.5,87.8
457.832,542.399,-0.015,-0.193,69.012,-0.002,30.496,-7.497,69.012,67.742,-1.029,0.0,1.27,0.48,4.0,-141.9,24.8,116.5
457.933,542.402,0.015,-0.204,69.012,0.002,30.471,-7.871,69.012,67.972,-1.029,0.0,1.04,0.43,4.3,-138.4,24.0,127.3
458.033,542.409,0.134,-0.176,69.013,0.017,30.508,-7.299,69.011,68.273,-1.029,0.0,0.74,0.4,4.42,-135.1,22.3,136.1
458.135,542.424,0.123,-0.154,69.015,0.016,30.499,-5.598,69.011,68.605,-1.029,0.0,0.41,0.36,4.12,-126.4,20.3,148.4
458.236,542.44,0.214,-0.114,69.017,0.027,30.503,-4.02,69.011,68.877,-1.029,0.0,0.14,0.34,3.98,132.6,-19.0,155.9
458.338,542.459,0.143,-0.071,69.02,0.018,30.538,-3.007,69.011,69.12,-1.029,0.0,-0.1,0.38,4.04,-118.6,20.6,169.0
458.438,542.474,0.087,-0.048,69.021,0.011,30.547,-2.259,69.011,69.331,-1.029,0.0,-0.31,0.45,4.01,-115.2,22.1,-177.2
458.538,542.475,-0.008,-0.052,69.022,-0.001,30.533,-2.135,69.022,69.482,-1.029,0.0,-0.46,0.52,3.81,-109.8,20.9,-165.6
458.636,542.476,0.011,-0.045,69.022,0.001,30.535,-1.682,69.022,69.642,-1.029,0.0,-0.62,0.6,3.82,-108.2,19.4,-152.7
458.736,542.476,0.004,-0.041,69.022,0.001,30.544,-1.762,69.022,69.762,-1.029,0.0,-0.74,0.66,3.84,-109.3,23.6,-140.6
458.835,542.476,0.011,-0.033,69.022,0.001,30.554,-1.715,69.022,69.812,-1.029,0.0,-0.79,0.65,3.69,-107.6,24.6,-128.5
458.935,542.476,-0.009,-0.036,69.022,-0.001,30.54,-1.375,69.022,69.872,-1.029,0.0,-0.85,0.67,3.8,-108.8,25.4,-118.6
459.034,542.476,0.048,-0.024,69.022,0.006,30.524,-1.519,69.022,69.842,-1.029,0.0,-0.82,0.61,3.72,-109.2,26.6,-107.4
459.138,542.476,0.014,-0.028,69.022,0.002,30.533,-1.516,69.022,69.812,-1.029,0.0,-0.79,0.54,3.81,-112.8,27.4,-98.9
459.233,542.475,0.016,-0.022,69.022,0.002,30.538,-0.669,69.022,69.722,-1.029,0.0,-0.7,0.47,3.81,-113.8,27.0,-92.9
459.337,542.475,-0.015,-0.018,69.022,-0.002,30.556,-0.587,69.022,69.632,-1.029,0.0,-0.61,0.4,3.97,-116.6,29.8,-88.4
459.442,542.474,-0.012,-0.012,69.021,-0.002,30.542,-0.807,69.021,69.491,-1.029,0.0,-0.47,0.3,3.9,-120.4,31.0,-84.8
459.536,542.474,0.015,-0.013,69.021,0.002,30.54,-0.755,69.021,69.351,-1.029,0.0,-0.33,0.23,4.05,-126.5,26.5,-83.9
459.633,542.472,-0.009,-0.021,69.021,-0.001,30.528,-0.184,69.021,69.181,-1.029,0.0,-0.16,0.19,4.14,-131.4,24.6,-80.8
459.746,542.472,-0.003,-0.021,69.021,-0.0,30.554,-0.489,69.021,69.001,-1.029,0.0,0.02,0.16,4.61,-141.6,22.7,-84.1
459.844,542.471,-0.024,-0.007,69.021,-0.003,30.549,-0.266,69.021,68.801,-1.029,0.0,0.22,0.11,4.39,-142.2,22.5,-82.4
459.945,542.463,-0.177,-0.041,69.02,-0.023,30.551,-1.706,69.011,68.62,-1.029,0.0,0.4,0.09,4.32,139.3,-13.8,-76.1
460.034,542.451,0.011,-0.052,69.018,0.001,30.531,-2.086,69.018,68.428,-1.029,0.0,0.59,0.09,4.41,-156.9,7.3,-78.9
460.133,542.447,0.006,-0.049,69.018,0.001,30.535,-2.297,69.018,68.278,-1.029,0.0,0.74,0.07,4.25,142.3,-6.8,-74.6
460.234,542.439,-0.081,-0.071,69.017,-0.01,30.565,-2.76,69.011,68.157,-1.029,0.0,0.86,0.07,4.06,-163.9,12.4,-76.1
460.334,542.437,-0.025,-0.077,69.017,-0.003,30.538,-2.951,69.017,68.007,-1.029,0.0,1.01,0.09,4.15,-169.9,8.1,-75.3
460.435,542.436,0.003,-0.076,69.017,0.0,30.549,-3.281,69.017,67.947,-1.029,0.0,1.07,0.1,4.0,142.0,-11.9,-65.2
460.539,542.436,-0.003,-0.076,69.017,-0.0,30.508,-3.4,69.017,67.837,-1.029,0.0,1.18,0.12,4.09,-178.9,19.0,-72.1
460.636,542.435,-0.034,-0.088,69.016,-0.004,30.538,-3.98,69.016,67.796,-1.029,0.0,1.22,0.17,4.07,178.6,26.2,-72.1
460.735,542.433,-0.021,-0.09,69.016,-0.003,30.542,-3.522,69.016,67.786,-1.029,0.0,1.23,0.24,4.02,171.7,26.2,-71.5
460.837,542.432,-0.004,-0.092,69.016,-0.0,30.535,-3.929,69.016,67.766,-1.029,0.0,1.25,0.3,4.14,155.7,24.0,-72.2
460.937,542.43,-0.026,-0.111,69.016,-0.003,30.522,-3.678,69.016,67.766,-1.029,0.0,1.25,0.36,4.28,158.3,-19.6,-54.8
461.034,542.428,0.029,-0.104,69.016,0.004,30.522,-4.298,69.016,67.846,-1.029,0.0,1.17,0.41,4.21,168.3,28.2,-67.7
461.14,542.429,0.041,-0.112,69.016,0.005,30.544,-4.563,69.016,67.926,-1.029,0.0,1.09,0.46,4.29,166.3,28.2,-66.7
461.237,542.429,0.008,-0.12,69.016,0.001,30.524,-4.508,69.016,68.026,-1.029,0.0,0.99,0.48,4.35,165.5,27.7,-65.5
461.341,542.43,0.025,-0.107,69.016,0.003,30.526,-4.243,69.016,68.166,-1.029,0.0,0.85,0.47,4.37,153.0,24.2,-67.2
461.438,542.432,0.035,-0.099,69.016,0.005,30.526,-3.963,69.016,68.316,-1.029,0.0,0.7,0.44,4.43,161.6,18.0,-63.7
461.541,542.435,0.033,-0.107,69.017,0.004,30.528,-4.021,69.017,68.447,-1.029,0.0,0.57,0.41,4.69,172.0,10.2,-61.3
461.641,542.437,0.053,-0.098,69.017,0.007,30.531,-3.922,69.017,68.617,-1.029,0.0,0.4,0.35,4.79,177.7,4.3,-61.0
461.74,542.439,0.0,-0.094,69.017,0.0,30.535,-3.595,69.017,68.807,-1.029,0.0,0.21,0.26,4.61,-166.2,-9.2,-62.4
461.838,542.44,-0.01,-0.107,69.017,-0.001,30.517,-3.565,69.017,68.967,-1.029,0.0,0.05,0.2,4.78,-169.0,1.0,-62.9
461.939,542.44,0.0,-0.094,69.017,0.0,30.522,-3.747,69.017,69.117,-1.029,0.0,-0.1,0.15,4.59,161.0,10.6,-64.4
462.042,542.442,-0.01,-0.098,69.017,-0.001,30.524,-3.919,69.017,69.267,-1.029,0.0,-0.25,0.14,4.8,167.8,3.4,-65.1
462.139,542.446,0.074,-0.076,69.018,0.009,30.528,-3.188,69.018,69.368,-1.029,0.0,-0.35,0.14,4.52,-160.2,-11.8,-67.5
462.242,542.452,0.051,-0.075,69.019,0.007,30.535,-2.422,69.019,69.469,-1.029,0.0,-0.45,0.17,4.67,171.5,-7.2,-66.9
462.341,542.455,-0.005,-0.073,69.019,-0.001,30.542,-2.622,69.019,69.509,-1.029,0.0,-0.49,0.22,4.5,178.5,6.1,-67.5
462.44,542.455,-0.015,-0.071,69.019,-0.002,30.535,-2.413,69.019,69.549,-1.029,0.0,-0.53,0.27,4.49,176.9,3.1,-69.7
462.542,542.455,0.013,-0.063,69.019,0.002,30.544,-2.58,69.019,69.539,-1.029,0.0,-0.52,0.33,4.42,177.5,11.8,-69.5
462.642,542.455,-0.044,-0.07,69.019,-0.006,30.538,-2.126,69.019,69.519,-1.029,0.0,-0.5,0.38,4.37,-178.8,13.5,-69.5
462.741,542.455,-0.018,-0.066,69.019,-0.002,30.558,-2.366,69.019,69.469,-1.029,0.0,-0.45,0.41,4.37,-177.8,12.5,-70.2
462.841,542.455,0.014,-0.06,69.019,0.002,30.551,-2.559,69.019,69.389,-1.029,0.0,-0.37,0.41,4.26,-167.4,9.4,-70.4
462.941,542.455,0.025,-0.058,69.019,0.003,30.544,-2.216,69.019,69.289,-1.029,0.0,-0.27,0.4,4.29,-162.5,12.9,-69.3
463.041,542.455,-0.022,-0.064,69.019,-0.003,30.551,-2.487,69.019,69.179,-1.029,0.0,-0.16,0.38,4.29,178.0,1.3,-72.5
463.14,542.454,-0.057,-0.068,69.019,-0.007,30.542,-2.068,69.019,69.059,-1.029,0.0,-0.04,0.35,4.32,-169.6,5.6,-70.8
463.239,542.453,0.03,-0.062,69.019,0.004,30.549,-2.881,69.019,68.929,-1.029,0.0,0.09,0.31,4.3,-177.6,2.0,-70.3
463.342,542.452,-0.014,-0.066,69.019,-0.002,30.535,-2.661,69.019,68.799,-1.029,0.0,0.22,0.28,4.32,-179.9,-5.3,-69.4
463.439,542.45,0.002,-0.069,69.018,0.0,30.528,-2.909,69.018,68.668,-1.029,0.0,0.35,0.25,4.31,173.2,1.2,-68.1
463.539,542.448,-0.0,-0.069,69.018,-0.0,30.558,-2.653,69.018,68.538,-1.029,0.0,0.48,0.2,4.28,-175.4,14.5,-66.9
463.639,542.448,0.006,-0.067,69.018,0.001,30.563,-2.743,69.018,68.418,-1.029,0.0,0.6,0.15,4.24,178.5,4.7,-65.1
463.74,542.447,-0.015,-0.076,69.018,-0.002,30.533,-2.45,69.018,68.288,-1.029,0.0,0.73,0.12,4.4,178.6,7.7,-63.5
463.844,542.444,-0.018,-0.083,69.018,-0.002,30.54,-3.44,69.018,68.208,-1.029,0.0,0.81,0.08,4.23,-174.1,21.1,-62.0
463.94,542.441,0.004,-0.086,69.017,0.0,30.565,-3.524,69.017,68.137,-1.029,0.0,0.88,0.03,4.17,157.3,-8.4,-55.5
464.038,542.44,-0.019,-0.087,69.017,-0.002,30.547,-3.306,69.017,68.067,-1.029,0.0,0.95,-0.02,4.19,162.5,17.3,-59.9
464.139,542.44,0.033,-0.082,69.017,0.004,30.531,-3.753,69.017,68.037,-1.029,0.0,0.98,-0.05,4.11,-174.3,27.5,-55.9
464.24,542.44,0.017,-0.087,69.017,0.002,30.556,-3.397,69.017,67.977,-1.029,0.0,1.04,-0.07,4.24,-176.9,25.5,-53.9
464.344,542.44,0.026,-0.079,69.017,0.003,30.517,-3.432,69.017,67.947,-1.029,0.0,1.07,-0.09,4.37,169.3,-1.1,-48.6
464.441,542.44,-0.008,-0.087,69.017,-0.001,30.558,-3.545,69.017,67.987,-1.029,0.0,1.03,-0.08,4.33,171.0,26.8,-52.1
464.54,542.44,-0.004,-0.092,69.017,-0.001,30.535,-3.512,69.017,68.047,-1.029,0.0,0.97,-0.04,4.24,176.1,20.8,-47.6
464.638,542.44,0.019,-0.098,69.017,0.002,30.54,-3.985,69.017,68.147,-1.029,0.0,0.87,0.02,4.08,-176.8,35.0,-47.3
464.74,542.44,-0.017,-0.102,69.017,-0.002,30.535,-3.591,69.017,68.167,-1.029,0.0,0.85,0.09,4.41,169.1,25.5,-45.9
464.839,542.44,-0.025,-0.098,69.017,-0.003,30.506,-3.564,69.017,68.287,-1.029,0.0,0.73,0.16,4.3,-173.5,34.5,-43.9
464.94,542.441,-0.031,-0.092,69.017,-0.004,30.528,-3.43,69.017,68.407,-1.029,0.0,0.61,0.24,4.24,-172.4,28.7,-39.9
465.047,542.441,-0.017,-0.094,69.017,-0.002,30.554,-3.941,69.017,68.497,-1.029,0.0,0.52,0.32,4.55,177.8,25.8,-41.7
465.147,542.442,-0.017,-0.11,69.017,-0.002,30.558,-3.766,69.017,68.657,-1.029,0.0,0.36,0.34,4.34,-175.1,25.5,-41.0
465.24,542.443,-0.011,-0.102,69.017,-0.001,30.56,-3.597,69.017,68.777,-1.029,0.0,0.24,0.37,4.44,-175.7,24.9,-39.8
465.341,542.445,0.03,-0.085,69.018,0.004,30.572,-3.378,69.018,68.918,-1.029,0.0,0.1,0.36,4.29,175.7,19.7,-42.6
465.443,542.448,0.035,-0.08,69.018,0.004,30.544,-3.293,69.018,69.038,-1.029,0.0,-0.02,0.36,4.47,-171.1,14.8,-39.3
465.543,542.449,0.009,-0.074,69.018,0.001,30.558,-3.047,69.018,69.158,-1.029,0.0,-0.14,0.33,4.55,176.2,18.8,-42.6
465.64,542.45,0.028,-0.077,69.018,0.004,30.56,-3.018,69.018,69.238,-1.029,0.0,-0.22,0.28,4.41,-177.9,-19.9,-42.4
465.74,542.452,0.018,-0.073,69.019,0.002,30.56,-2.704,69.019,69.339,-1.029,0.0,-0.32,0.26,4.68,-178.1,1.5,-46.1
465.839,542.453,-0.042,-0.079,69.019,-0.005,30.547,-2.785,69.019,69.349,-1.029,0.0,-0.33,0.2,4.23,170.9,1.8,-46.1
465.944,542.453,-0.002,-0.065,69.019,-0.0,30.563,-2.599,69.019,69.389,-1.029,0.0,-0.37,0.18,4.42,172.5,2.1,-47.8
466.04,542.454,0.012,-0.067,69.019,0.002,30.547,-2.595,69.019,69.399,-1.029,0.0,-0.38,0.18,4.53,-168.4,6.0,-48.8
466.142,542.454,0.003,-0.063,69.019,0.0,30.54,-2.778,69.019,69.359,-1.029,0.0,-0.34,0.17,4.23,171.0,-0.7,-50.0
466.24,542.453,0.005,-0.062,69.019,0.001,30.551,-2.626,69.019,69.329,-1.029,0.0,-0.31,0.18,4.43,-167.5,-9.9,-51.5
466.341,542.453,-0.025,-0.068,69.019,-0.003,30.558,-2.948,69.019,69.269,-1.029,0.0,-0.25,0.19,4.47,-170.7,-4.7,-53.4
466.445,542.453,-0.075,-0.064,69.019,-0.009,30.551,-2.771,69.019,69.179,-1.029,0.0,-0.16,0.2,4.48,-170.1,-14.9,-54.1
466.542,542.452,-0.05,-0.071,69.019,-0.006,30.574,-2.492,69.019,69.079,-1.029,0.0,-0.06,0.22,4.71,-178.1,-0.6,-55.3
466.641,542.452,-0.004,-0.066,69.019,-0.001,30.556,-2.722,69.019,68.959,-1.029,0.0,0.06,0.22,4.49,-169.1,9.4,-55.8
466.742,542.451,-0.004,-0.065,69.018,-0.0,30.549,-2.763,69.018,68.838,-1.029,0.0,0.18,0.24,4.54,166.6,11.0,-57.5
466.842,542.449,-0.04,-0.071,69.018,-0.005,30.535,-2.815,69.018,68.718,-1.029,0.0,0.3,0.23,4.31,168.7,3.2,-56.7
466.943,542.448,0.019,-0.072,69.018,0.002,30.54,-2.57,69.018,68.578,-1.029,0.0,0.44,0.24,4.52,165.2,14.2,-59.9
467.041,542.448,-0.017,-0.071,69.018,-0.002,30.558,-2.81,69.018,68.458,-1.029,0.0,0.56,0.25,4.55,170.0,-14.8,-55.3
467.143,542.447,-0.0,-0.069,69.018,-0.0,30.574,-3.118,69.018,68.348,-1.029,0.0,0.67,0.25,4.46,164.2,17.5,-61.2
467.243,542.446,-0.001,-0.09,69.018,-0.0,30.533,-3.192,69.018,68.258,-1.029,0.0,0.76,0.26,4.42,170.9,10.7,-59.8
467.343,542.444,-0.02,-0.074,69.018,-0.003,30.556,-3.209,69.018,68.188,-1.029,0.0,0.83,0.26,4.33,176.2,23.3,-62.2
467.442,542.441,-0.03,-0.087,69.017,-0.004,30.542,-3.469,69.017,68.107,-1.029,0.0,0.91,0.26,4.38,168.1,9.3,-60.9
467.542,542.441,-0.007,-0.087,69.017,-0.001,30.554,-3.233,69.017,68.097,-1.029,0.0,0.92,0.23,4.2,158.4,18.6,-64.6
467.643,542.441,0.039,-0.081,69.017,0.005,30.538,-3.38,69.017,68.037,-1.029,0.0,0.98,0.22,4.37,175.2,16.9,-62.5
467.748,542.441,0.004,-0.089,69.017,0.001,30.565,-3.492,69.017,68.027,-1.029,0.0,0.99,0.18,4.37,159.9,16.6,-65.6
467.841,542.44,0.034,-0.08,69.017,0.004,30.565,-3.601,69.017,68.077,-1.029,0.0,0.94,0.14,4.19,159.3,-11.9,-57.8
467.941,542.44,0.017,-0.086,69.017,0.002,30.544,-3.347,69.017,68.077,-1.029,0.0,0.94,0.1,4.36,174.8,23.3,-66.7
468.041,542.44,-0.022,-0.088,69.017,-0.003,30.542,-3.073,69.017,68.157,-1.029,0.0,0.86,0.07,4.25,161.4,-10.6,-60.7
468.142,542.441,0.063,-0.084,69.017,0.008,30.547,-4.15,69.017,68.197,-1.029,0.0,0.82,0.05,4.4,168.1,20.0,-68.6
468.242,542.441,0.036,-0.09,69.017,0.005,30.554,-3.654,69.017,68.267,-1.029,0.0,0.75,0.03,4.49,177.8,22.0,-67.8
468.342,542.441,-0.037,-0.095,69.017,-0.005,30.556,-3.624,69.017,68.357,-1.029,0.0,0.66,0.03,4.25,170.0,19.1,-64.8
468.441,542.441,0.006,-0.091,69.017,0.001,30.547,-3.983,69.017,68.367,-1.029,0.0,0.65,0.04,4.48,168.9,12.0,-59.4
468.542,542.442,-0.021,-0.089,69.017,-0.003,30.57,-3.873,69.017,68.407,-1.029,0.0,0.61,0.04,4.48,-179.6,23.6,-53.7
468.642,542.442,0.009,-0.092,69.017,0.001,30.517,-3.604,69.017,68.467,-1.029,0.0,0.55,0.05,4.55,172.6,-19.1,-43.9
468.741,542.443,0.047,-0.077,69.017,0.006,30.563,-3.452,69.017,68.517,-1.029,0.0,0.5,0.08,4.62,172.5,25.7,-37.7
468.842,542.445,0.004,-0.087,69.018,0.001,30.556,-3.448,69.018,68.598,-1.029,0.0,0.42,0.13,4.4,-173.8,14.6,-28.5
468.942,542.444,0.012,-0.095,69.018,0.002,30.554,-3.444,69.018,68.628,-1.029,0.0,0.39,0.14,4.25,-175.7,5.6,-16.0
469.043,542.445,0.043,-0.08,69.018,0.005,30.572,-3.555,69.018,68.628,-1.029,0.0,0.39,0.07,4.4,-179.5,-8.4,-6.6
469.142,542.447,-0.005,-0.083,69.018,-0.001,30.563,-3.209,69.018,68.638,-1.029,0.0,0.38,0.06,4.24,169.5,29.7,4.8
469.242,542.448,0.047,-0.078,69.018,0.006,30.558,-3.364,69.018,68.658,-1.029,0.0,0.36,0.13,4.21,-177.7,-21.9,17.1
469.343,542.448,-0.004,-0.078,69.018,-0.001,30.556,-3.306,69.018,68.688,-1.029,0.0,0.33,0.2,4.29,-168.8,-26.5,22.8
469.442,542.449,0.012,-0.079,69.018,0.002,30.565,-3.303,69.018,68.748,-1.029,0.0,0.27,0.14,4.27,-177.2,33.6,29.5
469.545,542.449,-0.036,-0.08,69.018,-0.005,30.567,-3.096,69.018,68.838,-1.029,0.0,0.18,0.09,4.33,173.6,-25.7,31.3
469.643,542.451,0.002,-0.078,69.019,0.0,30.556,-2.909,69.019,68.859,-1.029,0.0,0.16,0.07,4.38,174.2,28.6,29.7
469.744,542.451,0.002,-0.075,69.018,0.0,30.54,-2.892,69.018,68.938,-1.029,0.0,0.08,-0.04,4.35,176.9,-26.2,31.4
469.843,542.453,-0.017,-0.076,69.019,-0.002,30.549,-2.74,69.019,68.949,-1.029,0.0,0.07,-0.05,4.27,177.8,24.4,30.4
469.946,542.452,0.107,-0.056,69.019,0.014,30.533,-2.335,69.011,69.009,-1.029,0.0,0.01,0.07,4.18,162.3,24.6,27.3
470.044,542.453,-0.014,-0.078,69.019,-0.002,30.56,-2.791,69.019,68.979,-1.029,0.0,0.04,0.17,4.3,166.3,28.2,27.1
470.144,542.454,0.021,-0.063,69.019,0.003,30.549,-2.227,69.019,68.979,-1.029,0.0,0.04,0.09,4.3,161.4,25.7,26.2
470.252,542.453,0.019,-0.065,69.019,0.002,30.57,-2.454,69.019,68.999,-1.029,0.0,0.02,-0.01,4.34,-162.0,-20.6,26.9
470.356,542.454,-0.062,-0.072,69.019,-0.008,30.567,-2.735,69.019,69.009,-1.029,0.0,0.01,0.01,4.27,161.7,18.2,27.0
470.453,542.454,-0.026,-0.063,69.019,-0.003,30.592,-2.119,69.019,69.039,-1.029,0.0,-0.02,0.11,4.09,157.1,19.8,26.2
470.545,542.453,0.069,-0.054,69.019,0.009,30.554,-2.394,69.019,69.069,-1.029,0.0,-0.05,0.15,4.1,-167.4,-11.7,29.0
470.645,542.453,-0.001,-0.06,69.019,-0.0,30.554,-2.343,69.019,69.079,-1.029,0.0,-0.06,0.1,4.09,-169.7,-7.3,28.8
470.745,542.453,0.027,-0.056,69.019,0.003,30.583,-2.465,69.019,69.089,-1.029,0.0,-0.07,-0.02,4.05,165.4,11.9,27.7
470.844,542.453,0.025,-0.063,69.019,0.003,30.567,-2.521,69.019,69.099,-1.029,0.0,-0.08,-0.16,4.04,-167.7,-9.3,28.6
470.946,542.453,0.032,-0.051,69.019,0.004,30.558,-2.433,69.019,69.109,-1.029,0.0,-0.09,-0.24,3.99,-163.7,-19.5,26.4
471.043,542.453,-0.001,-0.06,69.019,-0.0,30.56,-2.362,69.019,69.119,-1.029,0.0,-0.1,-0.24,4.05,175.9,18.4,28.6
471.145,542.453,-0.047,-0.056,69.019,-0.006,30.547,-2.259,69.019,69.139,-1.029,0.0,-0.12,-0.19,3.87,168.5,19.8,27.8
471.244,542.453,-0.037,-0.059,69.019,-0.005,30.558,-1.928,69.019,69.169,-1.029,0.0,-0.15,-0.19,3.95,171.0,21.9,27.0
471.343,542.453,-0.063,-0.065,69.019,-0.008,30.549,-1.993,69.019,69.199,-1.029,0.0,-0.18,-0.26,3.98,166.9,26.2,24.5
471.444,542.453,-0.013,-0.045,69.019,-0.002,30.579,-2.018,69.019,69.209,-1.029,0.0,-0.19,-0.35,3.89,166.3,25.8,23.4
471.545,542.453,0.066,-0.041,69.019,0.008,30.574,-1.894,69.019,69.229,-1.029,0.0,-0.21,-0.41,3.89,164.5,24.4,22.3
471.643,542.453,0.013,-0.05,69.019,0.002,30.563,-1.762,69.019,69.229,-1.029,0.0,-0.21,-0.38,3.86,167.8,24.4,21.7
471.744,542.453,-0.006,-0.057,69.019,-0.001,30.57,-2.126,69.019,69.239,-1.029,0.0,-0.22,-0.32,3.86,167.6,25.3,21.3
471.847,542.453,-0.033,-0.057,69.019,-0.004,30.567,-2.006,69.019,69.239,-1.029,0.0,-0.22,-0.3,3.85,166.8,26.1,20.5
471.944,542.453,-0.045,-0.054,69.019,-0.006,30.556,-2.302,69.019,69.249,-1.029,0.0,-0.23,-0.36,3.84,167.7,26.6,21.3
472.046,542.453,-0.035,-0.054,69.019,-0.004,30.563,-1.422,69.019,69.259,-1.029,0.0,-0.24,-0.48,4.05,173.4,22.9,22.3
472.146,542.453,0.037,-0.051,69.019,0.005,30.556,-1.9,69.019,69.259,-1.029,0.0,-0.24,-0.52,4.04,173.9,23.7,22.8
472.246,542.453,-0.033,-0.053,69.019,-0.004,30.588,-1.952,69.019,69.259,-1.029,0.0,-0.24,-0.48,4.01,166.2,26.2,21.1
472.346,542.453,0.04,-0.045,69.019,0.005,30.586,-2.238,69.019,69.259,-1.029,0.0,-0.24,-0.41,4.04,164.5,25.5,22.2
472.449,542.452,-0.001,-0.045,69.019,-0.0,30.551,-2.023,69.019,69.259,-1.029,0.0,-0.24,-0.39,4.09,162.6,25.1,21.8
472.545,542.452,0.022,-0.047,69.019,0.003,30.583,-1.836,69.019,69.259,-1.029,0.0,-0.24,-0.45,4.28,169.6,22.8,24.1
472.644,542.452,0.026,-0.037,69.019,0.003,30.586,-2.081,69.019,69.239,-1.029,0.0,-0.22,-0.48,4.01,168.4,19.6,23.3
472.747,542.452,-0.022,-0.044,69.019,-0.003,30.59,-1.667,69.019,69.229,-1.029,0.0,-0.21,-0.51,4.06,163.8,22.4,23.7
472.844,542.452,-0.048,-0.046,69.019,-0.006,30.583,-1.55,69.019,69.229,-1.029,0.0,-0.21,-0.46,4.09,166.7,19.2,25.2
472.945,542.453,-0.037,-0.046,69.019,-0.005,30.572,-1.884,69.019,69.219,-1.029,0.0,-0.2,-0.36,3.97,162.6,24.0,23.0
473.044,542.452,-0.004,-0.04,69.019,-0.0,30.56,-1.596,69.019,69.209,-1.029,0.0,-0.19,-0.32,3.96,160.1,21.6,22.7
473.145,542.453,0.049,-0.043,69.019,0.006,30.574,-1.857,69.019,69.209,-1.029,0.0,-0.19,-0.36,3.92,169.0,17.1,23.4
473.245,542.452,-0.055,-0.044,69.019,-0.007,30.586,-1.614,69.019,69.209,-1.029,0.0,-0.19,-0.43,3.93,167.4,19.1,22.5
473.348,542.452,-0.002,-0.034,69.019,-0.0,30.576,-1.55,69.019,69.209,-1.029,0.0,-0.19,-0.44,3.94,170.8,16.2,23.3
473.446,542.452,0.006,-0.039,69.019,0.001,30.56,-1.526,69.019,69.219,-1.029,0.0,-0.2,-0.38,4.11,173.9,13.9,22.7
473.546,542.452,0.044,-0.036,69.019,0.006,30.556,-1.461,69.019,69.209,-1.029,0.0,-0.19,-0.28,4.02,166.2,20.2,20.1
473.649,542.452,-0.016,-0.044,69.019,-0.002,30.57,-1.377,69.019,69.209,-1.029,0.0,-0.19,-0.25,3.96,164.0,19.7,19.7
473.745,542.452,-0.046,-0.035,69.019,-0.006,30.576,-1.525,69.019,69.209,-1.029,0.0,-0.19,-0.29,3.82,162.9,20.4,18.0
473.845,542.452,-0.036,-0.038,69.019,-0.005,30.56,-1.336,69.019,69.219,-1.029,0.0,-0.2,-0.35,3.79,164.5,21.6,17.1
473.949,542.451,0.016,-0.031,69.019,0.002,30.583,-1.183,69.019,69.219,-1.029,0.0,-0.2,-0.36,3.76,164.8,22.0,14.9
474.046,542.451,0.008,-0.039,69.019,0.001,30.576,-1.401,69.019,69.239,-1.029,0.0,-0.22,-0.32,3.92,168.0,19.7,14.6
474.146,542.451,-0.013,-0.039,69.018,-0.002,30.567,-1.341,69.018,69.238,-1.029,0.0,-0.22,-0.22,3.76,163.3,22.0,11.9
474.249,542.451,0.018,-0.032,69.018,0.002,30.588,-1.537,69.018,69.248,0.452,0.682,-0.23,-0.19,3.87,165.3,19.4,11.6
474.347,542.451,0.02,-0.03,69.018,0.003,30.558,-1.344,69.018,69.238,0.235,0.474,-0.22,-0.22,3.84,169.1,20.1,10.6
474.449,542.451,0.009,-0.03,69.018,0.001,30.572,-1.148,69.018,69.228,0.103,0.345,-0.21,-0.26,3.64,165.0,22.4,8.3
474.546,542.451,0.011,-0.031,69.018,0.001,30.57,-1.445,69.018,69.218,0.023,0.262,-0.2,-0.29,3.63,169.9,17.1,8.6
474.65,542.451,-0.016,-0.03,69.018,-0.002,30.574,-1.36,69.018,69.188,-0.103,0.149,-0.17,-0.26,3.58,166.5,20.9,7.4
474.748,542.451,-0.003,-0.029,69.018,-0.0,30.574,-0.697,69.018,69.148,-0.22,0.039,-0.13,-0.2,3.59,169.8,15.5,6.8
474.851,542.451,0.013,-0.032,69.018,0.002,30.563,-1.211,0,69.088,-0.372,-0.232,-0.07,-0.18,3.6,169.4,10.6,6.2
474.948,542.441,-0.827,0.131,69.017,-0.105,30.572,6.451,0,69.007,-0.542,-0.542,0.01,-0.2,3.6,172.7,12.0,5.5
475.046,542.255,-3.588,0.222,68.994,-0.457,30.474,9.834,0,68.884,-0.817,-0.817,0.11,-0.27,3.67,-163.3,2.6,6.2
475.146,541.786,-5.894,0.192,68.934,-0.75,30.437,9.485,0,68.764,-0.968,-0.968,0.17,-0.28,3.58,173.5,9.1,5.0
475.247,541.086,-7.834,0.101,68.845,-0.997,30.478,3.018,0,68.635,-1.097,-1.097,0.21,-0.26,3.61,-163.5,9.8,6.4
475.347,540.261,-8.516,0.073,68.74,-1.084,30.496,2.502,0,68.54,-1.035,-1.081,0.2,-0.22,3.63,174.9,12.4,6.3
475.455,539.373,-9.054,-0.022,68.627,-1.152,30.57,-0.775,0,68.427,-1.072,-1.179,0.2,-0.19,3.5,171.0,18.8,4.7
475.557,538.513,-8.821,0.062,68.517,-1.122,30.526,3.261,0,68.317,-1.077,-1.221,0.2,-0.22,3.47,175.7,18.9,5.4
475.646,537.6,-9.355,0.074,68.401,-1.19,30.478,2.017,0,68.181,-1.196,-1.342,0.22,-0.27,3.58,175.3,-2.2,5.6
475.748,536.611,-9.993,0.107,68.275,-1.271,30.451,5.215,0,68.105,-1.023,-1.246,0.17,-0.26,3.4,179.1,9.8,3.7
475.848,535.558,-10.129,-0.029,68.141,-1.289,30.567,-1.204,0,68.001,-1.034,-1.265,0.14,-0.21,3.4,-173.4,11.8,3.6
475.948,534.576,-9.368,0.04,68.017,-1.192,30.547,1.4,0,67.927,-0.92,-1.1,0.09,-0.14,3.36,-177.1,8.9,2.3
476.048,533.619,-8.924,-0.037,67.895,-1.135,30.572,-1.651,0,67.815,-1.0,-1.16,0.08,-0.1,3.4,179.2,10.6,2.3
476.147,532.742,-8.296,0.06,67.783,-1.056,30.551,3.594,0,67.753,-0.847,-0.907,0.03,-0.13,3.31,-166.5,-17.9,-0.9
476.246,531.876,-8.075,-0.133,67.673,-1.027,30.606,-3.854,0,67.663,-0.871,-0.891,0.01,-0.18,3.36,174.3,11.8,-1.9
476.347,531.155,-6.64,-0.023,67.581,-0.845,30.595,-1.247,0,67.641,-0.613,-0.613,-0.06,-0.19,3.36,-177.3,13.3,-1.0
476.449,530.526,-5.539,-0.108,67.501,-0.705,30.604,-6.695,0,67.581,-0.609,-0.609,-0.08,-0.13,3.34,-162.7,-15.2,-5.0
476.549,530.041,-4.593,-0.037,67.439,-0.584,30.599,-0.177,0,67.569,-0.416,-0.416,-0.13,-0.06,3.45,176.1,12.5,-2.6
476.645,529.633,-3.809,-0.082,67.388,-0.485,30.599,-3.467,0,67.538,-0.378,-0.378,-0.15,-0.02,3.34,173.9,11.5,-1.6
476.751,529.305,-2.7,-0.02,67.346,-0.343,30.576,-1.074,0,67.556,-0.158,-0.158,-0.21,-0.05,3.44,-173.1,-18.8,-1.9
476.848,529.054,-1.973,-0.13,67.314,-0.251,30.576,-5.392,69.018,67.594,0.054,0.065,-0.28,-0.09,3.46,176.0,13.9,1.5
476.953,528.963,0.268,-0.114,67.302,0.034,30.547,-4.075,69.018,67.622,0.144,0.223,-0.32,-0.09,3.36,173.8,10.8,1.4
477.046,529.036,1.304,-0.166,67.312,0.166,30.531,-6.624,69.018,67.682,0.323,0.447,-0.37,-0.04,3.48,-179.0,9.5,2.7
477.15,529.231,3.276,-0.231,67.336,0.417,30.462,-7.803,69.018,67.756,0.487,0.661,-0.42,0.04,3.35,172.6,14.4,1.5
477.248,529.629,5.234,-0.195,67.387,0.666,30.435,-8.437,69.018,67.847,0.655,0.886,-0.46,0.09,3.34,171.3,14.0,1.2
477.346,530.197,6.849,-0.189,67.459,0.871,30.378,-6.98,69.018,67.919,0.68,1.001,-0.46,0.08,3.3,165.6,20.9,0.6
477.448,530.936,8.393,-0.134,67.553,1.068,30.389,-4.394,69.018,68.003,0.746,1.132,-0.45,0.04,3.27,166.1,20.3,0.4
477.553,531.768,8.893,-0.174,67.659,1.131,30.38,-5.715,69.018,68.109,0.864,1.275,-0.45,0.02,3.46,179.0,14.6,3.5
477.651,532.693,9.584,-0.191,67.777,1.219,30.337,-7.914,69.018,68.197,0.872,1.328,-0.42,0.02,3.37,173.3,16.5,1.7
477.746,533.71,10.224,-0.155,67.906,1.301,30.362,-6.403,69.018,68.296,0.919,1.39,-0.39,0.03,3.29,173.4,15.2,1.1
477.846,534.778,10.784,-0.135,68.042,1.372,30.38,-5.308,69.018,68.402,0.976,1.444,-0.36,0.03,3.39,173.7,14.5,2.3
477.947,535.887,11.585,-0.138,68.183,1.474,30.387,-3.907,69.018,68.503,0.988,1.452,-0.32,-0.01,3.46,-179.6,13.4,4.6
478.046,537.035,11.87,-0.082,68.329,1.51,30.435,-2.866,69.018,68.599,0.978,1.434,-0.27,-0.05,3.3,171.1,18.4,1.8
478.147,538.176,10.923,-0.141,68.475,1.39,30.407,-3.904,69.018,68.705,1.002,1.423,-0.23,-0.06,3.45,175.0,16.8,3.2
478.248,539.296,11.12,-0.111,68.617,1.415,30.435,-4.555,69.018,68.807,1.01,1.39,-0.19,-0.01,3.37,168.7,22.9,2.5
478.351,540.413,11.036,-0.072,68.759,1.404,30.471,-4.044,69.018,68.909,1.008,1.308,-0.15,0.04,3.4,175.0,12.8,3.7
478.449,541.434,9.077,0.075,68.889,1.155,30.579,3.914,69.018,68.999,0.966,1.186,-0.11,0.06,3.44,-177.3,-20.6,6.1
478.549,542.133,4.892,0.061,68.978,0.622,30.602,1.595,69.018,69.098,0.974,1.194,-0.12,0.02,3.33,177.2,16.8,5.6
478.645,542.461,1.714,0.049,69.02,0.218,30.563,2.295,69.018,69.19,0.961,1.091,-0.17,-0.03,3.33,176.9,18.2,6.5
478.745,542.494,-0.487,0.003,69.024,-0.062,30.558,0.017,69.018,69.274,0.912,0.981,-0.25,-0.04,3.33,171.4,23.8,6.3
478.847,542.454,0.071,-0.034,69.019,0.009,30.56,-1.533,69.018,69.359,0.889,0.942,-0.34,-0.02,3.34,174.4,20.4,7.6
478.947,542.456,-0.045,-0.037,69.019,-0.006,30.583,-1.488,69.018,69.419,0.775,0.883,-0.4,0.02,3.35,178.6,22.0,9.0
479.048,542.457,-0.011,-0.033,69.019,-0.001,30.574,-1.143,69.018,69.459,0.629,0.813,-0.44,0.03,3.3,167.4,24.1,6.9
479.145,542.457,0.013,-0.021,69.019,0.002,30.565,-0.972,69.018,69.469,0.421,0.696,-0.45,0.0,3.28,173.7,20.6,7.4
479.246,542.457,0.015,-0.025,69.019,0.002,30.586,-0.931,69.018,69.479,0.295,0.629,-0.46,-0.03,3.29,171.0,24.0,6.4
479.349,542.457,0.062,-0.018,69.019,0.008,30.57,-1.241,69.018,69.499,0.257,0.621,-0.48,-0.04,3.42,-178.0,-34.1,7.4
479.445,542.456,0.02,-0.023,69.019,0.002,30.581,-1.215,69.018,69.479,0.076,0.506,-0.46,-0.02,3.36,168.4,21.1,3.1
479.546,542.456,0.039,-0.021,69.019,0.005,30.554,-1.221,69.018,69.469,0.007,0.458,-0.45,0.01,3.36,165.7,24.0,1.7
479.649,542.456,0.037,-0.022,69.019,0.005,30.574,-0.885,69.018,69.449,-0.074,0.396,-0.43,0.0,3.38,171.5,17.2,1.4
479.745,542.455,-0.003,-0.024,69.019,-0.0,30.556,-0.987,69.018,69.429,-0.124,0.349,-0.41,-0.04,3.49,-169.5,-35.0,1.5
479.845,542.455,-0.013,-0.022,69.019,-0.002,30.567,-0.774,69.018,69.389,-0.234,0.254,-0.37,-0.09,3.51,-171.6,-29.3,1.3
479.949,542.455,0.003,-0.031,69.019,0.0,30.581,-1.039,69.018,69.349,-0.298,0.181,-0.33,-0.11,3.54,179.0,17.3,3.9
480.045,542.455,-0.01,-0.021,69.019,-0.001,30.592,-0.96,69.018,69.309,-0.339,0.121,-0.29,-0.09,3.48,172.1,22.5,3.3
480.146,542.455,0.003,-0.015,69.019,0.0,30.563,-1.051,69.018,69.259,-0.401,0.04,-0.24,-0.05,3.36,-169.2,-28.9,1.7
480.248,542.455,0.019,-0.01,69.019,0.002,30.597,-0.723,69.018,69.239,-0.323,0.059,-0.22,-0.03,3.51,-174.1,-22.1,4.3
480.345,542.455,0.011,-0.015,69.019,0.001,30.576,-0.401,69.018,69.199,-0.352,0.004,-0.18,-0.05,3.51,-173.5,12.3,6.2
480.446,542.455,0.002,-0.019,69.019,0.0,30.588,-0.653,0,69.169,-0.332,-0.032,-0.15,-0.07,3.43,173.7,18.3,5.3
480.548,542.453,-0.061,0.017,69.019,-0.008,30.59,0.524,0,69.139,-0.32,-0.08,-0.12,-0.07,3.4,-171.2,-23.2,5.1
480.657,542.423,-0.375,0.048,69.015,-0.048,30.579,1.716,0,69.105,-0.326,-0.146,-0.09,-0.06,3.51,175.6,18.5,7.4
480.757,542.346,-1.081,0.038,69.005,-0.138,30.592,1.739,0,69.085,-0.275,-0.115,-0.08,-0.04,3.32,173.5,17.2,5.5
480.855,542.221,-1.149,-0.034,68.989,-0.146,30.595,-1.737,0,69.059,-0.269,-0.129,-0.07,-0.06,3.35,174.2,17.2,5.9
480.948,542.115,-0.864,-0.016,68.976,-0.11,30.595,-0.724,0,69.036,-0.255,-0.135,-0.06,-0.1,3.36,171.5,22.1,6.2
481.049,542.027,-0.786,0.025,68.965,-0.1,30.574,1.378,0,69.035,-0.16,-0.065,-0.07,-0.14,3.47,-172.0,-22.7,6.5
481.148,541.944,-0.486,0.002,68.954,-0.062,30.565,0.046,0,69.014,-0.178,-0.083,-0.06,-0.15,3.39,174.9,16.4,7.5
481.249,541.906,-0.514,0.046,68.949,-0.065,30.576,2.695,0,68.999,-0.166,-0.075,-0.05,-0.12,3.39,170.8,21.3,6.9
481.35,541.835,-0.78,0.016,68.94,-0.099,30.579,0.438,0,69.01,-0.058,-0.002,-0.07,-0.1,3.51,-175.6,-14.1,7.9
481.448,541.765,-0.275,-0.068,68.931,-0.035,30.588,-3.371,69.018,69.011,-0.03,0.021,-0.08,-0.1,3.5,-173.6,-15.4,7.1
481.55,541.768,0.087,-0.049,68.932,0.011,30.574,-1.63,69.018,69.012,-0.017,0.046,-0.08,-0.12,3.39,172.2,18.9,5.6
481.646,541.774,0.186,-0.108,68.932,0.024,30.586,-4.331,69.018,69.022,0.032,0.092,-0.09,-0.15,3.36,168.6,24.3,4.3
481.746,541.81,0.636,-0.14,68.937,0.081,30.563,-4.983,69.018,69.037,0.077,0.139,-0.1,-0.16,3.48,169.5,20.9,3.4
481.848,541.905,1.122,-0.113,68.949,0.143,30.554,-3.977,69.018,69.049,0.094,0.171,-0.1,-0.11,3.45,173.4,20.5,1.0
481.951,542.038,1.233,-0.111,68.966,0.157,30.567,-3.776,69.018,69.066,0.123,0.209,-0.1,-0.07,3.43,-165.7,-23.6,-0.4
482.052,542.158,1.273,-0.178,68.981,0.162,30.535,-6.659,69.018,69.091,0.175,0.257,-0.11,-0.06,3.44,-167.0,-23.1,-0.9
482.15,542.336,2.13,-0.145,69.004,0.271,30.547,-4.031,69.018,69.104,0.155,0.258,-0.1,-0.08,3.45,166.6,19.1,-3.0
482.251,542.478,0.464,0.054,69.022,0.059,30.592,1.103,69.018,69.082,0.007,0.127,-0.06,-0.1,3.44,-171.9,-15.4,0.1
482.351,542.451,-0.247,-0.059,69.018,-0.031,30.588,-2.682,69.018,69.118,0.146,0.217,-0.1,-0.11,3.46,172.4,17.7,1.4
482.448,542.449,-0.054,-0.035,69.018,-0.007,30.588,-1.626,69.018,69.118,0.088,0.17,-0.1,-0.09,3.37,-162.9,-23.6,-2.0
482.549,542.448,0.019,-0.034,69.018,0.002,30.565,-1.333,69.018,69.128,0.092,0.172,-0.11,-0.07,3.48,176.2,17.2,2.7
482.652,542.448,-0.011,-0.044,69.018,-0.001,30.572,-1.758,69.018,69.118,0.016,0.118,-0.1,-0.06,3.36,170.3,19.2,2.1
482.748,542.448,-0.076,-0.048,69.018,-0.01,30.57,-1.462,69.018,69.128,0.049,0.14,-0.11,-0.07,3.48,-170.3,-25.3,3.7
482.847,542.448,0.013,-0.041,69.018,0.002,30.579,-1.811,69.018,69.128,0.03,0,-0.11,-0.1,3.37,-164.7,-27.0,1.9
482.95,542.448,0.0,-0.039,69.018,0.0,30.599,-1.516,69.018,69.128,0.018,0,-0.11,-0.11,3.45,171.8,22.2,5.1
483.048,542.448,0.009,-0.03,69.018,0.001,30.581,-1.599,69.018,69.118,-0.029,0,-0.1,-0.09,3.36,168.5,23.7,3.8
483.148,542.448,0.009,-0.031,69.018,0.001,30.579,-2.089,69.018,69.128,0.022,0,-0.11,-0.07,3.48,172.3,21.9,4.5
483.253,542.448,-0.059,-0.047,69.018,-0.007,30.581,-1.671,69.018,69.128,0.013,0,-0.11,-0.06,3.35,170.8,21.3,3.3
483.348,542.448,0.024,-0.036,69.018,0.003,30.586,-1.561,69.018,69.128,0.008,0,-0.11,-0.08,3.53,-179.2,14.6,5.2
483.452,542.448,-0.005,-0.035,69.018,-0.001,30.576,-1.776,69.018,69.128,0.005,0,-0.11,-0.1,3.32,171.4,20.0,2.9
483.552,542.448,0.034,-0.033,69.018,0.004,30.576,-1.953,69.018,69.128,0.003,0,-0.11,-0.11,3.41,170.9,19.9,3.3
483.651,542.448,0.033,-0.048,69.018,0.004,30.574,-1.338,69.018,69.138,0.041,0,-0.12,-0.09,3.4,-171.9,-21.6,2.5
483.75,542.448,-0.06,-0.042,69.018,-0.008,30.586,-1.388,69.018,69.138,0.025,0,-0.12,-0.07,3.34,172.3,20.0,2.5
483.854,542.448,0.016,-0.041,69.018,0.002,30.588,-1.618,69.018,69.148,0.055,0,-0.13,-0.06,3.51,-176.8,17.7,5.5
483.949,542.448,-0.006,-0.036,69.018,-0.001,30.595,-1.425,69.018,69.138,-0.006,0,-0.12,-0.07,3.33,172.9,21.5,3.1
484.049,542.448,0.022,-0.037,69.018,0.003,30.574,-1.809,69.018,69.128,-0.043,0,-0.11,-0.09,3.36,172.7,21.7,2.7
484.156,542.448,0.002,-0.038,69.018,0.0,30.581,-1.438,69.018,69.128,-0.026,0,-0.11,-0.09,3.37,172.7,22.3,2.6
484.25,542.448,-0.003,-0.046,69.018,-0.0,30.581,-1.617,69.018,69.128,-0.016,0,-0.11,-0.06,3.55,-178.3,20.0,5.0
484.35,542.448,0.046,-0.033,69.018,0.006,30.592,-1.438,69.018,69.118,-0.049,0,-0.1,-0.03,3.35,171.5,23.6,2.4
484.452,542.448,0.052,-0.039,69.018,0.007,30.579,-1.44,69.018,69.098,-0.109,0,-0.08,-0.01,3.33,171.6,23.0,2.6
484.551,542.448,0.02,-0.042,69.018,0.003,30.572,-1.404,69.018,69.088,-0.105,0,-0.07,-0.03,3.42,173.2,23.5,4.0
484.651,542.448,-0.006,-0.032,69.018,-0.001,30.572,-1.34,69.018,69.078,-0.103,0,-0.06,-0.05,3.3,173.4,23.2,3.5
484.755,542.448,0.003,-0.045,69.018,0.0,30.572,-1.528,69.018,69.068,-0.102,0,-0.05,-0.06,3.48,176.0,20.3,5.7
484.85,542.448,-0.008,-0.041,69.018,-0.001,30.57,-1.259,69.018,69.068,-0.062,0,-0.05,-0.04,3.27,169.8,26.2,3.2
484.954,542.448,0.005,-0.032,69.018,0.001,30.588,-1.059,69.018,69.078,0.002,0,-0.06,-0.01,3.29,171.7,22.5,3.5
485.056,542.448,-0.04,-0.046,69.018,-0.005,30.588,-1.645,69.018,69.088,0.041,0,-0.07,-0.0,3.29,171.2,22.4,3.5
485.151,542.448,0.002,-0.035,69.018,0.0,30.574,-1.809,69.018,69.098,0.064,0,-0.08,-0.02,3.38,-174.7,-23.0,4.1
485.25,542.448,0.038,-0.031,69.018,0.005,30.586,-1.362,69.018,69.108,0.078,0,-0.09,-0.04,3.27,169.2,27.1,3.0
485.356,542.448,-0.003,-0.034,69.018,-0.0,30.579,-1.299,69.018,69.108,0.047,0,-0.09,-0.05,3.29,171.9,22.0,2.6
485.45,542.448,-0.008,-0.034,69.018,-0.001,30.572,-1.455,69.018,69.118,0.068,0,-0.1,-0.03,3.4,-176.8,-24.4,3.6
485.55,542.448,-0.011,-0.038,69.018,-0.001,30.586,-1.485,69.018,69.108,0.002,0,-0.09,-0.01,3.39,-178.1,-25.2,3.7
485.655,542.448,-0.016,-0.034,69.018,-0.002,30.59,-1.561,69.018,69.098,-0.038,0,-0.08,-0.0,3.38,-177.0,-24.5,3.9
485.751,542.448,-0.008,-0.042,69.018,-0.001,30.59,-1.487,69.018,69.088,-0.062,0,-0.07,-0.02,3.28,172.3,21.0,3.3
485.852,542.448,-0.017,-0.039,69.018,-0.002,30.586,-1.546,69.018,69.088,-0.038,0,-0.07,-0.03,3.4,-176.9,-15.6,4.6
485.965,542.448,-0.03,-0.036,69.018,-0.004,30.59,-1.616,69.018,69.088,-0.023,0,-0.07,-0.04,3.27,165.8,26.1,1.7
486.059,542.448,-0.018,-0.032,69.018,-0.002,30.581,-1.527,69.018,69.078,-0.053,0,-0.06,-0.03,3.22,166.2,27.7,0.3
486.151,542.448,0.016,-0.038,69.018,0.002,30.608,-1.216,69.018,69.078,-0.032,0,-0.06,-0.01,3.35,-168.6,-28.2,0.6
486.255,542.448,0.013,-0.029,69.018,0.002,30.588,-1.143,69.018,69.068,-0.059,0,-0.05,-0.01,3.4,171.0,23.4,-0.4
486.35,542.448,-0.006,-0.033,69.018,-0.001,30.597,-1.28,69.018,69.068,-0.036,0,-0.05,-0.03,3.49,170.8,22.9,-3.7
486.451,542.448,-0.034,-0.045,69.018,-0.004,30.574,-1.503,69.018,69.068,-0.022,0,-0.05,-0.04,3.36,-170.1,-22.5,-0.5
486.556,542.448,0.013,-0.034,69.018,0.002,30.579,-1.348,69.018,69.058,-0.052,0,-0.04,-0.04,3.36,175.0,21.8,1.1
486.651,542.448,-0.008,-0.032,69.018,-0.001,30.576,-1.488,69.018,69.058,-0.032,0,-0.04,-0.04,3.46,-179.1,19.9,2.7
486.753,542.448,-0.034,-0.039,69.018,-0.004,30.586,-1.547,69.018,69.068,0.02,0,-0.05,-0.03,3.48,175.5,23.7,2.2
486.853,542.448,-0.006,-0.031,69.018,-0.001,30.57,-1.566,69.018,69.068,0.012,0,-0.05,-0.04,3.43,-170.8,-20.3,-1.8
486.951,542.448,-0.02,-0.035,69.018,-0.003,30.592,-1.486,69.018,69.068,0.007,0,-0.05,-0.07,3.48,-178.9,-24.4,-2.1
487.05,542.448,-0.009,-0.031,69.018,-0.001,30.583,-1.276,69.018,69.078,0.044,0,-0.06,-0.09,3.54,176.1,15.8,1.2
487.156,542.448,-0.016,-0.03,69.018,-0.002,30.588,-1.546,69.018,69.078,0.027,0,-0.06,-0.09,3.42,-177.8,23.2,-1.3
487.251,542.448,-0.013,-0.032,69.018,-0.002,30.595,-1.568,69.018,69.078,0.016,0,-0.06,-0.07,3.35,-163.8,-21.7,-4.9
487.351,542.448,0.0,-0.028,69.018,0.0,30.588,-1.269,69.018,69.088,0.049,0,-0.07,-0.04,3.43,178.0,19.0,-2.3
487.454,542.448,0.013,-0.039,69.018,0.002,30.579,-1.596,69.018,69.088,0.03,0,-0.07,-0.03,3.34,-163.8,-21.1,-5.1
487.551,542.448,0.026,-0.029,69.018,0.003,30.583,-1.396,69.018,69.088,0.018,0,-0.07,-0.05,3.38,176.1,21.1,-2.9
487.65,542.448,-0.016,-0.031,69.018,-0.002,30.586,-1.226,69.018,69.088,0.011,0,-0.07,-0.07,3.41,170.4,20.4,-4.2
487.756,542.448,0.005,-0.032,69.018,0.001,30.586,-1.269,69.018,69.088,0.007,0,-0.07,-0.07,3.36,177.2,22.2,-2.1
487.85,542.448,-0.008,-0.041,69.018,-0.001,30.576,-1.452,68.268,69.078,-0.036,2.0,-0.06,-0.05,3.38,177.9,20.6,-1.4
487.951,542.425,-1.507,0.224,69.015,-0.192,30.547,10.031,68.268,69.085,0.006,2.0,-0.07,-0.03,3.34,176.5,21.4,-1.9
488.051,541.903,-8.445,0.3,68.949,-1.074,30.286,10.94,68.268,69.029,-0.22,2.0,-0.08,-0.03,3.35,175.6,20.8,-2.3
488.151,540.697,-15.243,0.246,68.795,-1.939,30.147,8.913,68.268,68.965,-0.381,2.0,-0.17,-0.05,3.45,-175.8,-28.3,-4.4
488.253,539.231,-13.437,0.095,68.609,-1.71,30.332,3.77,68.268,68.929,-0.376,2.0,-0.32,-0.07,3.33,177.1,22.9,-2.3
488.357,537.966,-10.778,-0.214,68.448,-1.371,30.681,-6.882,68.268,68.988,0.003,2.0,-0.54,-0.09,3.32,176.5,23.7,-2.6
488.453,537.127,-7.386,-0.284,68.341,-0.94,30.67,-10.494,68.268,69.021,0.134,2.0,-0.68,-0.07,3.37,177.0,24.1,-2.0
488.554,536.643,-3.227,-0.169,68.279,-0.411,30.613,-7.404,68.268,69.029,0.114,2.0,-0.75,-0.04,3.33,172.6,22.8,-2.6
488.654,536.473,-0.23,-0.204,68.258,-0.029,30.551,-8.597,68.268,69.078,0.261,2.0,-0.82,-0.03,3.45,178.3,24.7,-1.0
488.752,536.515,0.642,-0.043,68.263,0.082,30.583,-1.945,68.268,69.053,0.062,2.0,-0.79,-0.03,3.47,-180.0,24.5,0.0
488.852,536.544,0.009,-0.055,68.267,0.001,30.59,-2.307,69.018,69.037,-0.027,0.5,-0.77,-0.04,3.46,-170.2,-48.0,-4.3
488.954,536.569,1.586,-0.275,68.27,0.202,30.51,-10.596,69.018,69.02,-0.082,0.5,-0.75,-0.04,3.46,-172.3,-47.3,-2.5
489.053,536.916,4.256,-0.194,68.314,0.541,30.437,-8.58,69.018,69.034,0.006,0.5,-0.72,-0.02,3.51,177.6,22.0,2.8
489.154,537.342,4.256,-0.113,68.368,0.541,30.492,-5.207,69.018,69.018,-0.058,0.5,-0.65,0.0,3.53,177.4,22.0,2.5
489.254,537.767,4.104,-0.058,68.423,0.522,30.533,-4.111,69.018,68.993,-0.137,0.5,-0.57,0.01,3.44,174.1,20.9,-0.5
489.353,538.166,3.541,-0.135,68.473,0.451,30.519,-4.718,69.018,68.983,-0.12,0.5,-0.51,0.01,3.42,173.6,22.3,-0.9
489.452,538.543,3.891,-0.118,68.521,0.495,30.519,-3.83,69.018,69.001,-0.001,0.5,-0.48,0.0,3.39,174.0,23.2,1.0
489.553,538.944,4.397,-0.059,68.572,0.559,30.54,-2.852,69.018,69.012,0.042,0.5,-0.44,0.01,3.37,179.4,25.1,0.2
489.653,539.334,3.694,-0.142,68.622,0.47,30.522,-4.015,69.018,69.032,0.103,0.5,-0.41,0.03,3.44,-176.8,-37.7,-0.8
489.753,539.722,3.83,-0.104,68.671,0.487,30.517,-5.782,69.018,69.051,0.138,0.5,-0.38,0.07,3.38,-172.7,-34.2,-1.4
489.852,540.128,3.834,-0.085,68.723,0.488,30.519,-4.996,68.268,69.063,0.13,2.0,-0.34,0.09,3.45,179.8,-33.9,-0.2
489.953,540.484,2.366,0.145,68.768,0.301,30.558,6.927,68.268,69.048,0.021,2.0,-0.28,0.09,3.38,-178.9,-28.2,1.0
490.054,540.359,-4.505,0.24,68.752,-0.573,30.448,8.967,68.268,68.952,-0.367,2.0,-0.2,0.09,3.4,-173.6,-29.3,-2.7
490.154,539.559,-11.759,0.177,68.65,-1.496,30.302,7.653,68.268,68.88,-0.503,2.0,-0.23,0.1,3.52,-178.0,-27.7,0.9
490.256,538.367,-11.06,0.113,68.499,-1.407,30.339,4.069,68.268,68.839,-0.47,2.0,-0.34,0.12,3.34,174.4,24.3,-3.0
490.357,537.345,-8.463,-0.203,68.369,-1.077,30.652,-8.545,68.268,68.929,0.067,2.0,-0.56,0.15,3.47,168.7,25.7,-5.9
490.455,536.739,-4.146,-0.183,68.292,-0.528,30.618,-8.909,68.268,68.952,0.131,2.0,-0.66,0.17,3.51,-178.2,-45.0,-1.9
490.554,536.486,-1.085,-0.229,68.26,-0.138,30.556,-9.73,68.268,68.94,0.032,2.0,-0.68,0.17,3.42,166.4,22.3,-6.9
490.655,536.502,0.643,-0.092,68.262,0.082,30.551,-2.293,68.268,68.952,0.067,2.0,-0.69,0.16,3.41,167.7,22.6,-5.6
490.754,536.553,0.028,-0.053,68.268,0.004,30.556,-1.982,68.268,68.948,0.027,2.0,-0.68,0.16,3.32,163.8,20.9,-6.3
490.853,536.551,-0.044,-0.069,68.268,-0.006,30.574,-3.715,69.018,68.968,0.094,0.5,-0.7,0.17,3.42,169.9,23.4,-6.1
490.954,536.579,1.73,-0.229,68.271,0.22,30.515,-10.297,69.018,68.951,-0.006,0.5,-0.68,0.18,3.34,166.8,23.1,-6.7
491.054,536.923,4.079,-0.219,68.315,0.519,30.446,-5.336,69.018,69.045,0.367,0.5,-0.73,0.17,3.53,167.5,21.0,-7.0
491.166,537.348,4.424,-0.114,68.369,0.563,30.487,-4.657,69.018,69.009,0.083,0.5,-0.64,0.14,3.33,171.4,21.6,-5.5
491.264,537.774,4.02,-0.082,68.423,0.511,30.522,-4.76,69.018,69.003,0.027,0.5,-0.58,0.11,3.38,168.4,22.6,-6.2
491.356,538.171,3.506,-0.12,68.474,0.446,30.544,-4.892,69.018,68.994,-0.02,0.5,-0.52,0.09,3.33,172.8,24.5,-4.3
491.453,538.549,4.067,-0.085,68.522,0.517,30.533,-3.891,69.018,69.022,0.099,0.5,-0.5,0.1,3.46,-173.9,-41.2,-3.9
491.556,538.949,4.166,-0.083,68.573,0.53,30.551,-1.657,69.018,69.013,0.024,0.5,-0.44,0.11,3.44,172.9,25.5,-4.7
491.657,539.339,3.732,-0.106,68.623,0.475,30.54,-4.444,69.018,68.983,-0.105,0.5,-0.36,0.11,3.32,-167.1,-33.5,-3.2
491.756,539.726,3.822,-0.119,68.672,0.486,30.492,-4.972,69.018,68.972,-0.106,0.5,-0.3,0.11,3.29,168.1,20.0,-2.1
491.852,540.132,3.885,-0.092,68.723,0.494,30.542,-5.244,68.268,68.963,-0.097,2.0,-0.24,0.1,3.26,164.6,23.3,-2.0
491.955,540.486,2.341,0.154,68.768,0.298,30.588,6.782,68.268,68.958,-0.079,2.0,-0.19,0.1,3.27,163.7,21.1,-1.5
492.055,540.355,-4.591,0.243,68.752,-0.584,30.43,9.866,68.268,68.872,-0.391,2.0,-0.12,0.11,3.27,166.4,18.8,-0.4
492.155,539.549,-12.063,0.194,68.649,-1.535,30.311,9.559,68.268,68.809,-0.482,2.0,-0.16,0.12,3.27,164.1,24.3,-1.3
492.26,538.356,-10.979,0.153,68.497,-1.397,30.343,5.803,68.268,68.807,-0.299,2.0,-0.31,0.13,3.46,171.7,22.7,1.2
492.36,537.335,-8.266,-0.209,68.368,-1.052,30.64,-8.615,68.268,68.888,0.132,2.0,-0.52,0.12,3.41,169.9,23.5,-1.9
492.456,536.735,-4.275,-0.212,68.291,-0.544,30.592,-8.859,68.268,68.931,0.253,2.0,-0.64,0.1,3.48,167.5,25.8,-3.5
492.56,536.487,-1.182,-0.234,68.26,-0.15,30.567,-8.651,68.268,68.91,0.07,2.0,-0.65,0.09,3.36,173.9,27.5,-1.7
492.656,536.507,0.758,-0.059,68.262,0.096,30.563,-2.28,68.268,68.922,0.092,2.0,-0.66,0.1,3.36,-170.9,-52.6,1.5
492.759,536.555,0.048,-0.038,68.268,0.006,30.567,-1.787,68.268,68.928,0.079,2.0,-0.66,0.11,3.26,167.0,25.4,-3.1
492.857,536.551,-0.146,-0.068,68.268,-0.019,30.556,-3.092,69.018,68.938,0.086,0.5,-0.67,0.12,3.34,167.5,27.3,-3.9
492.962,536.575,1.453,-0.261,68.271,0.185,30.517,-9.024,69.018,68.931,0.025,0.5,-0.66,0.12,3.42,171.1,28.2,-3.4
493.055,536.909,4.229,-0.166,68.313,0.538,30.435,-8.752,69.018,68.973,0.183,0.5,-0.66,0.11,3.38,168.1,26.7,-3.4
493.155,537.338,4.202,-0.123,68.368,0.535,30.478,-4.389,69.018,68.988,0.168,0.5,-0.62,0.11,3.46,172.8,27.1,-2.7
493.257,537.767,4.083,-0.062,68.423,0.519,30.526,-3.892,69.018,68.973,0.042,0.5,-0.55,0.13,3.43,-175.5,-45.2,-0.9
493.356,538.166,3.583,-0.13,68.473,0.456,30.524,-4.504,69.018,68.973,0.028,0.5,-0.5,0.15,3.44,-177.0,-42.2,-0.7
493.454,538.542,3.9,-0.137,68.521,0.496,30.528,-3.831,69.018,68.971,0.009,0.5,-0.45,0.16,3.35,167.9,23.9,-4.1
493.554,538.942,4.364,-0.066,68.572,0.555,30.531,-3.339,69.018,68.982,0.048,0.5,-0.41,0.15,3.34,168.8,26.5,-1.4
493.654,539.333,3.707,-0.147,68.622,0.472,30.519,-4.038,69.018,68.982,0.028,0.5,-0.36,0.13,3.4,172.4,26.8,-2.8
493.756,539.719,3.939,-0.083,68.671,0.501,30.494,-5.434,69.018,68.981,0.014,0.5,-0.31,0.11,3.35,175.9,27.6,-1.5
493.855,540.126,3.732,-0.09,68.723,0.475,30.519,-5.445,0,69.003,0.094,14.0,-0.28,0.12,3.4,172.6,27.8,-2.8
493.957,540.481,2.271,0.139,68.768,0.289,30.581,6.732,0,68.998,0.269,14.0,-0.23,0.14,3.23,167.5,23.8,-1.8
494.062,540.359,-4.458,0.245,68.752,-0.567,30.389,10.245,0,68.912,-0.163,14.0,-0.16,0.15,3.33,-173.1,-31.3,-0.1
494.159,539.557,-11.859,0.191,68.65,-1.509,30.284,8.797,0,68.86,-0.547,14.0,-0.21,0.13,3.36,163.6,26.4,-3.9
494.259,538.124,-17.345,0.28,68.468,-2.207,30.081,8.811,0,68.768,-1.28,14.0,-0.3,0.09,3.21,167.2,29.6,-1.3
494.362,536.091,-23.472,0.256,68.209,-2.986,29.914,10.043,0,68.599,-2.004,14.0,-0.39,0.07,3.33,170.4,31.2,-2.7
494.461,533.455,-30.797,0.145,67.874,-3.918,29.811,8.556,0,68.124,-3.694,14.0,-0.25,0.06,2.96,169.2,33.5,-3.9
494.562,530.22,-33.882,0.41,67.462,-4.311,29.343,15.236,0,67.562,-4.576,14.0,-0.1,0.07,2.59,171.9,32.2,-3.1
494.662,526.387,-43.437,0.174,66.975,-5.527,29.427,6.091,0,67.015,-4.78,14.0,-0.04,0.09,2.42,172.3,26.6,-4.3
494.762,521.951,-47.544,0.38,66.41,-6.049,28.847,12.902,0,66.43,-5.638,-5.598,-0.02,0.1,2.32,172.3,21.5,-5.8
494.864,517.001,-48.67,0.352,65.78,-6.193,28.936,11.675,0,65.81,-5.872,-5.812,-0.03,0.12,2.28,172.4,17.2,-7.8
494.964,512.355,-47.475,0.086,65.189,-6.04,29.576,2.398,0,65.289,-5.599,-5.558,-0.1,0.14,2.29,172.4,15.1,-10.6
495.066,507.754,-43.966,-0.074,64.604,-5.594,30.437,-0.87,0,64.794,-5.338,-5.338,-0.19,0.17,2.35,172.9,13.8,-13.4
495.164,503.383,-43.873,-0.198,64.048,-5.582,30.851,-6.299,0,64.298,-5.177,-5.173,-0.25,0.21,2.44,172.7,12.9,-16.5
495.264,499.248,-39.672,-0.048,63.522,-5.048,30.652,-0.919,0,63.772,-5.223,-5.122,-0.25,0.24,2.56,174.1,15.3,-20.0
495.366,495.204,-38.643,0.067,63.007,-4.917,30.355,1.979,0,63.207,-5.354,-5.148,-0.2,0.25,2.71,171.8,17.5,-23.5
495.464,491.213,-38.983,0.174,62.499,-4.96,30.136,3.722,0,62.619,-5.575,-5.335,-0.12,0.24,2.84,172.2,18.3,-25.5
495.566,487.165,-39.788,0.23,61.984,-5.062,29.813,4.596,0,62.004,-5.785,-5.745,-0.02,0.23,3.05,-176.1,16.5,-24.0
495.666,482.962,-44.661,0.188,61.449,-5.682,29.802,5.404,0,61.379,-5.984,-5.984,0.07,0.22,3.03,-174.8,15.1,-24.1
495.763,478.457,-47.748,0.202,60.876,-6.075,29.439,4.932,0,60.726,-6.208,-6.208,0.15,0.22,3.11,-166.6,18.4,-22.7
495.865,473.703,-47.312,0.232,60.271,-6.02,29.462,11.461,0,60.061,-6.394,-6.394,0.21,0.23,3.33,168.9,2.5,-23.9
495.964,468.777,-50.408,0.042,59.645,-6.414,29.736,8.313,0,59.395,-6.487,-6.487,0.25,0.21,3.33,-173.7,12.1,-22.9
496.06,463.729,-50.422,0.064,59.002,-6.415,29.818,8.836,0,58.702,-6.676,-6.702,0.3,0.2,3.4,158.3,-9.1,-17.7
496.161,458.602,-50.372,0.301,58.35,-6.409,29.514,9.159,0,57.99,-6.837,-6.914,0.36,0.2,3.45,-176.5,12.7,-18.5
496.267,453.315,-54.53,0.093,57.677,-6.938,29.553,6.463,0,57.247,-7.086,-7.205,0.43,0.22,3.44,-175.6,13.1,-14.2
496.37,447.858,-57.523,0.145,56.983,-7.319,29.51,5.62,0,56.493,-7.238,-7.423,0.49,0.24,3.41,-177.1,14.9,-8.2
496.464,442.189,-57.118,0.182,56.262,-7.267,29.345,7.474,0,55.692,-7.568,-7.794,0.57,0.28,3.55,-177.0,17.8,0.5
496.567,436.321,-60.586,0.176,55.515,-7.709,29.192,6.761,0,54.955,-7.47,-7.841,0.56,0.3,3.28,166.7,0.8,7.1
496.667,430.204,-60.814,0.101,54.737,-7.738,29.361,5.188,0,54.207,-7.495,-7.97,0.53,0.35,3.08,-172.8,23.3,10.2
496.768,424.003,-63.291,0.113,53.948,-8.053,29.514,3.528,0,53.498,-7.321,-7.894,0.45,0.43,2.82,179.2,25.2,12.4
496.867,417.741,-62.27,-0.014,53.151,-7.923,29.989,2.252,0,52.821,-7.091,-7.73,0.33,0.52,2.45,-174.3,26.9,14.6
496.969,411.568,-59.748,-0.002,52.366,-7.602,30.282,0.441,0,52.166,-6.883,-7.283,0.2,0.63,2.17,-177.1,26.4,14.2
497.07,405.537,-58.059,-0.043,51.598,-7.387,30.531,-2.336,0,51.508,-6.789,-6.969,0.09,0.75,1.93,177.7,23.7,12.3
497.169,399.811,-56.218,-0.23,50.87,-7.153,31.159,-7.838,0,51.508,-6.789,-6.789,,,,,,
497.267,394.411,-53.945,-0.04,50.183,-6.864,30.755,-2.377,0,51.508,-6.789,-6.789,,,,,,
497.369,389.147,-51.432,0.115,49.513,-6.544,30.126,1.134,0,51.508,-6.789,-6.789,,,,,,
497.466,383.848,-55.129,0.011,48.839,-7.014,30.101,1.587,0,51.508,-6.789,-6.789,,,,,,
497.567,378.477,-53.64,0.114,48.155,-6.825,29.866,4.003,0,51.508,-6.789,-6.789,,,,,,
497.665,373.148,-51.913,0.104,47.477,-6.605,29.953,1.012,0,51.508,-6.789,-6.789,,,,,,
497.766,367.817,-54.516,-0.015,46.799,-6.936,30.108,1.335,0,51.508,-6.789,-6.789,,,,,,
497.866,362.504,-53.121,0.109,46.123,-6.759,29.9,4.292,0,51.508,-6.789,-6.789,,,,,,
497.967,357.18,-51.956,0.119,45.446,-6.611,29.893,3.27,0,51.508,-6.789,-6.789,,,,,,
498.067,351.853,-55.379,0.004,44.768,-7.046,30.106,0.658,0,51.508,-6.789,-6.789,,,,,,
498.168,346.537,-52.575,0.138,44.091,-6.689,29.884,5.046,44.091,44.091,-6.789,0,,,,,,
498.269,341.227,-51.191,-0.08,43.416,-6.513,30.451,-2.935,0,42.716,-6.997,-7.893,0.7,1.04,2.85,177.7,2.8,-23.6
498.368,336.307,-48.339,-0.043,42.79,-6.15,30.803,0.257,0,41.98,-7.094,-7.81,0.81,0.84,2.97,-177.7,1.0,-26.0
498.469,331.289,-54.063,0.234,42.151,-6.879,28.977,16.258,0,41.101,-7.779,-8.298,1.05,0.64,3.07,-172.2,2.5,-27.4
498.568,325.551,-59.926,0.463,41.421,-7.625,28.082,14.815,0,40.111,-8.581,-9.061,1.31,0.46,3.39,-165.3,2.3,-26.4
498.666,319.15,-66.279,0.287,40.607,-8.433,28.016,18.12,0,39.237,-8.679,-9.427,1.37,0.24,3.34,-162.5,9.0,-24.2
498.765,312.144,-72.279,0.328,39.716,-9.196,27.682,18.535,0,38.276,-9.021,-9.946,1.44,0.08,3.39,-156.6,9.7,-19.7
498.861,304.69,-75.596,0.28,38.767,-9.618,27.863,17.531,0,37.337,-9.223,-10.361,1.43,-0.04,3.27,144.0,31.5,-13.1
498.963,296.845,-81.91,0.312,37.769,-10.422,27.792,11.776,0,36.389,-9.305,-10.606,1.38,-0.1,3.1,150.6,34.6,-2.8
499.065,288.651,-82.535,0.184,36.726,-10.501,27.958,14.748,0,35.496,-9.173,-10.651,1.23,-0.08,2.79,-152.0,15.4,3.1
499.166,280.277,-83.758,0.123,35.661,-10.657,28.724,4.574,0,34.581,-9.145,-10.669,1.08,0.0,2.55,-156.9,14.5,8.0
499.268,271.884,-85.512,0.136,34.593,-10.88,29.194,2.294,0,33.723,-8.93,-10.484,0.87,0.15,2.26,-160.3,12.3,11.4
499.368,263.528,-82.35,0.036,33.53,-10.478,29.603,0.258,0,32.88,-8.726,-10.026,0.65,0.34,2.03,-166.5,6.9,11.9
499.468,255.332,-81.059,-0.069,32.487,-10.313,30.227,-5.759,0,31.997,-8.789,-9.769,0.49,0.67,2.23,-172.3,1.8,10.7
499.568,247.398,-77.483,-0.045,31.478,-9.858,30.656,-4.091,0,31.997,-8.789,-8.789,,,,,,
499.668,239.81,-75.794,-0.1,30.512,-9.644,30.638,-5.645,0,31.997,-8.789,-8.789,,,,,,
499.768,232.657,-67.764,-0.215,29.602,-8.622,31.326,-2.109,0,31.997,-8.789,-8.789,,,,,,
499.868,225.839,-69.726,0.011,28.735,-8.872,30.225,2.332,0,31.997,-8.789,-8.789,,,,,,
499.968,219.037,-67.778,0.244,27.869,-8.624,28.986,10.134,0,27.589,-8.788,-9.348,0.28,1.37,3.86,154.5,9.7,-8.3
500.072,212.147,-69.13,0.279,26.992,-8.796,28.507,13.308,0,26.942,-7.888,-7.988,0.05,-1.43,3.75,-145.2,1.6,-3.2
500.17,204.909,-74.763,0.18,26.072,-9.512,28.888,0.068,0,26.022,-8.391,-8.491,0.05,0.11,4.03,-157.4,6.4,-8.0
500.266,197.921,-69.574,-0.147,25.182,-8.852,30.908,-9.959,0,26.022,-8.391,-8.391,,,,,,
500.367,191.319,-65.613,0.005,24.342,-8.348,30.167,0.546,0,26.022,-8.391,-8.391,,,,,,
500.469,184.806,-66.783,0.012,23.514,-8.497,29.61,6.324,0,23.354,-8.593,-8.913,0.16,0.33,3.77,163.8,-16.1,-21.9
500.569,178.22,-66.387,0.203,22.676,-8.447,28.966,10.371,0,23.354,-8.593,-8.593,,,,,,
500.667,171.309,-68.678,0.032,21.796,-8.738,29.345,3.582,0,23.354,-8.593,-8.593,,,,,,
500.77,164.524,-67.298,0.075,20.933,-8.563,29.649,3.582,0,20.683,-8.704,-9.032,0.25,-0.24,4.09,169.4,3.7,-26.2
500.871,157.744,-68.935,0.033,20.071,-8.771,29.578,7.276,0,19.761,-8.945,-9.183,0.31,1.39,3.97,167.2,5.9,-29.3
500.971,150.69,-71.156,0.151,19.173,-9.053,29.126,9.287,0,19.053,-8.184,-8.424,0.12,1.42,3.76,169.2,7.8,-24.9
501.072,143.528,-70.05,0.084,18.262,-8.913,29.395,3.395,0,18.062,-8.897,-9.137,0.2,0.71,4.0,179.2,10.2,-19.2
501.173,136.696,-66.473,-0.005,17.392,-8.458,30.33,2.386,0,17.272,-8.485,-8.725,0.12,-0.79,3.88,-179.8,-7.0,-17.1
501.272,129.784,-70.352,0.034,16.513,-8.951,29.199,4.18,0,17.272,-8.485,-8.485,,,,,,
501.371,122.917,-68.994,-0.003,15.639,-8.778,30.131,-2.495,0,17.272,-8.485,-8.485,,,,,,
501.478,116.268,-65.707,0.084,14.793,-8.36,29.612,4.358,0,14.893,-8.27,-8.27,-0.1,-0.25,3.84,167.2,0.6,-15.6
501.574,109.665,-64.357,0.024,13.953,-8.188,29.708,2.846,0,14.083,-8.184,-8.184,-0.13,0.82,3.82,157.1,-1.4,-16.0
501.674,103.113,-62.613,0.053,13.12,-7.967,29.907,2.541,0,13.25,-8.236,-8.235,-0.13,-0.12,4.21,163.8,0.1,-18.1
501.776,96.725,-63.579,0.123,12.307,-8.089,29.233,9.761,0,12.167,-9.232,-9.232,0.14,-1.01,4.22,169.4,7.1,-17.2
501.874,90.268,-65.628,0.206,11.485,-8.35,28.84,9.734,0,11.675,-7.546,-7.546,-0.19,-0.09,4.35,161.6,9.8,-20.1
501.975,83.436,-69.53,0.281,10.616,-8.847,28.582,4.397,0,10.826,-7.898,-7.898,-0.21,0.84,4.25,156.2,7.2,-22.0
502.075,76.766,-63.831,-0.287,9.767,-8.121,30.896,-8.326,0,10.127,-7.557,-7.557,-0.36,0.84,4.23,149.5,4.7,-18.7
502.177,70.617,-58.311,-0.026,8.985,-7.419,30.464,-0.712,0,9.245,-8.031,-7.855,-0.26,-0.34,4.38,163.3,10.9,-16.2
502.279,64.714,-59.126,0.134,8.234,-7.523,29.631,11.756,0,8.594,-7.446,-7.335,-0.36,-0.71,4.46,169.2,5.4,-13.4
502.378,58.652,-59.236,0.066,7.463,-7.537,29.489,4.74,0,7.773,-7.731,-7.474,-0.31,0.31,4.53,157.9,6.2,-11.2
502.477,52.785,-58.718,-0.056,6.716,-7.471,30.215,-2.511,-1.656,6.996,-7.731,14.0,-0.28,0.52,4.48,-167.6,-7.1,-7.1
502.579,47.177,-53.31,-0.008,6.003,-6.783,30.391,-2.097,0,6.233,-7.731,14.0,-0.23,-0.11,4.39,153.9,10.3,-4.8
502.681,41.889,-53.51,-0.141,5.33,-6.808,30.634,-4.341,0,5.46,-7.731,14.0,-0.13,-0.74,4.33,167.5,6.5,-2.4
502.782,36.922,-50.238,-0.109,4.698,-6.392,30.702,-4.47,0,4.778,-7.731,14.0,-0.08,-0.45,4.64,161.5,12.3,1.6
502.883,32.271,-44.6,-0.042,4.106,-5.675,30.526,-1.29,0,4.026,-7.731,14.0,0.08,-0.02,4.67,156.2,15.0,1.4
502.983,27.936,-43.681,-0.127,3.554,-5.558,30.668,-4.74,0,3.334,-7.731,14.0,0.22,-0.17,4.51,158.5,12.1,4.0
503.083,23.902,-40.577,-0.165,3.041,-5.163,30.75,-4.212,0,2.591,-7.731,14.0,0.45,-0.72,4.56,-145.0,8.2,9.6
503.184,20.188,-34.376,-0.026,2.569,-4.374,30.659,-3.357,0,1.899,-7.731,14.0,0.67,-0.69,4.6,166.6,13.4,8.3
503.284,16.772,-31.726,-0.065,2.134,-4.037,30.736,-1.23,0,1.264,-7.731,2.859,0.87,-0.37,4.45,165.2,13.7,8.5
503.385,13.684,-27.828,-0.155,1.741,-3.541,30.814,-7.231,0,0.711,-7.731,3.541,1.03,-0.45,4.19,164.9,7.6,11.7
503.481,11.079,-25.074,-0.219,1.41,-3.19,30.901,-8.985,-0.117,0.22,-7.731,0.0,1.19,-0.53,4.09,-145.1,24.0,20.0
503.586,8.666,-22.178,-0.102,1.103,-2.822,30.732,-5.634,-0.117,-0.277,-7.731,0.0,1.38,-0.23,3.98,169.4,11.9,18.4
503.684,6.686,-16.16,-0.24,0.851,-2.056,30.812,-10.927,-0.117,-0.649,-7.731,0.0,1.5,0.11,3.85,167.7,13.3,21.7
503.784,5.367,-9.97,-0.26,0.683,-1.268,30.729,-9.967,-0.117,-0.967,-7.731,0.0,1.65,0.18,3.72,171.4,15.3,26.9
503.882,4.682,-3.834,-0.329,0.596,-0.488,30.558,-12.421,-0.117,-1.174,-7.731,0.0,1.77,0.23,3.66,176.6,20.9,32.4
503.982,4.589,0.212,-0.249,0.584,0.027,30.444,-10.056,-0.117,-1.246,-7.731,0.0,1.83,0.45,3.55,176.1,23.7,36.8
504.081,4.607,0.151,-0.229,0.586,0.019,30.43,-9.213,-0.117,-1.284,-7.731,0.0,1.87,0.66,3.34,171.2,24.0,40.7
504.183,4.637,0.315,-0.167,0.59,0.04,30.451,-6.665,-0.117,-1.28,-7.731,0.0,1.87,0.72,3.28,-147.0,28.1,45.2
504.281,4.657,0.31,-0.119,0.593,0.039,30.444,-4.806,-0.117,-1.317,-7.731,0.0,1.91,0.72,3.35,178.0,32.4,51.7
504.379,4.703,0.278,-0.042,0.598,0.035,30.462,-1.153,-0.117,-1.312,-7.731,0.0,1.91,0.77,3.35,179.3,35.6,57.4
504.481,4.709,-0.012,-0.049,0.599,-0.002,30.501,-2.461,0.599,-1.271,-7.731,0.0,1.87,0.9,3.4,-179.6,41.5,61.0
504.58,4.709,-0.018,-0.051,0.599,-0.002,30.496,-1.713,0.599,-1.141,-7.731,0.0,1.74,0.96,3.45,-173.1,52.6,68.4
504.681,4.706,-0.04,-0.046,0.599,-0.005,30.496,-1.903,0.599,-0.971,-7.731,0.0,1.57,0.87,3.58,-157.9,60.7,85.9
504.779,4.705,0.027,-0.043,0.599,0.003,30.483,-2.088,0.599,-0.811,-7.731,0.0,1.41,0.75,3.81,-138.1,65.2,108.4
504.88,4.705,-0.012,-0.051,0.599,-0.002,30.501,-1.823,0.599,-0.591,-7.731,0.0,1.19,0.71,3.95,-109.3,66.2,139.3
504.98,4.707,-0.011,-0.038,0.599,-0.001,30.478,-1.974,0.599,-0.591,-7.731,0.0,,,,,,
505.077,4.711,0.089,-0.021,0.599,0.011,30.487,-0.858,-0.117,-0.591,-7.731,0.0,,,,,,
505.18,4.725,0.183,0.015,0.601,0.023,30.499,0.637,-0.117,-0.591,-7.731,0.0,,,,,,
505.279,4.737,0.131,0.043,0.603,0.017,30.512,2.019,-0.117,-0.591,-7.731,0.0,,,,,,
505.377,4.749,0.189,0.085,0.604,0.024,30.467,3.362,-0.117,-0.591,-7.731,0.0,,,,,,
505.483,4.755,0.015,0.096,0.605,0.002,30.467,3.734,0.605,-0.591,-7.731,0.0,,,,,,
505.583,4.76,0.02,0.105,0.606,0.003,30.476,4.25,0.606,-0.591,-7.731,0.0,,,,,,
505.679,4.761,-0.001,0.114,0.606,-0.0,30.487,4.669,0.606,-0.591,-7.731,0.0,,,,,,
505.78,4.761,0.01,0.134,0.606,0.001,30.474,5.311,0.606,-0.591,-7.731,0.0,,,,,,
505.883,4.762,-0.026,0.139,0.606,-0.003,30.471,5.881,0.606,-0.591,-7.731,0.0,,,,,,
505.985,4.761,-0.041,0.144,0.606,-0.005,30.462,6.094,0.606,-0.591,-7.731,0.0,,,,,,
506.08,4.761,-0.041,0.155,0.606,-0.005,30.455,6.31,0.606,-0.591,-7.731,0.0,,,,,,
506.182,4.76,-0.025,0.17,0.606,-0.003,30.462,6.802,0.606,1.576,-7.731,0.0,-0.97,0.46,3.73,-138.6,64.1,132.6
506.285,4.759,-0.047,0.169,0.605,-0.006,30.448,6.971,0.605,1.525,-7.731,0.0,-0.92,0.52,3.88,-165.4,64.5,114.0
506.391,4.756,0.027,0.187,0.605,0.003,30.448,7.521,0.605,1.445,-7.731,0.0,-0.84,0.64,4.01,176.2,58.9,100.6
506.486,4.755,-0.063,0.182,0.605,-0.008,30.464,7.639,0.605,1.335,-7.731,0.0,-0.73,0.6,4.14,155.7,55.8,88.5
506.586,4.748,-0.002,0.189,0.604,-0.0,30.471,7.647,0.604,1.204,-7.731,0.0,-0.6,0.39,4.3,143.2,47.0,83.1
506.684,4.747,-0.048,0.193,0.604,-0.006,30.458,7.779,0.604,1.094,-7.731,0.0,-0.49,0.22,4.48,135.0,38.6,79.1
506.785,4.74,-0.137,0.166,0.603,-0.017,30.448,7.025,-0.117,0.973,-7.731,0.0,-0.37,0.22,4.63,-139.6,-26.7,80.8
506.885,4.723,-0.088,0.143,0.601,-0.011,30.464,5.744,-0.117,0.821,-7.731,0.0,-0.22,0.23,4.63,123.6,27.1,73.6
506.984,4.711,-0.092,0.121,0.599,-0.012,30.469,4.763,-0.117,0.689,-7.731,0.0,-0.09,0.16,4.7,122.1,21.3,72.9
507.081,4.7,-0.106,0.106,0.598,-0.013,30.458,4.4,-0.117,0.518,-7.731,0.0,0.08,0.14,4.77,121.4,14.9,72.7
507.185,4.696,-0.003,0.105,0.597,-0.0,30.471,4.208,0.597,0.377,-7.731,0.0,0.22,0.2,4.58,120.6,11.4,68.6
507.281,4.693,-0.029,0.097,0.597,-0.004,30.512,3.663,0.597,0.207,-7.731,0.0,0.39,0.24,4.53,125.6,11.6,65.1
507.385,4.684,-0.05,0.074,0.596,-0.006,30.49,2.756,0.596,0.066,-7.731,0.0,0.53,0.2,4.56,130.0,10.2,63.3
507.482,4.677,-0.057,0.061,0.595,-0.007,30.501,2.29,0.595,-0.035,-7.731,0.0,0.63,0.15,4.49,136.5,11.3,61.3
507.582,4.676,0.021,0.053,0.595,0.003,30.496,2.598,0.595,-0.105,-7.731,0.0,0.7,0.16,4.48,141.9,15.0,58.8
507.68,4.676,-0.005,0.063,0.595,-0.001,30.499,2.156,0.595,-0.155,-7.731,0.0,0.75,0.19,4.48,151.7,18.9,57.9
507.784,4.676,0.013,0.056,0.595,0.002,30.476,2.504,0.595,-0.205,-7.731,0.0,0.8,0.15,4.59,157.7,19.3,56.5
507.885,4.676,-0.039,0.054,0.595,-0.005,30.478,2.731,0.595,-0.165,-7.731,0.0,0.76,0.1,4.35,159.6,29.3,55.3
507.98,4.676,-0.02,0.059,0.595,-0.003,30.496,2.186,0.595,-0.145,-7.731,0.0,0.74,0.08,4.29,167.5,24.4,56.3
508.083,4.676,-0.002,0.057,0.595,-0.0,30.501,2.256,0.595,-0.115,-7.731,0.0,0.71,0.09,4.43,179.4,29.1,57.8
508.184,4.677,0.025,0.055,0.595,0.003,30.496,2.136,0.595,-0.045,-7.731,0.0,0.64,0.17,4.35,-175.0,34.9,59.5
508.28,4.677,0.019,0.057,0.595,0.002,30.501,2.026,0.595,0.035,-7.731,0.0,0.56,0.22,4.36,-169.0,37.9,62.2
508.384,4.677,0.021,0.052,0.595,0.003,30.494,2.275,0.595,0.155,-7.731,0.0,0.44,0.18,4.25,-161.0,38.0,65.0
508.482,4.678,0.017,0.058,0.595,0.002,30.531,1.991,0.595,0.265,-7.731,0.0,0.33,0.14,4.33,-156.4,34.2,67.4
508.589,4.679,0.025,0.06,0.595,0.003,30.471,2.204,0.595,0.395,-7.731,0.0,0.2,0.22,4.27,-154.0,39.1,69.1
508.688,4.68,0.059,0.059,0.595,0.007,30.496,2.105,0.595,0.525,-7.731,0.0,0.07,0.32,4.19,-155.8,40.3,68.4
508.784,4.683,0.08,0.07,0.596,0.01,30.515,2.497,-0.117,0.646,-7.731,0.0,-0.05,0.28,4.19,-154.6,36.8,66.8
508.882,4.686,-0.014,0.063,0.596,-0.002,30.517,2.435,0.596,0.726,-7.731,0.0,-0.13,0.24,4.21,-158.7,38.3,67.6
508.987,4.686,0.022,0.068,0.596,0.003,30.519,2.818,0.596,0.806,-7.731,0.0,-0.21,0.27,4.2,-163.7,37.7,65.2
509.078,4.687,-0.013,0.067,0.596,-0.002,30.48,3.276,0.596,0.856,-7.731,0.0,-0.26,0.25,4.15,-167.6,36.4,63.3
509.187,4.687,0.039,0.069,0.596,0.005,30.506,2.901,0.596,0.906,-7.731,0.0,-0.31,0.12,4.24,-171.4,32.3,61.8
509.283,4.69,0.051,0.087,0.597,0.006,30.478,3.673,0.597,0.977,-7.731,0.0,-0.38,0.0,4.44,177.5,28.8,57.1
509.382,4.694,0.034,0.087,0.597,0.004,30.517,3.345,0.597,1.027,-7.731,0.0,-0.43,-0.01,4.52,172.7,-31.7,61.5
509.482,4.694,-0.008,0.084,0.597,-0.001,30.512,3.44,0.597,1.037,-7.731,0.0,-0.44,-0.02,4.41,-178.4,12.8,56.4
509.581,4.694,0.004,0.086,0.597,0.001,30.49,3.541,0.597,1.037,-7.731,0.0,-0.44,-0.08,4.4,168.9,14.0,53.4
509.682,4.694,0.011,0.09,0.597,0.001,30.508,3.378,0.597,1.067,-7.731,0.0,-0.47,-0.07,4.65,162.5,10.2,51.7
509.789,4.694,0.025,0.098,0.597,0.003,30.506,3.304,0.597,1.017,-7.731,0.0,-0.42,0.01,4.27,158.4,13.0,48.2
509.887,4.694,0.014,0.089,0.597,0.002,30.499,3.603,0.597,1.027,-7.731,0.0,-0.43,0.09,4.45,156.6,13.0,46.6
509.989,4.694,0.042,0.092,0.597,0.005,30.48,3.501,0.597,0.987,-7.731,0.0,-0.39,0.17,4.28,-163.4,-12.1,46.3
510.085,4.694,-0.013,0.091,0.597,-0.002,30.487,3.842,0.597,0.937,-7.731,0.0,-0.34,0.2,4.27,156.0,0.1,44.1
510.181,4.694,-0.027,0.099,0.597,-0.003,30.496,3.812,0.597,0.907,-7.731,0.0,-0.31,0.19,4.57,-171.9,-0.7,41.0
510.287,4.694,-0.023,0.096,0.597,-0.003,30.517,3.964,0.597,0.827,-7.731,0.0,-0.23,0.15,4.59,-165.7,-10.2,37.2
510.383,4.693,-0.016,0.098,0.597,-0.002,30.501,3.68,0.597,0.757,-7.731,0.0,-0.16,0.16,4.47,-163.8,-1.5,35.2
510.482,4.693,-0.005,0.097,0.597,-0.001,30.524,3.226,0.597,0.687,-7.731,0.0,-0.09,0.17,4.37,-166.0,7.2,32.8
510.59,4.693,0.002,0.089,0.597,0.0,30.503,3.722,0.597,0.607,-7.731,0.0,-0.01,0.1,4.51,163.5,8.3,27.2
510.684,4.693,0.006,0.091,0.597,0.001,30.51,3.451,0.597,0.567,-7.731,0.0,0.03,0.06,4.44,-166.8,2.3,26.3
510.784,4.692,0.012,0.087,0.597,0.001,30.517,3.483,0.597,0.507,-7.731,0.0,0.09,0.03,4.55,168.5,20.0,21.7
510.881,4.691,-0.067,0.09,0.597,-0.009,30.496,3.651,0.597,0.447,-7.731,0.0,0.15,0.02,4.37,167.6,21.1,18.8
510.986,4.687,-0.061,0.083,0.596,-0.008,30.508,3.258,0.596,0.386,-7.731,0.0,0.21,-0.04,4.45,176.8,26.6,16.3
511.086,4.686,-0.009,0.07,0.596,-0.001,30.512,3.26,0.596,0.346,-7.731,0.0,0.25,-0.1,4.55,175.4,26.4,13.0
511.181,4.685,0.016,0.084,0.596,0.002,30.506,3.006,0.596,0.326,-7.731,0.0,0.27,-0.08,4.45,-176.0,28.1,11.3
511.281,4.685,0.005,0.079,0.596,0.001,30.524,3.422,0.596,0.326,-7.731,0.0,0.27,-0.01,4.46,-176.0,29.8,7.8
511.384,4.685,0.002,0.076,0.596,0.0,30.512,3.161,0.596,0.356,-7.731,0.0,0.24,0.02,4.42,-174.1,25.0,5.2
511.479,4.685,-0.004,0.069,0.596,-0.001,30.487,3.146,0.596,0.396,-7.731,0.0,0.2,0.03,4.33,-171.5,28.6,0.8
511.58,4.685,-0.004,0.072,0.596,-0.001,30.503,2.907,0.596,0.446,-7.731,0.0,0.15,0.06,4.33,-167.2,27.8,-3.7
511.682,4.685,0.015,0.068,0.596,0.002,30.515,2.709,0.596,0.476,-7.731,0.0,0.12,0.12,4.6,-175.0,19.4,-9.3
511.782,4.685,-0.012,0.069,0.596,-0.002,30.508,2.865,0.596,0.546,-7.731,0.0,0.05,0.17,4.44,-174.3,23.4,-10.5
511.89,4.686,-0.016,0.071,0.596,-0.002,30.503,2.968,0.596,0.616,-7.731,0.0,-0.02,0.14,4.35,-171.5,20.7,-15.2
511.984,4.686,0.031,0.084,0.596,0.004,30.503,3.122,0.596,0.696,-7.731,0.0,-0.1,0.1,4.48,-172.8,18.8,-18.2
512.087,4.686,-0.032,0.082,0.596,-0.004,30.499,3.155,0.596,0.776,-7.731,0.0,-0.18,0.1,4.46,-178.3,14.1,-23.6
512.182,4.686,0.017,0.081,0.596,0.002,30.508,3.11,0.596,0.906,-7.731,0.0,-0.31,0.17,4.48,-171.9,14.7,-28.0
512.279,4.687,0.023,0.076,0.596,0.003,30.506,3.131,0.596,0.966,-7.731,0.0,-0.37,0.17,4.26,166.8,17.9,-34.1
512.387,4.687,-0.008,0.08,0.596,-0.001,30.524,3.291,0.596,1.086,-7.731,0.0,-0.49,0.21,4.53,-175.8,8.6,-34.6
512.48,4.687,-0.027,0.076,0.596,-0.003,30.51,3.474,0.596,1.136,-7.731,0.0,-0.54,0.22,4.2,173.6,5.3,-41.5
512.587,4.688,-0.001,0.085,0.596,-0.0,30.499,3.236,0.596,1.236,-7.731,0.0,-0.64,0.27,4.33,-175.4,0.8,-47.4
512.68,4.689,0.034,0.083,0.597,0.004,30.533,3.284,0.597,1.257,-7.731,0.0,-0.66,0.28,4.19,167.6,7.9,-52.8
512.783,4.692,-0.009,0.087,0.597,-0.001,30.496,3.666,0.597,1.317,-7.731,0.0,-0.72,0.28,4.32,-162.0,3.5,-54.2
512.883,4.692,-0.027,0.09,0.597,-0.003,30.512,3.746,0.597,1.357,-7.731,0.0,-0.76,0.27,4.34,-179.0,5.4,-59.6
512.983,4.692,0.032,0.09,0.597,0.004,30.506,3.204,0.597,1.387,-7.731,0.0,-0.79,0.28,4.37,176.8,7.5,-64.6
513.082,4.692,-0.018,0.082,0.597,-0.002,30.522,3.517,0.597,1.367,-7.731,0.0,-0.77,0.3,4.16,-158.6,-22.8,-74.0
513.188,4.692,0.018,0.095,0.597,0.002,30.515,3.511,0.597,1.357,-7.731,0.0,-0.76,0.29,4.17,-166.5,9.9,-70.7
513.28,4.693,-0.001,0.091,0.597,-0.0,30.515,3.439,0.597,1.347,-7.731,0.0,-0.75,0.26,4.16,-172.7,5.8,-76.5
513.383,4.693,0.003,0.088,0.597,0.0,30.519,3.63,0.597,1.307,-7.731,0.0,-0.71,0.24,4.16,-179.9,13.8,-79.5
513.483,4.692,-0.008,0.092,0.597,-0.001,30.517,3.755,0.597,1.277,-7.731,0.0,-0.68,0.27,4.16,-173.3,10.2,-83.7
513.586,4.692,-0.002,0.096,0.597,-0.0,30.471,4.063,0.597,1.227,-7.731,0.0,-0.63,0.29,4.28,171.9,-20.0,-88.2
513.68,4.692,-0.014,0.091,0.597,-0.002,30.499,4.103,0.597,1.207,-7.731,0.0,-0.61,0.28,4.62,-173.7,12.8,-87.4
513.783,4.692,-0.006,0.084,0.597,-0.001,30.515,3.622,0.597,1.097,-7.731,0.0,-0.5,0.25,4.26,-167.7,17.2,-91.9
513.884,4.692,0.003,0.086,0.597,0.0,30.506,3.856,0.597,1.047,-7.731,0.0,-0.45,0.32,4.43,-169.8,-23.0,-101.9
513.984,4.691,-0.03,0.089,0.597,-0.004,30.503,3.664,0.597,0.967,-7.731,0.0,-0.37,0.39,4.32,-169.5,18.3,-97.7
514.083,4.69,-0.008,0.086,0.597,-0.001,30.522,3.727,0.597,0.897,-7.731,0.0,-0.3,0.43,4.34,177.8,16.5,-102.2
514.182,4.688,-0.024,0.082,0.597,-0.003,30.51,3.03,0.597,0.827,-7.731,0.0,-0.23,0.45,4.32,178.8,18.8,-103.5
514.282,4.687,-0.017,0.081,0.596,-0.002,30.506,3.465,0.596,0.766,-7.731,0.0,-0.17,0.49,4.32,177.9,19.4,-105.5
514.384,4.687,-0.019,0.083,0.596,-0.002,30.515,3.095,0.596,0.706,-7.731,0.0,-0.11,0.5,4.3,-176.3,16.5,-106.5
514.48,4.686,-0.007,0.086,0.596,-0.001,30.535,3.425,0.596,0.656,-7.731,0.0,-0.06,0.5,4.37,176.9,16.8,-108.1
514.584,4.686,-0.011,0.08,0.596,-0.001,30.51,3.399,0.596,0.626,-7.731,0.0,-0.03,0.47,4.37,176.7,15.9,-109.4
514.682,4.686,-0.004,0.085,0.596,-0.001,30.503,3.132,0.596,0.606,-7.731,0.0,-0.01,0.42,4.34,175.2,16.1,-110.8
514.78,4.686,-0.029,0.084,0.596,-0.004,30.535,3.521,0.596,0.606,-7.731,0.0,-0.01,0.4,4.35,173.5,14.2,-112.3
514.88,4.686,0.005,0.083,0.596,0.001,30.503,3.655,0.596,0.606,-7.731,0.0,-0.01,0.39,4.36,174.1,15.0,-112.8
514.979,4.686,0.025,0.086,0.596,0.003,30.524,3.512,0.596,0.626,-7.731,0.0,-0.03,0.38,4.37,167.6,16.7,-115.2
515.083,4.686,0.03,0.082,0.596,0.004,30.533,3.079,0.596,0.656,-7.731,0.0,-0.06,0.36,4.35,165.9,19.2,-115.5
515.183,4.686,-0.019,0.081,0.596,-0.002,30.522,3.367,0.596,0.686,-7.731,0.0,-0.09,0.36,4.32,171.7,14.9,-115.7
515.281,4.686,-0.008,0.086,0.596,-0.001,30.517,3.207,0.596,0.736,-7.731,0.0,-0.14,0.4,4.32,166.7,19.5,-118.0
515.387,4.686,-0.008,0.082,0.596,-0.001,30.531,2.916,0.596,0.786,-7.731,0.0,-0.19,0.43,4.3,168.9,13.3,-118.3
515.481,4.686,0.007,0.083,0.596,0.001,30.512,3.307,0.596,0.836,-7.731,0.0,-0.24,0.44,4.29,169.2,8.8,-119.8
515.588,4.687,0.032,0.087,0.596,0.004,30.528,3.038,0.596,0.896,-7.731,0.0,-0.3,0.46,4.33,167.3,18.4,-120.9
515.686,4.687,-0.012,0.079,0.596,-0.002,30.528,3.097,0.596,0.946,-7.731,0.0,-0.35,0.5,4.26,168.5,11.1,-122.5
515.786,4.687,-0.008,0.084,0.596,-0.001,30.508,3.968,0.596,1.016,-7.731,0.0,-0.42,0.55,4.25,170.5,22.7,-121.4
515.89,4.687,-0.014,0.077,0.596,-0.002,30.531,3.236,0.596,1.096,-7.731,0.0,-0.5,0.59,4.48,-174.4,20.9,-119.1
515.983,4.687,0.004,0.083,0.596,0.001,30.515,3.202,0.596,1.136,-7.731,0.0,-0.54,0.57,4.35,178.8,19.8,-122.2
516.086,4.687,-0.016,0.079,0.596,-0.002,30.547,3.57,0.596,1.186,-7.731,0.0,-0.59,0.58,4.44,-172.9,20.5,-121.2
516.184,4.688,0.013,0.085,0.596,0.002,30.531,3.358,0.596,1.236,-7.731,0.0,-0.64,0.58,4.51,-177.5,19.0,-121.8
516.285,4.688,-0.035,0.083,0.596,-0.004,30.506,3.346,0.596,1.216,-7.731,0.0,-0.62,0.52,4.13,179.7,23.7,-123.0
516.38,4.689,0.041,0.088,0.597,0.005,30.51,3.169,0.597,1.257,-7.731,0.0,-0.66,0.51,4.27,-175.5,19.1,-123.0
516.487,4.69,0.012,0.093,0.597,0.002,30.519,3.148,0.597,1.267,-7.731,0.0,-0.67,0.49,4.27,-177.8,19.7,-122.9
516.585,4.691,-0.03,0.084,0.597,-0.004,30.526,3.814,0.597,1.257,-7.731,0.0,-0.66,0.48,4.17,179.3,14.0,-125.0
516.684,4.691,0.007,0.1,0.597,0.001,30.542,3.844,0.597,1.267,-7.731,0.0,-0.67,0.51,4.25,-174.2,18.7,-122.0
516.784,4.691,-0.047,0.079,0.597,-0.006,30.526,3.756,0.597,1.247,-7.731,0.0,-0.65,0.51,4.26,-172.2,17.7,-121.4
516.888,4.691,0.024,0.094,0.597,0.003,30.533,3.84,0.597,1.227,-7.731,0.0,-0.63,0.5,4.3,-161.4,-22.2,-128.1
516.987,4.691,-0.01,0.092,0.597,-0.001,30.526,3.829,0.597,1.177,-7.731,0.0,-0.58,0.48,4.22,-178.2,11.1,-122.6
517.084,4.691,0.023,0.095,0.597,0.003,30.535,3.606,0.597,1.117,-7.731,0.0,-0.52,0.47,4.1,-167.5,16.7,-118.5
517.195,4.691,0.012,0.084,0.597,0.001,30.54,3.326,0.597,1.067,-7.731,0.0,-0.47,0.47,4.19,-168.6,22.6,-116.1
517.287,4.69,-0.004,0.085,0.597,-0.0,30.524,3.462,0.597,1.007,-7.731,0.0,-0.41,0.45,4.25,-179.1,21.4,-117.2
517.388,4.689,-0.015,0.099,0.597,-0.002,30.528,3.681,0,0.957,-7.731,1.2,-0.36,0.44,4.49,-175.6,-20.6,-119.6
517.488,4.68,-0.566,0.257,0.596,-0.072,30.49,9.764,0,0.886,-7.731,1.45,-0.29,0.43,4.46,-171.1,19.4,-114.2
517.586,4.231,-7.623,0.25,0.538,-0.97,30.337,8.961,0,0.758,-7.731,2.655,-0.22,0.42,4.33,-166.9,10.5,-114.6
517.683,3.161,-13.234,0.223,0.402,-1.684,30.167,8.278,0,0.612,-7.731,2.984,-0.21,0.41,4.38,-174.1,13.1,-111.8
517.788,1.915,-10.595,0.218,0.244,-1.348,30.218,8.567,0,0.484,-7.731,2.348,-0.24,0.41,4.38,-167.4,15.4,-109.7
517.888,0.96,-7.937,0.112,0.122,-1.01,30.341,6.903,0,0.402,-7.731,2.542,-0.28,0.4,4.29,-179.7,16.5,-110.4
517.988,0.276,-5.407,-0.093,0.035,-0.688,30.494,-3.572,0,0.385,-7.731,1.406,-0.35,0.39,4.27,-178.8,17.2,-107.9
518.088,-0.062,-1.235,-0.082,-0.008,-0.157,30.515,-3.164,0,0.392,-7.731,0.246,-0.4,0.43,4.46,-176.8,9.8,-106.5
518.186,-0.038,1.087,0.115,-0.005,0.138,30.517,3.64,-0.002,0.345,-7.731,0.0,-0.35,0.45,4.43,-175.3,12.7,-104.7
518.289,-0.01,-0.041,0.067,-0.001,-0.005,30.531,2.303,-0.001,0.279,-7.731,0.0,-0.28,0.4,4.31,173.8,13.9,-104.6
518.386,-0.017,-0.002,0.053,-0.002,-0.0,30.531,2.379,-0.002,0.258,-7.731,0.0,-0.26,0.39,4.31,173.5,13.9,-103.1
518.487,-0.017,-0.003,0.056,-0.002,-0.0,30.535,1.891,-0.002,0.228,-7.731,0.0,-0.23,0.44,4.32,179.9,6.8,-100.4
518.585,-0.017,0.037,0.047,-0.002,0.005,30.531,1.822,-0.002,0.208,-7.731,0.0,-0.21,0.44,4.43,177.4,13.1,-99.1
518.69,-0.017,-0.046,0.051,-0.002,-0.006,30.528,2.104,-0.002,0.208,-7.731,0.0,-0.21,0.38,4.46,-178.7,13.6,-95.8
518.786,-0.016,-0.003,0.039,-0.002,-0.0,30.515,1.733,0,0.188,-7.731,5.326,-0.19,0.36,4.41,-171.6,11.2,-93.5
518.885,-0.017,0.006,0.044,-0.002,0.001,30.533,2.007,0,0.208,-7.731,7.505,-0.21,0.39,4.52,-172.0,-17.9,-94.0
518.989,-0.016,0.002,0.044,-0.002,0.0,30.533,1.804,0,0.198,-7.731,5.634,-0.2,0.35,4.51,-174.2,-19.4,-89.7
519.088,-0.016,-0.057,0.036,-0.002,-0.007,30.528,1.66,0,0.198,-7.731,4.92,-0.2,0.29,4.34,168.3,19.3,-89.6
519.189,-0.016,0.007,0.04,-0.002,0.001,30.528,1.78,0,0.208,-7.731,6.082,-0.21,0.29,4.35,176.0,14.9,-86.3
519.287,-0.016,0.003,0.038,-0.002,0.0,30.524,1.29,0,0.238,-7.731,5.815,-0.24,0.31,4.34,177.6,15.4,-83.4
519.386,-0.015,0.066,0.035,-0.002,0.008,30.526,1.396,0,0.268,-7.731,5.862,-0.27,0.3,4.3,177.4,15.5,-82.5
519.491,-0.014,0.015,0.027,-0.002,0.002,30.538,1.446,0,0.308,-7.731,5.036,-0.31,0.32,4.4,-174.3,16.0,-79.8
519.585,-0.014,0.017,0.035,-0.002,0.002,30.528,1.115,0,0.348,-7.731,5.322,-0.35,0.34,4.29,179.6,14.3,-79.3
519.69,-0.012,-0.004,0.038,-0.002,-0.0,30.554,1.287,0,0.388,-7.731,5.508,-0.39,0.35,4.3,-172.7,17.4,-76.3
519.789,-0.011,0.024,0.043,-0.001,0.003,30.542,1.534,0,0.429,-7.731,4.928,-0.43,0.34,4.34,-170.9,14.3,-74.6
519.886,-0.009,0.028,0.043,-0.001,0.004,30.54,1.599,0,0.459,-7.731,5.656,-0.46,0.35,4.25,-169.0,15.3,-73.2
519.989,-0.008,0.036,0.048,-0.001,0.005,30.535,1.83,0,0.499,-7.731,5.605,-0.5,0.37,4.19,-169.0,6.1,-73.6
520.087,-0.007,-0.012,0.042,-0.001,-0.002,30.538,1.476,0,0.529,-7.731,8.198,-0.53,0.33,4.18,-167.7,7.3,-72.1
520.192,-0.005,0.018,0.048,-0.001,0.002,30.538,1.69,0,0.569,-7.731,9.001,-0.57,0.32,4.23,-167.9,12.6,-70.1
520.289,-0.004,-0.024,0.047,-0.001,-0.003,30.535,1.982,0,0.579,-7.731,8.419,-0.58,0.32,4.15,-165.0,3.2,-70.3
520.395,-0.002,0.033,0.048,-0.0,0.004,30.531,1.972,0,0.59,-7.731,9.123,-0.59,0.3,4.11,-162.2,11.6,-67.5
520.488,-0.0,0.035,0.054,-0.0,0.004,30.544,2.245,0,0.6,-7.731,8.701,-0.6,0.27,4.11,-160.4,11.0,-66.6
520.591,0.0,-0.004,0.059,0.0,-0.0,30.54,2.285,0,0.62,-7.731,8.418,-0.62,0.26,4.19,-171.5,7.0,-67.0
520.689,0.001,0.044,0.058,0.0,0.006,30.526,2.536,0,0.62,-7.731,8.59,-0.62,0.26,4.23,-171.3,5.6,-65.5
520.793,0.001,0.038,0.061,0.0,0.005,30.528,2.242,0,0.59,-7.731,8.249,-0.59,0.24,4.09,168.4,-23.8,-66.2
520.89,0.002,0.021,0.057,0.0,0.003,30.526,2.119,0,0.58,-7.731,8.802,-0.58,0.23,4.24,-167.9,9.1,-62.3
520.988,0.001,0.03,0.051,0.0,0.004,30.524,2.042,0,0.58,-7.731,8.444,-0.58,0.24,4.42,-169.8,7.2,-63.9
521.088,0.001,-0.02,0.051,0.0,-0.003,30.544,2.201,0,0.51,-7.731,11.343,-0.51,0.23,4.12,-159.7,9.1,-60.4
521.187,0.001,0.024,0.06,0.0,0.003,30.544,2.214,0,0.48,-7.731,14.0,-0.48,0.23,4.21,-162.9,16.4,-58.9
521.285,0.001,0.018,0.053,0.0,0.002,30.528,1.966,0,0.45,-7.731,14.0,-0.45,0.24,4.3,169.6,-21.5,-60.7
521.392,0.001,0.028,0.061,0.0,0.004,30.524,2.136,0,0.42,-7.731,14.0,-0.42,0.24,4.29,-166.3,6.1,-58.9
521.486,0.001,-0.031,0.05,0.0,-0.004,30.522,2.51,0,0.38,-7.731,14.0,-0.38,0.22,4.3,-160.4,16.0,-55.9
521.591,0.001,0.004,0.056,0.0,0.0,30.542,2.197,0,0.34,-7.731,14.0,-0.34,0.2,4.3,-161.5,17.1,-55.8
521.69,0.001,-0.027,0.056,0.0,-0.003,30.554,2.112,0,0.31,-7.731,14.0,-0.31,0.21,4.37,174.5,-5.7,-58.4
521.792,0.0,0.027,0.065,0.0,0.003,30.533,2.327,0,0.28,-7.731,14.0,-0.28,0.2,4.36,-174.8,5.6,-57.1
521.887,0.0,0.038,0.06,0.0,0.005,30.542,2.205,0,0.25,-7.731,14.0,-0.25,0.18,4.35,-164.0,16.0,-54.1
521.991,0.0,-0.045,0.056,0.0,-0.006,30.549,2.206,0,0.23,-7.731,14.0,-0.23,0.19,4.41,-166.5,15.1,-54.7
522.089,0.0,-0.001,0.057,0.0,-0.0,30.547,2.015,0,0.22,-7.731,14.0,-0.22,0.22,4.52,-179.5,10.2,-56.9
522.192,-0.0,0.018,0.052,-0.0,0.002,30.551,2.213,0,0.2,-7.731,14.0,-0.2,0.21,4.32,176.7,10.8,-56.1
522.29,-0.0,0.024,0.069,-0.0,0.003,30.57,1.943,0,0.2,-7.731,14.0,-0.2,0.22,4.31,168.7,-21.5,-54.5
522.396,0.0,-0.024,0.039,0.0,-0.003,30.544,2.14,0,0.21,-7.731,14.0,-0.21,0.23,4.41,-171.3,19.5,-53.9
522.489,-0.0,-0.041,0.055,-0.0,-0.005,30.544,2.549,0,0.23,-7.731,14.0,-0.23,0.24,4.53,173.7,11.9,-57.1
522.589,0.0,-0.015,0.059,0.0,-0.002,30.542,2.489,0,0.24,-7.731,14.0,-0.24,0.23,4.34,-165.2,16.9,-53.9
522.693,0.0,-0.012,0.054,0.0,-0.002,30.54,2.446,0,0.26,-7.731,14.0,-0.26,0.23,4.42,167.2,11.7,-56.3
522.789,0.0,-0.022,0.05,0.0,-0.003,30.535,2.537,0,0.28,-7.731,14.0,-0.28,0.23,4.37,-177.2,16.4,-54.1
522.888,0.0,-0.001,0.063,0.0,-0.0,30.526,2.373,0,0.33,-7.731,14.0,-0.33,0.22,4.62,180.0,12.2,-55.2
522.99,0.001,-0.028,0.057,0.0,-0.004,30.533,2.061,0,0.37,-7.731,14.0,-0.37,0.21,4.56,-167.4,5.3,-54.2
523.094,0.001,-0.015,0.063,0.0,-0.002,30.551,2.2,0,0.38,-7.731,14.0,-0.38,0.21,4.27,173.6,13.0,-54.9
523.192,0.001,0.083,0.064,0.0,0.011,30.531,2.283,0,0.43,-7.731,14.0,-0.43,0.21,4.35,-178.0,13.5,-53.1
523.288,0.001,0.001,0.062,0.0,0.0,30.538,2.095,0,0.47,-7.731,14.0,-0.47,0.19,4.32,-171.1,1.5,-53.9
523.391,0.001,0.019,0.06,0.0,0.002,30.549,2.416,0,0.51,-7.731,14.0,-0.51,0.2,4.32,-178.7,-23.7,-54.5
523.49,0.001,0.019,0.062,0.0,0.002,30.549,2.266,0,0.57,-7.731,14.0,-0.57,0.23,4.59,-173.3,-18.6,-56.0
523.598,0.001,0.043,0.058,0.0,0.006,30.538,2.509,0,0.59,-7.731,14.0,-0.59,0.23,4.47,173.5,5.9,-54.6
523.699,0.002,0.0,0.057,0.0,0.0,30.56,2.393,0,0.58,-7.731,14.0,-0.58,0.21,4.28,177.2,5.8,-52.6
523.789,0.002,-0.014,0.066,0.0,-0.002,30.558,2.331,0,0.59,-7.731,14.0,-0.59,0.23,4.24,170.2,10.3,-54.2
523.889,0.002,0.025,0.062,0.0,0.003,30.544,2.549,0,0.61,-7.731,14.0,-0.61,0.25,4.31,-171.4,9.4,-52.3
523.997,0.002,0.009,0.066,0.0,0.001,30.528,2.494,0,0.59,-7.731,14.0,-0.59,0.23,4.17,-164.0,8.5,-50.7
524.091,0.002,0.035,0.067,0.0,0.005,30.524,2.627,0,0.61,-7.731,14.0,-0.61,0.24,4.36,-168.1,12.0,-51.3
524.189,0.002,0.016,0.063,0.0,0.002,30.547,2.593,0,0.58,-7.731,14.0,-0.58,0.23,4.26,-172.4,12.1,-49.8
524.292,0.002,-0.008,0.061,0.0,-0.001,30.542,2.33,0,0.61,-7.731,14.0,-0.61,0.22,4.57,-172.0,5.3,-51.1
524.397,0.002,0.018,0.069,0.0,0.002,30.526,2.51,0,0.55,-7.731,14.0,-0.55,0.19,4.35,-174.7,7.1,-50.8
524.491,0.002,0.001,0.059,0.0,0.0,30.526,2.641,0,0.52,-7.731,13.059,-0.52,0.18,4.29,178.8,3.8,-49.8
524.594,0.002,-0.002,0.065,0.0,-0.0,30.567,2.616,0,0.49,-7.731,10.462,-0.49,0.18,4.33,177.1,-24.2,-49.3
524.698,0.002,-0.008,0.06,0.0,-0.001,30.542,2.437,0,0.45,-7.731,1.796,-0.45,0.16,4.33,-164.6,14.0,-46.0
524.798,0.002,-0.042,0.066,0.0,-0.005,30.522,2.422,0.0,0.41,-7.731,0.0,-0.41,0.15,4.33,-169.7,9.8,-47.2
524.888,0.002,0.003,0.06,0.0,0.0,30.549,2.408,0.0,0.37,-7.731,0.0,-0.37,0.16,4.22,-175.1,9.4,-46.2
524.997,0.001,-0.01,0.069,0.0,-0.001,30.554,2.195,0.0,0.35,-7.731,0.0,-0.35,0.16,4.37,167.7,6.7,-48.0
525.096,0.001,0.061,0.071,0.0,0.008,30.554,2.162,0.0,0.3,-7.731,0.0,-0.3,0.15,4.29,-174.2,11.0,-46.1
525.197,0.001,0.007,0.066,0.0,0.001,30.567,2.524,0.0,0.28,-7.731,0.0,-0.28,0.16,4.37,-165.7,-15.9,-47.7
525.294,0.001,0.041,0.071,0.0,0.005,30.526,2.332,0.0,0.25,-7.731,0.0,-0.25,0.16,4.34,-175.6,11.6,-44.6
525.396,0.001,-0.013,0.057,0.0,-0.002,30.556,2.196,0.0,0.23,-7.731,0.0,-0.23,0.16,4.32,178.5,12.0,-44.2
525.49,0.001,-0.042,0.052,0.0,-0.005,30.56,2.78,0.0,0.21,-7.731,0.0,-0.21,0.15,4.4,174.9,-0.2,-42.8
525.602,0.001,-0.007,0.06,0.0,-0.001,30.54,2.538,0.0,0.19,-7.731,0.0,-0.19,0.16,4.36,174.0,11.6,-43.0
525.697,0.001,0.026,0.061,0.0,0.003,30.549,2.647,0.0,0.19,-7.731,0.0,-0.19,0.16,4.31,179.3,13.4,-42.8
525.789,0.001,-0.033,0.06,0.0,-0.004,30.538,2.223,0.0,0.19,-7.731,0.0,-0.19,0.16,4.47,-178.9,10.2,-42.6
525.891,0.001,-0.013,0.055,0.0,-0.002,30.549,2.71,0.0,0.21,-7.731,0.0,-0.21,0.17,4.69,179.3,-18.4,-40.0
526.001,0.001,0.003,0.064,0.0,0.0,30.542,2.552,0.0,0.22,-7.731,0.0,-0.22,0.19,4.65,-179.1,15.8,-40.6
526.093,0.001,0.005,0.07,0.0,0.001,30.542,2.354,0.0,0.23,-7.731,0.0,-0.23,0.18,4.33,179.9,14.8,-41.8
526.188,0.001,0.003,0.063,0.0,0.0,30.535,2.811,0.0,0.26,-7.731,0.0,-0.26,0.17,4.36,-166.7,14.4,-40.6
526.297,0.001,0.014,0.071,0.0,0.002,30.563,2.588,0.0,0.29,-7.731,0.0,-0.29,0.18,4.29,172.7,12.5,-43.7
526.402,0.001,-0.009,0.062,0.0,-0.001,30.56,2.591,0.0,0.35,-7.731,0.0,-0.35,0.21,4.63,177.3,12.8,-45.3
526.495,0.001,-0.002,0.073,0.0,-0.0,30.558,2.665,0.0,0.37,-7.731,0.0,-0.37,0.2,4.41,-173.5,18.3,-43.6
526.592,0.001,-0.006,0.066,0.0,-0.001,30.528,2.384,0.0,0.41,-7.731,0.0,-0.41,0.19,4.4,176.5,9.5,-44.1
526.699,0.002,0.001,0.069,0.0,0.0,30.535,2.69,0.0,0.45,-7.731,0.0,-0.45,0.2,4.45,-161.2,-21.4,-49.2
526.8,0.002,0.003,0.064,0.0,0.0,30.528,2.677,0.0,0.48,-7.731,0.0,-0.48,0.2,4.39,177.2,11.2,-43.7
526.896,0.002,0.012,0.062,0.0,0.002,30.544,2.565,0.0,0.51,-7.731,0.0,-0.51,0.19,4.43,177.5,5.9,-42.8
527.001,0.002,-0.016,0.067,0.0,-0.002,30.538,2.475,0.0,0.52,-7.731,0.0,-0.52,0.17,4.23,172.8,7.3,-44.9
527.101,0.002,0.016,0.065,0.0,0.002,30.549,2.907,0.0,0.56,-7.731,0.0,-0.56,0.18,4.42,-167.9,8.0,-43.9
527.202,0.002,-0.012,0.063,0.0,-0.002,30.533,2.724,0.0,0.55,-7.731,0.0,-0.55,0.16,4.22,174.9,8.8,-44.5
527.297,0.002,0.026,0.066,0.0,0.003,30.551,2.844,0.0,0.56,-7.731,0.0,-0.56,0.16,4.23,173.5,9.6,-44.1
527.395,0.002,-0.002,0.067,0.0,-0.0,30.528,2.376,0.0,0.58,-7.731,0.0,-0.58,0.17,4.4,176.6,7.8,-45.2
527.495,0.002,0.023,0.064,0.0,0.003,30.531,2.604,0.0,0.56,-7.731,0.0,-0.56,0.16,4.35,-177.8,11.0,-43.5
527.594,0.002,0.012,0.064,0.0,0.002,30.544,2.651,0.0,0.56,-7.731,0.0,-0.56,0.16,4.46,-170.6,13.3,-42.7
527.692,0.002,0.013,0.06,0.0,0.002,30.54,2.799,0.0,0.52,-7.731,0.0,-0.52,0.16,4.27,-166.4,18.2,-41.7
527.794,0.002,-0.011,0.069,0.0,-0.001,30.544,2.84,0.0,0.5,-7.731,0.0,-0.5,0.16,4.3,176.0,11.9,-41.4
527.896,0.002,0.008,0.06,0.0,0.001,30.533,2.797,0.0,0.5,-7.731,0.0,-0.5,0.16,4.54,177.8,9.7,-40.3
527.992,0.002,-0.006,0.07,0.0,-0.001,30.558,2.588,0.0,0.45,-7.731,0.0,-0.45,0.15,4.32,-173.8,14.2,-39.8
528.093,0.002,0.019,0.072,0.0,0.002,30.544,2.291,0.0,0.42,-7.731,0.0,-0.42,0.15,4.41,174.8,-26.4,-39.0
528.2,0.002,0.02,0.067,0.0,0.002,30.551,2.75,0.0,0.4,-7.731,0.0,-0.4,0.15,4.47,-172.6,-22.9,-40.9
528.297,0.001,0.0,0.066,0.0,0.0,30.535,2.533,0.0,0.36,-7.731,0.0,-0.36,0.14,4.49,177.1,12.2,-39.5
528.396,0.001,-0.026,0.064,0.0,-0.003,30.542,2.339,0.0,0.31,-7.731,0.0,-0.31,0.13,4.28,-179.0,9.9,-38.3
528.501,0.001,0.012,0.065,0.0,0.001,30.526,2.422,0.0,0.3,-7.731,0.0,-0.3,0.13,4.62,-173.2,10.6,-36.8
528.6,0.001,0.005,0.069,0.0,0.001,30.526,2.928,0.0,0.27,-7.731,0.0,-0.27,0.11,4.43,-174.7,9.8,-37.8
528.705,0.001,-0.009,0.069,0.0,-0.001,30.531,2.519,0.0,0.24,-7.731,0.0,-0.24,0.11,4.48,-168.4,13.9,-35.8
528.807,0.001,0.003,0.066,0.0,0.0,30.547,2.696,0.0,0.23,-7.731,0.0,-0.23,0.12,4.67,177.4,5.1,-35.0
528.897,0.001,0.015,0.071,0.0,0.002,30.542,2.529,0.0,0.2,-7.731,0.0,-0.2,0.11,4.42,176.0,-20.3,-36.2
528.997,0.001,-0.001,0.069,0.0,-0.0,30.538,2.694,0.0,0.2,-7.731,0.0,-0.2,0.1,4.4,-174.1,15.1,-36.1
529.099,0.001,0.041,0.08,0.0,0.005,30.542,2.468,0.0,0.2,-7.731,0.0,-0.2,0.12,4.49,-172.0,16.2,-34.5
529.201,0.001,-0.019,0.067,0.0,-0.002,30.554,3.076,0.0,0.2,-7.731,0.0,-0.2,0.13,4.41,-168.3,9.1,-35.1
529.295,0.001,0.01,0.066,0.0,0.001,30.535,2.5,0.0,0.21,-7.731,0.0,-0.21,0.12,4.43,-172.4,19.5,-33.6
529.399,0.001,-0.008,0.065,0.0,-0.001,30.551,2.404,0.0,0.22,-7.731,0.0,-0.22,0.12,4.45,-178.9,14.9,-34.5
529.501,0.001,-0.008,0.066,0.0,-0.001,30.549,2.672,0.0,0.24,-7.731,0.0,-0.24,0.14,4.41,178.6,19.1,-34.6
529.593,0.001,-0.002,0.074,0.0,-0.0,30.554,2.44,0.0,0.27,-7.731,0.0,-0.27,0.15,4.52,-172.8,17.4,-31.3
529.692,0.001,0.008,0.074,0.0,0.001,30.567,2.756,0.0,0.29,-7.731,0.0,-0.29,0.13,4.45,-177.3,11.4,-32.8
529.798,0.001,-0.027,0.068,0.0,-0.003,30.563,2.86,0.0,0.33,-7.731,0.0,-0.33,0.14,4.46,-175.0,17.9,-31.5
529.902,0.001,-0.009,0.062,0.0,-0.001,30.567,2.816,0.0,0.35,-7.731,0.0,-0.35,0.15,4.4,-178.0,14.2,-32.6
529.994,0.001,0.009,0.062,0.0,0.001,30.544,2.692,0.0,0.39,-7.731,0.0,-0.39,0.15,4.44,-179.0,9.5,-31.1
530.093,0.001,0.012,0.067,0.0,0.002,30.547,2.86,0.0,0.42,-7.731,0.0,-0.42,0.15,4.46,-171.3,11.9,-29.7
530.202,0.001,-0.022,0.068,0.0,-0.003,30.572,2.745,0.0,0.45,-7.731,0.0,-0.45,0.16,4.46,-172.4,11.8,-29.7
530.302,0.002,-0.018,0.071,0.0,-0.002,30.556,2.603,0.0,0.46,-7.731,0.0,-0.46,0.16,4.28,175.1,8.3,-31.3
530.395,0.001,0.013,0.071,0.0,0.002,30.554,2.73,0.0,0.5,-7.731,0.0,-0.5,0.16,4.38,173.4,11.9,-31.1
530.501,0.002,-0.028,0.061,0.0,-0.004,30.542,2.785,0.0,0.51,-7.731,0.0,-0.51,0.16,4.38,176.0,13.5,-31.1
530.598,0.002,0.008,0.079,0.0,0.001,30.542,2.819,0.0,0.53,-7.731,0.0,-0.53,0.17,4.46,-172.8,-4.1,-31.0
530.701,0.002,-0.023,0.071,0.0,-0.003,30.538,2.826,0.0,0.52,-7.731,0.0,-0.52,0.16,4.31,-177.3,9.9,-30.1
530.801,0.002,-0.028,0.076,0.0,-0.004,30.531,2.995,0.0,0.52,-7.731,0.0,-0.52,0.15,4.34,-178.5,6.9,-29.7
530.898,0.002,0.012,0.07,0.0,0.002,30.528,2.746,0.0,0.52,-7.731,0.0,-0.52,0.15,4.39,179.5,-13.4,-30.3
530.998,0.002,-0.012,0.064,0.0,-0.001,30.554,2.743,0.0,0.51,-7.731,0.0,-0.51,0.15,4.37,170.7,-24.8,-29.0
531.103,0.002,0.002,0.07,0.0,0.0,30.549,2.807,0.0,0.49,-7.731,0.0,-0.49,0.14,4.39,-166.7,9.5,-28.5
531.199,0.001,-0.004,0.071,0.0,-0.0,30.554,2.923,0.0,0.49,-7.731,0.0,-0.49,0.13,4.5,-172.6,9.3,-29.0
531.296,0.001,-0.044,0.064,0.0,-0.006,30.528,3.164,0.0,0.44,-7.731,0.0,-0.44,0.13,4.26,-166.5,-23.5,-33.6
531.398,0.001,-0.015,0.068,0.0,-0.002,30.538,2.626,0.0,0.42,-7.731,0.0,-0.42,0.13,4.38,-166.1,9.7,-28.7
531.498,0.001,0.024,0.074,0.0,0.003,30.56,2.984,0.0,0.41,-7.731,0.0,-0.41,0.13,4.48,-172.7,-21.0,-32.3
531.596,0.001,0.005,0.071,0.0,0.001,30.56,2.991,0.0,0.37,-7.731,0.0,-0.37,0.12,4.42,-177.1,8.4,-31.7
531.696,0.001,0.008,0.066,0.0,0.001,30.533,2.878,0.0,0.35,-7.731,0.0,-0.35,0.13,4.46,173.9,12.8,-34.2
531.796,0.001,-0.019,0.078,0.0,-0.002,30.556,2.963,0.0,0.33,-7.731,0.0,-0.33,0.14,4.6,-177.6,12.5,-33.1
531.897,0.001,-0.034,0.064,0.0,-0.004,30.547,2.973,0.0,0.28,-7.731,0.0,-0.28,0.14,4.35,-179.9,15.5,-33.8
532.0,0.001,-0.06,0.061,0.0,-0.008,30.528,2.693,0.0,0.26,-7.731,0.0,-0.26,0.13,4.32,172.2,12.9,-35.3
532.103,0.001,0.013,0.071,0.0,0.002,30.549,2.969,0.0,0.26,-7.731,0.0,-0.26,0.14,4.66,-178.6,9.4,-35.1
532.198,0.0,0.022,0.076,0.0,0.003,30.544,3.004,0.0,0.23,-7.731,0.0,-0.23,0.13,4.41,177.4,13.9,-36.1
532.302,0.001,-0.027,0.068,0.0,-0.003,30.535,3.017,0.0,0.22,-7.731,0.0,-0.22,0.14,4.46,-177.1,11.8,-36.5
532.398,0.0,-0.036,0.077,0.0,-0.005,30.54,3.112,0.0,0.21,-7.731,0.0,-0.21,0.13,4.44,-167.5,14.4,-35.8
532.499,0.0,-0.021,0.069,0.0,-0.003,30.535,2.927,0.0,0.21,-7.731,0.0,-0.21,0.12,4.42,178.9,14.9,-39.0
532.607,0.001,0.047,0.071,0.0,0.006,30.549,2.896,0.0,0.22,-7.731,0.0,-0.22,0.13,4.43,177.9,15.2,-39.6
532.699,0.001,0.029,0.075,0.0,0.004,30.558,2.98,0.0,0.22,-7.731,0.0,-0.22,0.13,4.26,176.0,18.0,-39.9
532.795,0.001,0.001,0.069,0.0,0.0,30.524,2.784,0.0,0.25,-7.731,0.0,-0.25,0.13,4.44,-176.2,10.5,-40.3
532.903,0.001,-0.023,0.071,0.0,-0.003,30.524,2.861,0.0,0.28,-7.731,0.0,-0.28,0.15,4.47,-176.2,18.2,-43.2
533.005,0.001,0.039,0.076,0.0,0.005,30.526,2.764,0.0,0.31,-7.731,0.0,-0.31,0.17,4.55,178.8,18.6,-41.5
533.097,0.001,-0.02,0.071,0.0,-0.003,30.551,3.218,0.0,0.35,-7.731,0.0,-0.35,0.17,4.64,-178.2,8.2,-45.3
533.198,0.001,0.017,0.074,0.0,0.002,30.535,3.019,0.0,0.37,-7.731,0.0,-0.37,0.17,4.45,169.1,13.8,-48.5
533.305,0.001,-0.008,0.073,0.0,-0.001,30.531,3.356,0.0,0.38,-7.731,0.0,-0.38,0.18,4.26,176.9,9.9,-46.8
533.398,0.001,-0.025,0.075,0.0,-0.003,30.554,2.848,0.0,0.44,-7.731,0.0,-0.44,0.19,4.47,179.7,10.1,-48.4
533.496,0.001,0.022,0.072,0.0,0.003,30.56,2.693,0.0,0.45,-7.731,0.0,-0.45,0.19,4.32,-177.2,18.0,-48.2
533.603,0.001,0.019,0.071,0.0,0.002,30.572,2.999,0.0,0.5,-7.731,0.0,-0.5,0.21,4.44,165.7,7.5,-51.7
533.708,0.001,-0.017,0.07,0.0,-0.002,30.558,2.93,0.0,0.51,-7.731,0.0,-0.51,0.21,4.28,176.8,6.1,-49.6
533.799,0.001,0.03,0.076,0.0,0.004,30.54,3.104,0.0,0.53,-7.731,0.0,-0.53,0.21,4.25,172.4,12.1,-50.4
533.897,0.001,0.032,0.079,0.0,0.004,30.549,3.424,0.0,0.57,-7.731,0.0,-0.57,0.21,4.44,-174.1,14.6,-50.3
534.0,0.001,-0.032,0.069,0.0,-0.004,30.519,3.065,0.0,0.59,-7.731,0.0,-0.59,0.23,4.51,-171.7,8.5,-50.3
534.102,0.001,0.01,0.075,0.0,0.001,30.547,3.208,0.0,0.58,-7.731,0.0,-0.58,0.22,4.43,-171.0,12.8,-50.3
534.201,0.001,0.022,0.073,0.0,0.003,30.549,2.874,0.0,0.57,-7.731,0.0,-0.57,0.21,4.3,-170.0,5.3,-50.1
534.301,0.001,0.002,0.075,0.0,0.0,30.538,2.947,0.0,0.57,-7.731,0.0,-0.57,0.21,4.36,178.4,8.6,-50.8
534.4,0.001,0.032,0.077,0.0,0.004,30.542,2.785,0.0,0.57,-7.731,0.0,-0.57,0.22,4.38,-178.1,6.2,-49.9
534.501,0.001,0.037,0.079,0.0,0.005,30.538,2.948,0.0,0.54,-7.731,0.0,-0.54,0.21,4.33,-174.7,10.4,-49.4
534.604,0.001,0.011,0.076,0.0,0.001,30.544,3.067,0.0,0.52,-7.731,0.0,-0.52,0.2,4.3,-169.2,6.6,-49.3
534.697,0.001,-0.027,0.072,0.0,-0.003,30.533,3.134,0.0,0.49,-7.731,0.0,-0.49,0.19,4.25,172.0,6.5,-50.6
534.8,0.001,0.03,0.081,0.0,0.004,30.56,2.944,0.0,0.47,-7.731,0.0,-0.47,0.18,4.25,168.5,7.8,-49.6
534.903,0.001,0.019,0.071,0.0,0.002,30.574,2.683,0.0,0.45,-7.731,0.0,-0.45,0.17,4.44,-179.8,5.8,-47.6
534.998,0.001,0.004,0.074,0.0,0.0,30.54,2.899,0.0,0.42,-7.731,0.0,-0.42,0.17,4.45,177.1,6.5,-46.8
535.096,0.001,0.022,0.073,0.0,0.003,30.542,3.269,0.0,0.39,-7.731,0.0,-0.39,0.16,4.52,-168.7,-18.0,-48.2
535.203,0.001,0.025,0.076,0.0,0.003,30.558,2.831,0.0,0.35,-7.731,0.0,-0.35,0.14,4.46,-162.4,-19.2,-47.6
535.302,0.001,0.008,0.076,0.0,0.001,30.547,2.714,0.0,0.32,-7.731,0.0,-0.32,0.13,4.53,-175.7,14.1,-41.5
535.397,0.001,0.024,0.078,0.0,0.003,30.547,3.046,0.0,0.27,-7.731,0.0,-0.27,0.13,4.32,179.1,16.4,-41.1
535.499,0.0,0.024,0.071,0.0,0.003,30.56,2.768,0.0,0.24,-7.731,0.0,-0.24,0.13,4.35,167.0,20.3,-41.2
535.606,0.0,-0.105,0.068,0.0,-0.013,30.554,3.008,0.0,0.22,-7.731,0.0,-0.22,0.12,4.55,-175.9,17.9,-37.0
535.703,0.0,-0.014,0.076,0.0,-0.002,30.542,2.773,0.0,0.2,-7.731,0.0,-0.2,0.12,4.47,-179.1,15.4,-37.8
535.8,0.0,-0.016,0.071,0.0,-0.002,30.581,3.031,0.0,0.18,-7.731,0.0,-0.18,0.12,4.38,172.0,17.8,-38.0
535.906,0.0,-0.007,0.079,0.0,-0.001,30.567,3.172,0.0,0.17,-7.731,0.0,-0.17,0.11,4.47,176.0,17.2,-36.5
536.002,0.0,0.039,0.081,0.0,0.005,30.544,2.852,0.0,0.17,-7.731,0.0,-0.17,0.11,4.59,176.3,22.5,-35.3
536.106,0.0,0.011,0.076,0.0,0.001,30.558,2.944,0.0,0.17,-7.731,0.0,-0.17,0.11,4.7,175.0,19.8,-33.4
536.211,0.0,-0.007,0.072,0.0,-0.001,30.533,2.988,0.0,0.17,-7.731,0.0,-0.17,0.11,4.62,-176.3,15.2,-31.3
536.302,0.0,-0.002,0.072,0.0,-0.0,30.563,2.902,0.0,0.19,-7.731,0.0,-0.19,0.1,4.7,-178.1,11.4,-32.1
536.4,0.0,-0.027,0.074,0.0,-0.003,30.549,2.415,0.0,0.2,-7.731,0.0,-0.2,0.09,4.58,-176.8,16.9,-29.7
536.503,0.0,-0.014,0.065,0.0,-0.002,30.549,2.781,0.0,0.21,-7.731,0.0,-0.21,0.09,4.42,176.3,18.0,-29.7
536.598,0.0,-0.001,0.075,0.0,-0.0,30.54,3.168,0.0,0.25,-7.731,0.0,-0.25,0.09,4.59,177.2,20.7,-28.7
536.698,0.0,0.033,0.084,0.0,0.004,30.542,3.188,0.0,0.27,-7.731,0.0,-0.27,0.09,4.47,173.6,20.5,-28.3
536.802,0.0,-0.044,0.081,0.0,-0.006,30.556,2.8,0.0,0.29,-7.731,0.0,-0.29,0.09,4.33,-167.8,20.1,-23.0
536.899,0.001,0.028,0.078,0.0,0.004,30.567,2.826,0.0,0.32,-7.731,0.0,-0.32,0.09,4.37,-177.6,17.8,-23.9
536.997,0.001,0.056,0.077,0.0,0.007,30.554,3.1,0.0,0.35,-7.731,0.0,-0.35,0.09,4.37,-176.5,15.7,-23.1
537.099,0.001,-0.019,0.083,0.0,-0.002,30.522,3.332,0.0,0.38,-7.731,0.0,-0.38,0.1,4.36,-178.9,15.2,-21.6
537.204,0.001,0.023,0.075,0.0,0.003,30.533,2.939,0.0,0.4,-7.731,0.0,-0.4,0.11,4.29,175.4,13.6,-21.8
537.3,0.001,-0.05,0.064,0.0,-0.006,30.535,3.124,0.0,0.43,-7.731,0.0,-0.43,0.11,4.29,-173.0,5.3,-20.1
537.397,0.001,-0.012,0.077,0.0,-0.001,30.576,3.341,0.0,0.46,-7.731,0.0,-0.46,0.11,4.36,171.8,-22.4,-18.2
537.498,0.001,-0.012,0.07,0.0,-0.001,30.56,2.894,0.0,0.46,-7.731,0.0,-0.46,0.11,4.2,-174.3,12.2,-18.2
537.602,0.001,-0.011,0.072,0.0,-0.001,30.558,3.124,0.0,0.48,-7.731,0.0,-0.48,0.12,4.28,-176.5,7.3,-17.6
537.702,0.001,0.037,0.078,0.0,0.005,30.542,2.982,0.0,0.48,-7.731,0.0,-0.48,0.12,4.2,165.6,-26.2,-15.6
537.8,0.001,-0.027,0.075,0.0,-0.003,30.563,2.768,0.0,0.49,-7.731,0.0,-0.49,0.12,4.29,-177.8,6.2,-17.4
537.898,0.001,0.02,0.077,0.0,0.003,30.558,2.988,0.0,0.48,-7.731,0.0,-0.48,0.12,4.28,-179.7,5.3,-16.6
538.003,0.001,-0.009,0.071,0.0,-0.001,30.554,2.892,0.0,0.47,-7.731,0.0,-0.47,0.12,4.3,177.4,5.6,-16.5
538.102,0.001,-0.009,0.073,0.0,-0.001,30.567,2.939,0.0,0.45,-7.731,0.0,-0.45,0.13,4.16,-171.7,10.2,-15.3
538.2,0.001,-0.007,0.073,0.0,-0.001,30.56,3.391,0.0,0.45,-7.731,0.0,-0.45,0.14,4.32,173.1,1.0,-16.3
538.302,0.001,0.03,0.076,0.0,0.004,30.563,3.229,0.0,0.42,-7.731,0.0,-0.42,0.14,4.28,172.3,-0.6,-15.7
538.403,0.001,-0.006,0.081,0.0,-0.001,30.549,2.582,0.0,0.4,-7.731,0.0,-0.4,0.13,4.29,172.6,5.1,-15.8
538.5,0.001,-0.052,0.077,0.0,-0.007,30.538,3.215,0.0,0.37,-7.731,0.0,-0.37,0.14,4.29,173.4,6.3,-15.4
538.606,0.001,-0.051,0.08,0.0,-0.006,30.547,3.116,0.0,0.33,-7.731,0.0,-0.33,0.13,4.21,-172.3,3.2,-14.5
538.703,0.001,0.004,0.075,0.0,0.001,30.54,3.165,0.0,0.3,-7.731,0.0,-0.3,0.12,4.28,173.1,7.1,-15.5
538.806,0.0,-0.083,0.068,0.0,-0.01,30.538,2.617,0.0,0.27,-7.731,0.0,-0.27,0.11,4.23,-175.6,6.4,-14.7
538.901,0.0,0.007,0.069,0.0,0.001,30.533,3.456,0.0,0.24,-7.731,0.0,-0.24,0.13,4.33,171.8,5.1,-16.8
539.003,0.0,0.0,0.072,0.0,0.0,30.563,3.244,0.0,0.21,-7.731,0.0,-0.21,0.12,4.26,-177.3,7.1,-16.1
539.105,0.0,0.017,0.08,0.0,0.002,30.554,3.105,0.0,0.19,-7.731,0.0,-0.19,0.11,4.31,170.5,11.2,-17.9
539.204,0.0,-0.009,0.08,0.0,-0.001,30.535,2.633,0.0,0.17,-7.731,0.0,-0.17,0.11,4.3,175.8,-9.1,-16.5
539.299,0.0,0.018,0.076,0.0,0.002,30.535,2.739,0.0,0.16,-7.731,0.0,-0.16,0.12,4.49,-179.5,5.2,-17.8
539.405,-0.0,0.04,0.077,-0.0,0.005,30.56,3.5,-0.0,0.14,-7.731,0.0,-0.14,0.11,4.32,-172.1,15.6,-17.8
539.506,-0.0,0.011,0.074,-0.0,0.001,30.542,2.931,-0.0,0.14,-7.731,0.0,-0.14,0.11,4.44,-175.8,10.3,-19.0
539.599,-0.0,-0.005,0.067,-0.0,-0.001,30.542,3.033,-0.0,0.15,-7.731,0.0,-0.15,0.11,4.35,171.5,10.5,-21.3
539.702,-0.0,0.003,0.075,-0.0,0.0,30.535,2.864,-0.0,0.16,-7.731,0.0,-0.16,0.11,4.32,-177.4,9.0,-19.8
539.807,-0.0,-0.004,0.079,-0.0,-0.0,30.556,3.092,-0.0,0.18,-7.731,0.0,-0.18,0.11,4.46,-173.0,17.3,-19.9
539.907,-0.0,-0.004,0.08,-0.0,-0.001,30.515,3.147,-0.0,0.21,-7.731,0.0,-0.21,0.1,4.56,176.8,13.6,-23.0
540.003,-0.0,0.06,0.085,-0.0,0.008,30.535,2.804,-0.0,0.23,-7.731,0.0,-0.23,0.1,4.4,-178.4,13.6,-23.1
540.105,0.0,-0.026,0.068,0.0,-0.003,30.574,3.363,0.0,0.25,-7.731,0.0,-0.25,0.1,4.31,173.7,12.4,-24.2
540.208,0.0,-0.026,0.069,0.0,-0.003,30.544,3.693,0.0,0.3,-7.731,0.0,-0.3,0.1,4.43,172.9,-14.7,-24.3
540.307,0.0,-0.006,0.079,0.0,-0.001,30.56,2.764,0.0,0.33,-7.731,0.0,-0.33,0.1,4.44,179.8,11.4,-26.1
540.406,0.0,-0.009,0.085,0.0,-0.001,30.54,2.937,0.0,0.37,-7.731,0.0,-0.37,0.11,4.4,-176.5,12.6,-27.2
540.508,0.0,-0.024,0.076,0.0,-0.003,30.547,3.106,0.0,0.41,-7.731,0.0,-0.41,0.11,4.46,-168.0,10.8,-27.1
540.607,0.001,0.024,0.076,0.0,0.003,30.572,2.811,0.0,0.44,-7.731,0.0,-0.44,0.11,4.41,178.8,-19.9,-29.8
540.711,0.001,-0.015,0.075,0.0,-0.002,30.544,3.471,0.0,0.46,-7.731,0.0,-0.46,0.12,4.29,176.9,7.2,-31.3
540.808,0.001,-0.03,0.075,0.0,-0.004,30.57,3.1,0.0,0.48,-7.731,0.0,-0.48,0.12,4.23,177.1,11.6,-31.7
540.91,0.001,-0.025,0.066,0.0,-0.003,30.549,2.748,0.0,0.52,-7.731,0.0,-0.52,0.13,4.27,177.8,5.9,-32.7
541.009,0.001,-0.021,0.075,0.0,-0.003,30.538,3.342,0.0,0.56,-7.731,0.0,-0.56,0.14,4.41,-164.6,8.6,-30.9
541.103,0.001,0.027,0.083,0.0,0.003,30.56,2.775,0.0,0.58,-7.731,0.0,-0.58,0.14,4.5,-176.4,9.7,-31.8
541.199,0.001,-0.017,0.074,0.0,-0.002,30.544,3.099,0.0,0.55,-7.731,0.0,-0.55,0.12,4.18,170.7,-20.5,-32.3
541.302,0.001,0.001,0.081,0.0,0.0,30.563,3.204,0.0,0.55,-7.731,0.0,-0.55,0.12,4.22,171.1,7.0,-33.5
541.41,0.001,-0.019,0.087,0.0,-0.002,30.565,2.89,0.0,0.55,-7.731,0.0,-0.55,0.13,4.2,168.4,-19.6,-31.6
541.505,0.001,0.025,0.085,0.0,0.003,30.54,2.919,0.0,0.56,-7.731,0.0,-0.56,0.13,4.42,-170.9,7.8,-30.5
541.601,0.001,0.035,0.084,0.0,0.004,30.544,2.71,0.0,0.53,-7.731,0.0,-0.53,0.12,4.24,168.6,13.3,-31.7
541.711,0.001,-0.005,0.075,0.0,-0.001,30.565,3.071,0.0,0.51,-7.731,0.0,-0.51,0.12,4.25,166.8,14.1,-30.7
541.814,0.001,-0.007,0.082,0.0,-0.001,30.56,3.069,0.0,0.49,-7.731,0.0,-0.49,0.12,4.42,-171.2,10.7,-27.3
541.907,0.001,-0.016,0.077,0.0,-0.002,30.533,3.361,0.0,0.46,-7.731,0.0,-0.46,0.11,4.49,-173.5,10.5,-25.0
542.011,0.001,-0.011,0.076,0.0,-0.001,30.528,3.222,0.0,0.4,-7.731,0.0,-0.4,0.1,4.29,164.7,0.2,-27.0
542.105,0.001,-0.004,0.069,0.0,-0.0,30.563,3.149,0.0,0.38,-7.731,0.0,-0.38,0.11,4.56,-176.9,10.0,-22.9
542.207,0.001,-0.033,0.074,0.0,-0.004,30.54,3.11,0.0,0.32,-7.731,0.0,-0.32,0.11,4.31,166.0,11.7,-23.8
542.314,0.0,0.059,0.081,0.0,0.008,30.554,3.171,0.0,0.28,-7.731,0.0,-0.28,0.11,4.44,176.4,14.4,-20.8
542.413,0.0,0.064,0.072,0.0,0.008,30.554,3.072,0.0,0.23,-7.731,0.0,-0.23,0.1,4.42,178.1,14.8,-19.5
542.506,0.0,0.056,0.081,0.0,0.007,30.544,3.122,0.0,0.19,-7.731,0.0,-0.19,0.1,4.3,169.5,15.1,-18.5
542.613,-0.0,-0.0,0.075,-0.0,-0.0,30.558,3.228,-0.0,0.16,-7.731,0.0,-0.16,0.1,4.47,-179.5,12.7,-16.2
542.717,-0.0,0.02,0.079,-0.0,0.003,30.542,2.839,-0.0,0.13,-7.731,0.0,-0.13,0.09,4.41,177.7,18.0,-15.1
542.813,-0.0,-0.014,0.071,-0.0,-0.002,30.556,3.156,-0.0,0.11,-7.731,0.0,-0.11,0.1,4.37,178.5,14.5,-13.5
542.911,-0.0,0.004,0.075,-0.0,0.0,30.567,3.27,-0.0,0.1,-7.731,0.0,-0.1,0.1,4.49,-171.3,-17.6,-15.3
543.006,-0.0,-0.013,0.075,-0.0,-0.002,30.542,3.214,-0.0,0.09,-7.731,0.0,-0.09,0.09,4.49,-179.8,13.3,-13.4
543.113,-0.0,-0.044,0.074,-0.0,-0.006,30.542,2.896,-0.0,0.1,-7.731,0.0,-0.1,0.09,4.33,171.1,17.4,-13.4
543.215,-0.0,-0.001,0.08,-0.0,-0.0,30.538,2.674,-0.0,0.11,-7.731,0.0,-0.11,0.09,4.32,179.5,16.6,-10.8
543.307,-0.0,-0.059,0.068,-0.0,-0.008,30.547,3.334,-0.0,0.13,-7.731,0.0,-0.13,0.09,4.36,-172.4,15.3,-11.1
543.404,-0.0,-0.016,0.073,-0.0,-0.002,30.547,3.054,-0.0,0.15,-7.731,0.0,-0.15,0.09,4.43,-179.9,16.1,-12.0
543.511,-0.0,-0.02,0.077,-0.0,-0.003,30.556,3.554,-0.0,0.18,-7.731,0.0,-0.18,0.09,4.32,179.2,12.4,-11.3
543.615,-0.0,-0.017,0.075,-0.0,-0.002,30.56,3.497,-0.0,0.22,-7.731,0.0,-0.22,0.09,4.3,177.3,12.8,-11.6
543.714,0.0,0.017,0.079,0.0,0.002,30.542,3.209,0.0,0.25,-7.731,0.0,-0.25,0.09,4.27,-179.5,12.3,-11.0
543.816,0.0,-0.008,0.073,0.0,-0.001,30.554,2.756,0.0,0.29,-7.731,0.0,-0.29,0.09,4.32,178.5,10.4,-12.3
543.91,0.0,-0.012,0.075,0.0,-0.001,30.54,3.042,0.0,0.33,-7.731,0.0,-0.33,0.09,4.24,177.4,13.9,-12.7
544.006,0.001,-0.003,0.072,0.0,-0.0,30.554,2.847,0.0,0.37,-7.731,0.0,-0.37,0.09,4.41,175.1,13.2,-14.2
544.108,0.001,0.039,0.088,0.0,0.005,30.547,2.655,0.0,0.4,-7.731,0.0,-0.4,0.09,4.27,172.0,11.7,-14.8
544.211,0.001,0.002,0.077,0.0,0.0,30.583,3.114,0.0,0.43,-7.731,0.0,-0.43,0.1,4.3,171.1,5.2,-15.2
544.314,0.001,0.023,0.083,0.0,0.003,30.54,3.446,0.0,0.47,-7.731,0.0,-0.47,0.1,4.41,-163.0,-12.9,-18.0
544.414,0.001,0.018,0.082,0.0,0.002,30.533,3.014,0.0,0.48,-7.731,0.0,-0.48,0.09,4.29,168.0,8.9,-17.1
544.51,0.001,-0.003,0.073,0.0,-0.0,30.54,3.364,0.0,0.51,-7.731,0.0,-0.51,0.1,4.49,170.0,4.1,-18.6
544.613,0.001,-0.059,0.073,0.0,-0.008,30.531,3.42,0.0,0.52,-7.731,0.0,-0.52,0.1,4.48,174.2,-3.8,-17.3
544.713,0.001,0.004,0.076,0.0,0.0,30.547,3.055,0.0,0.51,-7.731,0.0,-0.51,0.1,4.46,173.9,-0.2,-18.2
