Timestamp [s],Angular position [turns],Angular velocity [turns/s],Torque [Nm],Linear position [m],Linear speed [m/s],Voltage [V],Current [A],Reference x_ref [m],Estimated plane position [m],Estimated plane velocity [m/s],Reference velocity [m/s],x ArUco [m],y ArUco [m],z ArUco [m],roll ArUco [deg],pitch ArUco [deg],yaw ArUco [deg]
27.988,-0.003,-0.008,0.086,-0.0,-0.001,30.286,4.064,-0.0,0.0,0.0,0.0,,,,,,
28.088,-0.003,-0.014,0.081,-0.0,-0.002,30.279,3.561,-0.0,0.0,0.0,0.0,,,,,,
28.188,-0.003,0.003,0.08,-0.0,0.0,30.25,3.216,-0.0,0.0,0.0,0.0,,,,,,
28.288,-0.003,-0.038,0.088,-0.0,-0.005,30.273,3.5,-0.0,0.0,0.0,0.0,,,,,,
28.388,-0.003,0.031,0.087,-0.0,0.004,30.263,3.425,-0.0,0.0,0.0,0.0,,,,,,
28.488,-0.003,0.031,0.1,-0.0,0.004,30.261,3.164,-0.0,0.0,0.0,0.0,,,,,,
28.588,-0.002,0.017,0.088,-0.0,0.002,30.261,2.896,-0.0,0.0,0.0,0.0,,,,,,
28.689,-0.002,0.03,0.09,-0.0,0.004,30.259,2.936,-0.0,0.0,0.0,0.0,,,,,,
28.789,-0.002,0.032,0.089,-0.0,0.004,30.27,3.13,-0.0,0.0,0.0,0.0,,,,,,
28.889,-0.001,-0.048,0.076,-0.0,-0.006,30.273,3.269,-0.0,0.0,0.0,0.0,,,,,,
28.989,-0.001,-0.011,0.087,-0.0,-0.001,30.279,3.59,-0.0,0.0,0.0,0.0,,,,,,
29.089,-0.001,0.008,0.089,-0.0,0.001,30.261,3.207,-0.0,0.0,0.0,0.0,,,,,,
29.189,-0.001,-0.014,0.085,-0.0,-0.002,30.279,4.041,-0.0,0.0,0.0,0.0,,,,,,
29.289,-0.001,0.029,0.091,-0.0,0.004,30.252,3.089,-0.0,0.0,0.0,0.0,,,,,,
29.389,-0.001,0.02,0.086,-0.0,0.003,30.302,3.305,-0.0,0.0,0.0,0.0,,,,,,
29.489,-0.001,-0.007,0.086,-0.0,-0.001,30.291,3.311,-0.0,0.0,0.0,0.0,,,,,,
29.589,-0.001,0.016,0.084,-0.0,0.002,30.275,3.564,-0.0,0.0,0.0,0.0,,,,,,
29.689,-0.001,0.008,0.094,-0.0,0.001,30.282,3.297,-0.0,0.0,0.0,0.0,,,,,,
29.789,-0.001,-0.012,0.088,-0.0,-0.001,30.277,3.536,-0.0,0.0,0.0,0.0,,,,,,
29.889,-0.001,-0.003,0.093,-0.0,-0.0,30.268,3.85,-0.0,0.0,0.0,0.0,,,,,,
29.989,-0.001,0.005,0.084,-0.0,0.001,30.277,3.689,-0.0,0.0,0.0,0.0,,,,,,
30.089,-0.001,0.024,0.082,-0.0,0.003,30.263,3.766,-0.0,0.0,0.0,0.0,,,,,,
30.189,-0.001,0.031,0.092,-0.0,0.004,30.275,3.444,-0.0,0.0,0.0,0.0,,,,,,
30.289,-0.001,-0.004,0.088,-0.0,-0.0,30.27,3.503,-0.0,0.0,0.0,0.0,,,,,,
30.39,-0.001,-0.007,0.083,-0.0,-0.001,30.268,3.316,-0.0,0.0,0.0,0.0,,,,,,
30.49,-0.001,0.031,0.082,-0.0,0.004,30.266,3.252,-0.0,0.0,0.0,0.0,,,,,,
30.59,-0.001,0.0,0.085,-0.0,0.0,30.273,3.277,-0.0,0.0,0.0,0.0,,,,,,
30.69,-0.001,0.039,0.086,-0.0,0.005,30.282,3.38,-0.0,0.0,0.0,0.0,,,,,,
30.79,-0.001,-0.012,0.091,-0.0,-0.001,30.291,3.415,67.761,0.0,0.0,0.374,,,,,,
30.89,0.065,1.828,-0.313,0.008,0.233,30.229,-13.018,67.761,0.0,0.0,0.705,,,,,,
30.99,0.474,6.468,-0.261,0.06,0.823,30.181,-11.547,67.761,0.0,0.0,0.795,,,,,,
31.09,1.169,7.153,-0.094,0.149,0.91,30.231,-5.687,67.761,0.0,0.0,1.409,,,,,,
31.19,1.974,10.097,-0.437,0.251,1.285,30.092,-16.924,67.761,0.0,0.0,1.552,,,,,,
31.29,3.189,13.13,-0.263,0.406,1.671,30.149,-9.456,67.761,0.0,0.0,1.091,,,,,,
31.39,4.369,9.306,0.102,0.556,1.184,30.3,4.205,67.761,0.0,0.0,0.399,,,,,,
31.49,4.99,2.926,0.1,0.635,0.372,30.268,3.95,67.761,0.0,0.0,0.072,,,,,,
31.59,5.062,-0.492,-0.078,0.644,-0.063,30.275,-3.737,67.761,0.0,0.0,0.27,,,,,,
31.69,5.121,1.613,-0.289,0.652,0.205,30.234,-11.27,67.761,0.0,0.0,0.743,,,,,,
31.79,5.473,6.011,-0.401,0.696,0.765,30.163,-16.263,67.761,0.0,0.0,0.763,,,,,,
31.89,6.162,6.975,-0.136,0.784,0.887,30.213,-5.598,67.761,0.0,0.0,1.053,,,,,,
31.991,6.93,8.416,-0.233,0.882,1.071,30.19,-9.508,67.761,0.0,0.0,1.298,,,,,,
32.091,7.885,10.688,-0.279,1.003,1.36,30.147,-10.833,67.761,0.0,0.0,1.362,,,,,,
32.191,8.997,11.385,-0.121,1.145,1.449,30.218,-5.041,67.761,0.0,0.0,1.286,,,,,,
32.291,10.05,9.771,-0.165,1.279,1.243,30.215,-5.476,67.761,0.0,0.0,1.344,,,,,,
32.391,11.064,10.337,-0.243,1.408,1.315,30.177,-10.189,67.761,0.0,0.0,1.337,,,,,,
32.491,12.125,10.437,-0.217,1.543,1.328,30.197,-8.079,67.761,0.0,0.0,1.192,,,,,,
32.591,13.123,9.126,-0.134,1.67,1.161,30.218,-5.61,67.761,0.0,0.0,1.103,,,,,,
32.691,13.99,8.376,-0.168,1.78,1.066,30.234,-6.202,67.761,0.0,0.0,1.329,,,,,,
32.791,14.921,10.703,-0.224,1.898,1.362,30.158,-9.299,67.761,0.0,0.0,1.41,,,,,,
32.891,16.055,11.669,-0.172,2.043,1.485,30.186,-7.427,67.761,0.0,0.0,1.324,,,,,,
32.991,17.155,10.286,-0.103,2.183,1.309,30.222,-4.476,67.761,0.0,0.0,1.508,,,,,,
33.091,18.247,11.734,-0.227,2.322,1.493,30.174,-10.098,67.761,0.0,0.0,1.533,,,,,,
33.191,19.477,12.368,-0.12,2.478,1.574,30.197,-3.762,67.761,0.0,0.0,1.477,,,,,,
33.291,20.673,11.532,-0.081,2.63,1.467,30.234,-2.697,67.761,0.0,0.0,1.473,,,,,,
33.391,21.813,11.447,-0.11,2.775,1.456,30.225,-2.922,67.761,0.0,0.0,1.458,,,,,,
33.491,22.955,11.006,-0.137,2.921,1.4,30.209,-3.893,67.761,0.0,0.0,1.262,,,,,,
33.591,24.015,9.641,0.004,3.055,1.227,30.254,-1.825,67.761,0.0,0.0,1.107,,,,,,
33.692,24.898,8.478,-0.066,3.168,1.079,30.234,-3.686,67.761,0.0,0.0,1.329,,,,,,
33.792,25.807,10.445,-0.201,3.284,1.329,30.188,-6.692,67.761,0.0,0.0,1.363,,,,,,
33.892,26.913,11.146,-0.115,3.424,1.418,30.231,-4.675,67.761,0.0,0.0,1.409,,,,,,
33.992,28.035,11.238,-0.114,3.567,1.43,30.211,-5.886,67.761,0.0,0.0,1.559,,,,,,
34.093,29.197,12.411,-0.162,3.715,1.579,30.163,-6.105,67.761,0.0,0.0,1.627,,,,,,
34.192,30.48,13.141,-0.117,3.878,1.672,30.247,-4.156,67.761,0.0,0.0,1.718,,,,,,
34.292,31.812,13.668,-0.133,4.048,1.739,30.225,-3.681,67.761,0.0,0.0,1.862,,,,,,
34.392,33.233,14.603,-0.204,4.228,1.858,30.177,-8.219,67.761,0.0,0.0,1.67,,,,,,
34.492,34.64,12.963,-0.052,4.407,1.649,30.236,-2.674,67.761,0.0,0.0,1.618,,,,,,
34.592,35.882,12.505,-0.131,4.565,1.591,30.222,-5.788,67.761,0.0,0.0,1.713,,,,,,
34.692,37.158,12.767,-0.257,4.728,1.624,30.129,-8.837,67.761,0.0,0.0,1.62,,,,,,
34.792,38.483,12.787,-0.126,4.896,1.627,30.202,-4.022,67.761,0.0,0.0,1.745,,,,,,
34.892,39.789,13.404,-0.253,5.063,1.705,30.183,-8.071,67.761,0.0,0.0,1.853,,,,,,
34.992,41.217,14.653,-0.252,5.244,1.864,30.131,-8.729,67.761,0.0,0.0,1.757,,,,,,
35.092,42.654,13.568,-0.16,5.427,1.726,30.193,-6.127,67.761,0.0,0.0,1.804,,,,,,
35.192,44.036,13.955,-0.22,5.603,1.776,30.136,-9.492,67.761,0.0,0.0,1.755,,,,,,
35.293,45.439,14.051,-0.143,5.781,1.788,30.186,-6.446,67.761,0.0,0.0,1.766,,,,,,
35.393,46.815,13.909,-0.187,5.956,1.77,30.163,-6.095,67.761,0.0,0.0,1.682,,,,,,
35.493,48.157,12.445,-0.231,6.127,1.583,30.17,-8.039,67.761,0.0,0.0,1.809,,,,,,
35.593,49.518,14.228,-0.243,6.3,1.81,30.14,-10.872,67.761,0.0,0.0,1.764,,,,,,
35.693,50.937,14.165,-0.15,6.481,1.802,30.167,-6.075,67.761,0.0,0.0,1.77,,,,,,
35.793,52.322,13.997,-0.168,6.657,1.781,30.167,-5.907,67.761,0.0,0.0,1.571,,,,,,
35.893,53.623,11.66,-0.209,6.823,1.484,30.179,-7.602,67.761,0.0,0.0,2.206,,,,,,
35.993,54.957,15.549,-0.58,6.992,1.978,29.925,-23.043,67.761,0.0,0.0,2.433,,,,,,
36.093,56.825,20.307,-0.305,7.23,2.584,29.994,-10.697,67.761,0.0,0.0,2.493,,,,,,
36.193,58.896,20.752,-0.101,7.494,2.64,30.172,-4.728,67.761,0.0,0.0,2.508,,,,,,
36.293,60.874,19.788,-0.169,7.745,2.518,30.151,-6.887,67.761,0.0,0.0,2.524,,,,,,
36.393,62.831,19.564,-0.205,7.994,2.489,30.122,-8.294,67.761,0.0,0.0,2.562,,,,,,
36.493,64.83,20.094,-0.206,8.249,2.557,30.11,-8.166,67.761,0.0,0.0,2.481,,,,,,
36.593,66.811,19.389,-0.166,8.501,2.467,30.126,-6.481,67.761,0.0,0.0,2.627,,,,,,
36.693,68.807,20.612,-0.246,8.755,2.623,30.051,-10.595,67.761,0.0,0.0,2.606,,,,,,
36.793,70.883,21.138,-0.132,9.019,2.689,30.14,-4.931,67.761,0.0,0.0,2.361,,,,,,
36.893,72.836,18.49,-0.046,9.267,2.353,30.199,-2.351,67.761,0.0,0.0,2.303,,,,,,
36.993,74.606,17.362,-0.22,9.493,2.209,30.136,-9.834,67.761,0.0,0.0,2.693,,,,,,
37.094,76.527,21.071,-0.335,9.737,2.681,30.003,-12.246,67.761,0.0,0.0,2.583,,,,,,
37.194,78.661,20.84,-0.109,10.008,2.652,30.156,-4.391,67.761,0.0,0.0,2.763,,,,,,
37.294,80.781,21.907,-0.173,10.278,2.787,30.115,-6.949,67.761,0.0,0.0,2.536,,,,,,
37.394,82.866,20.353,-0.035,10.543,2.59,30.211,-1.564,67.761,0.0,0.0,2.413,,,,,,
37.494,84.76,18.358,-0.138,10.784,2.336,30.165,-6.091,67.761,0.0,0.0,2.472,,,,,,
37.594,86.637,18.92,-0.262,11.023,2.407,30.117,-8.393,67.761,0.0,0.0,2.734,,,,,,
37.694,88.683,21.354,-0.265,11.284,2.717,30.058,-9.327,67.761,0.0,0.0,2.833,,,,,,
37.794,90.932,23.192,-0.118,11.57,2.951,30.124,-5.377,67.761,0.0,0.0,2.773,,,,,,
37.894,93.154,21.223,-0.183,11.852,2.7,30.167,-5.288,67.761,0.0,0.0,2.825,,,,,,
37.994,95.331,22.231,-0.142,12.129,2.829,30.126,-5.096,67.761,0.0,0.0,2.43,,,,,,
38.094,97.421,19.23,0.025,12.395,2.447,30.236,0.684,67.761,0.0,0.0,2.632,,,,,,
38.194,99.332,19.692,-0.274,12.638,2.506,30.056,-9.376,67.761,0.0,0.0,3.001,,,,,,
38.294,101.52,23.426,-0.354,12.917,2.981,29.964,-13.921,67.761,0.0,0.0,3.112,,,,,,
38.394,104.01,24.779,-0.188,13.234,3.153,30.072,-6.968,67.761,0.0,0.0,3.04,,,,,,
38.494,106.47,23.911,-0.09,13.547,3.042,30.161,-4.703,67.761,0.0,0.0,2.826,,,,,,
38.595,108.75,21.804,-0.143,13.837,2.774,30.149,-6.896,67.761,0.0,0.0,2.811,,,,,,
38.695,110.902,22.232,-0.157,14.111,2.829,30.081,-8.33,67.761,0.0,0.0,2.928,,,,,,
38.795,113.143,22.44,-0.331,14.396,2.855,30.019,-11.701,67.761,0.0,0.0,2.815,,,,,,
38.895,115.42,22.964,-0.076,14.685,2.922,30.161,-5.364,67.761,0.0,0.0,2.741,,,,,,
38.995,117.574,20.993,-0.202,14.96,2.671,30.097,-10.596,67.761,0.0,0.0,2.782,,,,,,
39.095,119.71,21.8,-0.215,15.231,2.774,30.065,-8.293,67.761,0.0,0.0,2.387,,,,,,
39.195,121.769,19.163,0.001,15.493,2.438,30.245,0.375,67.761,0.0,0.0,2.522,,,,,,
39.295,123.635,18.482,-0.378,15.731,2.352,30.042,-12.966,67.761,0.0,0.0,2.513,,,,,,
39.395,125.6,19.71,-0.239,15.981,2.508,30.092,-11.388,67.761,0.0,0.0,1.999,,,,,,
39.495,127.449,16.582,0.123,16.216,2.11,30.252,4.2,67.761,0.0,0.0,1.633,,,,,,
39.595,128.805,11.734,-0.056,16.388,1.493,30.231,-2.431,67.761,0.0,0.0,1.65,,,,,,
39.695,129.971,11.972,-0.297,16.537,1.523,30.126,-11.087,67.761,0.0,0.0,1.458,,,,,,
39.795,131.182,11.629,-0.089,16.691,1.48,30.197,-3.058,67.761,0.0,0.0,1.402,,,,,,
39.895,132.289,10.878,-0.15,16.832,1.384,30.195,-6.411,67.761,0.0,0.0,1.482,,,,,,
39.995,133.407,11.768,-0.221,16.974,1.497,30.163,-8.793,67.761,0.0,0.0,1.726,,,,,,
40.095,134.678,13.249,-0.273,17.136,1.686,30.094,-9.596,67.761,0.0,0.0,1.774,,,,,,
40.195,136.115,13.945,-0.153,17.319,1.774,30.167,-7.08,67.761,0.0,0.0,1.507,,,,,,
40.296,137.444,11.744,0.014,17.488,1.494,30.229,0.6,67.761,0.0,0.0,1.762,,,,,,
40.396,138.649,12.567,-0.354,17.641,1.599,30.09,-11.417,67.761,0.0,0.0,1.76,,,,,,
40.496,140.061,14.216,-0.139,17.821,1.809,30.17,-5.446,67.761,0.0,0.0,2.664,,,,,,
40.597,141.617,17.105,-0.623,18.019,2.176,29.875,-25.603,67.761,0.0,0.0,2.716,,,,,,
40.697,143.696,22.483,-0.291,18.283,2.861,29.996,-9.434,67.761,0.0,0.0,2.572,,,,,,
40.796,145.905,21.331,0.019,18.564,2.714,30.222,1.42,67.761,0.0,0.0,1.835,,,,,,
40.896,147.744,15.148,0.196,18.798,1.927,30.302,9.483,67.761,0.0,0.0,1.937,,,,,,
40.996,149.127,12.845,-0.324,18.974,1.634,30.113,-12.596,67.761,0.0,0.0,1.922,,,,,,
41.096,150.567,14.953,-0.274,19.157,1.903,30.101,-11.66,67.761,0.0,0.0,1.831,,,,,,
41.196,152.057,14.174,-0.182,19.347,1.803,30.149,-6.806,67.761,0.0,0.0,1.672,,,,,,
41.296,153.409,13.111,-0.103,19.519,1.668,30.177,-4.435,67.761,0.0,0.0,1.639,,,,,,
41.396,154.655,12.017,-0.26,19.677,1.529,30.138,-8.545,67.761,0.0,0.0,1.622,,,,,,
41.496,155.918,13.139,-0.149,19.838,1.672,30.156,-6.98,67.761,0.0,0.0,1.525,,,,,,
41.596,157.141,11.511,-0.213,19.994,1.465,30.154,-7.925,67.761,0.0,0.0,1.636,,,,,,
41.696,158.365,13.29,-0.202,20.149,1.691,30.149,-6.882,67.761,0.0,0.0,1.764,,,,,,
41.797,159.733,14.082,-0.275,20.323,1.792,30.099,-10.626,67.761,0.0,0.0,1.833,,,,,,
41.897,161.183,14.457,-0.245,20.508,1.839,30.101,-10.459,67.761,0.0,0.0,1.769,,,,,,
41.997,162.608,13.546,-0.193,20.689,1.724,30.14,-8.895,67.761,0.0,0.0,1.58,,,,,,
42.097,163.9,12.451,-0.128,20.854,1.584,30.177,-5.558,67.761,0.0,0.0,1.467,,,,,,
42.197,165.042,10.888,-0.217,20.999,1.385,30.154,-8.678,67.761,0.0,0.0,1.307,,,,,,
42.297,166.094,9.934,-0.176,21.133,1.264,30.174,-7.152,67.761,0.0,0.0,1.345,,,,,,
42.397,167.11,10.462,-0.219,21.262,1.331,30.136,-11.533,67.761,0.0,0.0,1.194,,,,,,
42.497,168.106,9.174,-0.189,21.389,1.167,30.179,-7.524,67.761,0.0,0.0,1.253,,,,,,
42.597,169.048,9.811,-0.202,21.509,1.248,30.145,-7.945,67.761,0.0,0.0,1.273,,,,,,
42.697,170.046,10.366,-0.15,21.636,1.319,30.181,-6.555,67.761,0.0,0.0,1.222,,,,,,
42.797,171.035,9.832,-0.149,21.762,1.251,30.193,-6.199,67.761,0.0,0.0,1.394,,,,,,
42.898,172.049,10.938,-0.253,21.891,1.392,30.14,-9.641,67.761,0.0,0.0,1.231,,,,,,
42.997,173.1,9.756,-0.11,22.024,1.241,30.181,-4.562,67.761,0.0,0.0,1.021,,,,,,
43.097,173.96,7.437,-0.127,22.134,0.946,30.204,-4.03,67.761,0.0,0.0,1.116,,,,,,
43.197,174.743,8.336,-0.268,22.233,1.061,30.161,-11.123,67.761,0.0,0.0,1.094,,,,,,
43.297,175.62,8.515,-0.202,22.345,1.083,30.17,-8.941,67.761,0.0,0.0,1.074,,,,,,
43.398,176.478,8.442,-0.143,22.454,1.074,30.193,-5.885,67.761,0.0,0.0,1.137,,,,,,
43.499,177.344,9.333,-0.164,22.564,1.187,30.165,-5.548,67.761,0.0,0.0,1.512,,,,,,
43.599,178.361,12.337,-0.318,22.694,1.57,30.12,-12.314,67.761,0.0,0.0,1.596,,,,,,
43.698,179.655,13.139,-0.173,22.858,1.672,30.131,-6.205,67.761,0.0,0.0,1.552,,,,,,
43.799,180.939,12.321,-0.112,23.022,1.568,30.199,-6.036,67.761,0.0,0.0,1.512,,,,,,
43.899,182.108,11.257,-0.215,23.17,1.432,30.151,-9.002,67.761,0.0,0.0,1.52,,,,,,
43.999,183.277,12.125,-0.176,23.319,1.543,30.149,-7.786,67.761,0.0,0.0,1.525,,,,,,
44.099,184.48,12.021,-0.212,23.472,1.53,30.17,-7.631,67.761,0.0,0.0,1.505,,,,,,
44.199,185.668,11.701,-0.187,23.623,1.489,30.161,-7.554,67.761,0.0,0.0,1.524,,,,,,
44.299,186.854,12.0,-0.181,23.774,1.527,30.165,-7.192,67.761,0.0,0.0,1.498,,,,,,
44.399,188.037,11.535,-0.207,23.925,1.468,30.142,-7.889,67.761,0.0,0.0,1.793,,,,,,
44.499,189.306,14.221,-0.323,24.086,1.809,30.081,-9.829,67.761,0.0,0.0,2.368,,,,,,
44.599,190.901,18.873,-0.386,24.289,2.401,29.941,-18.063,67.761,0.0,0.0,2.333,,,,,,
44.699,192.826,19.37,-0.134,24.534,2.465,30.122,-3.448,67.761,0.0,0.0,2.803,,,,,,
44.799,194.835,21.194,-0.416,24.79,2.697,29.941,-13.888,67.761,0.0,0.0,2.719,,,,,,
44.899,197.031,21.973,-0.193,25.069,2.796,30.076,-6.92,67.761,0.0,0.0,2.775,,,,,,
44.999,199.207,21.48,-0.262,25.346,2.733,30.042,-9.292,67.761,0.0,0.0,2.881,,,,,,
45.099,201.447,22.948,-0.259,25.631,2.92,30.005,-11.775,67.761,0.0,0.0,1.577,,,,,,
45.199,203.564,18.261,0.141,25.9,2.323,30.245,4.81,26.71,0.0,0.0,0.0,,,,,,
45.3,205.005,10.34,0.154,26.084,1.316,30.259,6.359,67.761,0.0,0.0,1.695,,,,,,
45.4,205.955,10.58,-0.63,26.205,1.346,29.964,-23.842,67.761,0.0,0.0,2.573,,,,,,
45.499,207.375,18.638,-0.522,26.385,2.371,29.841,-22.138,67.761,0.0,0.0,2.647,,,,,,
45.6,209.461,22.816,-0.321,26.651,2.903,29.932,-12.588,67.761,0.0,0.0,2.728,,,,,,
45.7,211.725,22.021,-0.215,26.939,2.802,30.056,-7.627,67.761,0.0,0.0,2.673,,,,,,
45.799,213.859,21.116,-0.155,27.21,2.687,30.099,-4.829,67.761,0.0,0.0,2.397,,,,,,
45.899,215.821,18.805,-0.119,27.46,2.393,30.172,-2.75,67.761,0.0,0.0,2.666,,,,,,
45.999,217.748,20.655,-0.389,27.705,2.628,29.946,-15.678,67.761,0.0,0.0,2.597,,,,,,
46.099,219.845,21.072,-0.155,27.972,2.681,30.072,-5.661,67.761,0.0,0.0,1.833,,,,,,
46.199,221.752,16.086,0.233,28.215,2.047,30.305,9.685,67.761,0.0,0.0,1.812,,,,,,
46.299,223.115,11.847,-0.278,28.388,1.507,30.108,-11.953,67.761,0.0,0.0,1.671,,,,,,
46.399,224.369,13.536,-0.116,28.547,1.722,30.138,-5.257,67.761,0.0,0.0,1.526,,,,,,
46.499,225.616,11.636,-0.157,28.706,1.481,30.161,-6.065,67.761,0.0,0.0,1.53,,,,,,
46.6,226.8,11.847,-0.133,28.857,1.507,30.165,-3.136,67.761,0.0,0.0,1.631,,,,,,
46.7,228.044,13.113,-0.177,29.015,1.668,30.145,-8.09,67.761,0.0,0.0,1.63,,,,,,
46.801,229.366,13.734,-0.037,29.183,1.747,30.195,-1.775,67.761,0.0,0.0,1.629,,,,,,
46.901,230.65,12.305,-0.18,29.347,1.566,30.161,-5.057,67.761,0.0,0.0,1.583,,,,,,
47.0,231.903,12.658,-0.111,29.506,1.611,30.165,-5.439,67.761,0.0,0.0,1.514,,,,,,
47.101,233.097,11.108,-0.169,29.658,1.413,30.177,-5.946,67.761,0.0,0.0,1.548,,,,,,
47.201,234.283,11.85,-0.173,29.809,1.508,30.172,-5.44,67.761,0.0,0.0,1.621,,,,,,
47.301,235.539,12.911,-0.113,29.969,1.643,30.165,-5.017,67.761,0.0,0.0,1.652,,,,,,
47.401,236.842,13.465,-0.067,30.135,1.713,30.17,-2.429,67.761,0.0,0.0,1.681,,,,,,
47.501,238.155,12.698,-0.175,30.302,1.616,30.138,-5.891,67.761,0.0,0.0,1.302,,,,,,
47.601,239.352,10.78,0.107,30.454,1.372,30.238,2.908,67.761,0.0,0.0,1.494,,,,,,
47.701,240.368,11.313,-0.254,30.583,1.439,30.129,-11.274,67.761,0.0,0.0,1.425,,,,,,
47.801,241.508,11.806,-0.119,30.728,1.502,30.154,-5.463,67.761,0.0,0.0,1.5,,,,,,
47.901,242.67,12.033,-0.165,30.876,1.531,30.145,-6.918,67.761,0.0,0.0,1.715,,,,,,
48.001,243.938,13.806,-0.248,31.037,1.757,30.092,-10.981,67.761,0.0,0.0,1.637,,,,,,
48.102,245.293,13.065,-0.165,31.21,1.662,30.158,-4.872,67.761,0.0,0.0,1.615,,,,,,
48.202,246.56,12.539,-0.204,31.371,1.595,30.156,-9.568,67.761,0.0,0.0,1.666,,,,,,
48.302,247.824,12.953,-0.233,31.532,1.648,30.097,-8.983,67.761,0.0,0.0,1.328,,,,,,
48.402,249.019,10.605,-0.052,31.684,1.349,30.165,-4.445,67.761,0.0,0.0,1.39,,,,,,
48.502,250.027,10.311,-0.314,31.812,1.312,30.131,-12.465,67.761,0.0,0.0,1.587,,,,,,
48.602,251.174,12.631,-0.332,31.958,1.607,30.062,-11.508,67.761,0.0,0.0,1.476,,,,,,
48.702,252.433,12.045,-0.207,32.118,1.533,30.151,-8.932,67.761,0.0,0.0,1.797,,,,,,
48.802,253.687,13.517,-0.416,32.278,1.72,30.017,-15.665,67.761,0.0,0.0,2.084,,,,,,
48.902,255.235,17.288,-0.353,32.475,2.2,29.966,-14.153,67.761,0.0,0.0,2.084,,,,,,
49.002,256.961,17.012,-0.178,32.694,2.165,30.113,-8.123,67.761,0.0,0.0,2.324,,,,,,
49.102,258.702,17.974,-0.387,32.916,2.287,29.969,-13.311,67.761,0.0,0.0,1.879,,,,,,
49.202,260.422,16.152,0.011,33.135,2.055,30.215,0.575,67.761,0.0,0.0,1.877,,,,,,
49.302,261.84,13.883,-0.237,33.315,1.766,30.101,-8.438,67.761,0.0,0.0,1.874,,,,,,
49.403,263.27,14.837,-0.268,33.497,1.888,30.06,-11.675,67.761,0.0,0.0,1.858,,,,,,
49.503,264.749,14.985,-0.2,33.685,1.907,30.09,-8.813,67.761,0.0,0.0,1.754,,,,,,
49.603,266.167,13.287,-0.248,33.866,1.691,30.129,-8.485,67.761,0.0,0.0,1.81,,,,,,
49.703,267.55,14.118,-0.277,34.042,1.796,30.083,-11.934,67.761,0.0,0.0,1.839,,,,,,
49.803,268.991,14.383,-0.235,34.225,1.83,30.097,-9.969,67.761,0.0,0.0,1.885,,,,,,
49.904,270.487,14.785,-0.21,34.415,1.881,30.094,-8.371,67.761,0.0,0.0,1.88,,,,,,
50.004,271.974,14.729,-0.227,34.604,1.874,30.11,-8.977,67.761,0.0,0.0,2.033,,,,,,
50.104,273.513,15.991,-0.241,34.8,2.035,30.069,-11.429,67.761,0.0,0.0,3.338,,,,,,
50.204,275.277,20.247,-0.631,35.025,2.576,29.8,-25.321,67.761,0.0,0.0,1.789,,,,,,
50.304,277.367,19.992,0.293,35.291,2.544,30.266,9.8,67.761,0.0,0.0,1.513,,,,,,
50.404,278.856,11.216,0.165,35.48,1.427,30.268,4.775,67.761,0.0,0.0,1.585,,,,,,
50.504,279.872,11.063,-0.324,35.609,1.408,30.12,-14.132,67.761,0.0,0.0,2.02,,,,,,
50.604,281.202,15.875,-0.434,35.779,2.02,29.962,-17.254,67.761,0.0,0.0,2.263,,,,,,
50.704,283.001,18.76,-0.185,36.007,2.387,30.081,-7.079,67.761,0.0,0.0,1.863,,,,,,
50.804,284.743,15.047,0.095,36.229,1.914,30.254,5.214,67.761,0.0,0.0,1.704,,,,,,
50.905,286.068,11.97,-0.152,36.398,1.523,30.158,-7.322,67.761,0.0,0.0,1.816,,,,,,
51.005,287.363,14.484,-0.207,36.562,1.843,30.108,-6.616,67.761,0.0,0.0,2.038,,,,,,
51.105,288.908,16.869,-0.186,36.759,2.146,30.09,-7.745,67.761,0.0,0.0,2.077,,,,,,
51.205,290.589,16.292,-0.178,36.973,2.073,30.126,-7.438,67.761,0.0,0.0,2.187,,,,,,
51.305,292.276,16.973,-0.196,37.188,2.16,30.117,-4.8,67.761,0.0,0.0,2.151,,,,,,
51.405,293.985,16.946,-0.112,37.405,2.156,30.145,-6.621,67.761,0.0,0.0,2.18,,,,,,
51.505,295.674,16.673,-0.179,37.62,2.121,30.113,-8.005,67.761,0.0,0.0,2.305,,,,,,
51.605,297.439,18.291,-0.227,37.844,2.327,30.074,-9.25,67.761,0.0,0.0,2.726,,,,,,
51.705,299.39,22.113,-0.297,38.093,2.814,29.962,-13.152,67.761,0.0,0.0,2.567,,,,,,
51.805,301.523,20.752,-0.071,38.364,2.64,30.149,-5.455,67.761,0.0,0.0,1.839,,,,,,
51.905,303.378,16.1,0.249,38.6,2.048,30.273,7.529,67.761,0.0,0.0,1.538,,,,,,
52.005,304.607,9.792,-0.219,38.757,1.246,30.188,-8.43,67.761,0.0,0.0,1.795,,,,,,
52.105,305.747,14.092,-0.42,38.902,1.793,29.976,-19.942,67.761,0.0,0.0,1.819,,,,,,
52.205,307.213,15.205,-0.25,39.088,1.935,30.085,-8.412,67.761,0.0,0.0,1.751,,,,,,
52.305,308.662,13.279,-0.229,39.273,1.69,30.113,-8.06,67.761,0.0,0.0,1.825,,,,,,
52.405,310.043,13.911,-0.309,39.448,1.77,30.051,-12.956,67.761,0.0,0.0,1.845,,,,,,
52.505,311.49,14.538,-0.269,39.632,1.85,30.094,-10.695,67.761,0.0,0.0,1.82,,,,,,
52.606,312.956,14.236,-0.272,39.819,1.811,30.108,-9.61,67.761,0.0,0.0,1.849,,,,,,
52.706,314.392,15.142,-0.179,40.001,1.927,30.097,-9.372,67.761,0.0,0.0,1.915,,,,,,
52.806,315.876,15.531,-0.271,40.19,1.976,30.088,-9.855,67.761,0.0,0.0,1.606,,,,,,
52.906,317.283,12.793,-0.102,40.369,1.628,30.151,-4.505,67.761,0.0,0.0,1.57,,,,,,
53.006,318.475,11.44,-0.262,40.521,1.456,30.122,-8.985,67.761,0.0,0.0,1.547,,,,,,
53.106,319.659,11.667,-0.246,40.672,1.484,30.085,-7.523,67.761,0.0,0.0,1.115,,,,,,
53.206,320.751,9.019,0.016,40.811,1.148,30.204,0.074,67.761,0.0,0.0,1.123,,,,,,
53.306,321.563,7.995,-0.276,40.914,1.017,30.151,-10.018,67.761,0.0,0.0,1.288,,,,,,
53.406,322.474,10.377,-0.266,41.03,1.32,30.106,-9.889,67.761,0.0,0.0,1.44,,,,,,
53.506,323.604,11.275,-0.293,41.174,1.435,30.097,-11.019,67.761,0.0,0.0,1.433,,,,,,
53.606,324.778,11.154,-0.169,41.323,1.419,30.158,-6.359,67.761,0.0,0.0,1.432,,,,,,
53.706,325.9,10.947,-0.204,41.466,1.393,30.149,-7.904,67.761,0.0,0.0,1.416,,,,,,
53.806,327.002,11.298,-0.16,41.606,1.437,30.147,-7.034,67.761,0.0,0.0,1.426,,,,,,
53.906,328.114,10.842,-0.189,41.747,1.38,30.138,-7.1,67.761,0.0,0.0,1.416,,,,,,
54.006,329.231,11.023,-0.193,41.89,1.403,30.158,-7.204,67.761,0.0,0.0,1.395,,,,,,
54.106,330.329,11.254,-0.098,42.029,1.432,30.156,-4.182,67.761,0.0,0.0,1.375,,,,,,
54.206,331.408,10.752,-0.186,42.167,1.368,30.147,-6.862,67.761,0.0,0.0,1.344,,,,,,
54.307,332.475,10.647,-0.128,42.302,1.355,30.161,-5.318,67.761,0.0,0.0,1.431,,,,,,
54.407,333.562,11.179,-0.23,42.441,1.422,30.124,-9.598,67.761,0.0,0.0,1.329,,,,,,
54.507,334.651,10.442,-0.133,42.579,1.329,30.163,-4.098,67.761,0.0,0.0,1.332,,,,,,
54.607,335.679,10.283,-0.197,42.71,1.308,30.167,-7.755,67.761,0.0,0.0,1.352,,,,,,
54.707,336.722,10.704,-0.218,42.843,1.362,30.151,-8.688,67.761,0.0,0.0,1.092,,,,,,
54.807,337.688,8.53,-0.034,42.966,1.085,30.188,-3.629,67.761,0.0,0.0,1.177,,,,,,
54.907,338.53,8.952,-0.232,43.073,1.139,30.124,-8.513,67.761,0.0,0.0,1.095,,,,,,
55.007,339.409,8.877,-0.153,43.185,1.129,30.181,-5.195,67.761,0.0,0.0,0.741,,,,,,
55.107,340.141,5.405,-0.007,43.278,0.688,30.202,-1.008,67.761,0.0,0.0,0.102,,,,,,
55.207,340.507,1.216,0.142,43.324,0.155,30.227,4.546,43.328,0.0,0.0,0.0,,,,,,
55.307,340.497,-0.266,0.069,43.323,-0.034,30.22,2.54,67.761,0.0,0.0,0.39,,,,,,
55.407,340.57,1.778,-0.328,43.332,0.226,30.19,-13.625,67.761,0.0,0.0,1.38,,,,,,
55.507,340.976,7.067,-0.659,43.384,0.899,29.978,-28.386,67.761,0.0,0.0,1.001,,,,,,
55.607,341.893,9.858,-0.098,43.501,1.254,30.17,-4.747,67.761,0.0,0.0,0.17,,,,,,
55.707,342.613,3.29,0.297,43.592,0.419,30.218,12.869,67.761,0.0,0.0,1.385,,,,,,
55.807,342.802,2.869,-0.752,43.616,0.365,30.021,-30.558,67.761,0.0,0.0,2.431,,,,,,
55.907,343.562,12.936,-0.713,43.713,1.646,29.823,-30.893,67.761,0.0,0.0,2.282,,,,,,
56.008,345.188,18.94,-0.554,43.92,2.41,29.8,-20.476,67.761,0.0,0.0,1.669,,,,,,
56.108,347.031,15.711,0.218,44.154,1.999,30.259,7.922,67.761,0.0,0.0,0.685,,,,,,
56.208,348.156,7.064,0.151,44.297,0.899,30.231,6.293,67.761,0.0,0.0,1.475,,,,,,
56.308,348.811,8.032,-0.735,44.381,1.022,29.944,-27.033,67.761,0.0,0.0,1.667,,,,,,
56.408,349.998,14.195,-0.48,44.532,1.806,29.955,-19.394,67.761,0.0,0.0,2.626,,,,,,
56.508,351.604,17.907,-0.609,44.736,2.278,29.816,-26.653,67.761,0.0,0.0,2.828,,,,,,
56.608,353.686,22.461,-0.548,45.001,2.858,29.777,-17.598,67.761,0.0,0.0,2.576,,,,,,
56.708,355.955,21.482,-0.059,45.29,2.733,30.136,-2.397,67.761,0.0,0.0,1.905,,,,,,
56.808,357.818,15.658,0.139,45.527,1.992,30.25,6.788,67.761,0.0,0.0,1.977,,,,,,
56.909,359.244,14.003,-0.353,45.708,1.782,30.03,-13.438,67.761,0.0,0.0,2.732,,,,,,
57.009,360.864,19.719,-0.696,45.914,2.509,29.713,-25.971,67.761,0.0,0.0,2.926,,,,,,
57.109,363.109,24.063,-0.463,46.2,3.062,29.772,-18.966,67.761,0.0,0.0,2.713,,,,,,
57.209,365.477,22.496,-0.033,46.501,2.862,30.136,-0.784,67.761,0.0,0.0,2.469,,,,,,
57.309,367.493,18.455,-0.184,46.758,2.348,30.101,-5.609,67.761,0.0,0.0,2.464,,,,,,
57.409,369.334,18.912,-0.281,46.992,2.406,30.019,-9.899,67.761,0.0,0.0,2.313,,,,,,
57.509,371.189,17.85,-0.271,47.228,2.271,30.053,-9.719,67.761,0.0,0.0,2.734,,,,,,
57.609,373.124,20.323,-0.602,47.474,2.586,29.791,-21.693,67.761,0.0,0.0,2.685,,,,,,
57.709,375.307,22.088,-0.182,47.752,2.81,30.044,-4.246,67.761,0.0,0.0,2.615,,,,,,
57.809,377.432,20.773,-0.145,48.022,2.643,30.081,-7.812,67.761,0.0,0.0,2.346,,,,,,
57.909,379.347,18.276,-0.115,48.266,2.325,30.122,-3.493,67.761,0.0,0.0,2.935,,,,,,
58.009,381.27,21.833,-0.608,48.511,2.778,29.733,-24.95,67.761,0.0,0.0,3.354,,,,,,
58.109,383.75,27.561,-0.428,48.826,3.507,29.747,-16.58,67.761,0.0,0.0,3.342,,,,,,
58.209,386.538,27.545,-0.067,49.181,3.505,30.069,-7.123,67.761,0.0,0.0,2.663,,,,,,
58.309,389.037,21.599,0.165,49.499,2.748,30.261,6.027,67.761,0.0,0.0,1.746,,,,,,
58.409,390.876,15.554,0.233,49.733,1.979,30.282,8.559,67.761,0.0,0.0,1.729,,,,,,
58.51,392.153,11.309,-0.286,49.895,1.439,30.108,-10.915,67.761,0.0,0.0,2.299,,,,,,
58.61,393.543,17.421,-0.512,50.072,2.217,29.861,-21.731,67.761,0.0,0.0,2.582,,,,,,
58.71,395.543,21.971,-0.23,50.327,2.796,29.98,-10.531,67.761,0.0,0.0,2.752,,,,,,
58.81,397.788,22.415,-0.105,50.612,2.852,30.108,-2.622,67.761,0.0,0.0,2.64,,,,,,
58.91,399.935,20.879,-0.055,50.885,2.657,30.142,-3.022,67.761,0.0,0.0,2.529,,,,,,
59.01,401.911,19.799,-0.107,51.137,2.519,30.124,-5.277,67.761,0.0,0.0,2.522,,,,,,
59.11,403.853,19.734,-0.136,51.384,2.511,30.104,-5.383,67.761,0.0,0.0,2.672,,,,,,
59.21,405.895,21.579,-0.17,51.644,2.746,30.065,-8.317,67.761,0.0,0.0,2.717,,,,,,
59.31,408.045,21.411,-0.148,51.917,2.724,30.081,-6.388,67.761,0.0,0.0,2.603,,,,,,
59.41,410.136,19.954,-0.159,52.183,2.539,30.122,-4.842,67.761,0.0,0.0,2.652,,,,,,
59.51,412.167,20.11,-0.23,52.442,2.559,30.078,-7.965,67.761,0.0,0.0,2.62,,,,,,
59.61,414.225,20.81,-0.165,52.704,2.648,30.101,-6.399,67.761,0.0,0.0,2.724,,,,,,
59.71,416.325,21.567,-0.198,52.971,2.744,30.062,-7.181,67.761,0.0,0.0,3.063,,,,,,
59.81,418.588,23.758,-0.367,53.259,3.023,29.875,-16.526,67.761,0.0,0.0,3.027,,,,,,
59.91,421.024,23.817,-0.198,53.569,3.03,30.021,-8.351,67.761,0.0,0.0,2.921,,,,,,
60.01,423.359,23.087,-0.142,53.866,2.938,30.099,-4.907,67.761,0.0,0.0,3.005,,,,,,
60.11,425.644,22.49,-0.418,54.157,2.862,29.907,-15.397,67.761,0.0,0.0,3.039,,,,,,
60.211,428.039,23.793,-0.298,54.461,3.027,29.944,-12.053,67.761,0.0,0.0,3.112,,,,,,
60.311,430.477,24.465,-0.305,54.772,3.113,29.923,-11.975,67.761,0.0,0.0,2.805,,,,,,
60.411,432.812,21.981,-0.162,55.069,2.797,30.078,-5.262,67.761,0.0,0.0,2.837,,,,,,
60.511,434.975,21.395,-0.347,55.344,2.722,29.955,-13.736,67.761,0.0,0.0,3.201,,,,,,
60.611,437.292,25.233,-0.471,55.639,3.211,29.77,-15.376,67.761,0.0,0.0,3.378,,,,,,
60.711,439.949,27.967,-0.321,55.977,3.558,29.85,-15.239,67.761,0.0,0.0,3.791,,,,,,
60.811,442.805,30.063,-0.406,56.34,3.825,29.754,-13.982,67.761,0.0,0.0,3.97,,,,,,
60.911,445.919,32.666,-0.251,56.736,4.156,29.875,-11.292,67.761,0.0,0.0,3.569,,,,,,
61.011,448.966,28.937,-0.005,57.124,3.682,30.138,-0.97,67.761,0.0,0.0,3.178,,,,,,
61.111,451.584,23.356,-0.165,57.457,2.972,30.083,-8.097,67.761,0.0,0.0,3.22,,,,,,
61.211,453.976,23.872,-0.389,57.761,3.037,29.891,-15.404,67.761,0.0,0.0,3.365,,,,,,
61.311,456.546,26.511,-0.368,58.088,3.373,29.848,-15.831,67.761,0.0,0.0,3.125,,,,,,
61.411,459.139,23.954,-0.204,58.418,3.048,30.044,-6.875,67.761,0.0,0.0,3.161,,,,,,
61.511,461.584,24.104,-0.274,58.729,3.067,29.962,-12.162,67.761,0.0,0.0,3.21,,,,,,
61.612,464.091,24.618,-0.309,59.048,3.132,29.905,-14.588,67.761,0.0,0.0,3.713,,,,,,
61.712,466.763,28.912,-0.453,59.388,3.679,29.715,-16.378,67.761,0.0,0.0,3.84,,,,,,
61.812,469.797,31.425,-0.25,59.774,3.998,29.891,-7.93,67.761,0.0,0.0,3.746,,,,,,
61.912,472.842,29.914,-0.097,60.162,3.806,30.044,-3.082,67.761,0.0,0.0,3.949,,,,,,
62.012,475.841,30.967,-0.285,60.543,3.94,29.884,-8.985,67.761,0.0,0.0,3.836,,,,,,
62.112,478.901,31.037,-0.113,60.933,3.949,30.03,-5.472,67.761,0.0,0.0,3.552,,,,,,
62.212,481.796,27.964,-0.045,61.301,3.558,30.108,-2.233,67.761,0.0,0.0,3.493,,,,,,
62.312,484.498,27.066,-0.179,61.645,3.444,30.012,-10.219,67.761,0.0,0.0,3.613,,,,,,
62.412,487.252,28.43,-0.249,61.995,3.617,29.93,-8.436,67.761,0.0,0.0,3.751,,,,,,
62.512,490.18,28.857,-0.321,62.368,3.672,29.912,-7.733,67.761,0.0,0.0,3.752,,,,,,
62.612,493.163,28.777,-0.246,62.747,3.661,29.987,-7.076,67.761,0.0,0.0,3.42,,,,,,
62.712,495.992,26.898,0.026,63.107,3.422,30.186,0.193,67.761,0.0,0.0,3.465,,,,,,
62.812,498.627,25.834,-0.289,63.443,3.287,29.982,-10.808,67.761,0.0,0.0,3.549,,,,,,
62.912,501.36,28.655,-0.111,63.79,3.646,30.03,-4.454,67.761,0.0,0.0,3.51,,,,,,
63.012,504.153,26.76,-0.217,64.146,3.405,30.024,-6.884,67.761,0.0,0.0,3.192,,,,,,
63.112,506.786,25.05,0.006,64.481,3.187,30.158,0.404,67.761,0.0,0.0,2.827,,,,,,
63.212,509.094,20.898,-0.014,64.774,2.659,30.167,-2.909,67.761,0.0,0.0,2.798,,,,,,
63.312,511.199,21.069,-0.23,65.042,2.681,30.019,-7.015,67.761,0.0,0.0,2.983,,,,,,
63.412,513.449,23.991,-0.207,65.328,3.052,29.996,-8.683,67.761,0.0,0.0,3.155,,,,,,
63.513,515.933,25.472,-0.177,65.645,3.241,29.998,-9.332,67.761,0.0,0.0,3.4,,,,,,
63.613,518.546,26.706,-0.247,65.977,3.398,29.955,-11.507,67.761,0.0,0.0,3.313,,,,,,
63.713,521.203,25.53,-0.152,66.315,3.248,30.06,-3.657,67.761,0.0,0.0,3.268,,,,,,
63.813,523.736,24.236,-0.012,66.637,3.084,30.154,0.101,67.761,0.0,0.0,3.322,,,,,,
63.913,525.973,20.411,0.028,66.922,2.597,30.209,0.82,67.761,0.0,0.0,4.672,,,,,,
64.013,527.842,17.218,-0.009,67.16,2.191,30.174,-0.496,67.761,0.0,0.0,4.539,,,,,,
64.113,529.407,14.839,0.008,67.359,1.888,30.177,0.289,67.761,0.0,0.0,4.557,,,,,,
64.213,530.667,10.954,-0.009,67.519,1.394,30.188,-0.039,67.761,0.0,0.0,4.109,,,,,,
64.313,531.62,7.718,0.003,67.64,0.982,30.195,0.204,67.761,0.0,0.0,3.663,,,,,,
64.413,532.247,4.712,-0.0,67.72,0.6,30.199,0.014,67.761,0.0,0.0,3.658,,,,,,
64.513,532.584,1.635,0.018,67.763,0.208,30.188,0.8,67.761,0.0,0.0,3.843,,,,,,
64.613,532.604,-0.458,-0.066,67.766,-0.058,30.177,-1.785,67.761,0.0,0.0,3.942,,,,,,
64.713,532.603,-0.05,-0.016,67.765,-0.006,30.172,-0.93,67.761,0.0,0.0,3.547,,,,,,
64.813,532.602,-0.017,-0.005,67.765,-0.002,30.186,-0.662,67.761,0.0,0.0,3.565,,,,,,
64.913,532.603,-0.006,-0.005,67.765,-0.001,30.202,-0.092,67.761,0.0,0.0,3.59,,,,,,
65.013,532.603,-0.024,-0.008,67.765,-0.003,30.197,-0.012,67.761,0.0,0.0,4.086,,,,,,
65.113,532.602,0.015,0.009,67.765,0.002,30.193,-0.111,67.761,0.0,0.0,4.255,,,,,,
65.214,532.602,-0.014,0.009,67.765,-0.002,30.177,0.537,67.761,0.0,0.0,3.691,,,,,,
65.314,532.602,0.036,0.024,67.765,0.005,30.188,0.445,67.761,0.0,0.0,3.304,,,,,,
65.414,532.602,0.015,0.022,67.765,0.002,30.199,0.731,67.761,0.0,0.0,4.079,,,,,,
65.514,532.602,0.015,0.03,67.765,0.002,30.179,0.888,67.761,0.0,0.0,6.791,,,,,,
65.614,532.601,-0.001,0.028,67.765,-0.0,30.199,1.333,67.761,0.0,0.0,6.768,,,,,,
65.714,532.601,0.008,0.033,67.765,0.001,30.202,1.423,67.761,0.0,0.0,6.268,,,,,,
65.814,532.599,-0.025,0.031,67.765,-0.003,30.181,1.65,67.761,0.0,0.0,5.382,,,,,,
65.914,532.595,-0.071,0.026,67.764,-0.009,30.204,0.729,67.761,0.0,0.0,5.112,,,,,,
66.014,532.582,-0.061,-0.005,67.763,-0.008,30.19,0.414,67.763,0.0,0.0,0.0,,,,,,
66.114,532.581,-0.01,0.003,67.763,-0.001,30.199,0.331,67.763,0.0,0.0,0.0,,,,,,
66.214,532.579,-0.015,0.006,67.762,-0.002,30.193,0.102,67.762,0.0,0.0,0.0,,,,,,
66.314,532.578,-0.046,0.007,67.762,-0.006,30.195,0.189,67.762,0.0,0.0,0.0,,,,,,
66.414,532.577,-0.022,0.011,67.762,-0.003,30.202,0.072,67.762,0.0,0.0,0.0,,,,,,
66.514,532.576,-0.021,0.004,67.762,-0.003,30.183,0.55,67.762,0.0,0.0,0.0,,,,,,
66.614,532.575,-0.003,0.004,67.762,-0.0,30.197,0.0,67.762,0.0,0.0,0.0,,,,,,
66.714,532.575,0.003,0.002,67.762,0.0,30.202,0.215,67.762,0.0,0.0,0.0,,,,,,
66.814,532.574,-0.01,0.012,67.762,-0.001,30.197,0.142,67.761,0.0,0.0,14.0,,,,,,
66.915,532.574,0.007,-0.004,67.762,0.001,30.19,0.022,67.761,0.0,0.0,14.0,,,,,,
67.015,532.573,-0.034,0.006,67.762,-0.004,30.211,0.202,67.761,0.0,0.0,8.419,,,,,,
67.115,532.573,-0.026,0.008,67.762,-0.003,30.211,0.242,67.762,0.0,0.0,0.0,,,,,,
67.215,532.573,-0.005,0.001,67.762,-0.001,30.22,0.09,67.761,0.0,0.0,14.0,,,,,,
67.315,532.573,-0.008,0.009,67.762,-0.001,30.202,0.37,67.761,0.0,0.0,14.0,,,,,,
67.415,532.572,-0.01,-0.003,67.762,-0.001,30.206,0.34,67.761,0.0,0.0,14.0,,,,,,
67.515,532.572,-0.007,0.005,67.762,-0.001,30.222,0.707,67.761,0.0,0.0,14.0,,,,,,
67.615,532.572,-0.036,0.015,67.762,-0.005,30.19,0.503,67.761,0.0,0.0,14.0,,,,,,
67.715,532.572,0.007,0.017,67.762,0.001,30.222,0.622,67.762,0.0,0.0,0.0,,,,,,
67.815,532.573,0.003,0.01,67.762,0.0,30.193,0.461,67.762,0.0,0.0,0.0,,,,,,
67.915,532.573,-0.003,0.02,67.762,-0.0,30.213,0.601,67.762,0.0,0.0,0.0,,,,,,
68.015,532.573,-0.001,0.021,67.762,-0.0,30.19,0.838,67.762,0.0,0.0,0.0,,,,,,
68.115,532.573,0.018,0.022,67.762,0.002,30.199,0.646,67.762,0.0,0.0,0.0,,,,,,
68.215,532.573,0.041,0.02,67.762,0.005,30.209,0.725,67.762,0.0,0.0,0.0,,,,,,
68.315,532.574,0.044,0.027,67.762,0.006,30.193,0.94,67.762,0.0,0.0,0.0,,,,,,
68.415,532.574,-0.001,0.025,67.762,-0.0,30.206,1.106,67.762,0.0,0.0,0.0,,,,,,
68.516,532.574,-0.024,0.028,67.762,-0.003,30.215,0.724,67.762,0.0,0.0,0.0,,,,,,
68.616,532.574,0.042,0.023,67.762,0.005,30.211,0.978,67.762,0.0,0.0,0.0,,,,,,
68.716,532.574,0.023,0.023,67.762,0.003,30.22,0.859,67.762,0.0,0.0,0.0,,,,,,
68.816,532.574,-0.014,0.034,67.762,-0.002,30.218,1.168,67.762,0.0,0.0,0.0,,,,,,
68.916,532.574,-0.02,0.024,67.762,-0.002,30.222,0.987,67.762,0.0,0.0,0.0,,,,,,
69.016,532.574,-0.049,0.029,67.762,-0.006,30.213,1.406,67.762,0.0,0.0,0.0,,,,,,
69.116,532.574,-0.028,0.031,67.762,-0.004,30.202,1.336,67.762,0.0,0.0,0.0,,,,,,
69.216,532.574,0.032,0.032,67.762,0.004,30.209,1.146,67.762,0.0,0.0,0.0,,,,,,
69.316,532.573,0.012,0.035,67.762,0.002,30.211,1.406,67.762,0.0,0.0,0.0,,,,,,
69.416,532.573,-0.008,0.04,67.762,-0.001,30.199,1.299,67.762,0.0,0.0,0.0,,,,,,
69.516,532.573,-0.004,0.042,67.762,-0.001,30.186,1.619,67.762,0.0,0.0,0.0,,,,,,
69.617,532.573,0.031,0.039,67.762,0.004,30.222,1.309,67.762,0.0,0.0,0.0,,,,,,
69.717,532.572,-0.008,0.039,67.762,-0.001,30.211,1.295,67.762,0.0,0.0,0.0,,,,,,
69.817,532.57,-0.071,0.021,67.761,-0.009,30.215,0.985,67.761,0.0,0.0,0.0,,,,,,
69.917,532.565,0.034,0.027,67.761,0.004,30.209,0.861,67.761,0.0,0.0,0.0,,,,,,
70.017,532.565,0.009,0.023,67.761,0.001,30.215,1.086,67.761,0.0,0.0,0.0,,,,,,
70.117,532.564,0.006,0.015,67.761,0.001,30.229,0.86,67.761,0.0,0.0,0.0,,,,,,
70.217,532.564,-0.022,0.026,67.761,-0.003,30.199,0.8,67.761,0.0,0.0,0.0,,,,,,
70.318,532.564,-0.004,0.024,67.76,-0.001,30.215,1.005,67.761,0.0,0.0,2.545,,,,,,
70.418,532.564,0.002,0.022,67.76,0.0,30.234,0.552,67.761,0.0,0.0,9.877,,,,,,
70.518,532.563,-0.025,0.02,67.76,-0.003,30.222,0.916,67.761,0.0,0.0,14.0,,,,,,
70.618,532.563,0.031,0.018,67.76,0.004,30.218,0.85,67.761,0.0,0.0,14.0,,,,,,
70.718,532.563,-0.017,0.016,67.76,-0.002,30.213,0.773,67.761,0.0,0.0,14.0,,,,,,
70.818,532.563,0.004,0.03,67.76,0.0,30.225,0.815,67.761,0.0,0.0,14.0,,,,,,
70.918,532.563,-0.04,0.007,67.76,-0.005,30.218,0.87,67.76,0.0,0.0,0.0,,,,,,
71.018,532.563,-0.006,0.024,67.76,-0.001,30.209,0.563,67.76,0.0,0.0,0.0,,,,,,
71.118,532.563,-0.035,0.026,67.76,-0.004,30.229,0.818,67.76,0.0,0.0,0.0,,,,,,
71.218,532.563,-0.0,0.016,67.76,-0.0,30.225,0.601,67.76,0.0,0.0,0.0,,,,,,
71.318,532.563,0.003,0.023,67.76,0.0,30.195,0.75,67.76,0.0,0.0,0.0,,,,,,
71.418,532.563,0.028,0.019,67.76,0.004,30.231,0.853,67.76,0.0,0.0,0.0,,,,,,
71.518,532.563,-0.017,0.028,67.76,-0.002,30.209,0.654,67.76,0.0,0.0,0.0,,,,,,
71.618,532.563,-0.043,0.016,67.76,-0.005,30.215,0.926,67.76,0.0,0.0,0.0,,,,,,
71.718,532.563,0.022,0.02,67.76,0.003,30.209,0.755,67.76,0.0,0.0,0.0,,,,,,
71.818,532.563,-0.016,0.016,67.76,-0.002,30.231,0.861,67.76,0.0,0.0,0.0,,,,,,
71.92,532.564,-0.032,0.021,67.76,-0.004,30.231,0.724,67.76,0.0,0.0,0.0,,,,,,
72.019,532.564,0.016,0.03,67.76,0.002,30.234,0.606,67.76,0.0,0.0,0.0,,,,,,
72.12,532.564,-0.017,0.015,67.76,-0.002,30.227,0.939,67.76,0.0,0.0,0.0,,,,,,
72.22,532.564,-0.015,0.021,67.76,-0.002,30.215,0.709,67.76,0.0,0.0,0.0,,,,,,
72.32,532.564,-0.03,0.018,67.761,-0.004,30.225,0.724,67.761,0.0,0.0,0.0,,,,,,
72.42,532.564,-0.023,0.015,67.761,-0.003,30.229,0.76,67.761,0.0,0.0,0.0,,,,,,
72.52,532.564,0.01,0.014,67.761,0.001,30.22,0.781,67.761,0.0,0.0,0.0,,,,,,
72.62,532.564,0.011,0.018,67.761,0.001,30.215,0.794,67.761,0.0,0.0,0.0,,,,,,
72.72,532.564,0.01,0.013,67.76,0.001,30.213,0.872,67.76,0.0,0.0,0.0,,,,,,
72.82,532.564,-0.024,0.023,67.76,-0.003,30.218,0.413,67.76,0.0,0.0,0.0,,,,,,
72.92,532.564,-0.008,0.03,67.76,-0.001,30.215,0.451,67.76,0.0,0.0,0.0,,,,,,
73.02,532.564,0.017,0.014,67.76,0.002,30.229,0.54,67.76,0.0,0.0,0.0,,,,,,
73.12,532.564,0.017,0.02,67.76,0.002,30.243,0.62,67.76,0.0,0.0,0.0,,,,,,
73.219,532.563,-0.018,0.019,67.76,-0.002,30.222,0.985,67.76,0.0,0.0,0.0,,,,,,
73.319,532.563,0.008,0.018,67.76,0.001,30.215,1.039,67.76,0.0,0.0,0.0,,,,,,
73.419,532.563,0.013,0.024,67.76,0.002,30.218,0.861,67.76,0.0,0.0,0.0,,,,,,
73.52,532.563,-0.009,0.018,67.76,-0.001,30.227,0.799,67.76,0.0,0.0,0.0,,,,,,
73.619,532.563,0.0,0.019,67.76,0.0,30.225,0.535,67.76,0.0,0.0,0.0,,,,,,
73.721,532.563,-0.007,0.027,67.76,-0.001,30.236,0.876,67.76,0.0,0.0,0.0,,,,,,
73.821,532.563,0.011,0.015,67.76,0.001,30.222,0.539,67.76,0.0,0.0,0.0,,,,,,
73.921,532.563,0.005,0.024,67.76,0.001,30.236,0.801,67.76,0.0,0.0,0.0,,,,,,
74.021,532.563,-0.028,0.015,67.76,-0.004,30.218,0.777,67.76,0.0,0.0,0.0,,,,,,
74.12,532.563,-0.006,0.013,67.76,-0.001,30.231,0.88,67.76,0.0,0.0,0.0,,,,,,
74.22,532.563,-0.012,0.013,67.76,-0.002,30.234,0.392,67.76,0.0,0.0,0.0,,,,,,
74.32,532.563,-0.016,0.022,67.76,-0.002,30.225,0.861,67.76,0.0,0.0,0.0,,,,,,
74.42,532.563,0.017,0.008,67.76,0.002,30.236,0.966,67.76,0.0,0.0,0.0,,,,,,
74.52,532.563,0.019,0.013,67.76,0.002,30.247,0.576,67.76,0.0,0.0,0.0,,,,,,
74.62,532.563,-0.027,0.012,67.76,-0.003,30.222,0.296,67.76,0.0,0.0,0.0,,,,,,
74.72,532.563,-0.008,0.008,67.76,-0.001,30.222,0.646,67.76,0.0,0.0,0.0,,,,,,
74.952,532.563,0.017,0.009,67.76,0.002,30.213,0.544,0,67.09,0.0,-0.67,0.67,0.27,5.33,164.3,13.6,12.0
75.076,532.563,-0.015,0.029,67.76,-0.002,30.222,1.55,0,67.16,0.194,-0.504,0.6,0.25,5.44,-173.5,19.5,9.0
75.195,532.273,-5.604,0.292,67.723,-0.713,30.14,11.358,0,67.213,0.286,-0.426,0.51,0.26,5.52,-164.1,5.7,4.5
75.314,531.626,-4.445,-0.05,67.641,-0.566,30.231,-2.868,0,67.301,0.463,-0.217,0.34,0.25,5.73,-167.9,3.9,-2.2
75.443,531.254,-2.558,0.102,67.594,-0.325,30.215,3.753,67.761,67.414,0.656,0.296,0.18,0.15,5.68,-165.5,-3.2,-5.8
75.557,531.027,-1.205,0.105,67.565,-0.153,30.234,2.54,67.761,67.495,0.646,0.506,0.07,0.15,5.78,168.4,1.0,-8.0
75.68,531.044,1.72,-0.286,67.567,0.219,30.193,-11.822,67.761,67.577,0.673,0.673,-0.01,0.14,5.53,-163.7,-4.6,-10.9
75.799,531.514,4.975,-0.147,67.627,0.633,30.197,-6.343,67.761,67.607,0.503,0.463,0.02,0.05,5.71,-171.0,2.5,-12.0
75.915,532.139,5.183,-0.133,67.706,0.659,30.213,-3.089,67.761,67.636,0.404,0.289,0.07,0.04,5.54,-167.6,8.6,-13.5
76.039,532.572,1.309,0.091,67.762,0.167,30.227,2.482,67.761,67.602,0.128,0.092,0.16,0.04,5.6,166.3,7.0,-15.8
76.161,532.558,-0.017,-0.038,67.76,-0.002,30.225,-0.94,67.761,67.63,0.167,0.065,0.13,-0.0,5.64,-177.9,-4.3,-17.9
76.278,532.559,-0.023,-0.028,67.76,-0.003,30.231,-1.017,0,67.62,0.07,-0.037,0.14,-0.01,5.45,-171.9,-9.5,-17.4
76.399,532.559,0.01,-0.005,67.76,0.001,30.236,-0.557,0,67.6,-0.026,-0.132,0.16,0.02,5.55,179.6,-8.0,-19.0
76.526,532.556,-0.008,0.09,67.76,-0.001,30.215,3.881,0,67.58,-0.082,-0.196,0.18,0.01,5.57,171.7,14.0,-17.1
76.648,532.479,-1.089,0.166,67.75,-0.139,30.186,7.04,0,67.55,-0.142,-0.271,0.2,0.03,5.52,-177.3,-13.7,-15.8
76.774,532.264,-1.721,0.085,67.722,-0.219,30.211,4.082,0,67.522,-0.174,-0.332,0.2,0.09,5.61,170.0,14.6,-15.4
76.895,531.988,-2.117,0.141,67.687,-0.269,30.227,4.681,0,67.497,-0.184,-0.363,0.19,0.01,5.54,170.6,14.5,-14.0
77.014,531.669,-2.953,0.063,67.647,-0.376,30.213,2.781,0,67.407,-0.406,-0.558,0.24,0.06,5.5,164.4,10.1,-9.8
77.139,531.325,-2.838,0.123,67.603,-0.361,30.206,6.18,0,67.263,-0.721,-0.843,0.34,0.1,5.5,-175.0,-8.9,2.1
77.255,530.825,-5.106,0.121,67.539,-0.65,30.204,4.832,0,67.099,-0.953,-1.103,0.44,0.0,5.37,172.4,-13.7,8.5
77.37,530.102,-6.83,0.175,67.447,-0.869,30.165,7.813,0,66.887,-1.304,-1.482,0.56,-0.14,5.48,-163.0,-1.1,12.3
77.486,529.126,-9.106,0.136,67.323,-1.159,30.186,6.342,0,66.683,-1.472,-1.747,0.64,-0.07,5.46,178.8,-0.6,17.2
77.606,527.853,-12.334,0.127,67.161,-1.569,30.163,3.462,0,66.471,-1.623,-2.006,0.69,0.09,5.42,-176.3,-8.0,20.4
77.724,526.223,-14.094,0.141,66.954,-1.793,30.147,6.423,0,66.264,-1.669,-2.172,0.69,0.15,5.43,179.3,-10.7,23.9
77.839,524.391,-16.581,0.118,66.721,-2.11,30.142,4.409,0,66.071,-1.655,-2.259,0.65,0.18,5.52,175.2,4.6,25.6
77.955,522.433,-17.698,0.065,66.471,-2.252,30.147,3.834,0,65.881,-1.652,-2.316,0.59,0.22,5.45,177.0,-7.8,28.0
78.072,520.363,-18.26,0.064,66.208,-2.323,30.165,3.591,0,65.748,-1.456,-2.182,0.46,0.3,5.39,171.5,-10.5,26.1
78.189,518.237,-18.046,0.064,65.938,-2.296,30.163,3.942,0,65.588,-1.421,-2.117,0.35,0.38,5.43,-178.8,-4.0,23.5
78.309,516.203,-16.329,0.108,65.679,-2.078,30.167,3.579,0,65.509,-1.128,-1.468,0.17,0.48,5.27,-173.7,10.2,21.8
78.429,514.214,-15.922,0.121,65.426,-2.026,30.161,4.722,0,65.446,-0.888,-0.888,-0.02,0.47,4.89,175.8,-1.3,20.1
78.547,512.551,-10.893,-0.131,65.214,-1.386,30.254,-5.592,0,65.404,-0.676,-0.676,-0.19,0.41,5.19,179.4,-17.0,20.6
78.669,511.601,-5.222,-0.005,65.093,-0.664,30.227,-0.263,0,65.373,-0.513,-0.513,-0.28,0.31,5.34,173.3,9.7,17.4
78.8,511.055,-4.357,0.172,65.024,-0.554,30.195,5.705,0,65.304,-0.531,-0.531,-0.28,0.29,5.38,173.6,10.6,18.7
78.928,510.511,-3.833,0.115,64.955,-0.488,30.218,1.685,0,65.285,-0.381,-0.33,-0.33,0.26,5.33,173.9,9.2,17.5
79.047,510.0,-4.486,0.038,64.89,-0.571,30.202,3.284,0,65.32,-0.124,-0.016,-0.43,0.16,5.28,-179.0,15.2,18.4
79.168,509.628,-2.021,0.033,64.842,-0.257,30.213,0.533,67.761,65.402,0.197,0.348,-0.56,0.03,5.3,175.2,11.5,15.1
79.298,509.562,0.319,0.006,64.834,0.041,30.222,0.237,67.761,65.454,0.287,0.561,-0.62,-0.03,5.23,-179.6,17.3,16.3
79.418,509.76,2.801,-0.275,64.859,0.356,30.19,-10.101,67.761,65.569,0.526,0.889,-0.71,0.03,5.35,-178.3,8.9,15.1
79.537,510.282,5.099,-0.207,64.925,0.649,30.186,-6.821,67.761,65.665,0.635,1.116,-0.74,0.17,5.15,174.5,16.1,14.3
79.661,511.06,7.55,-0.253,65.024,0.961,30.149,-9.511,67.761,65.814,0.871,1.422,-0.79,0.19,5.34,176.6,4.8,14.8
79.784,512.151,9.013,-0.224,65.163,1.147,30.136,-7.945,67.761,65.903,0.814,1.489,-0.74,0.07,5.14,179.3,15.6,16.5
79.904,513.475,11.703,-0.197,65.332,1.489,30.099,-6.572,67.761,66.042,0.936,1.655,-0.71,-0.0,5.19,170.8,9.7,16.6
80.024,514.924,12.229,-0.125,65.516,1.556,30.14,-5.994,67.761,66.176,1.007,1.754,-0.66,0.1,5.26,176.1,16.4,17.0
80.144,516.456,13.482,-0.195,65.711,1.715,30.14,-8.663,67.761,66.291,0.989,1.754,-0.58,0.26,5.25,-178.2,-21.6,20.0
80.262,518.117,13.657,-0.2,65.922,1.738,30.131,-8.161,67.761,66.432,1.064,1.801,-0.51,0.24,5.34,177.3,-16.3,19.4
80.382,519.761,13.721,-0.163,66.132,1.746,30.151,-7.736,67.761,66.542,1.009,1.723,-0.41,0.11,5.2,169.7,14.5,17.2
80.501,521.447,14.465,-0.107,66.346,1.84,30.156,-3.737,67.761,66.666,1.02,1.66,-0.32,0.02,5.3,-174.4,-16.5,19.4
80.625,523.078,13.111,-0.146,66.554,1.668,30.147,-5.748,67.761,66.814,1.101,1.621,-0.26,0.08,5.31,170.5,9.5,19.0
80.744,524.683,12.512,-0.124,66.758,1.592,30.147,-5.272,67.761,66.948,1.099,1.479,-0.19,0.17,5.26,-179.1,-13.8,20.5
80.861,526.19,12.487,-0.131,66.95,1.589,30.158,-4.278,67.761,67.08,1.103,1.363,-0.13,0.07,5.3,175.4,12.3,20.9
80.981,527.577,11.177,-0.128,67.126,1.422,30.165,-5.981,67.761,67.226,1.16,1.36,-0.1,-0.1,5.26,176.6,17.0,21.8
81.1,528.859,10.615,-0.154,67.289,1.351,30.17,-5.518,67.761,67.339,1.072,1.172,-0.05,-0.21,5.14,174.2,13.8,22.8
81.219,530.099,10.162,-0.175,67.447,1.293,30.145,-5.965,67.761,67.487,1.14,1.22,-0.04,-0.12,5.18,176.5,17.8,23.6
81.337,531.239,8.75,-0.11,67.592,1.113,30.195,-4.374,67.761,67.612,1.107,1.147,-0.02,0.05,4.76,-169.7,-19.9,23.4
81.452,532.144,6.059,0.057,67.707,0.771,30.22,1.974,67.761,67.737,1.087,1.147,-0.03,0.07,5.11,-176.2,-18.9,25.3
81.569,532.583,1.716,0.033,67.763,0.218,30.213,1.632,67.761,67.853,1.057,1.079,-0.09,-0.01,5.19,175.7,16.1,26.8
81.691,532.587,-0.133,-0.044,67.763,-0.017,30.218,-1.718,67.761,67.973,1.041,1.041,-0.21,0.0,5.25,174.8,17.8,25.6
81.81,532.588,-0.0,-0.032,67.764,-0.0,30.209,-1.352,67.761,68.114,1.09,1.09,-0.35,0.18,5.12,178.2,22.5,28.0
81.928,532.588,-0.001,-0.024,67.764,-0.0,30.245,-0.944,67.761,68.204,0.958,1.022,-0.44,0.33,5.13,171.3,-27.0,32.3
82.045,532.587,0.003,-0.03,67.764,0.0,30.225,-0.938,67.761,68.244,0.714,0.899,-0.48,0.28,5.16,178.4,18.5,27.2
82.163,532.588,-0.03,-0.007,67.764,-0.004,30.222,-0.702,67.761,68.244,0.433,0.734,-0.48,0.09,5.13,175.9,19.2,24.8
82.284,532.587,0.012,-0.01,67.763,0.001,30.215,-0.598,67.761,68.233,0.229,0.607,-0.47,0.0,5.13,175.4,-29.4,26.3
82.401,532.587,0.022,-0.007,67.763,0.003,30.238,-0.544,67.761,68.213,0.074,0.501,-0.45,0.06,5.09,175.1,21.3,21.0
82.526,532.586,0.007,-0.011,67.763,0.001,30.236,-0.385,67.761,68.193,-0.022,0.427,-0.43,0.12,5.05,179.1,-29.3,22.3
82.642,532.586,-0.023,-0.007,67.763,-0.003,30.222,-0.695,67.761,68.143,-0.172,0.299,-0.38,0.06,5.14,176.7,18.3,17.9
82.762,532.585,-0.037,-0.019,67.763,-0.005,30.225,-0.393,67.761,68.093,-0.275,0.195,-0.33,-0.08,5.09,178.0,18.0,17.2
82.889,532.585,0.015,-0.002,67.763,0.002,30.215,-0.053,67.761,68.063,-0.265,0.169,-0.3,-0.09,5.24,175.8,13.8,17.2
83.009,532.585,0.038,0.002,67.763,0.005,30.236,-0.031,67.761,68.033,-0.254,0.144,-0.27,0.08,5.3,174.7,14.1,15.0
83.128,532.585,0.026,0.007,67.763,0.003,30.215,-0.212,67.761,68.003,-0.252,0.114,-0.24,0.24,5.23,177.1,16.1,15.4
83.252,532.584,0.005,0.007,67.763,0.001,30.225,0.356,67.761,67.993,-0.186,0.137,-0.23,0.27,5.25,174.1,16.7,16.1
83.37,532.584,-0.008,0.014,67.763,-0.001,30.222,0.203,67.761,67.953,-0.24,0.07,-0.19,0.24,5.23,176.4,-19.1,17.4
83.491,532.584,0.012,0.014,67.763,0.002,30.234,0.441,67.761,67.923,-0.246,0.037,-0.16,0.29,5.28,173.7,10.1,16.3
83.607,532.583,-0.008,0.007,67.763,-0.001,30.229,0.711,0,67.863,-0.344,-0.144,-0.1,0.44,4.74,174.9,16.9,16.8
83.734,532.583,0.003,0.026,67.763,0.0,30.222,1.441,0,67.843,-0.276,-0.116,-0.08,0.57,4.73,174.6,17.2,17.1
83.851,532.503,-1.086,0.112,67.753,-0.138,30.211,4.0,0,67.823,-0.23,-0.09,-0.07,0.54,4.66,174.3,-15.9,21.0
83.967,532.373,-0.81,0.089,67.736,-0.103,30.215,2.598,0,67.816,-0.162,-0.038,-0.08,0.44,4.72,172.7,-14.6,20.2
84.095,532.284,-0.537,0.064,67.725,-0.068,30.215,2.398,0,67.815,-0.103,-0.003,-0.09,0.44,4.76,176.0,11.7,16.9
84.213,532.239,-0.13,0.062,67.719,-0.017,30.231,2.527,67.761,67.819,-0.049,0.041,-0.1,0.59,5.24,177.4,-8.2,16.7
84.338,532.232,0.03,0.053,67.718,0.004,30.236,1.821,67.761,67.808,-0.065,0.035,-0.09,0.57,4.77,174.8,15.9,11.2
84.456,532.235,0.055,-0.026,67.719,0.007,30.222,-0.527,67.761,67.789,-0.102,0.006,-0.07,0.48,5.03,178.0,22.1,11.5
84.575,532.247,0.07,-0.045,67.72,0.009,30.213,-1.963,67.761,67.78,-0.09,0.009,-0.06,0.4,5.28,178.6,-14.0,10.5
84.693,532.249,0.085,-0.061,67.72,0.011,30.22,-2.095,67.72,67.76,-0.119,0,-0.04,0.42,5.24,-174.1,11.5,8.3
84.81,532.256,-0.009,-0.071,67.721,-0.001,30.213,-2.343,67.72,67.751,-0.103,0,-0.03,0.48,4.8,175.5,-8.4,6.1
84.934,532.256,-0.005,-0.077,67.721,-0.001,30.197,-2.494,67.72,67.751,-0.062,0,-0.03,0.55,4.7,172.7,-9.5,5.2
85.052,532.257,-0.022,-0.091,67.721,-0.003,30.218,-2.771,67.72,67.741,-0.069,0,-0.02,0.48,4.69,176.0,9.9,2.9
85.177,532.258,0.001,-0.069,67.722,0.0,30.225,-2.944,67.72,67.712,-0.143,0,0.01,0.37,4.82,177.7,-18.3,6.7
85.295,532.259,-0.005,-0.089,67.722,-0.001,30.206,-3.113,67.72,67.682,-0.181,0,0.04,0.39,4.75,-172.8,13.6,3.6
85.413,532.259,-0.001,-0.077,67.722,-0.0,30.211,-3.292,67.72,67.682,-0.11,0,0.04,0.48,4.71,-171.4,9.1,3.3
85.537,532.26,-0.009,-0.084,67.722,-0.001,30.222,-3.293,67.72,67.662,-0.133,0,0.06,0.49,4.68,159.3,23.4,-1.8
85.654,532.262,0.005,-0.086,67.722,0.001,30.218,-3.409,67.72,67.622,-0.207,0,0.1,0.38,4.93,168.0,11.2,2.4
85.773,532.263,0.051,-0.092,67.722,0.006,30.231,-3.698,67.72,67.612,-0.159,0,0.11,0.27,4.85,157.8,-9.6,6.4
85.897,532.264,-0.016,-0.091,67.722,-0.002,30.222,-3.323,67.72,67.582,-0.195,0,0.14,0.26,5.2,-175.0,-9.7,5.1
86.018,532.264,0.005,-0.098,67.722,0.001,30.245,-3.658,67.72,67.582,-0.118,0,0.14,0.31,5.18,174.6,-13.3,6.2
86.146,532.265,-0.016,-0.1,67.722,-0.002,30.215,-4.261,67.72,67.552,-0.169,0,0.17,0.33,5.34,174.3,-6.2,5.9
86.265,532.267,0.017,-0.097,67.723,0.002,30.222,-3.968,67.72,67.543,-0.132,0,0.18,0.22,5.24,-168.4,-6.0,6.6
86.389,532.267,-0.045,-0.103,67.723,-0.006,30.225,-3.821,67.72,67.553,-0.047,0,0.17,0.17,5.13,-179.4,-19.6,8.2
86.505,532.268,0.008,-0.109,67.723,0.001,30.215,-4.116,67.72,67.573,0.036,0,0.15,0.26,5.2,173.9,16.1,7.6
86.624,532.27,0.006,-0.095,67.723,0.001,30.25,-3.993,67.72,67.623,0.192,0,0.1,0.39,4.74,180.0,-13.4,6.3
86.752,532.272,-0.001,-0.102,67.723,-0.0,30.202,-4.498,67.72,67.643,0.183,0,0.08,0.44,4.76,-174.0,-19.2,5.1
86.873,532.273,0.011,-0.101,67.723,0.001,30.213,-3.996,67.72,67.653,0.142,0,0.07,0.41,5.21,166.6,16.6,1.4
87.001,532.279,0.013,-0.095,67.724,0.002,30.222,-3.772,67.72,67.664,0.122,0,0.06,0.37,5.21,-175.5,-14.9,3.9
87.123,532.281,-0.004,-0.091,67.724,-0.001,30.202,-3.473,67.72,67.654,0.044,0,0.07,0.43,4.91,165.7,-10.1,4.2
87.244,532.281,0.024,-0.083,67.725,0.003,30.215,-3.565,67.72,67.645,-0.006,0,0.08,0.52,5.18,178.8,-15.4,5.3
87.36,532.281,-0.015,-0.101,67.725,-0.002,30.236,-3.626,67.72,67.625,-0.069,0,0.1,0.43,4.79,178.6,-12.0,2.9
87.477,532.282,-0.005,-0.087,67.725,-0.001,30.227,-3.496,67.72,67.615,-0.075,0,0.11,0.32,4.8,174.6,14.6,1.2
87.601,532.282,-0.015,-0.1,67.725,-0.002,30.231,-3.603,67.72,67.585,-0.146,0,0.14,0.22,4.83,-172.5,12.6,3.3
87.722,532.284,0.033,-0.085,67.725,0.004,30.222,-3.377,67.72,67.585,-0.088,0,0.14,0.25,4.71,-173.4,-20.1,2.6
87.841,532.288,-0.034,-0.086,67.725,-0.004,30.243,-3.566,67.72,67.565,-0.117,0,0.16,0.33,4.73,171.0,12.5,0.8
87.96,532.288,-0.009,-0.084,67.725,-0.001,30.222,-3.329,67.72,67.555,-0.104,0,0.17,0.32,4.78,157.0,-12.4,5.9
88.081,532.288,-0.016,-0.079,67.725,-0.002,30.225,-3.362,67.72,67.555,-0.063,0,0.17,0.26,4.73,177.3,-8.8,1.6
88.201,532.288,-0.017,-0.082,67.725,-0.002,30.238,-3.26,67.72,67.555,-0.038,0,0.17,0.26,4.79,-170.1,13.9,2.0
88.319,532.288,-0.016,-0.078,67.725,-0.002,30.218,-3.044,67.72,67.555,-0.023,0,0.17,0.37,4.76,176.7,14.1,0.2
88.438,532.288,0.011,-0.086,67.725,0.001,30.225,-3.108,67.72,67.555,-0.014,0,0.17,0.51,4.79,160.5,-8.7,4.2
88.557,532.288,-0.024,-0.081,67.725,-0.003,30.236,-3.182,67.72,67.555,-0.008,0,0.17,0.51,4.8,161.2,-11.5,4.8
88.675,532.288,0.016,-0.082,67.725,0.002,30.225,-3.01,67.72,67.555,-0.005,0,0.17,0.45,4.77,-178.7,-16.0,2.3
88.801,532.289,-0.031,-0.084,67.725,-0.004,30.22,-3.505,67.72,67.555,-0.003,0,0.17,0.42,4.8,-175.0,-14.5,1.2
88.921,532.289,-0.009,-0.081,67.725,-0.001,30.215,-3.373,67.72,67.545,-0.033,0,0.18,0.47,4.92,176.9,14.9,1.0
89.046,532.289,0.029,-0.078,67.725,0.004,30.238,-3.111,67.72,67.535,-0.053,0,0.19,0.54,4.91,160.9,15.0,-5.5
89.161,532.289,-0.008,-0.084,67.725,-0.001,30.236,-3.45,67.72,67.535,-0.032,0,0.19,0.45,4.73,-165.4,-11.7,-2.5
89.279,532.289,-0.036,-0.078,67.725,-0.005,30.231,-3.208,67.72,67.525,-0.054,0,0.2,0.35,4.76,163.1,-8.0,2.6
89.404,532.289,-0.031,-0.087,67.725,-0.004,30.231,-2.973,67.72,67.515,-0.066,0,0.21,0.31,4.94,177.2,14.0,0.7
89.521,532.289,0.024,-0.061,67.725,0.003,30.234,-3.345,67.72,67.525,-0.008,0,0.2,0.38,4.94,179.9,-9.2,2.4
89.642,532.289,0.005,-0.072,67.725,0.001,30.222,-3.022,67.72,67.525,-0.005,0,0.2,0.41,4.8,163.3,-8.5,3.3
89.761,532.289,0.031,-0.088,67.725,0.004,30.227,-3.621,67.72,67.525,-0.003,0,0.2,0.38,5.01,176.8,10.9,2.0
89.881,532.289,-0.023,-0.083,67.725,-0.003,30.236,-3.492,67.72,67.525,-0.002,0,0.2,0.34,5.18,-179.5,-14.8,2.8
90.001,532.289,-0.046,-0.083,67.725,-0.006,30.209,-3.093,67.72,67.535,0.031,0,0.19,0.34,5.03,-170.9,11.4,3.1
90.119,532.289,-0.044,-0.082,67.725,-0.006,30.213,-3.228,67.72,67.535,0.019,0,0.19,0.45,4.78,-172.8,12.6,0.9
90.239,532.289,0.005,-0.082,67.725,0.001,30.236,-3.184,67.72,67.535,0.012,0,0.19,0.54,4.93,173.5,13.7,0.6
90.359,532.289,0.02,-0.077,67.725,0.003,30.229,-3.173,67.72,67.535,0.007,0,0.19,0.51,4.75,175.0,-0.8,-1.2
90.479,532.289,0.002,-0.081,67.725,0.0,30.231,-3.393,67.72,67.535,0.004,0,0.19,0.47,4.94,-176.7,-18.4,1.2
90.605,532.289,-0.009,-0.084,67.726,-0.001,30.25,-3.067,67.72,67.536,0.003,0,0.19,0.41,4.74,155.2,15.7,-5.2
90.724,532.289,-0.023,-0.075,67.726,-0.003,30.231,-3.276,66.97,67.526,-0.03,2.0,0.2,0.46,4.72,166.3,18.1,-2.0
90.854,532.289,-0.049,-0.055,67.725,-0.006,30.227,-1.814,66.97,67.525,-0.018,2.0,0.2,0.49,5.01,-178.3,19.3,1.6
90.973,531.984,-7.121,0.519,67.687,-0.906,30.046,23.552,66.97,67.487,-0.13,2.0,0.2,0.38,4.77,-177.5,-16.0,1.1
91.092,530.578,-15.369,0.508,67.508,-1.955,29.93,18.445,66.97,67.468,-0.141,2.0,0.04,0.29,4.83,164.1,-10.8,2.6
91.209,528.666,-14.129,-0.235,67.265,-1.798,30.268,-8.309,66.97,67.475,-0.063,2.0,-0.21,0.28,4.84,-170.5,7.8,1.5
91.329,527.401,-8.008,-0.133,67.104,-1.019,30.257,-5.061,66.97,67.574,0.292,2.0,-0.47,0.36,5.2,176.5,15.0,0.8
91.453,526.681,-4.564,-0.064,67.012,-0.581,30.213,-1.113,66.97,67.522,0.008,2.0,-0.51,0.38,4.78,-173.4,19.5,-1.3
91.572,526.338,-0.917,-0.089,66.968,-0.117,30.209,-4.5,66.97,67.558,0.122,2.0,-0.59,0.39,4.84,164.6,-20.4,2.6
91.695,526.344,0.053,-0.045,66.969,0.007,30.222,-1.227,66.97,67.569,0.109,2.0,-0.6,0.37,4.97,171.7,15.5,-1.7
91.817,526.345,-0.01,-0.063,66.969,-0.001,30.236,-1.536,66.97,67.549,0.001,2.0,-0.58,0.38,4.72,-176.9,14.3,-2.5
91.936,526.346,-0.09,-0.063,66.969,-0.011,30.225,-1.388,67.72,67.589,0.13,0.5,-0.62,0.48,4.91,-179.8,-30.6,1.8
92.062,526.346,0.009,-0.064,66.969,0.001,30.236,-3.012,67.72,67.579,0.047,0.5,-0.61,0.52,4.79,158.2,9.2,-7.0
92.183,526.587,4.344,-0.294,67.0,0.553,30.161,-11.771,67.72,67.63,0.188,0.5,-0.63,0.49,4.81,159.1,9.0,-6.8
92.302,527.16,4.169,-0.129,67.073,0.53,30.186,-2.899,67.72,67.603,0.026,0.5,-0.53,0.45,4.83,-168.5,11.9,0.8
92.422,527.638,3.532,-0.176,67.134,0.449,30.199,-6.086,67.72,67.634,0.118,0.5,-0.5,0.49,5.28,170.6,3.5,0.6
92.54,528.088,3.84,-0.193,67.191,0.489,30.197,-7.547,67.72,67.631,0.063,0.5,-0.44,0.51,5.21,175.8,-21.3,2.2
92.657,528.574,3.613,-0.169,67.253,0.46,30.197,-4.969,67.72,67.623,0.011,0.5,-0.37,0.49,5.27,169.7,4.7,0.5
92.775,529.028,3.849,-0.144,67.311,0.49,30.193,-5.185,67.72,67.601,-0.068,0.5,-0.29,0.38,4.83,-163.7,-17.7,-4.5
92.893,529.496,3.827,-0.164,67.37,0.487,30.195,-3.703,67.72,67.6,-0.043,0.5,-0.23,0.33,5.01,175.9,-13.9,-0.2
93.013,529.953,3.844,-0.178,67.428,0.489,30.199,-6.289,67.72,67.598,-0.032,0.5,-0.17,0.33,5.01,-170.4,-10.9,-5.0
93.132,530.431,3.98,-0.134,67.489,0.506,30.195,-4.536,66.97,67.589,-0.05,2.0,-0.1,0.39,4.78,163.8,-11.4,0.2
93.253,530.894,4.073,-0.091,67.548,0.518,30.234,-5.562,66.97,67.598,-0.001,2.0,-0.05,0.42,4.73,166.3,-19.6,-0.1
93.372,531.052,-2.139,0.403,67.568,-0.272,30.158,15.236,66.97,67.548,-0.164,2.0,0.02,0.41,4.74,174.4,8.8,-4.1
93.49,530.256,-10.777,0.497,67.467,-1.371,29.998,21.35,66.97,67.527,-0.169,2.0,-0.06,0.41,4.73,175.3,9.3,-3.8
93.608,528.618,-14.408,-0.069,67.258,-1.833,30.215,-2.564,66.97,67.498,-0.197,2.0,-0.24,0.45,4.8,-168.3,-19.6,-4.0
93.728,527.27,-8.001,-0.19,67.087,-1.018,30.247,-8.035,66.97,67.597,0.206,2.0,-0.51,0.53,4.96,176.1,-22.2,2.0
93.852,526.606,-3.79,-0.043,67.002,-0.482,30.241,-1.079,66.97,67.632,0.24,2.0,-0.63,0.56,5.27,168.1,8.0,0.0
93.979,526.343,-0.355,-0.05,66.969,-0.045,30.225,-3.506,66.97,67.649,0.199,2.0,-0.68,0.52,5.21,173.4,9.9,-1.0
94.103,526.352,-0.033,-0.047,66.97,-0.004,30.213,-1.695,66.97,67.65,0.124,2.0,-0.68,0.49,5.21,173.5,10.1,-1.0
94.232,526.352,0.033,-0.044,66.97,0.004,30.234,-1.194,66.97,67.65,0.075,2.0,-0.68,0.49,5.19,172.3,12.7,-6.7
94.36,526.352,0.007,-0.05,66.97,0.001,30.225,-1.562,67.72,67.65,0.046,0.5,-0.68,0.48,5.19,172.4,12.7,-6.7
94.481,526.352,-0.035,-0.05,66.97,-0.004,30.199,-2.988,67.72,67.61,-0.096,0.5,-0.64,0.39,4.9,-179.0,-28.3,-4.1
94.601,526.581,4.099,-0.279,66.999,0.522,30.156,-11.569,67.72,67.609,-0.061,0.5,-0.61,0.32,4.74,178.8,-24.6,-3.1
94.72,527.14,4.385,-0.123,67.07,0.558,30.204,-3.503,67.72,67.59,-0.098,0.5,-0.52,0.32,4.92,179.6,8.0,-6.0
94.841,527.623,3.466,-0.167,67.132,0.441,30.202,-6.804,67.72,67.582,-0.088,0.5,-0.45,0.35,4.79,-171.1,-19.6,-4.5
94.961,528.08,3.763,-0.169,67.19,0.479,30.193,-7.404,67.72,67.57,-0.092,0.5,-0.38,0.37,4.76,175.4,-19.0,-1.6
95.086,528.57,3.766,-0.176,67.252,0.479,30.206,-5.195,67.72,67.612,0.082,0.5,-0.36,0.4,5.18,176.7,-21.0,-4.0
95.204,529.05,3.692,-0.179,67.313,0.47,30.188,-5.383,67.72,67.573,-0.075,0.5,-0.26,0.38,4.79,163.4,-27.3,0.4
95.323,529.528,4.024,-0.104,67.374,0.512,30.206,-4.01,67.72,67.584,-0.01,0.5,-0.21,0.47,5.2,176.9,-18.6,-0.1
95.442,529.988,3.79,-0.167,67.433,0.482,30.199,-7.712,67.72,67.573,-0.044,0.5,-0.14,0.51,4.79,159.9,-10.3,-0.1
95.564,530.463,4.023,-0.119,67.493,0.512,30.186,-5.821,66.97,67.573,-0.025,2.0,-0.08,0.57,4.91,171.1,11.6,-5.6
95.682,530.936,3.661,-0.119,67.553,0.466,30.199,-4.887,66.97,67.573,-0.014,2.0,-0.02,0.52,4.73,166.0,-18.8,0.4
95.8,531.107,-1.591,0.426,67.575,-0.202,30.156,16.979,66.97,67.505,-0.239,2.0,0.07,0.49,5.02,-175.0,14.4,-0.4
95.92,530.355,-10.767,0.477,67.479,-1.37,30.024,18.254,66.97,67.489,-0.197,2.0,-0.01,0.46,4.88,178.4,-14.2,-2.9
96.039,528.713,-14.484,-0.022,67.271,-1.843,30.206,-2.334,66.97,67.461,-0.215,2.0,-0.19,0.48,4.95,-177.0,-21.0,-0.2
96.161,527.328,-8.508,-0.222,67.094,-1.083,30.254,-7.606,66.97,67.544,0.147,2.0,-0.45,0.41,4.78,-175.9,19.2,-2.8
96.284,526.624,-3.924,-0.028,67.005,-0.499,30.234,-1.994,66.97,67.595,0.249,2.0,-0.59,0.37,5.19,171.5,14.4,-1.0
96.406,526.346,-0.58,-0.078,66.969,-0.074,30.215,-3.765,66.97,67.629,0.264,2.0,-0.66,0.3,5.18,173.1,13.6,-4.5
96.524,526.351,-0.075,-0.065,66.97,-0.01,30.215,-1.911,66.97,67.63,0.162,2.0,-0.66,0.33,5.17,173.4,13.3,-6.4
96.648,526.35,-0.094,-0.066,66.97,-0.012,30.197,-1.451,66.97,67.6,-0.001,2.0,-0.63,0.34,4.9,-178.4,-36.0,-4.9
96.774,526.35,-0.026,-0.054,66.97,-0.003,30.234,-1.891,67.72,67.64,0.128,0.5,-0.67,0.34,5.17,177.5,-31.2,-4.0
96.902,526.35,-0.008,-0.062,66.97,-0.001,30.234,-2.849,67.72,67.65,0.109,0.5,-0.68,0.31,5.17,173.5,13.3,-6.3
97.024,526.608,4.303,-0.259,67.003,0.548,30.163,-11.747,67.72,67.663,0.105,0.5,-0.66,0.33,5.11,175.1,20.3,-0.4
97.146,527.173,4.438,-0.075,67.075,0.565,30.204,-4.759,67.72,67.625,-0.059,0.5,-0.55,0.39,4.85,170.4,-23.4,3.7
97.269,527.666,3.698,-0.152,67.137,0.471,30.199,-4.556,67.72,67.627,-0.027,0.5,-0.49,0.48,4.96,164.3,14.4,-5.2
97.387,528.124,3.628,-0.187,67.196,0.462,30.195,-7.363,67.72,67.616,-0.054,0.5,-0.42,0.47,4.82,179.1,11.5,-0.1
97.505,528.606,3.83,-0.146,67.257,0.487,30.181,-6.07,67.72,67.627,0.005,0.5,-0.37,0.44,4.81,-166.2,-22.0,-3.2
97.626,529.064,3.948,-0.168,67.315,0.502,30.204,-7.961,67.72,67.645,0.064,0.5,-0.33,0.45,5.12,172.8,18.4,-0.7
97.748,529.555,4.031,-0.108,67.378,0.513,30.215,-5.807,67.72,67.668,0.11,0.5,-0.29,0.48,5.2,177.3,-19.4,3.8
97.868,530.026,3.852,-0.172,67.438,0.49,30.202,-4.717,67.72,67.658,0.034,0.5,-0.22,0.5,5.12,172.0,19.6,0.9
97.984,530.504,4.11,-0.087,67.498,0.523,30.197,-4.245,0,67.648,-0.01,14.0,-0.15,0.46,5.19,178.1,-17.9,3.5
98.103,530.953,3.789,-0.132,67.556,0.482,30.202,-3.782,0,67.656,0.342,14.0,-0.1,0.39,5.18,179.1,-17.6,3.2
98.226,531.118,-1.828,0.419,67.577,-0.233,30.167,16.494,0,67.607,0.132,14.0,-0.03,0.33,4.74,167.9,22.0,-2.0
98.349,530.291,-11.288,0.484,67.471,-1.436,30.03,19.815,0,67.571,-0.253,14.0,-0.1,0.38,5.11,172.9,20.9,-0.7
98.467,528.42,-19.186,0.403,67.233,-2.441,29.948,15.677,0,67.583,-0.832,14.0,-0.35,0.42,5.2,176.6,-26.3,2.3
98.585,525.761,-25.968,0.432,66.895,-3.304,29.836,19.104,0,67.405,-2.076,14.0,-0.51,0.35,4.94,174.4,27.5,-8.9
98.702,522.311,-33.507,0.408,66.456,-4.263,29.752,17.737,0,66.836,-3.916,14.0,-0.38,0.27,4.46,175.5,-39.1,-5.4
98.824,517.996,-39.255,0.546,65.907,-4.995,29.574,17.969,0,66.177,-4.779,-4.375,-0.27,0.25,4.01,-175.6,-27.8,-5.4
98.948,512.681,-46.943,0.326,65.231,-5.973,29.569,18.562,0,65.481,-5.166,-4.803,-0.25,0.27,3.69,-170.2,-20.9,-4.1
99.072,506.999,-40.74,-0.339,64.508,-5.184,30.439,-15.745,0,64.808,-5.246,-4.956,-0.3,0.29,3.81,168.5,-2.8,-0.6
99.194,502.399,-37.019,0.058,63.923,-4.71,30.145,2.884,0,64.023,-5.703,-5.503,-0.1,0.2,3.58,161.2,8.7,-7.2
99.32,497.822,-40.07,0.172,63.34,-5.098,29.95,6.87,0,63.21,-6.043,-6.043,0.13,0.12,3.59,-176.9,-9.8,-6.8
99.446,492.56,-42.853,0.336,62.671,-5.452,29.759,10.717,0,62.251,-6.692,-6.692,0.42,0.02,3.56,171.8,1.4,-9.0
99.575,486.657,-47.581,0.204,61.92,-6.054,29.8,11.212,0,61.26,-7.139,-7.139,0.66,-0.1,3.5,168.9,2.5,-11.0
99.7,480.148,-51.998,0.319,61.091,-6.616,29.658,13.48,0,60.211,-7.547,-7.57,0.88,-0.32,3.49,175.6,0.5,-12.5
99.829,473.205,-56.996,0.111,60.208,-7.252,29.816,11.043,0,59.208,-7.733,-8.025,1.0,-0.56,3.35,-159.5,43.8,-3.5
99.957,465.615,-59.344,0.16,59.242,-7.551,29.768,8.837,0,58.132,-7.932,-8.447,1.11,-0.75,3.45,-176.5,-7.2,-10.5
100.084,457.658,-63.17,0.128,58.23,-8.037,29.749,9.499,0,57.04,-8.215,-8.92,1.19,-0.84,3.6,178.1,-4.5,-9.0
100.207,449.32,-68.388,0.208,57.169,-8.701,29.72,5.215,0,55.869,-8.615,-9.45,1.3,-0.97,3.79,174.6,0.7,-2.4
100.33,440.832,-71.243,0.327,56.089,-9.065,29.551,6.962,0,54.759,-8.77,-9.77,1.33,-1.13,3.67,-178.6,1.8,5.6
100.453,431.856,-75.279,0.34,54.947,-9.578,29.418,7.309,0,53.627,-8.946,-10.082,1.32,-1.22,3.53,-175.6,2.8,11.7
100.576,422.44,-77.689,0.193,53.749,-9.885,29.558,5.046,0,52.479,-9.096,-10.335,1.27,-1.19,3.49,-179.9,2.6,15.1
100.696,412.743,-79.905,0.119,52.515,-10.167,29.672,6.041,0,51.375,-9.046,-10.374,1.14,-1.02,3.37,170.6,7.0,18.8
100.819,402.963,-80.907,0.2,51.271,-10.294,29.484,8.541,0,50.301,-8.975,-10.336,0.97,-0.85,3.24,163.5,11.3,19.6
100.942,392.926,-81.488,0.176,49.994,-10.368,29.683,2.846,0,49.154,-9.121,-10.406,0.84,-0.77,3.14,165.0,8.8,20.5
101.065,382.948,-80.687,0.188,48.724,-10.266,29.633,6.49,0,48.114,-8.858,-10.078,0.61,-0.61,2.82,163.8,4.5,22.2
101.19,372.934,-81.46,0.206,47.45,-10.364,29.564,4.076,0,47.03,-8.843,-9.683,0.42,-0.38,2.73,163.3,-0.5,21.6
101.313,363.037,-77.252,0.056,46.191,-9.829,29.887,5.651,0,45.911,-8.906,-9.466,0.28,-0.16,2.78,161.5,-1.7,21.4
101.432,353.626,-74.565,0.024,44.993,-9.487,29.994,2.187,0,44.833,-8.841,-9.161,0.16,0.12,2.96,161.4,-6.3,19.4
101.551,344.809,-74.721,0.156,43.872,-9.507,29.855,1.101,0,43.742,-8.985,-9.245,0.13,0.36,3.29,166.7,-3.8,14.6
101.667,336.212,-71.492,0.058,42.778,-9.096,29.884,5.601,0,42.628,-9.13,-9.43,0.15,0.51,3.44,159.1,-5.2,12.3
101.787,327.867,-73.137,0.294,41.716,-9.305,29.608,5.755,0,41.466,-9.485,-9.693,0.25,0.64,3.34,172.0,16.3,4.2
101.906,319.024,-72.86,0.194,40.591,-9.27,29.578,11.019,0,40.281,-9.636,-9.822,0.31,0.69,3.11,-176.7,20.7,2.8
102.025,310.011,-75.095,0.218,39.444,-9.555,29.489,11.839,0,39.144,-9.586,-9.827,0.3,0.65,2.57,171.4,19.2,-1.4
102.149,300.826,-78.185,0.22,38.275,-9.948,29.663,3.559,0,38.035,-9.445,-9.747,0.24,0.59,2.12,169.3,18.2,-3.0
102.271,291.244,-77.964,0.051,37.056,-9.92,29.836,1.399,0,36.906,-9.354,-9.654,0.15,0.59,1.85,161.4,20.2,-4.0
102.393,281.916,-76.349,0.199,35.869,-9.714,29.679,2.404,0,35.819,-9.187,-9.287,0.05,0.57,1.68,167.4,-17.6,9.2
102.519,272.677,-75.282,0.039,34.694,-9.578,29.836,4.188,0,34.704,-9.114,-9.114,-0.01,0.54,1.69,169.1,-18.3,11.5
102.647,263.409,-73.02,0.105,33.515,-9.291,29.932,0.447,0,33.615,-8.968,-8.968,-0.1,0.62,2.2,171.9,-16.7,15.5
102.775,254.286,-72.242,0.114,32.354,-9.192,29.866,3.331,0,32.494,-8.895,-8.895,-0.14,0.73,2.82,168.9,-12.2,17.0
102.904,245.29,-71.262,0.122,31.209,-9.067,29.845,2.66,0,31.339,-8.945,-8.945,-0.13,0.83,3.29,156.9,16.0,8.8
103.033,236.296,-70.997,0.168,30.065,-9.033,29.807,5.269,0,30.145,-9.055,-8.979,-0.08,0.87,3.43,167.1,17.1,8.6
103.157,227.255,-71.325,0.089,28.915,-9.075,29.763,7.817,0,28.955,-9.136,-9.056,-0.04,0.83,3.31,165.0,22.1,5.7
103.286,218.523,-69.611,0.166,27.804,-8.857,29.669,9.014,0,27.864,-8.943,-8.879,-0.06,0.78,3.25,167.6,17.0,6.7
103.411,209.365,-72.382,0.192,26.638,-9.209,29.704,1.318,0,26.758,-8.856,-8.827,-0.12,0.54,2.89,163.2,14.1,3.7
103.538,200.604,-68.535,0.095,25.524,-8.72,29.877,4.021,0,25.734,-8.589,-8.575,-0.21,0.31,2.72,164.3,10.2,2.1
103.665,191.77,-69.914,0.104,24.4,-8.895,29.82,3.517,0,24.69,-8.424,-8.377,-0.29,0.1,2.7,161.7,7.0,-0.3
103.792,183.241,-67.681,0.004,23.315,-8.611,29.95,4.081,0,23.675,-8.283,-8.179,-0.36,-0.15,2.74,162.3,6.2,-2.6
103.925,174.903,-65.587,0.175,22.254,-8.345,29.791,2.742,0,22.654,-8.137,-7.953,-0.4,-0.39,2.81,-140.5,-22.0,-10.6
104.056,166.363,-65.082,0.149,21.167,-8.281,29.875,0.238,0,21.597,-8.043,-7.789,-0.43,-0.75,2.84,161.2,5.8,-8.4
104.183,158.166,-61.44,0.079,20.124,-7.817,29.905,6.089,0,20.564,-8.025,-7.707,-0.44,-1.12,2.79,158.3,5.6,-12.7
104.305,150.418,-61.375,0.125,19.138,-7.809,29.825,3.291,0,20.564,-8.025,-8.025,,,,,,
104.425,143.053,-58.754,0.212,18.201,-7.476,29.752,10.087,0,20.564,-8.025,-8.025,,,,,,
104.543,135.604,-62.409,0.23,17.253,-7.941,29.638,8.364,0,20.564,-8.025,-8.025,,,,,,
104.662,128.049,-61.724,0.15,16.292,-7.853,29.795,6.44,0,20.564,-8.025,-8.025,,,,,,
104.779,120.728,-61.336,0.492,15.361,-7.804,29.199,19.597,0,15.871,-7.909,-7.496,-0.51,-0.23,5.81,129.4,-0.3,17.3
104.9,113.302,-65.354,0.141,14.416,-8.315,29.772,2.072,0,15.871,-7.909,-7.909,,,,,,
105.026,105.864,-59.215,0.014,13.47,-7.534,30.076,-0.453,0,14.02,-7.864,-7.406,-0.55,-0.88,4.88,-130.7,-31.9,9.5
105.144,98.374,-63.34,0.32,12.517,-8.059,29.494,7.804,0,14.02,-7.864,-7.864,,,,,,
105.264,91.267,-59.406,-0.03,11.612,-7.559,30.028,1.157,0,11.982,-8.072,-7.612,-0.37,-0.22,5.02,154.3,23.3,19.3
105.386,84.113,-60.139,0.361,10.702,-7.652,29.354,16.43,0,11.982,-8.072,-8.072,,,,,,
105.513,76.7,-60.146,0.032,9.759,-7.653,29.868,3.676,0,9.979,-8.153,-7.757,-0.22,-1.61,5.0,-131.1,-29.0,7.5
105.628,68.83,-64.445,0.301,8.758,-8.2,29.544,5.935,0,9.979,-8.153,-8.153,,,,,,
105.639,61.685,-60.425,0.03,7.849,-7.688,29.987,3.152,-1.018,9.979,-8.153,1.719,,,,,,
105.739,55.782,-57.559,-0.221,7.097,-7.323,30.343,-11.212,0,9.979,-8.153,14.0,,,,,,
105.839,50.221,-55.773,0.058,6.39,-7.096,29.868,8.07,0,9.979,-8.153,14.0,,,,,,
105.939,44.755,-54.052,-0.026,5.694,-6.877,30.072,0.01,-1.4,9.979,-8.153,0.0,,,,,,
106.039,39.685,-47.71,-0.25,5.049,-6.07,30.339,-7.745,-1.4,9.979,-8.153,0.0,,,,,,
106.139,35.27,-41.342,-0.299,4.487,-5.26,30.357,-7.844,-1.4,9.979,-8.153,0.0,,,,,,
106.239,31.547,-33.673,-0.143,4.014,-4.284,30.268,-8.013,-1.4,9.979,-8.153,0.0,,,,,,
106.339,28.444,-28.279,-0.186,3.619,-3.598,30.225,-9.154,-1.4,9.979,-8.153,0.0,,,,,,
106.439,25.944,-22.324,-0.218,3.301,-2.84,30.252,-10.838,-1.4,9.979,-8.153,0.0,,,,,,
106.539,24.022,-18.599,-0.641,3.056,-2.366,30.293,-24.391,-1.4,9.979,-8.153,0.0,,,,,,
106.639,22.639,-7.551,-0.452,2.88,-0.961,30.181,-17.124,-1.4,9.979,-8.153,0.0,,,,,,
106.739,22.121,-4.302,-0.562,2.815,-0.547,30.108,-24.622,-1.4,9.979,-8.153,0.0,,,,,,
106.84,22.047,2.126,-0.258,2.805,0.271,30.092,-9.273,-1.4,9.979,-8.153,0.0,,,,,,
106.94,22.112,-0.243,-0.383,2.813,-0.031,30.099,-15.787,-1.4,9.979,-8.153,0.0,,,,,,
107.04,22.133,0.377,-0.285,2.816,0.048,30.104,-11.568,-1.4,9.979,-8.153,0.0,,,,,,
107.14,22.171,0.371,-0.23,2.821,0.047,30.115,-8.418,-1.4,9.979,-8.153,0.0,,,,,,
107.24,22.234,0.594,-0.081,2.829,0.076,30.138,-3.355,-1.4,9.979,-8.153,0.0,,,,,,
107.34,22.256,-0.045,-0.093,2.832,-0.006,30.145,-4.17,2.832,9.979,-8.153,0.0,,,,,,
107.44,22.256,0.048,-0.093,2.832,0.006,30.124,-4.096,2.832,9.979,-8.153,0.0,,,,,,
107.54,22.258,0.019,-0.093,2.832,0.002,30.136,-4.009,2.832,9.979,-8.153,0.0,,,,,,
107.64,22.256,0.059,-0.087,2.832,0.008,30.147,-2.809,2.832,9.979,-8.153,0.0,,,,,,
107.74,22.255,0.333,-0.066,2.832,0.042,30.145,-2.453,-1.4,9.979,-8.153,0.0,,,,,,
107.84,22.254,-0.127,-0.107,2.831,-0.016,30.158,-4.708,-1.4,9.979,-8.153,0.0,,,,,,
107.94,22.253,-0.025,-0.098,2.831,-0.003,30.138,-4.348,2.831,9.979,-8.153,0.0,,,,,,
108.041,22.244,0.075,-0.11,2.83,0.01,30.151,-4.21,2.83,9.979,-8.153,0.0,,,,,,
108.141,22.245,0.019,-0.114,2.83,0.002,30.126,-5.03,2.83,9.979,-8.153,0.0,,,,,,
108.241,22.246,0.055,-0.104,2.83,0.007,30.151,-4.122,2.83,9.979,-8.153,0.0,,,,,,
108.341,22.248,-0.01,-0.115,2.831,-0.001,30.149,-4.534,2.831,9.979,-8.153,0.0,,,,,,
108.441,22.263,0.152,-0.066,2.833,0.019,30.17,-3.0,-1.4,9.979,-8.153,0.0,,,,,,
108.541,22.269,0.141,-0.043,2.833,0.018,30.156,-1.863,-1.4,9.979,-8.153,0.0,,,,,,
108.641,22.294,0.323,0.009,2.837,0.041,30.163,0.843,-1.4,9.979,-8.153,0.0,,,,,,
108.741,22.307,-0.036,0.018,2.838,-0.005,30.167,1.077,2.838,9.979,-8.153,0.0,,,,,,
108.841,22.307,0.013,0.036,2.838,0.002,30.181,1.49,2.838,9.979,-8.153,0.0,,,,,,
108.941,22.305,-0.0,0.033,2.838,-0.0,30.163,1.679,2.838,9.979,-8.153,0.0,,,,,,
109.041,22.306,-0.015,0.049,2.838,-0.002,30.177,1.843,2.838,9.979,-8.153,0.0,,,,,,
109.141,22.304,-0.042,0.041,2.838,-0.005,30.158,1.859,2.838,9.979,-8.153,0.0,,,,,,
109.241,22.303,0.051,0.062,2.838,0.006,30.154,2.704,2.838,9.979,-8.153,0.0,,,,,,
109.342,22.305,0.035,0.083,2.838,0.004,30.165,2.714,2.838,9.979,-8.153,0.0,,,,,,
109.442,22.303,-0.007,0.081,2.838,-0.001,30.161,2.931,2.838,9.979,-8.153,0.0,,,,,,
109.542,22.307,0.02,0.083,2.838,0.003,30.163,3.978,2.838,9.979,-8.153,0.0,,,,,,
109.642,22.308,-0.029,0.1,2.838,-0.004,30.156,3.433,2.838,9.979,-8.153,0.0,,,,,,
109.742,22.308,0.079,0.116,2.838,0.01,30.177,4.926,-1.4,9.979,-8.153,0.0,,,,,,
109.842,22.315,-0.026,0.123,2.839,-0.003,30.149,5.557,2.839,9.979,-8.153,0.0,,,,,,
109.942,22.312,0.028,0.134,2.839,0.004,30.174,5.058,2.839,9.979,-8.153,0.0,,,,,,
110.042,22.306,-0.03,0.13,2.838,-0.004,30.163,5.222,2.838,9.979,-8.153,0.0,,,,,,
110.142,22.305,0.009,0.133,2.838,0.001,30.154,5.418,2.838,9.979,-8.153,0.0,,,,,,
110.242,22.303,-0.04,0.14,2.838,-0.005,30.151,5.284,2.838,9.979,-8.153,0.0,,,,,,
110.342,22.292,-0.09,0.113,2.836,-0.011,30.163,4.579,-1.4,9.979,-8.153,0.0,,,,,,
110.442,22.289,-0.04,0.12,2.836,-0.005,30.163,4.681,2.836,9.979,-8.153,0.0,,,,,,
110.543,22.284,0.042,0.115,2.835,0.005,30.158,4.749,2.835,9.979,-8.153,0.0,,,,,,
110.643,22.271,-0.273,0.072,2.834,-0.035,30.186,2.674,-1.4,9.979,-8.153,0.0,,,,,,
110.743,22.261,-0.003,0.081,2.832,-0.0,30.17,3.228,2.832,9.979,-8.153,0.0,,,,,,
110.843,22.261,0.026,0.084,2.832,0.003,30.17,3.008,2.832,9.979,-8.153,0.0,,,,,,
110.943,22.26,0.008,0.091,2.832,0.001,30.17,3.279,2.832,9.979,-8.153,0.0,,,,,,
111.043,22.259,-0.051,0.081,2.832,-0.007,30.158,3.19,2.832,9.979,-8.153,0.0,,,,,,
111.144,22.257,-0.017,0.08,2.832,-0.002,30.174,3.076,2.832,9.979,-8.153,0.0,,,,,,
111.244,22.256,-0.02,0.071,2.832,-0.003,30.188,2.832,2.832,9.979,-8.153,0.0,,,,,,
111.344,22.254,-0.008,0.073,2.832,-0.001,30.172,3.013,2.832,9.979,-8.153,0.0,,,,,,
111.444,22.254,0.009,0.073,2.831,0.001,30.167,3.143,2.831,9.979,-8.153,0.0,,,,,,
111.544,22.254,0.003,0.076,2.831,0.0,30.177,2.99,2.831,9.979,-8.153,0.0,,,,,,
111.644,22.254,-0.0,0.076,2.831,-0.0,30.163,2.744,2.831,9.979,-8.153,0.0,,,,,,
111.744,22.253,-0.011,0.078,2.831,-0.001,30.172,3.365,2.831,9.979,-8.153,0.0,,,,,,
111.844,22.254,0.003,0.076,2.831,0.0,30.188,3.243,2.831,9.979,-8.153,0.0,,,,,,
111.944,22.254,-0.027,0.078,2.831,-0.003,30.174,3.35,2.831,9.979,-8.153,0.0,,,,,,
112.045,22.254,0.03,0.084,2.831,0.004,30.179,3.382,2.831,9.979,-8.153,0.0,,,,,,
112.145,22.254,-0.004,0.087,2.831,-0.001,30.186,3.171,2.831,9.979,-8.153,0.0,,,,,,
112.245,22.255,0.007,0.085,2.832,0.001,30.174,3.594,2.832,9.979,-8.153,0.0,,,,,,
112.345,22.255,0.02,0.074,2.832,0.002,30.193,3.699,2.832,9.979,-8.153,0.0,,,,,,
112.445,22.256,0.04,0.097,2.832,0.005,30.197,3.172,2.832,9.979,-8.153,0.0,,,,,,
112.545,22.256,0.005,0.092,2.832,0.001,30.179,3.799,2.832,9.979,-8.153,0.0,,,,,,
112.645,22.256,-0.012,0.081,2.832,-0.002,30.172,3.706,2.832,9.979,-8.153,0.0,,,,,,
112.745,22.256,0.006,0.091,2.832,0.001,30.188,3.145,2.832,9.979,-8.153,0.0,,,,,,
112.845,22.256,-0.009,0.084,2.832,-0.001,30.195,3.378,2.832,9.979,-8.153,0.0,,,,,,
112.945,22.256,0.028,0.095,2.832,0.004,30.165,3.611,2.832,9.979,-8.153,0.0,,,,,,
113.045,22.256,-0.004,0.093,2.832,-0.001,30.197,3.498,2.832,9.979,-8.153,0.0,,,,,,
113.145,22.256,0.032,0.097,2.832,0.004,30.19,3.618,2.832,9.979,-8.153,0.0,,,,,,
113.245,22.257,0.016,0.093,2.832,0.002,30.181,3.94,2.832,9.979,-8.153,0.0,,,,,,
113.345,22.257,0.023,0.108,2.832,0.003,30.186,3.923,2.832,9.979,-8.153,0.0,,,,,,
113.445,22.257,0.002,0.096,2.832,0.0,30.186,4.353,2.832,9.979,-8.153,0.0,,,,,,
113.545,22.257,0.016,0.113,2.832,0.002,30.195,4.32,2.832,9.979,-8.153,0.0,,,,,,
113.645,22.257,0.01,0.108,2.832,0.001,30.186,3.822,2.832,9.979,-8.153,0.0,,,,,,
113.746,22.257,0.015,0.102,2.832,0.002,30.199,4.351,2.832,9.979,-8.153,0.0,,,,,,
113.846,22.256,0.004,0.108,2.832,0.001,30.204,3.77,2.832,9.979,-8.153,0.0,,,,,,
113.946,22.256,-0.024,0.1,2.832,-0.003,30.193,4.205,2.832,9.979,-8.153,0.0,,,,,,
114.046,22.256,-0.039,0.089,2.832,-0.005,30.181,4.32,2.832,9.979,-8.153,0.0,,,,,,
114.146,22.255,-0.004,0.111,2.832,-0.001,30.199,3.975,2.832,9.979,-8.153,0.0,,,,,,
114.246,22.255,0.009,0.107,2.832,0.001,30.202,4.266,2.832,9.979,-8.153,0.0,,,,,,
114.346,22.255,-0.003,0.098,2.832,-0.0,30.19,4.481,2.832,9.979,-8.153,0.0,,,,,,
114.446,22.255,-0.028,0.107,2.832,-0.004,30.188,4.039,2.832,9.979,-8.153,0.0,,,,,,
114.546,22.254,0.002,0.108,2.832,0.0,30.199,4.408,2.832,9.979,-8.153,0.0,,,,,,
114.646,22.254,0.001,0.112,2.832,0.0,30.193,4.369,2.832,9.979,-8.153,0.0,,,,,,
114.746,22.254,0.011,0.103,2.831,0.001,30.188,4.446,2.831,9.979,-8.153,0.0,,,,,,
114.846,22.254,-0.001,0.111,2.831,-0.0,30.188,4.527,2.831,9.979,-8.153,0.0,,,,,,
114.946,22.254,-0.013,0.112,2.831,-0.002,30.181,4.565,2.831,9.979,-8.153,0.0,,,,,,
115.046,22.254,-0.012,0.106,2.831,-0.002,30.19,4.288,2.831,9.979,-8.153,0.0,,,,,,
115.146,22.253,-0.028,0.113,2.831,-0.004,30.199,4.271,2.831,9.979,-8.153,0.0,,,,,,
115.246,22.253,0.0,0.115,2.831,0.0,30.193,4.124,2.831,9.979,-8.153,0.0,,,,,,
115.347,22.253,-0.012,0.116,2.831,-0.001,30.19,4.484,2.831,9.979,-8.153,0.0,,,,,,
115.447,22.253,0.013,0.12,2.831,0.002,30.188,4.836,2.831,9.979,-8.153,0.0,,,,,,
115.547,22.253,-0.045,0.108,2.831,-0.006,30.179,4.529,2.831,9.979,-8.153,0.0,,,,,,
115.647,22.253,0.032,0.122,2.831,0.004,30.195,4.65,2.831,9.979,-8.153,0.0,,,,,,
115.747,22.253,0.031,0.116,2.831,0.004,30.197,4.816,2.831,9.979,-8.153,0.0,,,,,,
115.847,22.254,0.027,0.117,2.831,0.003,30.202,4.468,2.831,9.979,-8.153,0.0,,,,,,
115.947,22.254,0.031,0.122,2.831,0.004,30.181,4.218,2.831,9.979,-8.153,0.0,,,,,,
116.047,22.254,-0.012,0.119,2.831,-0.002,30.181,4.565,2.831,9.979,-8.153,0.0,,,,,,
116.147,22.254,0.024,0.117,2.831,0.003,30.19,4.661,2.831,9.979,-8.153,0.0,,,,,,
116.247,22.254,0.008,0.113,2.831,0.001,30.179,4.596,2.831,9.979,-8.153,0.0,,,,,,
116.347,22.254,0.028,0.125,2.831,0.004,30.199,5.001,2.831,9.979,-8.153,0.0,,,,,,
116.447,22.254,-0.0,0.12,2.831,-0.0,30.195,5.068,2.831,9.979,-8.153,0.0,,,,,,
116.547,22.254,-0.034,0.119,2.831,-0.004,30.197,4.87,2.831,9.979,-8.153,0.0,,,,,,
116.647,22.254,-0.024,0.123,2.831,-0.003,30.188,5.195,2.831,9.979,-8.153,0.0,,,,,,
116.747,22.254,-0.009,0.118,2.831,-0.001,30.19,4.964,2.831,9.979,-8.153,0.0,,,,,,
116.847,22.254,-0.033,0.125,2.831,-0.004,30.19,4.881,2.831,9.979,-8.153,0.0,,,,,,
116.947,22.254,-0.002,0.122,2.831,-0.0,30.213,4.898,2.831,9.979,-8.153,0.0,,,,,,
117.048,22.254,0.01,0.133,2.831,0.001,30.199,4.794,2.831,9.979,-8.153,0.0,,,,,,
117.148,22.254,0.029,0.129,2.831,0.004,30.188,5.361,2.831,9.979,-8.153,0.0,,,,,,
117.248,22.254,-0.003,0.122,2.831,-0.0,30.19,5.306,2.831,9.979,-8.153,0.0,,,,,,
117.348,22.253,0.001,0.134,2.831,0.0,30.186,4.89,2.831,9.979,-8.153,0.0,,,,,,
117.448,22.253,-0.034,0.119,2.831,-0.004,30.195,5.768,2.831,9.979,-8.153,0.0,,,,,,
117.548,22.253,-0.003,0.117,2.831,-0.0,30.186,4.961,2.831,9.979,-8.153,0.0,,,,,,
117.648,22.253,-0.037,0.128,2.831,-0.005,30.186,5.138,2.831,9.979,-8.153,0.0,,,,,,
117.748,22.253,0.016,0.131,2.831,0.002,30.211,5.2,2.831,9.979,-8.153,0.0,,,,,,
117.848,22.253,-0.001,0.129,2.831,-0.0,30.181,5.204,2.831,9.979,-8.153,0.0,,,,,,
117.948,22.252,0.029,0.139,2.831,0.004,30.19,4.924,2.831,9.979,-8.153,0.0,,,,,,
118.048,22.252,-0.011,0.131,2.831,-0.001,30.197,5.189,2.831,9.979,-8.153,0.0,,,,,,
118.148,22.249,-0.027,0.116,2.831,-0.003,30.195,4.748,2.831,9.979,-8.153,0.0,,,,,,
118.248,22.243,0.032,0.12,2.83,0.004,30.199,4.547,2.83,9.979,-8.153,0.0,,,,,,
118.348,22.243,-0.024,0.113,2.83,-0.003,30.183,4.316,2.83,9.979,-8.153,0.0,,,,,,
118.449,22.242,-0.003,0.108,2.83,-0.0,30.195,3.699,2.83,9.979,-8.153,0.0,,,,,,
118.549,22.242,-0.006,0.105,2.83,-0.001,30.181,4.274,2.83,9.979,-8.153,0.0,,,,,,
118.649,22.242,0.009,0.102,2.83,0.001,30.202,4.334,2.83,9.979,-8.153,0.0,,,,,,
118.749,22.242,0.025,0.102,2.83,0.003,30.197,4.031,2.83,9.979,-8.153,0.0,,,,,,
118.849,22.242,0.014,0.109,2.83,0.002,30.199,4.218,2.83,9.979,-8.153,0.0,,,,,,
118.949,22.242,-0.05,0.101,2.83,-0.006,30.199,4.208,2.83,9.979,-8.153,0.0,,,,,,
119.049,22.242,-0.04,0.099,2.83,-0.005,30.202,4.152,2.83,9.979,-8.153,0.0,,,,,,
119.149,22.242,-0.043,0.099,2.83,-0.005,30.188,3.808,2.83,9.979,-8.153,0.0,,,,,,
119.249,22.242,0.014,0.104,2.83,0.002,30.215,4.452,2.83,9.979,-8.153,0.0,,,,,,
119.349,22.242,-0.018,0.094,2.83,-0.002,30.197,3.965,2.83,9.979,-8.153,0.0,,,,,,
119.449,22.242,0.013,0.103,2.83,0.002,30.197,4.025,2.83,9.979,-8.153,0.0,,,,,,
119.549,22.242,0.004,0.094,2.83,0.001,30.206,4.197,2.83,9.979,-8.153,0.0,,,,,,
119.649,22.242,-0.013,0.095,2.83,-0.002,30.204,4.193,2.83,9.979,-8.153,0.0,,,,,,
119.749,22.243,0.014,0.099,2.83,0.002,30.188,3.966,2.83,9.979,-8.153,0.0,,,,,,
119.849,22.243,0.01,0.101,2.83,0.001,30.211,3.83,2.83,9.979,-8.153,0.0,,,,,,
119.949,22.243,0.01,0.101,2.83,0.001,30.202,3.793,2.83,9.979,-8.153,0.0,,,,,,
120.049,22.243,0.003,0.107,2.83,0.0,30.19,3.876,2.83,9.979,-8.153,0.0,,,,,,
120.15,22.243,-0.022,0.091,2.83,-0.003,30.199,3.764,2.83,9.979,-8.153,0.0,,,,,,
120.25,22.243,0.001,0.101,2.83,0.0,30.211,3.574,2.83,9.979,-8.153,0.0,,,,,,
120.35,22.243,0.041,0.09,2.83,0.005,30.209,3.508,2.83,9.979,-8.153,0.0,,,,,,
120.45,22.243,0.028,0.097,2.83,0.004,30.199,3.563,2.83,9.979,-8.153,0.0,,,,,,
120.55,22.243,-0.006,0.103,2.83,-0.001,30.211,3.299,2.83,9.979,-8.153,0.0,,,,,,
120.65,22.243,-0.024,0.088,2.83,-0.003,30.188,3.959,2.83,9.979,-8.153,0.0,,,,,,
120.75,22.243,-0.009,0.094,2.83,-0.001,30.199,3.327,2.83,9.979,-8.153,0.0,,,,,,
120.85,22.243,-0.062,0.076,2.83,-0.008,30.202,4.043,2.83,9.979,-8.153,0.0,,,,,,
120.95,22.243,0.02,0.092,2.83,0.003,30.213,3.687,2.83,9.979,-8.153,0.0,,,,,,
121.05,22.243,0.006,0.089,2.83,0.001,30.206,3.357,2.83,9.979,-8.153,0.0,,,,,,
121.15,22.243,0.032,0.099,2.83,0.004,30.199,3.49,2.83,9.979,-8.153,0.0,,,,,,
121.25,22.243,-0.026,0.09,2.83,-0.003,30.213,3.734,2.83,9.979,-8.153,0.0,,,,,,
121.35,22.243,0.011,0.082,2.83,0.001,30.218,3.237,2.83,9.979,-8.153,0.0,,,,,,
121.45,22.243,0.046,0.096,2.83,0.006,30.209,3.365,2.83,9.979,-8.153,0.0,,,,,,
121.55,22.243,-0.006,0.089,2.83,-0.001,30.211,3.507,2.83,9.979,-8.153,0.0,,,,,,
121.65,22.243,0.055,0.091,2.83,0.007,30.204,3.575,2.83,9.979,-8.153,0.0,,,,,,
121.751,22.243,-0.01,0.087,2.83,-0.001,30.19,3.2,2.83,9.979,-8.153,0.0,,,,,,
121.851,22.243,0.026,0.091,2.83,0.003,30.186,2.979,2.83,9.979,-8.153,0.0,,,,,,
121.951,22.243,-0.009,0.079,2.83,-0.001,30.209,3.171,2.83,9.979,-8.153,0.0,,,,,,
122.051,22.243,-0.014,0.089,2.83,-0.002,30.193,3.318,2.83,9.979,-8.153,0.0,,,,,,
122.151,22.243,-0.006,0.088,2.83,-0.001,30.197,2.94,2.83,9.979,-8.153,0.0,,,,,,
122.251,22.243,0.05,0.085,2.83,0.006,30.213,3.552,2.83,9.979,-8.153,0.0,,,,,,
122.351,22.243,0.024,0.09,2.83,0.003,30.206,3.063,2.83,9.979,-8.153,0.0,,,,,,
122.451,22.243,0.008,0.082,2.83,0.001,30.195,3.442,2.83,9.979,-8.153,0.0,,,,,,
122.551,22.243,0.003,0.08,2.83,0.0,30.218,3.093,2.83,9.979,-8.153,0.0,,,,,,
122.651,22.243,-0.001,0.089,2.83,-0.0,30.202,2.958,2.83,9.979,-8.153,0.0,,,,,,
122.751,22.243,0.043,0.081,2.83,0.005,30.213,2.954,2.83,9.979,-8.153,0.0,,,,,,
122.851,22.243,0.015,0.077,2.83,0.002,30.218,3.002,2.83,9.979,-8.153,0.0,,,,,,
122.951,22.243,0.005,0.08,2.83,0.001,30.204,2.665,2.83,9.979,-8.153,0.0,,,,,,
123.051,22.243,0.003,0.072,2.83,0.0,30.206,3.193,2.83,9.979,-8.153,0.0,,,,,,
123.151,22.243,0.032,0.075,2.83,0.004,30.193,2.609,2.83,9.979,-8.153,0.0,,,,,,
123.251,22.243,-0.042,0.072,2.83,-0.005,30.206,2.846,2.83,9.979,-8.153,0.0,,,,,,
123.351,22.243,0.07,0.08,2.83,0.009,30.195,2.971,2.83,9.979,-8.153,0.0,,,,,,
123.452,22.243,-0.029,0.059,2.83,-0.004,30.211,2.847,2.83,9.979,-8.153,0.0,,,,,,
123.552,22.243,-0.01,0.062,2.83,-0.001,30.215,2.826,2.83,9.979,-8.153,0.0,,,,,,
123.652,22.243,0.018,0.062,2.83,0.002,30.222,2.686,2.83,9.979,-8.153,0.0,,,,,,
123.752,22.243,-0.015,0.079,2.83,-0.002,30.209,3.088,2.83,9.979,-8.153,0.0,,,,,,
123.852,22.243,0.001,0.059,2.83,0.0,30.204,2.417,2.83,9.979,-8.153,0.0,,,,,,
123.952,22.243,-0.051,0.061,2.83,-0.006,30.218,2.865,2.83,9.979,-8.153,0.0,,,,,,
124.052,22.243,-0.069,0.064,2.83,-0.009,30.211,2.925,2.83,9.979,-8.153,0.0,,,,,,
124.152,22.243,0.045,0.075,2.83,0.006,30.199,2.857,2.83,9.979,-8.153,0.0,,,,,,
124.252,22.243,0.02,0.068,2.83,0.003,30.197,2.39,2.83,9.979,-8.153,0.0,,,,,,
124.352,22.243,0.027,0.07,2.83,0.003,30.211,2.383,2.83,9.979,-8.153,0.0,,,,,,
124.452,22.243,-0.004,0.065,2.83,-0.001,30.204,3.051,2.83,9.979,-8.153,0.0,,,,,,
124.552,22.243,0.032,0.065,2.83,0.004,30.213,2.194,2.83,9.979,-8.153,0.0,,,,,,
124.652,22.243,-0.035,0.073,2.83,-0.004,30.204,2.608,2.83,9.979,-8.153,0.0,,,,,,
124.752,22.243,0.054,0.072,2.83,0.007,30.206,2.263,2.83,9.979,-8.153,0.0,,,,,,
124.852,22.243,0.022,0.064,2.83,0.003,30.213,2.628,2.83,9.979,-8.153,0.0,,,,,,
124.952,22.243,0.029,0.065,2.83,0.004,30.209,2.03,2.83,9.979,-8.153,0.0,,,,,,
125.053,22.243,-0.014,0.054,2.83,-0.002,30.225,2.68,2.83,9.979,-8.153,0.0,,,,,,
125.153,22.243,-0.049,0.054,2.83,-0.006,30.213,2.372,2.83,9.979,-8.153,0.0,,,,,,
125.253,22.243,-0.008,0.064,2.83,-0.001,30.22,2.423,2.83,9.979,-8.153,0.0,,,,,,
125.353,22.243,0.034,0.058,2.83,0.004,30.218,2.69,2.83,9.979,-8.153,0.0,,,,,,
125.453,22.243,0.035,0.063,2.83,0.004,30.225,2.275,2.83,9.979,-8.153,0.0,,,,,,
125.553,22.243,0.02,0.061,2.83,0.003,30.227,2.37,2.83,9.979,-8.153,0.0,,,,,,
125.653,22.243,-0.005,0.058,2.83,-0.001,30.231,2.423,2.83,9.979,-8.153,0.0,,,,,,
125.753,22.243,0.014,0.057,2.83,0.002,30.225,2.481,2.83,9.979,-8.153,0.0,,,,,,
125.853,22.243,0.004,0.063,2.83,0.001,30.209,2.228,2.83,9.979,-8.153,0.0,,,,,,
125.953,22.243,0.01,0.051,2.83,0.001,30.227,2.133,2.83,9.979,-8.153,0.0,,,,,,
126.053,22.243,0.021,0.053,2.83,0.003,30.236,2.598,2.83,9.979,-8.153,0.0,,,,,,
126.153,22.244,0.001,0.061,2.83,0.0,30.225,2.144,2.83,9.979,-8.153,0.0,,,,,,
126.253,22.243,0.007,0.053,2.83,0.001,30.22,2.274,2.83,9.979,-8.153,0.0,,,,,,
126.353,22.243,-0.011,0.049,2.83,-0.001,30.227,2.213,2.83,9.979,-8.153,0.0,,,,,,
126.453,22.243,0.011,0.053,2.83,0.001,30.206,1.944,2.83,9.979,-8.153,0.0,,,,,,
126.553,22.244,0.036,0.057,2.83,0.005,30.215,1.952,2.83,9.979,-8.153,0.0,,,,,,
126.653,22.244,-0.016,0.051,2.83,-0.002,30.222,2.191,2.83,9.979,-8.153,0.0,,,,,,
126.753,22.244,0.02,0.059,2.83,0.003,30.209,1.832,2.83,9.979,-8.153,0.0,,,,,,
126.854,22.244,-0.003,0.06,2.83,-0.0,30.218,1.767,2.83,9.979,-8.153,0.0,,,,,,
126.954,22.244,0.023,0.061,2.83,0.003,30.238,2.032,2.83,9.979,-8.153,0.0,,,,,,
127.054,22.244,0.01,0.055,2.83,0.001,30.213,2.34,2.83,9.979,-8.153,0.0,,,,,,
127.154,22.244,-0.021,0.048,2.83,-0.003,30.211,1.78,2.83,9.979,-8.153,0.0,,,,,,
127.254,22.244,0.006,0.054,2.83,0.001,30.211,1.842,2.83,9.979,-8.153,0.0,,,,,,
127.354,22.244,0.023,0.054,2.83,0.003,30.213,2.193,2.83,9.979,-8.153,0.0,,,,,,
127.454,22.244,0.014,0.059,2.83,0.002,30.22,1.815,2.83,9.979,-8.153,0.0,,,,,,
127.554,22.244,0.031,0.05,2.83,0.004,30.22,1.929,2.83,9.979,-8.153,0.0,,,,,,
127.654,22.244,-0.018,0.048,2.83,-0.002,30.209,2.134,2.83,9.979,-8.153,0.0,,,,,,
127.754,22.244,0.028,0.051,2.83,0.004,30.215,1.994,2.83,9.979,-8.153,0.0,,,,,,
127.854,22.244,-0.003,0.042,2.83,-0.0,30.22,1.824,2.83,9.979,-8.153,0.0,,,,,,
127.954,22.244,-0.044,0.048,2.83,-0.006,30.231,2.034,2.83,9.979,-8.153,0.0,,,,,,
128.054,22.244,-0.006,0.038,2.83,-0.001,30.241,1.885,2.83,9.979,-8.153,0.0,,,,,,
128.154,22.244,-0.024,0.033,2.83,-0.003,30.222,1.81,2.83,9.979,-8.153,0.0,,,,,,
128.254,22.244,0.005,0.044,2.83,0.001,30.231,1.883,2.83,9.979,-8.153,0.0,,,,,,
128.355,22.244,0.01,0.047,2.83,0.001,30.218,1.814,2.83,9.979,-8.153,0.0,,,,,,
128.455,22.244,-0.003,0.049,2.83,-0.0,30.222,1.448,2.83,9.979,-8.153,0.0,,,,,,
128.555,22.244,0.002,0.045,2.83,0.0,30.213,1.641,2.83,9.979,-8.153,0.0,,,,,,
128.655,22.244,-0.002,0.042,2.83,-0.0,30.227,1.645,2.83,9.979,-8.153,0.0,,,,,,
128.755,22.244,0.008,0.041,2.83,0.001,30.215,1.529,2.83,9.979,-8.153,0.0,,,,,,
128.855,22.244,0.004,0.046,2.83,0.0,30.211,1.703,2.83,9.979,-8.153,0.0,,,,,,
128.955,22.244,-0.046,0.025,2.83,-0.006,30.218,1.744,2.83,9.979,-8.153,0.0,,,,,,
129.055,22.244,0.018,0.049,2.83,0.002,30.22,1.296,2.83,9.979,-8.153,0.0,,,,,,
129.155,22.244,-0.017,0.042,2.83,-0.002,30.236,1.789,2.83,9.979,-8.153,0.0,,,,,,
129.255,22.244,-0.019,0.037,2.83,-0.002,30.225,1.501,2.83,9.979,-8.153,0.0,,,,,,
129.355,22.244,-0.028,0.037,2.83,-0.004,30.238,1.304,2.83,9.979,-8.153,0.0,,,,,,
129.455,22.244,0.023,0.037,2.83,0.003,30.231,1.682,2.83,9.979,-8.153,0.0,,,,,,
129.555,22.244,-0.004,0.038,2.83,-0.001,30.218,1.484,2.83,9.979,-8.153,0.0,,,,,,
129.655,22.244,-0.058,0.035,2.83,-0.007,30.227,1.367,2.83,9.979,-8.153,0.0,,,,,,
129.755,22.244,-0.046,0.033,2.83,-0.006,30.231,1.538,2.83,9.979,-8.153,0.0,,,,,,
129.855,22.244,0.014,0.031,2.83,0.002,30.234,1.53,2.83,9.979,-8.153,0.0,,,,,,
129.955,22.244,0.04,0.044,2.83,0.005,30.225,1.513,2.83,9.979,-8.153,0.0,,,,,,
130.055,22.244,-0.009,0.03,2.83,-0.001,30.22,1.495,2.83,9.979,-8.153,0.0,,,,,,
130.156,22.244,0.009,0.039,2.83,0.001,30.229,1.553,2.83,9.979,-8.153,0.0,,,,,,
130.256,22.244,0.001,0.025,2.83,0.0,30.231,1.566,2.83,9.979,-8.153,0.0,,,,,,
130.356,22.244,-0.043,0.023,2.83,-0.005,30.229,1.141,2.83,9.979,-8.153,0.0,,,,,,
130.456,22.244,-0.004,0.02,2.83,-0.001,30.227,1.269,2.83,9.979,-8.153,0.0,,,,,,
130.556,22.244,0.008,0.031,2.83,0.001,30.241,1.431,2.83,9.979,-8.153,0.0,,,,,,
130.656,22.244,0.019,0.028,2.83,0.002,30.222,1.472,2.83,9.979,-8.153,0.0,,,,,,
130.756,22.245,0.01,0.036,2.83,0.001,30.215,0.991,2.83,9.979,-8.153,0.0,,,,,,
130.856,22.245,-0.004,0.038,2.83,-0.001,30.225,1.333,2.83,9.979,-8.153,0.0,,,,,,
130.956,22.245,-0.029,0.029,2.83,-0.004,30.22,1.169,2.83,9.979,-8.153,0.0,,,,,,
131.056,22.245,0.001,0.031,2.83,0.0,30.209,1.225,2.83,9.979,-8.153,0.0,,,,,,
131.157,22.245,0.026,0.028,2.83,0.003,30.215,1.24,2.83,9.979,-8.153,0.0,,,,,,
131.257,22.245,0.008,0.029,2.83,0.001,30.22,1.081,2.83,9.979,-8.153,0.0,,,,,,
131.357,22.245,-0.019,0.033,2.83,-0.002,30.225,1.049,2.83,9.979,-8.153,0.0,,,,,,
131.457,22.245,-0.022,0.024,2.83,-0.003,30.22,0.836,2.83,9.979,-8.153,0.0,,,,,,
131.557,22.245,0.031,0.034,2.83,0.004,30.22,1.151,2.83,9.979,-8.153,0.0,,,,,,
131.657,22.245,0.007,0.026,2.83,0.001,30.231,1.119,2.83,9.979,-8.153,0.0,,,,,,
131.758,22.245,-0.047,0.02,2.83,-0.006,30.218,1.218,2.83,9.979,-8.153,0.0,,,,,,
131.858,22.245,0.034,0.023,2.83,0.004,30.225,1.275,2.83,9.979,-8.153,0.0,,,,,,
131.958,22.245,-0.02,0.044,2.83,-0.003,30.234,1.092,2.83,9.979,-8.153,0.0,,,,,,
132.058,22.245,0.002,0.02,2.83,0.0,30.227,1.309,2.83,9.979,-8.153,0.0,,,,,,
132.158,22.245,0.005,0.019,2.83,0.001,30.22,1.022,2.83,9.979,-8.153,0.0,,,,,,
132.258,22.245,0.018,0.031,2.83,0.002,30.231,1.16,2.83,9.979,-8.153,0.0,,,,,,
132.358,22.245,-0.007,0.027,2.83,-0.001,30.215,1.155,2.83,9.979,-8.153,0.0,,,,,,
132.458,22.245,-0.037,0.025,2.83,-0.005,30.236,0.78,2.83,9.979,-8.153,0.0,,,,,,
132.558,22.245,-0.014,0.025,2.83,-0.002,30.22,0.839,2.83,9.979,-8.153,0.0,,,,,,
132.658,22.245,-0.009,0.026,2.83,-0.001,30.229,1.081,2.83,9.979,-8.153,0.0,,,,,,
132.758,22.245,-0.003,0.02,2.83,-0.0,30.222,0.828,2.83,9.979,-8.153,0.0,,,,,,
132.858,22.245,0.003,0.018,2.83,0.0,30.222,0.598,2.83,9.979,-8.153,0.0,,,,,,
132.958,22.245,-0.018,0.023,2.83,-0.002,30.227,0.981,2.83,9.979,-8.153,0.0,,,,,,
133.058,22.245,0.005,0.019,2.83,0.001,30.227,0.815,2.83,9.979,-8.153,0.0,,,,,,
133.158,22.245,-0.016,0.019,2.83,-0.002,30.215,0.475,2.83,9.979,-8.153,0.0,,,,,,
133.258,22.244,-0.006,0.018,2.83,-0.001,30.211,1.127,2.83,9.979,-8.153,0.0,,,,,,
133.359,22.245,-0.005,0.022,2.83,-0.001,30.209,0.357,2.83,9.979,-8.153,0.0,,,,,,
133.459,22.244,-0.009,0.019,2.83,-0.001,30.218,0.621,2.83,9.979,-8.153,0.0,,,,,,
133.559,22.245,-0.028,0.018,2.83,-0.004,30.22,0.781,2.83,9.979,-8.153,0.0,,,,,,
133.659,22.245,0.002,0.018,2.83,0.0,30.202,0.677,2.83,9.979,-8.153,0.0,,,,,,
133.759,22.245,-0.008,0.013,2.83,-0.001,30.206,0.838,2.83,9.979,-8.153,0.0,,,,,,
133.859,22.245,-0.004,0.017,2.83,-0.001,30.234,0.478,2.83,9.979,-8.153,0.0,,,,,,
133.959,22.245,-0.0,0.024,2.83,-0.0,30.229,0.695,2.83,9.979,-8.153,0.0,,,,,,
134.059,22.245,0.007,0.018,2.83,0.001,30.231,0.721,2.83,9.979,-8.153,0.0,,,,,,
134.159,22.245,-0.001,0.012,2.83,-0.0,30.22,0.509,2.83,9.979,-8.153,0.0,,,,,,
134.259,22.245,0.005,0.02,2.83,0.001,30.206,0.55,2.83,9.979,-8.153,0.0,,,,,,
134.359,22.245,0.015,0.014,2.83,0.002,30.222,0.959,2.83,9.979,-8.153,0.0,,,,,,
134.459,22.245,-0.005,0.007,2.83,-0.001,30.215,0.6,2.83,9.979,-8.153,0.0,,,,,,
134.559,22.245,-0.017,0.021,2.83,-0.002,30.229,0.641,2.83,9.979,-8.153,0.0,,,,,,
134.659,22.245,0.014,0.018,2.83,0.002,30.213,0.42,2.83,9.979,-8.153,0.0,,,,,,
134.761,22.245,-0.028,0.01,2.83,-0.004,30.229,0.922,2.83,9.979,-8.153,0.0,,,,,,
134.86,22.245,-0.004,0.019,2.83,-0.001,30.218,0.426,2.83,9.979,-8.153,0.0,,,,,,
134.961,22.245,0.017,0.018,2.83,0.002,30.215,0.363,2.83,9.979,-8.153,0.0,,,,,,
135.06,22.245,0.017,0.019,2.83,0.002,30.215,0.656,2.83,9.979,-8.153,0.0,,,,,,
135.161,22.245,0.03,0.015,2.83,0.004,30.222,0.92,2.83,9.979,-8.153,0.0,,,,,,
135.26,22.245,-0.013,0.014,2.83,-0.002,30.229,0.667,2.83,9.979,-8.153,0.0,,,,,,
135.361,22.245,-0.019,0.011,2.83,-0.002,30.225,0.394,2.83,9.979,-8.153,0.0,,,,,,
135.46,22.245,-0.013,0.017,2.83,-0.002,30.215,0.492,2.83,9.979,-8.153,0.0,,,,,,
135.56,22.245,-0.019,0.015,2.83,-0.002,30.225,1.162,2.83,9.979,-8.153,0.0,,,,,,
135.66,22.245,-0.009,0.003,2.83,-0.001,30.225,0.549,2.83,9.979,-8.153,0.0,,,,,,
135.76,22.245,-0.019,0.018,2.83,-0.002,30.215,0.312,2.83,9.979,-8.153,0.0,,,,,,
135.86,22.245,0.021,0.01,2.83,0.003,30.215,1.071,2.83,9.979,-8.153,0.0,,,,,,
135.96,22.245,-0.013,0.009,2.83,-0.002,30.227,0.246,2.83,9.979,-8.153,0.0,,,,,,
136.06,22.245,0.012,0.013,2.83,0.002,30.238,0.07,2.83,9.979,-8.153,0.0,,,,,,
136.16,22.245,-0.037,0.007,2.83,-0.005,30.229,0.594,2.83,9.979,-8.153,0.0,,,,,,
136.261,22.245,-0.004,0.014,2.83,-0.0,30.231,0.416,2.83,9.979,-8.153,0.0,,,,,,
136.361,22.245,-0.029,0.008,2.83,-0.004,30.211,0.483,2.83,9.979,-8.153,0.0,,,,,,
136.461,22.245,-0.008,0.006,2.83,-0.001,30.227,0.288,2.83,9.979,-8.153,0.0,,,,,,
136.561,22.245,0.009,0.003,2.83,0.001,30.229,0.032,2.83,9.979,-8.153,0.0,,,,,,
136.661,22.245,0.018,0.01,2.83,0.002,30.227,0.337,2.83,9.979,-8.153,0.0,,,,,,
136.761,22.245,-0.008,0.004,2.83,-0.001,30.231,0.365,2.83,9.979,-8.153,0.0,,,,,,
136.861,22.245,-0.052,0.005,2.83,-0.007,30.225,0.408,2.83,9.979,-8.153,0.0,,,,,,
136.961,22.245,-0.007,0.007,2.83,-0.001,30.241,0.458,2.83,9.979,-8.153,0.0,,,,,,
137.061,22.245,0.024,0.01,2.83,0.003,30.211,0.003,2.83,9.979,-8.153,0.0,,,,,,
137.161,22.245,0.006,0.009,2.83,0.001,30.234,0.251,2.83,9.979,-8.153,0.0,,,,,,
137.261,22.245,0.009,0.007,2.83,0.001,30.234,0.339,2.83,9.979,-8.153,0.0,,,,,,
137.361,22.245,-0.04,0.005,2.83,-0.005,30.236,0.214,2.83,9.979,-8.153,0.0,,,,,,
137.462,22.245,-0.001,0.003,2.83,-0.0,30.238,0.063,2.83,9.979,-8.153,0.0,,,,,,
137.562,22.245,-0.035,-0.004,2.83,-0.004,30.243,0.146,2.83,9.979,-8.153,0.0,,,,,,
137.662,22.245,-0.004,0.007,2.83,-0.001,30.227,0.163,2.83,9.979,-8.153,0.0,,,,,,
137.762,22.245,0.005,0.003,2.83,0.001,30.231,0.118,2.83,9.979,-8.153,0.0,,,,,,
137.862,22.245,-0.017,-0.002,2.83,-0.002,30.227,0.134,2.83,9.979,-8.153,0.0,,,,,,
137.963,22.245,-0.021,0.005,2.83,-0.003,30.222,0.171,2.83,9.979,-8.153,0.0,,,,,,
138.062,22.245,-0.019,0.003,2.83,-0.002,30.215,-0.07,2.83,9.979,-8.153,0.0,,,,,,
138.162,22.245,0.035,0.006,2.83,0.004,30.206,0.461,2.83,9.979,-8.153,0.0,,,,,,
138.262,22.246,-0.016,-0.002,2.83,-0.002,30.211,-0.086,2.83,9.979,-8.153,0.0,,,,,,
138.362,22.245,0.002,0.005,2.83,0.0,30.234,0.074,2.83,9.979,-8.153,0.0,,,,,,
138.462,22.246,0.024,0.0,2.83,0.003,30.225,0.322,2.83,9.979,-8.153,0.0,,,,,,
138.562,22.246,0.035,0.003,2.83,0.004,30.241,0.189,2.83,9.979,-8.153,0.0,,,,,,
138.663,22.246,-0.019,0.003,2.83,-0.002,30.227,0.294,2.83,9.979,-8.153,0.0,,,,,,
138.763,22.246,0.014,0.002,2.83,0.002,30.231,0.093,2.83,9.979,-8.153,0.0,,,,,,
138.863,22.246,-0.02,0.001,2.83,-0.003,30.22,0.317,2.83,9.979,-8.153,0.0,,,,,,
138.963,22.246,-0.043,0.006,2.83,-0.005,30.238,0.255,2.83,9.979,-8.153,0.0,,,,,,
139.063,22.246,-0.036,-0.001,2.83,-0.005,30.227,-0.298,2.83,9.979,-8.153,0.0,,,,,,
139.163,22.246,0.005,0.006,2.83,0.001,30.211,0.032,2.83,9.979,-8.153,0.0,,,,,,
139.263,22.246,-0.034,0.0,2.83,-0.004,30.204,0.197,2.83,9.979,-8.153,0.0,,,,,,
139.363,22.246,0.014,-0.008,2.83,0.002,30.231,-0.009,2.83,9.979,-8.153,0.0,,,,,,
139.463,22.246,0.025,0.005,2.83,0.003,30.241,-0.042,2.83,9.979,-8.153,0.0,,,,,,
139.564,22.246,0.014,-0.0,2.83,0.002,30.236,-0.264,2.83,9.979,-8.153,0.0,,,,,,
139.664,22.246,0.012,0.009,2.83,0.001,30.241,-0.006,2.83,9.979,-8.153,0.0,,,,,,
139.764,22.246,0.018,-0.003,2.83,0.002,30.227,-0.247,2.83,9.979,-8.153,0.0,,,,,,
139.864,22.246,-0.009,-0.007,2.83,-0.001,30.222,-0.141,2.83,9.979,-8.153,0.0,,,,,,
139.964,22.246,0.027,0.003,2.83,0.003,30.236,-0.183,2.83,9.979,-8.153,0.0,,,,,,
140.064,22.246,0.005,-0.001,2.83,0.001,30.218,0.127,2.83,9.979,-8.153,0.0,,,,,,
140.164,22.246,-0.026,-0.008,2.83,-0.003,30.243,0.149,2.83,9.979,-8.153,0.0,,,,,,
140.264,22.246,-0.009,-0.003,2.83,-0.001,30.229,-0.26,2.83,9.979,-8.153,0.0,,,,,,
140.364,22.246,0.035,-0.004,2.83,0.004,30.227,-0.18,2.83,9.979,-8.153,0.0,,,,,,
140.464,22.246,0.045,-0.008,2.83,0.006,30.227,-0.204,2.83,9.979,-8.153,0.0,,,,,,
140.565,22.246,0.014,-0.01,2.83,0.002,30.231,-0.021,2.83,9.979,-8.153,0.0,,,,,,
140.664,22.246,-0.001,-0.009,2.83,-0.0,30.227,-0.245,2.83,9.979,-8.153,0.0,,,,,,
140.764,22.246,-0.011,-0.008,2.83,-0.001,30.236,-0.186,2.83,9.979,-8.153,0.0,,,,,,
140.864,22.246,0.008,-0.011,2.83,0.001,30.225,-0.498,2.83,9.979,-8.153,0.0,,,,,,
140.964,22.246,-0.022,-0.013,2.83,-0.003,30.241,-0.043,2.83,9.979,-8.153,0.0,,,,,,
141.064,22.246,0.01,-0.015,2.83,0.001,30.229,-0.083,2.83,9.979,-8.153,0.0,,,,,,
141.165,22.246,-0.026,-0.008,2.83,-0.003,30.25,-0.28,2.83,9.979,-8.153,0.0,,,,,,
141.265,22.245,-0.017,-0.012,2.83,-0.002,30.247,-0.299,2.83,9.979,-8.153,0.0,,,,,,
141.365,22.246,0.005,-0.005,2.83,0.001,30.238,-0.339,2.83,9.979,-8.153,0.0,,,,,,
141.465,22.246,-0.005,-0.007,2.83,-0.001,30.238,-0.226,2.83,9.979,-8.153,0.0,,,,,,
141.565,22.246,-0.014,-0.011,2.83,-0.002,30.245,-0.472,2.83,9.979,-8.153,0.0,,,,,,
141.665,22.246,0.018,-0.018,2.83,0.002,30.238,-0.23,2.83,9.979,-8.153,0.0,,,,,,
141.765,22.246,0.015,-0.007,2.83,0.002,30.236,-0.601,2.83,9.979,-8.153,0.0,,,,,,
141.865,22.246,-0.022,-0.01,2.83,-0.003,30.225,-0.485,2.83,9.979,-8.153,0.0,,,,,,
141.965,22.246,-0.026,-0.013,2.83,-0.003,30.22,-0.071,2.83,9.979,-8.153,0.0,,,,,,
142.065,22.246,-0.004,-0.006,2.83,-0.001,30.227,-0.582,2.83,9.979,-8.153,0.0,,,,,,
142.165,22.246,-0.013,-0.008,2.83,-0.002,30.225,0.089,2.83,9.979,-8.153,0.0,,,,,,
142.265,22.246,-0.007,-0.021,2.831,-0.001,30.234,-0.272,2.831,9.979,-8.153,0.0,,,,,,
142.365,22.247,-0.04,-0.002,2.831,-0.005,30.22,-0.332,2.831,9.979,-8.153,0.0,,,,,,
142.465,22.247,0.021,-0.018,2.831,0.003,30.229,-0.206,2.831,9.979,-8.153,0.0,,,,,,
142.565,22.247,0.015,-0.009,2.831,0.002,30.252,-0.471,2.831,9.979,-8.153,0.0,,,,,,
142.666,22.247,-0.005,-0.01,2.831,-0.001,30.213,-0.258,2.831,9.979,-8.153,0.0,,,,,,
142.766,22.247,0.003,-0.007,2.831,0.0,30.247,-0.255,2.831,9.979,-8.153,0.0,,,,,,
142.866,22.247,0.004,0.0,2.831,0.001,30.236,-0.672,2.831,9.979,-8.153,0.0,,,,,,
142.966,22.247,0.005,-0.01,2.831,0.001,30.225,-0.191,2.831,9.979,-8.153,0.0,,,,,,
143.066,22.247,0.035,-0.007,2.831,0.004,30.241,-0.025,2.831,9.979,-8.153,0.0,,,,,,
143.166,22.247,-0.027,-0.007,2.831,-0.003,30.225,-0.555,2.831,9.979,-8.153,0.0,,,,,,
143.266,22.247,0.007,-0.01,2.831,0.001,30.231,-0.163,2.831,9.979,-8.153,0.0,,,,,,
143.366,22.247,0.043,-0.01,2.831,0.005,30.222,-0.098,2.831,9.979,-8.153,0.0,,,,,,
143.466,22.247,0.019,-0.007,2.831,0.002,30.257,-0.319,2.831,9.979,-8.153,0.0,,,,,,
143.566,22.247,-0.022,-0.01,2.831,-0.003,30.231,-0.258,2.831,9.979,-8.153,0.0,,,,,,
143.666,22.247,0.023,-0.012,2.831,0.003,30.222,-0.377,2.831,9.979,-8.153,0.0,,,,,,
143.766,22.247,0.016,0.001,2.831,0.002,30.234,-0.555,2.831,9.979,-8.153,0.0,,,,,,
143.866,22.247,0.013,-0.01,2.831,0.002,30.218,-0.413,2.831,9.979,-8.153,0.0,,,,,,
143.966,22.247,0.016,-0.01,2.831,0.002,30.222,-0.359,2.831,9.979,-8.153,0.0,,,,,,
144.066,22.247,0.001,-0.007,2.831,0.0,30.231,-0.437,2.831,9.979,-8.153,0.0,,,,,,
144.167,22.247,-0.016,-0.013,2.831,-0.002,30.222,-0.36,2.831,9.979,-8.153,0.0,,,,,,
144.267,22.247,0.031,-0.003,2.831,0.004,30.236,-0.676,2.831,9.979,-8.153,0.0,,,,,,
144.367,22.247,-0.035,-0.01,2.831,-0.004,30.22,-0.853,2.831,9.979,-8.153,0.0,,,,,,
144.467,22.247,-0.037,-0.02,2.831,-0.005,30.218,-0.211,2.831,9.979,-8.153,0.0,,,,,,
144.567,22.247,-0.041,-0.013,2.831,-0.005,30.25,-0.732,2.831,9.979,-8.153,0.0,,,,,,
144.667,22.247,-0.024,-0.008,2.831,-0.003,30.231,-0.654,2.831,9.979,-8.153,0.0,,,,,,
144.767,22.247,0.028,-0.01,2.831,0.004,30.231,-0.483,2.831,9.979,-8.153,0.0,,,,,,
144.867,22.247,-0.011,-0.016,2.831,-0.001,30.229,-0.476,2.831,9.979,-8.153,0.0,,,,,,
144.967,22.247,-0.016,-0.005,2.831,-0.002,30.231,-0.543,2.831,9.979,-8.153,0.0,,,,,,
145.067,22.247,-0.016,-0.014,2.831,-0.002,30.238,-0.429,2.831,9.979,-8.153,0.0,,,,,,
145.167,22.247,0.014,-0.021,2.831,0.002,30.247,-0.268,2.831,9.979,-8.153,0.0,,,,,,
145.267,22.247,0.007,-0.007,2.831,0.001,30.236,-0.507,2.831,9.979,-8.153,0.0,,,,,,
145.367,22.247,0.019,-0.004,2.831,0.002,30.247,-0.273,2.831,9.979,-8.153,0.0,,,,,,
145.467,22.247,-0.014,-0.01,2.831,-0.002,30.247,-0.636,2.831,9.979,-8.153,0.0,,,,,,
145.567,22.247,-0.005,-0.009,2.831,-0.001,30.229,-0.479,2.831,9.979,-8.153,0.0,,,,,,
145.667,22.247,-0.027,-0.007,2.831,-0.003,30.238,-0.293,2.831,9.979,-8.153,0.0,,,,,,
145.767,22.247,-0.037,-0.014,2.831,-0.005,30.229,-0.558,2.831,9.979,-8.153,0.0,,,,,,
145.867,22.247,0.035,-0.013,2.831,0.004,30.234,-0.633,2.831,9.979,-8.153,0.0,,,,,,
145.968,22.247,0.023,-0.008,2.831,0.003,30.231,-0.74,2.831,9.979,-8.153,0.0,,,,,,
146.068,22.247,0.002,-0.009,2.831,0.0,30.241,-0.626,2.831,9.979,-8.153,0.0,,,,,,
146.168,22.247,0.003,-0.011,2.831,0.0,30.245,-0.4,2.831,9.979,-8.153,0.0,,,,,,
146.268,22.247,0.039,-0.01,2.831,0.005,30.257,-0.288,2.831,9.979,-8.153,0.0,,,,,,
146.368,22.247,-0.024,-0.016,2.831,-0.003,30.252,-0.626,2.831,9.979,-8.153,0.0,,,,,,
146.468,22.247,-0.02,-0.009,2.831,-0.003,30.234,-0.503,2.831,9.979,-8.153,0.0,,,,,,
146.568,22.247,0.004,-0.014,2.831,0.0,30.238,-0.497,2.831,9.979,-8.153,0.0,,,,,,
146.668,22.247,-0.011,-0.01,2.831,-0.001,30.234,-0.62,2.831,9.979,-8.153,0.0,,,,,,
146.768,22.247,-0.012,-0.011,2.831,-0.001,30.247,-0.151,2.831,9.979,-8.153,0.0,,,,,,
146.868,22.247,-0.007,-0.004,2.831,-0.001,30.247,-0.718,2.831,9.979,-8.153,0.0,,,,,,
146.968,22.247,0.009,-0.01,2.831,0.001,30.234,-0.658,2.831,9.979,-8.153,0.0,,,,,,
147.068,22.247,-0.026,-0.015,2.831,-0.003,30.238,-0.606,2.831,9.979,-8.153,0.0,,,,,,
147.168,22.247,0.012,-0.018,2.831,0.002,30.222,-0.708,2.831,9.979,-8.153,0.0,,,,,,
147.268,22.247,0.007,-0.013,2.831,0.001,30.259,-0.695,2.831,9.979,-8.153,0.0,,,,,,
147.368,22.247,-0.045,-0.013,2.831,-0.006,30.234,-0.267,2.831,9.979,-8.153,0.0,,,,,,
147.468,22.247,0.032,-0.025,2.831,0.004,30.247,-0.749,2.831,9.979,-8.153,0.0,,,,,,
147.569,22.247,0.041,-0.011,2.831,0.005,30.243,-0.325,2.831,9.979,-8.153,0.0,,,,,,
147.669,22.247,0.013,-0.019,2.831,0.002,30.236,-0.37,2.831,9.979,-8.153,0.0,,,,,,
147.769,22.247,0.035,-0.012,2.831,0.004,30.247,-0.372,2.831,9.979,-8.153,0.0,,,,,,
147.869,22.247,0.02,-0.009,2.831,0.003,30.243,-0.345,2.831,9.979,-8.153,0.0,,,,,,
147.969,22.247,-0.012,-0.018,2.831,-0.002,30.245,-0.299,2.831,9.979,-8.153,0.0,,,,,,
148.069,22.248,0.017,-0.016,2.831,0.002,30.252,-0.655,2.831,9.979,-8.153,0.0,,,,,,
148.169,22.248,-0.011,-0.013,2.831,-0.001,30.238,-0.504,2.831,9.979,-8.153,0.0,,,,,,
148.269,22.249,0.01,-0.009,2.831,0.001,30.234,-0.488,2.831,9.979,-8.153,0.0,,,,,,
148.369,22.253,-0.007,-0.006,2.831,-0.001,30.243,-0.085,2.831,9.979,-8.153,0.0,,,,,,
148.469,22.253,0.007,-0.002,2.831,0.001,30.236,-0.11,2.831,9.979,-8.153,0.0,,,,,,
148.569,22.253,0.03,-0.0,2.831,0.004,30.238,0.125,2.831,9.979,-8.153,0.0,,,,,,
148.669,22.253,0.005,-0.007,2.831,0.001,30.243,-0.021,2.831,9.979,-8.153,0.0,,,,,,
148.769,22.253,0.016,-0.004,2.831,0.002,30.238,-0.023,2.831,9.979,-8.153,0.0,,,,,,
148.869,22.253,-0.002,0.002,2.831,-0.0,30.229,0.273,2.831,9.979,-8.153,0.0,,,,,,
148.969,22.253,0.028,0.004,2.831,0.004,30.252,0.048,2.831,9.979,-8.153,0.0,,,,,,
149.069,22.253,0.007,0.007,2.831,0.001,30.229,-0.014,2.831,9.979,-8.153,0.0,,,,,,
149.169,22.253,0.02,0.006,2.831,0.003,30.247,0.22,2.831,9.979,-8.153,0.0,,,,,,
149.269,22.253,-0.005,0.001,2.831,-0.001,30.254,0.248,2.831,9.979,-8.153,0.0,,,,,,
149.37,22.253,0.007,0.006,2.831,0.001,30.243,0.848,2.831,9.979,-8.153,0.0,,,,,,
149.47,22.253,0.006,0.003,2.831,0.001,30.243,-0.061,2.831,9.979,-8.153,0.0,,,,,,
149.57,22.253,-0.016,0.014,2.831,-0.002,30.241,0.161,2.831,9.979,-8.153,0.0,,,,,,
149.67,22.253,-0.009,0.006,2.831,-0.001,30.231,0.248,2.831,9.979,-8.153,0.0,,,,,,
149.77,22.253,-0.028,0.002,2.831,-0.004,30.243,0.308,2.831,9.979,-8.153,0.0,,,,,,
149.87,22.253,0.008,0.013,2.831,0.001,30.229,0.269,2.831,9.979,-8.153,0.0,,,,,,
149.97,22.253,0.006,0.007,2.831,0.001,30.213,0.148,2.831,9.979,-8.153,0.0,,,,,,
150.07,22.253,0.012,0.006,2.831,0.001,30.231,0.488,2.831,9.979,-8.153,0.0,,,,,,
150.17,22.252,0.017,0.01,2.831,0.002,30.247,0.44,2.831,9.979,-8.153,0.0,,,,,,
150.27,22.252,-0.031,0.006,2.831,-0.004,30.241,0.364,2.831,9.979,-8.153,0.0,,,,,,
150.37,22.252,0.028,0.017,2.831,0.004,30.231,0.394,2.831,9.979,-8.153,0.0,,,,,,
150.47,22.252,-0.005,0.019,2.831,-0.001,30.238,0.271,2.831,9.979,-8.153,0.0,,,,,,
150.57,22.252,0.018,0.015,2.831,0.002,30.236,0.572,2.831,9.979,-8.153,0.0,,,,,,
150.67,22.252,0.003,0.005,2.831,0.0,30.231,0.605,2.831,9.979,-8.153,0.0,,,,,,
150.77,22.252,0.006,0.014,2.831,0.001,30.236,0.522,2.831,9.979,-8.153,0.0,,,,,,
150.872,22.252,0.014,0.003,2.831,0.002,30.227,0.549,2.831,9.979,-8.153,0.0,,,,,,
150.972,22.252,-0.002,0.017,2.831,-0.0,30.215,0.249,2.831,9.979,-8.153,0.0,,,,,,
151.072,22.252,0.018,0.011,2.831,0.002,30.229,0.653,2.831,9.979,-8.153,0.0,,,,,,
151.172,22.252,0.023,0.009,2.831,0.003,30.231,0.85,2.831,9.979,-8.153,0.0,,,,,,
151.272,22.252,-0.03,0.02,2.831,-0.004,30.247,0.64,2.831,9.979,-8.153,0.0,,,,,,
151.372,22.252,-0.028,0.018,2.831,-0.004,30.25,0.749,2.831,9.979,-8.153,0.0,,,,,,
151.472,22.252,-0.013,0.014,2.831,-0.002,30.261,0.816,2.831,9.979,-8.153,0.0,,,,,,
151.572,22.252,-0.006,0.012,2.831,-0.001,30.243,0.681,2.831,9.979,-8.153,0.0,,,,,,
151.672,22.252,-0.028,0.015,2.831,-0.004,30.261,0.687,2.831,9.979,-8.153,0.0,,,,,,
151.772,22.252,0.011,0.022,2.831,0.001,30.231,1.221,2.831,9.979,-8.153,0.0,,,,,,
151.872,22.252,-0.003,0.01,2.831,-0.0,30.252,0.653,2.831,9.979,-8.153,0.0,,,,,,
151.972,22.252,0.011,0.024,2.831,0.001,30.236,0.765,2.831,9.979,-8.153,0.0,,,,,,
152.072,22.252,0.002,0.024,2.831,0.0,30.234,0.91,2.831,9.979,-8.153,0.0,,,,,,
152.172,22.252,-0.01,0.013,2.831,-0.001,30.227,0.513,2.831,9.979,-8.153,0.0,,,,,,
152.272,22.252,0.007,0.024,2.831,0.001,30.229,0.557,2.831,9.979,-8.153,0.0,,,,,,
152.372,22.252,-0.027,0.02,2.831,-0.003,30.234,1.381,2.831,9.979,-8.153,0.0,,,,,,
152.472,22.252,0.012,0.021,2.831,0.002,30.231,0.826,2.831,9.979,-8.153,0.0,,,,,,
152.573,22.252,0.009,0.021,2.831,0.001,30.236,1.121,2.831,9.979,-8.153,0.0,,,,,,
152.673,22.253,0.02,0.027,2.831,0.003,30.234,1.164,2.831,9.979,-8.153,0.0,,,,,,
152.773,22.253,0.011,0.034,2.831,0.001,30.236,0.397,2.831,9.979,-8.153,0.0,,,,,,
152.873,22.252,-0.006,0.031,2.831,-0.001,30.252,0.665,2.831,9.979,-8.153,0.0,,,,,,
152.973,22.252,0.006,0.03,2.831,0.001,30.252,1.274,2.831,9.979,-8.153,0.0,,,,,,
153.073,22.252,0.012,0.024,2.831,0.002,30.236,0.988,2.831,9.979,-8.153,0.0,,,,,,
153.173,22.252,-0.006,0.024,2.831,-0.001,30.254,1.352,2.831,9.979,-8.153,0.0,,,,,,
153.273,22.252,0.008,0.022,2.831,0.001,30.243,1.181,2.831,9.979,-8.153,0.0,,,,,,
153.373,22.252,-0.012,0.033,2.831,-0.002,30.236,1.109,2.831,9.979,-8.153,0.0,,,,,,
153.474,22.252,-0.023,0.022,2.831,-0.003,30.241,1.36,2.831,9.979,-8.153,0.0,,,,,,
153.573,22.252,0.009,0.029,2.831,0.001,30.241,0.986,2.831,9.979,-8.153,0.0,,,,,,
153.673,22.252,-0.016,0.034,2.831,-0.002,30.236,1.441,2.831,9.979,-8.153,0.0,,,,,,
153.773,22.252,0.018,0.038,2.831,0.002,30.241,1.652,2.831,9.979,-8.153,0.0,,,,,,
153.873,22.252,0.004,0.025,2.831,0.001,30.229,1.419,2.831,9.979,-8.153,0.0,,,,,,
153.973,22.252,0.008,0.04,2.831,0.001,30.241,0.957,2.831,9.979,-8.153,0.0,,,,,,
154.074,22.252,0.003,0.034,2.831,0.0,30.227,1.679,2.831,9.979,-8.153,0.0,,,,,,
154.174,22.252,0.021,0.036,2.831,0.003,30.243,1.42,2.831,9.979,-8.153,0.0,,,,,,
154.274,22.252,0.008,0.026,2.831,0.001,30.218,1.41,2.831,9.979,-8.153,0.0,,,,,,
154.374,22.252,-0.027,0.03,2.831,-0.003,30.238,1.241,2.831,9.979,-8.153,0.0,,,,,,
154.474,22.252,-0.024,0.03,2.831,-0.003,30.241,1.59,2.831,9.979,-8.153,0.0,,,,,,
154.574,22.252,0.008,0.033,2.831,0.001,30.25,1.253,2.831,9.979,-8.153,0.0,,,,,,
154.674,22.252,-0.015,0.033,2.831,-0.002,30.229,1.421,2.831,9.979,-8.153,0.0,,,,,,
154.774,22.252,0.007,0.028,2.831,0.001,30.238,1.128,2.831,9.979,-8.153,0.0,,,,,,
154.874,22.252,0.01,0.042,2.831,0.001,30.243,1.13,2.831,9.979,-8.153,0.0,,,,,,
154.974,22.252,0.065,0.047,2.831,0.008,30.234,1.401,2.831,9.979,-8.153,0.0,,,,,,
155.074,22.252,0.001,0.029,2.831,0.0,30.238,1.403,2.831,9.979,-8.153,0.0,,,,,,
155.174,22.252,-0.004,0.04,2.831,-0.0,30.238,1.147,2.831,9.979,-8.153,0.0,,,,,,
155.274,22.252,0.012,0.046,2.831,0.002,30.247,1.787,2.831,9.979,-8.153,0.0,,,,,,
155.374,22.252,0.011,0.03,2.831,0.001,30.231,1.392,2.831,9.979,-8.153,0.0,,,,,,
155.474,22.252,-0.018,0.046,2.831,-0.002,30.22,1.382,2.831,9.979,-8.153,0.0,,,,,,
155.574,22.252,-0.027,0.04,2.831,-0.003,30.247,1.689,2.831,9.979,-8.153,0.0,,,,,,
155.674,22.252,0.032,0.032,2.831,0.004,30.234,1.763,2.831,9.979,-8.153,0.0,,,,,,
155.775,22.252,-0.01,0.038,2.831,-0.001,30.234,2.104,2.831,9.979,-8.153,0.0,,,,,,
155.875,22.252,-0.02,0.043,2.831,-0.003,30.234,1.546,2.831,9.979,-8.153,0.0,,,,,,
155.975,22.252,0.009,0.041,2.831,0.001,30.234,1.305,2.831,9.979,-8.153,0.0,,,,,,
156.075,22.252,-0.01,0.041,2.831,-0.001,30.22,1.862,2.831,9.979,-8.153,0.0,,,,,,
156.175,22.252,-0.014,0.041,2.831,-0.002,30.241,1.689,2.831,9.979,-8.153,0.0,,,,,,
156.275,22.252,-0.013,0.042,2.831,-0.002,30.241,1.18,2.831,9.979,-8.153,0.0,,,,,,
156.375,22.252,0.034,0.055,2.831,0.004,30.225,1.978,2.831,9.979,-8.153,0.0,,,,,,
156.475,22.252,0.021,0.035,2.831,0.003,30.247,1.566,2.831,9.979,-8.153,0.0,,,,,,
156.575,22.252,-0.003,0.044,2.831,-0.0,30.222,1.672,2.831,9.979,-8.153,0.0,,,,,,
156.675,22.252,-0.023,0.054,2.831,-0.003,30.234,2.272,2.831,9.979,-8.153,0.0,,,,,,
156.775,22.252,0.004,0.043,2.831,0.0,30.222,1.722,2.831,9.979,-8.153,0.0,,,,,,
156.875,22.252,-0.005,0.046,2.831,-0.001,30.227,1.838,2.831,9.979,-8.153,0.0,,,,,,
156.975,22.252,0.021,0.055,2.831,0.003,30.227,2.136,2.831,9.979,-8.153,0.0,,,,,,
157.076,22.252,-0.026,0.045,2.831,-0.003,30.231,2.339,2.831,9.979,-8.153,0.0,,,,,,
157.176,22.251,-0.03,0.04,2.831,-0.004,30.243,2.2,2.831,9.979,-8.153,0.0,,,,,,
157.276,22.251,0.014,0.04,2.831,0.002,30.243,1.735,2.831,9.979,-8.153,0.0,,,,,,
157.376,22.252,-0.003,0.047,2.831,-0.0,30.234,1.341,2.831,9.979,-8.153,0.0,,,,,,
157.476,22.252,-0.004,0.053,2.831,-0.0,30.229,2.211,2.831,9.979,-8.153,0.0,,,,,,
157.576,22.251,0.006,0.055,2.831,0.001,30.245,1.854,2.831,9.979,-8.153,0.0,,,,,,
157.676,22.252,0.028,0.052,2.831,0.004,30.222,1.985,2.831,9.979,-8.153,0.0,,,,,,
157.776,22.251,-0.021,0.046,2.831,-0.003,30.229,2.179,2.831,9.979,-8.153,0.0,,,,,,
157.876,22.251,0.004,0.051,2.831,0.001,30.238,1.967,2.831,9.979,-8.153,0.0,,,,,,
157.976,22.251,-0.002,0.044,2.831,-0.0,30.231,2.059,2.831,9.979,-8.153,0.0,,,,,,
158.076,22.251,0.038,0.051,2.831,0.005,30.229,1.9,2.831,9.979,-8.153,0.0,,,,,,
158.176,22.251,-0.036,0.048,2.831,-0.005,30.241,2.078,2.831,9.979,-8.153,0.0,,,,,,
158.276,22.251,0.007,0.044,2.831,0.001,30.229,2.148,2.831,9.979,-8.153,0.0,,,,,,
158.376,22.251,-0.019,0.052,2.831,-0.002,30.222,1.642,2.831,9.979,-8.153,0.0,,,,,,
158.476,22.251,0.003,0.048,2.831,0.0,30.229,2.08,2.831,9.979,-8.153,0.0,,,,,,
158.576,22.251,0.002,0.054,2.831,0.0,30.231,1.979,2.831,9.979,-8.153,0.0,,,,,,
158.676,22.251,0.023,0.061,2.831,0.003,30.229,1.857,2.831,9.979,-8.153,0.0,,,,,,
158.777,22.251,-0.013,0.051,2.831,-0.002,30.245,2.353,2.831,9.979,-8.153,0.0,,,,,,
158.877,22.25,-0.003,0.054,2.831,-0.0,30.225,1.824,2.831,9.979,-8.153,0.0,,,,,,
158.977,22.251,-0.014,0.048,2.831,-0.002,30.247,1.992,2.831,9.979,-8.153,0.0,,,,,,
159.077,22.25,0.018,0.055,2.831,0.002,30.236,2.146,2.831,9.979,-8.153,0.0,,,,,,
159.177,22.251,-0.024,0.055,2.831,-0.003,30.234,1.922,2.831,9.979,-8.153,0.0,,,,,,
159.277,22.25,-0.012,0.052,2.831,-0.001,30.227,2.412,2.831,9.979,-8.153,0.0,,,,,,
159.377,22.251,-0.047,0.048,2.831,-0.006,30.238,2.383,2.831,9.979,-8.153,0.0,,,,,,
159.477,22.25,0.011,0.062,2.831,0.001,30.234,2.146,2.831,9.979,-8.153,0.0,,,,,,
159.577,22.251,-0.075,0.054,2.831,-0.01,30.229,2.348,0,9.979,-8.153,2.901,,,,,,
159.677,22.142,-3.774,0.591,2.817,-0.48,30.083,26.594,0,9.979,-8.153,1.979,,,,,,
159.777,21.358,-11.93,0.567,2.717,-1.518,29.937,20.957,2.372,9.979,-8.153,0.0,,,,,,
159.877,20.141,-9.9,-0.341,2.563,-1.26,30.247,-12.058,2.372,9.979,-8.153,0.0,,,,,,
159.977,19.647,-0.318,-0.365,2.5,-0.04,30.183,-14.585,2.372,9.979,-8.153,0.0,,,,,,
160.077,19.771,1.057,-0.006,2.516,0.135,30.227,-0.167,2.372,9.979,-8.153,0.0,,,,,,
160.177,19.815,-0.246,-0.07,2.521,-0.031,30.22,-2.03,2.372,9.979,-8.153,0.0,,,,,,
160.277,19.814,-0.009,-0.055,2.521,-0.001,30.225,-1.91,2.521,9.979,-8.153,0.0,,,,,,
160.378,19.815,-0.008,-0.053,2.521,-0.001,30.236,-2.399,2.521,9.979,-8.153,0.0,,,,,,
160.478,19.815,-0.006,-0.063,2.521,-0.001,30.25,-2.366,0,9.979,-8.153,4.465,,,,,,
160.578,19.726,-3.057,0.574,2.51,-0.389,30.097,22.858,0,9.979,-8.153,7.443,,,,,,
160.678,19.012,-11.333,0.62,2.419,-1.442,29.918,23.059,0,9.979,-8.153,7.309,,,,,,
160.778,17.522,-17.636,0.602,2.229,-2.244,29.864,19.929,0,9.979,-8.153,0.161,,,,,,
160.878,15.724,-15.697,-0.343,2.001,-1.997,30.275,-12.309,1.402,9.979,-8.153,0.0,,,,,,
160.978,14.666,-5.995,-0.34,1.866,-0.763,30.268,-13.309,1.402,9.979,-8.153,0.0,,,,,,
161.078,14.452,0.688,-0.12,1.839,0.088,30.22,-4.498,1.402,9.979,-8.153,0.0,,,,,,
161.178,14.53,0.497,-0.01,1.849,0.063,30.241,-0.87,0,9.979,-8.153,2.23,,,,,,
161.278,14.427,-3.176,0.548,1.836,-0.404,30.09,22.513,0,9.979,-8.153,7.997,,,,,,
161.378,13.721,-10.987,0.663,1.746,-1.398,29.921,25.562,0,9.979,-8.153,7.668,,,,,,
161.478,12.234,-18.005,0.54,1.557,-2.291,29.859,23.503,0,9.979,-8.153,7.28,,,,,,
161.578,10.154,-22.766,0.579,1.292,-2.897,29.77,21.821,0.033,9.979,-8.153,0.0,,,,,,
161.678,7.805,-21.548,-0.31,0.993,-2.742,30.289,-11.514,0.033,9.979,-8.153,0.0,,,,,,
161.778,6.156,-11.637,-0.268,0.783,-1.481,30.282,-9.536,0.033,9.979,-8.153,0.0,,,,,,
161.878,5.342,-4.934,-0.147,0.68,-0.628,30.243,-6.556,0.033,9.979,-8.153,0.0,,,,,,
161.979,5.14,0.261,-0.092,0.654,0.033,30.209,-2.934,0.033,9.979,-8.153,0.0,,,,,,
162.081,5.193,0.411,-0.008,0.661,0.052,30.218,0.184,0.033,9.979,-8.153,0.0,,,,,,
162.181,5.208,-0.003,-0.012,0.663,-0.0,30.209,-0.33,0,9.979,-8.153,3.928,,,,,,
162.281,5.114,-3.252,0.561,0.651,-0.414,30.099,23.716,0,9.979,-8.153,3.703,,,,,,
162.381,4.373,-11.422,0.555,0.556,-1.453,29.944,20.238,0,9.979,-8.153,2.084,,,,,,
162.481,2.923,-16.513,0.062,0.372,-2.101,30.113,3.355,-0.29,9.979,-8.153,0.0,,,,,,
162.581,1.596,-9.028,-0.398,0.203,-1.149,30.252,-14.883,-0.29,9.979,-8.153,0.0,,,,,,
162.68,1.151,-0.326,-0.258,0.146,-0.042,30.202,-10.362,-0.29,9.979,-8.153,0.0,,,,,,
162.779,1.246,1.099,-0.023,0.159,0.14,30.206,-0.601,-0.29,9.979,-8.153,0.0,,,,,,
162.881,1.281,0.015,-0.081,0.163,0.002,30.22,-3.297,0,9.979,-8.153,7.737,,,,,,
162.979,1.189,-3.055,0.521,0.151,-0.389,30.11,22.801,0,9.979,-8.153,8.014,,,,,,
163.079,0.551,-7.843,0.024,0.07,-0.998,30.174,1.294,0,9.979,-8.153,5.838,,,,,,
163.179,-0.034,-3.114,-0.238,-0.004,-0.396,30.218,-9.378,0,9.979,-8.153,4.428,,,,,,
163.281,-0.096,0.796,-0.066,-0.012,0.101,30.215,-2.488,-0.011,9.979,-8.153,0.0,,,,,,
163.379,-0.066,0.009,-0.09,-0.008,0.001,30.227,-3.918,-0.008,9.979,-8.153,0.0,,,,,,
163.479,-0.066,-0.071,-0.106,-0.008,-0.009,30.225,-3.808,-0.008,9.979,-8.153,0.0,,,,,,
163.579,-0.066,-0.023,-0.104,-0.008,-0.003,30.197,-4.21,0,9.979,-8.153,5.024,,,,,,
163.679,-0.065,0.017,-0.117,-0.008,0.002,30.211,-4.386,0,9.979,-8.153,13.835,,,,,,
163.78,-0.065,0.02,-0.121,-0.008,0.003,30.22,-4.644,-0.008,9.979,-8.153,0.0,,,,,,
163.88,-0.063,0.039,-0.121,-0.008,0.005,30.213,-4.901,-0.008,9.979,-8.153,0.0,,,,,,
163.98,-0.061,0.027,-0.123,-0.008,0.003,30.215,-5.284,-0.008,9.979,-8.153,0.0,,,,,,
164.08,-0.053,0.127,-0.112,-0.007,0.016,30.211,-4.173,0,9.979,-8.153,8.963,,,,,,
164.181,-0.044,-0.021,-0.104,-0.006,-0.003,30.209,-4.435,0,9.979,-8.153,14.0,,,,,,
164.28,-0.042,-0.005,-0.123,-0.005,-0.001,30.209,-4.283,0,9.979,-8.153,14.0,,,,,,
164.38,-0.041,-0.011,-0.111,-0.005,-0.001,30.213,-4.581,0,9.979,-8.153,14.0,,,,,,
164.48,-0.04,0.05,-0.11,-0.005,0.006,30.215,-4.408,0,9.979,-8.153,14.0,,,,,,
164.58,-0.037,0.103,-0.117,-0.005,0.013,30.204,-4.456,0,9.979,-8.153,14.0,,,,,,
164.68,-0.016,0.205,-0.062,-0.002,0.026,30.202,-2.252,0,9.979,-8.153,14.0,,,,,,
164.78,-0.014,0.008,-0.077,-0.002,0.001,30.195,-3.116,0,9.979,-8.153,14.0,,,,,,
164.88,-0.013,0.048,-0.076,-0.002,0.006,30.22,-2.912,0,9.979,-8.153,14.0,,,,,,
164.981,-0.013,0.023,-0.081,-0.002,0.003,30.197,-3.07,0,9.979,-8.153,14.0,,,,,,
165.082,-0.011,0.005,-0.066,-0.001,0.001,30.234,-3.256,0,9.979,-8.153,14.0,,,,,,
165.18,-0.011,0.036,-0.07,-0.001,0.005,30.215,-3.297,0,9.979,-8.153,14.0,,,,,,
165.28,-0.01,0.049,-0.072,-0.001,0.006,30.209,-2.716,0,9.979,-8.153,14.0,,,,,,
165.38,-0.008,-0.011,-0.072,-0.001,-0.001,30.229,-3.292,0,9.979,-8.153,14.0,,,,,,
165.481,-0.007,-0.027,-0.073,-0.001,-0.003,30.204,-2.452,0,9.979,-8.153,14.0,,,,,,
165.581,-0.005,0.019,-0.058,-0.001,0.002,30.238,-2.466,0,9.979,-8.153,9.774,,,,,,
165.681,-0.002,0.005,-0.068,-0.0,0.001,30.218,-2.404,-0.0,9.979,-8.153,0.0,,,,,,
165.781,-0.002,-0.007,-0.065,-0.0,-0.001,30.213,-2.643,-0.0,9.979,-8.153,0.0,,,,,,
165.881,-0.002,-0.001,-0.064,-0.0,-0.0,30.202,-2.641,-0.0,9.979,-8.153,0.0,,,,,,
165.981,-0.002,0.006,-0.063,-0.0,0.001,30.218,-2.685,-0.0,9.979,-8.153,0.0,,,,,,
166.081,-0.003,-0.053,-0.084,-0.0,-0.007,30.225,-2.723,-0.0,9.979,-8.153,0.0,,,,,,
166.181,-0.003,-0.016,-0.073,-0.0,-0.002,30.231,-2.936,-0.0,9.979,-8.153,0.0,,,,,,
166.281,-0.003,0.029,-0.065,-0.0,0.004,30.225,-2.619,-0.0,9.979,-8.153,0.0,,,,,,
166.381,-0.004,0.018,-0.074,-0.0,0.002,30.229,-2.644,-0.0,9.979,-8.153,0.0,,,,,,
166.481,-0.005,0.029,-0.07,-0.001,0.004,30.234,-3.108,-0.001,9.979,-8.153,0.0,,,,,,
166.581,-0.005,-0.001,-0.068,-0.001,-0.0,30.225,-3.321,-0.001,9.979,-8.153,0.0,,,,,,
166.681,-0.006,-0.027,-0.081,-0.001,-0.003,30.238,-2.499,-0.001,9.979,-8.153,0.0,,,,,,
166.781,-0.007,0.0,-0.065,-0.001,0.0,30.215,-3.161,-0.001,9.979,-8.153,0.0,,,,,,
166.882,-0.007,0.044,-0.078,-0.001,0.006,30.25,-2.866,-0.001,9.979,-8.153,0.0,,,,,,
166.982,-0.008,-0.026,-0.084,-0.001,-0.003,30.22,-3.127,-0.001,9.979,-8.153,0.0,,,,,,
167.082,-0.008,-0.006,-0.084,-0.001,-0.001,30.222,-3.192,-0.001,9.979,-8.153,0.0,,,,,,
167.182,-0.008,0.012,-0.088,-0.001,0.002,30.231,-3.162,-0.001,9.979,-8.153,0.0,,,,,,
167.282,-0.008,-0.006,-0.079,-0.001,-0.001,30.222,-3.479,-0.001,9.979,-8.153,0.0,,,,,,
167.382,-0.008,0.007,-0.086,-0.001,0.001,30.247,-3.61,-0.001,9.979,-8.153,0.0,,,,,,
167.482,-0.008,-0.042,-0.097,-0.001,-0.005,30.247,-3.615,-0.001,9.979,-8.153,0.0,,,,,,
167.582,-0.008,-0.0,-0.093,-0.001,-0.0,30.25,-3.805,-0.001,9.979,-8.153,0.0,,,,,,
167.682,-0.008,-0.04,-0.093,-0.001,-0.005,30.229,-3.593,-0.001,9.979,-8.153,0.0,,,,,,
167.782,-0.007,-0.022,-0.097,-0.001,-0.003,30.252,-3.74,-0.001,9.979,-8.153,0.0,,,,,,
167.882,-0.007,0.014,-0.092,-0.001,0.002,30.227,-3.713,-0.001,9.979,-8.153,0.0,,,,,,
167.982,-0.007,-0.041,-0.087,-0.001,-0.005,30.225,-3.439,-0.001,9.979,-8.153,0.0,,,,,,
168.083,-0.006,-0.009,-0.09,-0.001,-0.001,30.236,-3.216,-0.001,9.979,-8.153,0.0,,,,,,
168.183,-0.005,0.048,-0.081,-0.001,0.006,30.22,-3.992,-0.001,9.979,-8.153,0.0,,,,,,
168.283,-0.003,0.039,-0.074,-0.0,0.005,30.227,-2.977,-0.0,9.979,-8.153,0.0,,,,,,
168.383,-0.002,0.026,-0.081,-0.0,0.003,30.218,-2.922,-0.0,9.979,-8.153,0.0,,,,,,
168.483,-0.001,0.013,-0.071,-0.0,0.002,30.234,-3.213,-0.0,9.979,-8.153,0.0,,,,,,
168.583,0.002,0.03,-0.073,0.0,0.004,30.236,-2.752,0.0,9.979,-8.153,0.0,,,,,,
168.683,0.003,0.022,-0.07,0.0,0.003,30.222,-3.118,0.0,9.979,-8.153,0.0,,,,,,
168.783,0.003,0.042,-0.062,0.0,0.005,30.234,-3.16,0.0,9.979,-8.153,0.0,,,,,,
168.883,0.003,-0.007,-0.073,0.0,-0.001,30.236,-2.332,0.0,9.979,-8.153,0.0,,,,,,
168.983,0.003,0.012,-0.071,0.0,0.002,30.238,-2.592,0.0,9.979,-8.153,0.0,,,,,,
169.083,0.003,-0.005,-0.076,0.0,-0.001,30.222,-2.943,0.0,9.979,-8.153,0.0,,,,,,
169.184,0.003,-0.016,-0.078,0.0,-0.002,30.238,-2.748,0.0,9.979,-8.153,0.0,,,,,,
169.284,0.003,0.005,-0.062,0.0,0.001,30.215,-2.736,0.0,9.979,-8.153,0.0,,,,,,
169.384,0.003,-0.012,-0.068,0.0,-0.001,30.222,-2.745,0.0,9.979,-8.153,0.0,,,,,,
