Timestamp [s],Wind 3D norm [m/s],Wind 2D norm [m/s],Horizontal wind direction [°],Vertical wind direction [°],U Vector [m/s],V Vector [m/s],W Vector [m/s],Temperature [°C],Speed of sound [m/s],Humidity [%],Dew point [°C],Pressure [hPa],Air density [kg/cm³],Pitch [°],Roll [°],Heading [°],TrueHead [°]
0.14,2.504,2.47,231.474,9.462,1.932,1.538,0.412,-0.141,331.767,45.623,-10.444,967.732,1.23087895,-7.321,-8.01,303.485,303.485
0.24,0.871,0.825,217.219,18.742,0.499,0.657,0.28,-0.698,331.429,47.438,-10.464,967.74,1.23340631,-7.368,-8.439,303.903,303.903
0.337,-99.53,-99.51,0.0,0.0,-99.4,-99.41,-99.42,-99.44,-99.43,31.413,-99.44,967.733,13.70404816,-7.454,-9.205,303.923,303.923
0.437,-99.53,-99.51,0.0,0.0,-99.4,-99.41,-99.42,-99.44,-99.43,31.407,-99.44,967.753,13.70432758,-7.208,-8.709,303.482,303.482
0.54,0.503,0.411,143.144,-35.041,-0.247,0.329,-0.289,0.052,331.884,44.891,-10.47,967.746,1.23002899,-7.271,-7.848,303.31,303.31
0.64,2.732,2.715,225.156,6.364,1.925,1.915,0.303,-0.158,331.757,45.612,-10.462,967.73,1.23095155,-7.071,-8.361,304.121,304.121
0.74,1.762,1.608,241.87,24.178,1.418,0.758,0.722,-0.956,331.272,48.4,-10.45,967.731,1.2345643,-7.044,-8.643,303.494,303.494
0.84,1.722,1.721,142.711,-2.334,-1.043,1.369,-0.07,-0.344,331.644,46.363,-10.428,967.725,1.23178315,-6.991,-7.57,304.319,304.319
0.937,-99.53,-99.51,0.0,0.0,-99.4,-99.41,-99.42,-99.44,-99.43,31.459,-99.44,967.742,13.70416927,-7.927,-6.619,304.026,304.026
1.04,1.196,1.191,123.079,5.02,-0.998,0.65,0.105,0.162,331.952,44.59,-10.454,967.734,1.22951531,-7.25,-6.645,303.728,303.728
1.14,2.263,2.263,214.568,0.067,1.284,1.864,0.003,0.099,331.913,44.852,-10.439,967.738,1.22980583,-6.87,-6.752,303.304,303.304
1.24,2.203,2.06,237.204,20.792,1.731,1.116,0.782,-0.568,331.508,47.083,-10.439,967.745,1.23282087,-7.289,-5.332,303.179,303.179
1.34,1.033,1.018,179.52,10.011,-0.009,1.018,0.18,-0.602,331.487,47.16,-10.45,967.753,1.23298717,-6.929,-4.903,303.879,303.879
1.439,2.616,2.59,125.161,8.039,-2.118,1.492,0.366,0.414,332.105,43.861,-10.432,967.746,1.2283982,-7.05,-5.022,303.911,303.911
1.54,1.873,1.866,105.673,4.946,-1.797,0.504,0.161,0.164,331.953,44.599,-10.45,967.752,1.22953117,-7.153,-4.933,302.96,302.96
1.64,1.431,1.29,211.06,-25.67,0.665,1.105,-0.62,0.188,331.968,44.585,-10.432,967.76,1.22942924,-6.79,-4.68,302.793,302.793
1.74,2.417,2.38,236.104,10.001,1.975,1.327,0.42,-0.154,331.759,45.569,-10.471,967.741,1.23095238,-6.845,-4.172,304.389,304.389
1.84,1.458,1.418,237.612,13.436,1.198,0.76,0.339,-0.888,331.314,48.181,-10.444,967.744,1.23426855,-6.754,-4.842,303.995,303.995
1.939,0.578,0.578,145.32,0.0,-0.329,0.476,0.0,-0.555,331.516,46.979,-10.456,967.737,1.23275733,-6.72,-5.169,303.248,303.248
2.038,-99.53,-99.51,0.0,0.0,-99.4,-99.41,-99.42,-99.44,-99.43,31.487,-99.44,967.737,13.70409966,-6.881,-4.531,303.848,303.848
2.141,0.823,0.813,94.972,8.919,-0.81,0.07,0.128,0.04,331.877,45.063,-10.434,967.744,1.23007846,-6.89,-4.413,304.02,304.02
2.241,2.106,2.083,217.394,-8.584,1.265,1.655,-0.314,-0.063,331.815,45.441,-10.423,967.741,1.23053741,-7.178,-4.989,304.25,304.25
2.341,1.816,1.781,236.393,11.262,1.483,0.986,0.355,-0.72,331.415,47.548,-10.456,967.726,1.23348808,-7.031,-5.66,304.233,304.233
2.441,1.019,1.009,149.322,7.931,-0.515,0.868,0.141,-0.567,331.508,47.02,-10.456,967.74,1.23281515,-7.083,-4.861,303.638,303.638
2.54,2.742,2.742,109.883,0.0,-2.578,0.933,0.0,0.285,332.026,44.177,-10.459,967.734,1.2289629,-6.902,-4.443,303.831,303.831
2.641,1.729,1.729,74.168,0.0,-1.664,-0.472,0.0,0.036,331.876,45.08,-10.432,967.75,1.23010063,-6.821,-5.638,303.795,303.795
2.741,0.674,0.667,235.003,-8.681,0.546,0.382,-0.102,0.195,331.972,44.516,-10.445,967.725,1.22935462,-6.987,-6.056,304.16,304.16
2.84,2.147,2.144,228.313,3.199,1.601,1.426,0.12,-0.31,331.665,46.143,-10.456,967.734,1.23164332,-6.835,-5.376,304.186,304.186
2.941,0.826,0.793,200.15,16.111,0.273,0.745,0.229,-0.697,331.43,47.509,-10.445,967.74,1.23339963,-6.954,-4.904,303.682,303.682
3.04,2.481,2.479,114.689,2.577,-2.252,1.035,0.112,0.28,332.024,44.329,-10.421,967.724,1.22897172,-7.173,-5.799,303.973,303.973
3.138,-99.53,-99.51,0.0,0.0,-99.4,-99.41,-99.42,-99.44,-99.43,31.459,-99.44,967.747,13.70424175,-7.115,-6.418,303.576,303.576
3.241,0.352,0.088,352.798,-75.565,0.011,-0.087,-0.341,0.186,331.966,44.546,-10.445,967.746,1.22942245,-7.124,-5.595,303.526,303.526
3.341,2.464,2.461,224.368,2.463,1.721,1.76,0.106,-0.016,331.844,45.268,-10.428,967.727,1.23030686,-7.131,-5.501,303.514,303.514
3.44,1.802,1.801,245.248,1.918,1.636,0.754,0.06,-0.693,331.432,47.485,-10.448,967.754,1.2334013,-7.065,-6.505,303.41,303.41
3.54,0.453,0.441,187.783,13.481,0.06,0.437,0.106,-0.596,331.491,47.2,-10.434,967.735,1.23293388,-7.008,-6.78,303.02,303.02
3.638,-99.53,-99.51,0.0,0.0,-99.4,-99.41,-99.42,-99.44,-99.43,31.459,-99.44,967.74,13.70413494,-7.101,-5.922,304.464,304.464
3.74,1.015,0.802,77.988,-37.798,-0.785,-0.167,-0.622,0.023,331.868,45.183,-10.415,967.759,1.23016953,-7.017,-6.015,303.305,303.305
3.841,1.66,1.365,237.262,-34.66,1.148,0.738,-0.944,0.118,331.925,44.787,-10.439,967.744,1.22972596,-6.983,-6.682,303.458,303.458
3.94,2.252,2.252,247.741,0.0,2.084,0.853,0.0,-0.582,331.499,47.102,-10.448,967.738,1.23287904,-7.212,-6.661,303.31,303.31
4.04,0.611,0.611,193.892,0.635,0.147,0.593,0.007,-0.786,331.376,47.882,-10.428,967.736,1.2337954,-7.125,-5.877,303.854,303.854
4.14,2.257,2.257,112.666,-1.145,-2.082,0.87,-0.045,0.014,331.862,45.256,-10.404,967.74,1.23018515,-6.961,-6.399,303.428,303.428
4.238,-99.53,-99.51,0.0,0.0,-99.4,-99.41,-99.42,-99.44,-99.43,31.459,-99.44,967.732,13.70403004,-7.203,-7.169,303.694,303.694
4.341,0.474,0.186,65.849,-66.939,-0.17,-0.076,-0.436,0.069,331.895,44.987,-10.428,967.744,1.22994733,-7.055,-6.882,303.829,303.829
4.44,2.224,2.214,229.379,5.415,1.681,1.441,0.21,-0.266,331.692,46.002,-10.454,967.752,1.23146772,-6.98,-6.228,303.523,303.523
4.541,1.28,1.274,242.118,5.333,1.126,0.596,0.119,-0.914,331.298,48.292,-10.439,967.75,1.23439574,-7.039,-6.799,303.577,303.577
4.641,1.896,1.895,119.369,-1.544,-1.652,0.93,-0.051,-0.057,331.819,45.4,-10.428,967.749,1.23051906,-7.009,-7.285,303.489,303.489
4.74,2.905,2.896,104.045,4.507,-2.809,0.703,0.228,0.64,332.242,43.18,-10.423,967.729,1.22736275,-6.931,-6.588,303.042,303.042
4.841,0.786,0.748,106.16,-17.761,-0.719,0.208,-0.24,0.179,331.963,44.673,-10.415,967.746,1.22944999,-6.928,-6.055,303.193,303.193
4.94,2.203,2.203,221.105,-0.731,1.448,1.66,-0.028,0.046,331.882,45.041,-10.434,967.725,1.23002505,-7.054,-6.169,303.558,303.558
5.04,1.981,1.974,244.65,4.97,1.784,0.845,0.172,-0.629,331.471,47.323,-10.432,967.732,1.23308098,-7.003,-6.178,303.384,303.384
5.14,0.791,0.692,230.803,29.019,0.536,0.437,0.384,-0.862,331.33,48.2,-10.415,967.749,1.23415518,-7.184,-5.355,303.379,303.379
5.238,-99.53,-99.51,0.0,0.0,-99.4,-99.41,-99.42,-99.44,-99.43,31.503,-99.44,967.751,13.70429707,-6.978,-5.07,303.756,303.756
5.341,1.475,1.465,105.225,6.624,-1.413,0.385,0.17,-0.033,331.833,45.271,-10.442,967.724,1.23038149,-7.079,-5.079,303.45,303.45
5.441,0.999,0.766,220.031,-39.89,0.493,0.587,-0.641,0.012,331.861,45.139,-10.437,967.763,1.23022556,-6.935,-5.032,302.974,302.974
5.541,2.263,2.209,233.445,12.553,1.775,1.316,0.492,-0.571,331.506,47.139,-10.428,967.735,1.23282301,-6.785,-4.622,303.8,303.8
5.64,1.107,1.076,240.393,13.468,0.936,0.532,0.258,-1.169,331.143,49.3,-10.415,967.735,1.23553026,-6.974,-4.666,303.376,303.376
5.74,2.042,2.041,126.732,-1.474,-1.636,1.221,-0.053,-0.157,331.758,45.733,-10.428,967.735,1.23095262,-6.971,-4.952,303.609,303.609
5.838,-99.53,-99.51,0.0,0.0,-99.4,-99.41,-99.42,-99.44,-99.43,31.503,-99.44,967.747,13.70423889,-6.654,-5.238,303.911,303.911
5.941,1.04,1.03,124.429,-8.058,-0.849,0.582,-0.146,0.013,331.861,45.19,-10.423,967.731,1.23018122,-7.332,-4.903,303.591,303.591
6.04,2.316,2.31,219.817,4.158,1.479,1.774,0.168,-0.135,331.772,45.638,-10.434,967.734,1.23085082,-7.077,-5.853,303.833,303.833
6.141,1.739,1.725,243.009,7.406,1.537,0.783,0.224,-0.72,331.416,47.738,-10.405,967.742,1.23350096,-6.94,-6.376,303.946,303.946
6.241,1.091,1.089,123.224,3.528,-0.911,0.597,0.067,-0.193,331.737,45.912,-10.412,967.738,1.23111486,-7.596,-4.7,304.464,304.464
6.34,2.737,2.737,86.572,0.0,-2.732,-0.164,0.0,0.792,332.334,42.688,-10.428,967.751,1.22670865,-6.892,-6.086,303.711,303.711
6.441,1.318,1.303,67.293,8.727,-1.202,-0.503,0.2,0.088,331.907,44.963,-10.417,967.753,1.22986913,-7.167,-7.352,303.637,303.637
6.541,1.382,1.365,232.051,-8.992,1.076,0.839,-0.216,0.279,332.023,44.385,-10.405,967.742,1.22899508,-7.371,-6.59,304.395,304.395
6.64,2.238,2.219,244.533,7.477,2.004,0.954,0.291,-0.334,331.651,46.391,-10.411,967.758,1.23177946,-6.453,-6.054,303.129,303.129
6.741,0.961,0.956,218.723,5.754,0.598,0.746,0.096,-0.693,331.433,47.693,-10.393,967.738,1.23337317,-7.294,-7.264,303.115,303.115
6.838,-99.53,-99.51,0.0,0.0,-99.4,-99.41,-99.42,-99.44,-99.43,31.5,-99.44,967.758,13.70439053,-6.84,-8.262,304.438,304.438
6.938,-99.53,-99.51,0.0,0.0,-99.4,-99.41,-99.42,-99.44,-99.43,31.5,-99.44,967.757,13.70438004,-6.939,-6.964,303.907,303.907
7.041,0.99,0.968,166.062,-12.07,-0.233,0.939,-0.207,0.016,331.864,45.241,-10.405,967.73,1.23016322,-7.143,-6.807,304.258,304.258
7.14,2.339,2.326,223.529,5.958,1.602,1.686,0.243,-0.282,331.682,46.191,-10.417,967.732,1.23151016,-7.204,-8.22,303.824,303.824
7.241,1.445,1.431,245.792,7.961,1.305,0.587,0.2,-0.96,331.27,48.485,-10.431,967.732,1.23457885,-7.187,-7.864,304.385,304.385
7.341,1.746,1.739,132.044,-5.257,-1.291,1.165,-0.16,-0.265,331.693,46.134,-10.417,967.754,1.231462,-7.208,-6.825,304.448,304.448
7.439,-99.53,-99.51,0.0,0.0,-99.4,-99.41,-99.42,-99.44,-99.43,31.512,-99.44,967.735,13.70406818,-7.256,-6.953,303.696,303.696
7.541,1.186,1.186,112.388,1.345,-1.097,0.452,0.028,0.098,331.913,44.931,-10.417,967.758,1.22983181,-7.153,-7.72,304.018,304.018
7.641,2.008,1.998,221.295,-5.693,1.319,1.501,-0.199,0.037,331.876,45.272,-10.378,967.745,1.230088,-7.095,-7.33,304.025,304.025
7.741,2.194,2.188,246.566,4.299,2.007,0.87,0.164,-0.566,331.51,47.229,-10.399,967.734,1.23279512,-7.053,-6.557,303.252,303.252
7.841,0.728,0.715,169.233,10.721,-0.134,0.703,0.135,-0.423,331.597,46.738,-10.399,967.744,1.23216105,-6.959,-6.823,303.855,303.855
7.941,2.43,2.405,102.172,8.178,-2.351,0.507,0.346,0.702,332.28,42.969,-10.428,967.75,1.22710907,-7.184,-7.174,303.536,303.536
8.039,-99.53,-99.51,0.0,0.0,-99.4,-99.41,-99.42,-99.44,-99.43,31.569,-99.44,967.746,13.70422459,-7.071,-6.782,303.025,303.025
8.141,0.964,0.936,217.81,-13.676,0.574,0.74,-0.228,0.273,332.019,44.324,-10.428,967.747,1.22903109,-7.04,-6.586,303.914,303.914
8.241,2.491,2.395,234.307,15.992,1.945,1.397,0.686,-0.054,331.821,45.454,-10.411,967.759,1.23051882,-6.896,-7.11,304.463,304.463
8.341,1.199,1.124,234.685,20.386,0.917,0.65,0.418,-0.814,331.359,48.069,-10.405,967.76,1.23395264,-6.832,-6.955,304.104,304.104
8.439,-99.53,-99.51,0.0,0.0,-99.4,-99.41,-99.42,-99.44,-99.43,31.599,-99.44,967.756,13.70436573,-6.831,-6.746,303.734,303.734
8.539,-99.53,-99.51,0.0,0.0,-99.4,-99.41,-99.42,-99.44,-99.43,31.503,-99.44,967.746,13.70422745,-6.641,-6.863,303.945,303.945
8.641,1.111,1.107,170.174,-5.007,-0.189,1.091,-0.097,-0.003,331.852,45.27,-10.415,967.754,1.23028147,-6.905,-6.471,304.058,304.058
8.741,2.962,2.954,216.027,4.148,1.737,2.389,0.214,-0.203,331.73,45.906,-10.423,967.735,1.23115921,-6.707,-6.315,303.796,303.796
8.841,2.121,1.983,236.946,20.754,1.662,1.082,0.752,-0.957,331.272,48.531,-10.417,967.74,1.23457694,-6.974,-6.21,303.633,303.633
8.941,1.736,1.707,148.82,-10.584,-0.884,1.46,-0.319,-0.64,331.465,47.424,-10.415,967.759,1.23316419,-7.133,-5.878,303.969,303.969
9.041,3.006,2.998,124.702,3.997,-2.465,1.707,0.209,0.217,331.986,44.585,-10.405,967.739,1.22926903,-7.048,-5.18,304.207,304.207
9.141,1.479,1.465,118.257,7.791,-1.291,0.694,0.2,-0.026,331.838,45.404,-10.399,967.757,1.23038602,-7.223,-5.159,303.525,303.525
9.241,1.739,1.709,211.11,-10.699,0.883,1.463,-0.323,0.006,331.857,45.22,-10.421,967.744,1.23022878,-7.161,-5.402,304.095,304.095
9.341,2.28,2.167,235.84,18.099,1.793,1.217,0.708,-0.487,331.558,46.889,-10.417,967.74,1.23244822,-6.997,-4.7,304.141,304.141
9.441,1.139,1.121,195.655,10.222,0.302,1.079,0.202,-0.801,331.366,47.883,-10.442,967.751,1.23388588,-6.927,-4.288,303.94,303.94
9.541,2.682,2.675,123.718,4.326,-2.225,1.485,0.202,0.27,332.017,44.394,-10.412,967.754,1.22905433,-6.775,-4.903,304.059,304.059
9.641,2.357,2.357,112.209,0.0,-2.182,0.891,0.0,0.22,331.987,44.516,-10.423,967.753,1.22927797,-6.909,-5.141,304.671,304.671
9.741,0.825,0.69,153.706,-33.324,-0.305,0.618,-0.453,0.158,331.95,44.757,-10.411,967.74,1.22953689,-6.8,-4.504,303.887,303.887
9.841,2.579,2.542,226.3,9.666,1.838,1.756,0.433,-0.043,331.828,45.463,-10.398,967.739,1.23044062,-6.953,-4.627,304.172,304.172
9.941,1.318,1.241,240.757,19.63,1.083,0.606,0.443,-0.885,331.316,48.347,-10.398,967.744,1.23424995,-6.906,-5.44,303.751,303.751
10.041,0.473,0.442,157.625,-21.115,-0.168,0.408,-0.17,-0.721,331.416,47.741,-10.405,967.748,1.23351371,-7.013,-5.477,303.685,303.685
10.139,-99.53,-99.51,0.0,0.0,-99.4,-99.41,-99.42,-99.44,-99.43,31.558,-99.44,967.733,13.70404434,-7.061,-5.255,302.93,302.93
10.241,0.608,0.582,119.241,16.764,-0.508,0.284,0.175,0.054,331.886,45.065,-10.42,967.742,1.23001099,-7.069,-5.763,303.676,303.676
10.341,1.931,1.916,220.824,-7.198,1.252,1.45,-0.242,-0.005,331.851,45.291,-10.411,967.749,1.23028255,-7.208,-6.419,303.531,303.531
10.439,10.346,10.319,188.567,-4.086,1.537,10.204,-0.737,-25.198,316.177,100.0,-10.398,967.75,1.35528469,-7.15,-6.209,304.024,304.024
10.541,0.915,0.913,196.689,4.111,0.262,0.874,0.066,-0.872,331.324,48.273,-10.405,967.741,1.23419023,-7.258,-6.001,303.521,303.521
10.641,2.47,2.436,127.184,-9.461,-1.941,1.472,-0.406,-0.058,331.819,45.534,-10.393,967.734,1.2305032,-7.115,-6.749,303.389,303.389
10.741,1.824,1.824,106.1,0.0,-1.752,0.506,0.0,-0.014,331.845,45.286,-10.42,967.755,1.23033154,-7.252,-6.967,303.853,303.853
10.841,0.879,0.842,199.967,-16.699,0.287,0.791,-0.252,0.027,331.87,45.165,-10.417,967.746,1.23013842,-7.097,-6.398,304.292,304.292
10.941,2.032,2.029,237.42,2.956,1.71,1.093,0.105,-0.296,331.674,46.259,-10.412,967.738,1.23158181,-7.191,-6.652,303.419,303.419
11.042,0.871,0.866,245.411,-6.29,0.787,0.36,-0.095,-0.815,331.358,48.049,-10.412,967.751,1.23394632,-6.987,-7.424,303.89,303.89
11.141,1.84,1.84,108.048,-0.603,-1.75,0.57,-0.019,0.319,332.047,44.204,-10.42,967.748,1.22882593,-7.052,-7.18,303.743,303.743
11.239,-99.53,-99.51,0.0,0.0,-99.4,-99.41,-99.42,-99.44,-99.43,31.528,-99.44,967.756,13.70437336,-6.952,-6.717,303.539,303.539
11.341,0.977,0.977,75.27,-1.236,-0.945,-0.248,-0.021,0.391,332.092,44.025,-10.405,967.752,1.22850347,-6.947,-7.232,303.345,303.345
11.441,2.298,2.298,225.908,-0.404,1.65,1.599,-0.016,0.233,331.995,44.483,-10.42,967.762,1.22923219,-6.862,-7.559,303.857,303.857
11.541,1.863,1.863,252.246,0.0,1.775,0.568,0.0,-0.578,331.502,47.223,-10.412,967.735,1.23285329,-6.901,-6.956,303.39,303.39
11.641,0.573,0.573,251.748,0.0,0.544,0.179,0.0,-0.556,331.516,47.105,-10.423,967.751,1.23277438,-6.903,-6.621,303.865,303.865
11.739,-99.53,-99.51,0.0,0.0,-99.4,-99.41,-99.42,-99.44,-99.43,31.583,-99.44,967.76,13.70442867,-7.037,-7.009,303.213,303.213
11.841,0.678,0.642,65.534,18.748,-0.584,-0.266,0.218,0.319,332.048,44.234,-10.412,967.749,1.22882521,-7.074,-7.183,304.201,304.201
11.941,1.146,1.139,238.399,-6.52,0.97,0.597,-0.13,0.262,332.013,44.418,-10.412,967.754,1.22908795,-7.225,-6.43,303.475,303.475
12.041,2.074,2.074,261.375,0.0,2.051,0.311,0.0,-0.257,331.698,46.15,-10.405,967.746,1.23141444,-7.195,-6.284,303.866,303.866
12.141,0.586,0.586,262.177,-2.474,0.58,0.08,-0.025,-0.801,331.367,48.05,-10.399,967.75,1.23388064,-7.217,-6.873,303.779,303.779
12.241,1.926,1.926,119.481,-0.702,-1.676,0.948,-0.024,0.11,331.921,44.949,-10.401,967.759,1.22977531,-7.042,-6.976,303.578,303.578
12.339,-99.53,-99.51,0.0,0.0,-99.4,-99.41,-99.42,-99.44,-99.43,31.572,-99.44,967.753,13.70432091,-6.976,-6.344,303.862,303.862
12.441,0.88,0.846,167.257,-16.182,-0.187,0.825,-0.245,0.065,331.893,45.084,-10.405,967.75,1.22997081,-7.06,-6.305,303.585,303.585
12.541,2.176,2.165,235.804,5.807,1.791,1.217,0.22,-0.113,331.785,45.625,-10.417,967.754,1.23077595,-6.947,-6.776,303.753,303.753
12.641,1.39,1.384,253.661,5.448,1.328,0.389,0.132,-0.755,331.395,47.838,-10.412,967.752,1.2336756,-6.922,-6.495,303.503,303.503
12.741,1.204,1.194,117.858,7.512,-1.055,0.558,0.157,-0.039,331.831,45.487,-10.388,967.749,1.23043323,-6.944,-5.846,302.619,302.619
12.839,-99.53,-99.51,0.0,0.0,-99.4,-99.41,-99.42,-99.44,-99.43,31.572,-99.44,967.757,13.70438004,-6.958,-5.885,303.725,303.725
12.941,0.938,0.938,79.669,-0.631,-0.923,-0.168,-0.01,0.346,332.063,44.018,-10.449,967.758,1.22872102,-6.936,-6.192,303.587,303.587
13.041,1.804,1.801,228.993,-3.625,1.359,1.182,-0.114,0.272,332.019,44.354,-10.42,967.759,1.22904897,-6.976,-5.855,304.471,304.471
13.141,1.995,1.989,246.544,4.279,1.825,0.792,0.149,-0.405,331.608,46.697,-10.393,967.742,1.23207605,-7.12,-5.303,303.342,303.342
13.241,0.753,0.699,238.684,21.771,0.598,0.364,0.279,-0.573,331.506,47.268,-10.395,967.75,1.23284864,-7.083,-5.293,303.807,303.807
13.339,-99.53,-99.51,0.0,0.0,-99.4,-99.41,-99.42,-99.44,-99.43,31.541,-99.44,967.754,13.70434189,-7.095,-5.578,303.588,303.588
13.441,1.709,1.709,110.496,0.0,-1.6,0.598,0.0,0.328,332.053,44.31,-10.382,967.761,1.22879934,-7.18,-5.406,303.868,303.868
13.541,1.221,1.219,212.817,-3.151,0.66,1.024,-0.067,0.491,332.152,43.749,-10.393,967.751,1.2280525,-7.163,-4.984,303.282,303.282
13.641,2.372,2.37,246.102,2.531,2.167,0.96,0.105,-0.18,331.745,45.916,-10.399,967.745,1.23106551,-7.125,-5.326,303.515,303.515
13.742,1.083,0.994,263.811,23.397,0.988,0.107,0.43,-0.764,331.39,47.939,-10.393,967.763,1.2337271,-7.055,-5.606,304.116,304.116
13.842,1.364,1.353,127.523,-7.175,-1.073,0.824,-0.17,-0.023,331.84,45.437,-10.387,967.765,1.23038232,-7.051,-5.62,303.409,303.409
13.94,-99.53,-99.51,0.0,0.0,-99.4,-99.41,-99.42,-99.44,-99.43,31.558,-99.44,967.761,13.70443535,-6.938,-5.493,304.146,304.146
14.042,0.882,0.872,102.697,-8.449,-0.851,0.192,-0.13,0.299,332.035,44.387,-10.387,967.747,1.22891188,-7.032,-5.94,303.699,303.699
14.142,2.028,2.016,230.409,-6.406,1.553,1.285,-0.226,0.06,331.89,45.143,-10.393,967.767,1.23001337,-7.068,-6.35,304.005,304.005
14.242,1.915,1.886,247.343,9.861,1.741,0.727,0.328,-0.557,331.516,47.259,-10.382,967.752,1.23277354,-6.962,-6.407,303.606,303.606
14.342,0.967,0.953,142.249,9.813,-0.583,0.753,0.165,-0.326,331.656,46.525,-10.367,967.751,1.23172808,-7.804,-6.339,303.353,303.353
14.442,2.484,2.484,109.858,0.0,-2.336,0.844,0.0,0.563,332.197,43.621,-10.364,967.757,1.22773397,-9.914,-6.786,302.748,302.748
14.542,1.601,1.601,111.826,0.0,-1.487,0.595,0.0,0.214,331.984,44.64,-10.393,967.753,1.22929883,-15.784,-6.728,300.203,300.203
14.642,1.774,1.74,215.595,-11.149,1.013,1.415,-0.343,0.319,332.048,44.281,-10.399,967.759,1.22883809,-6.851,-6.01,304.443,304.443
14.742,2.284,2.255,243.561,9.091,2.02,1.004,0.361,-0.243,331.706,46.167,-10.389,967.744,1.23134959,-2.79,-7.365,306.568,306.568
14.842,0.869,0.796,226.214,23.734,0.574,0.551,0.35,-0.728,331.411,47.742,-10.412,967.757,1.23355734,-8.075,-7.242,305.161,305.161
14.94,-99.53,-99.51,0.0,0.0,-99.4,-99.41,-99.42,-99.44,-99.43,31.544,-99.44,967.75,13.70428658,-8.647,-6.771,305.048,305.048
15.04,-99.53,-99.51,0.0,0.0,-99.4,-99.41,-99.42,-99.44,-99.43,31.558,-99.44,967.748,13.70424843,-6.141,-7.257,306.538,306.538
15.142,0.706,0.673,179.013,-17.473,-0.012,0.673,-0.212,0.254,332.008,44.553,-10.381,967.761,1.22913027,-6.583,-7.705,305.205,305.205
15.242,2.215,2.214,234.274,1.336,1.797,1.293,0.052,-0.051,331.823,45.465,-10.405,967.756,1.2305001,-7.206,-7.533,304.376,304.376
15.342,1.798,1.794,252.547,4.119,1.711,0.538,0.129,-0.689,331.435,47.649,-10.401,967.76,1.23338628,-7.519,-6.935,305.516,305.516
15.442,1.545,1.544,138.449,0.728,-1.024,1.156,0.02,-0.056,331.82,45.545,-10.388,967.751,1.23051524,-7.063,-7.056,304.726,304.726
15.54,-99.53,-99.51,0.0,0.0,-99.4,-99.41,-99.42,-99.44,-99.43,31.586,-99.44,967.753,13.70432758,-6.397,-7.423,304.979,304.979
15.642,1.423,1.407,109.692,8.475,-1.325,0.474,0.21,-0.012,331.847,45.311,-10.412,967.759,1.23032749,-5.602,-7.047,304.951,304.951
15.742,1.701,1.659,222.651,-12.762,1.124,1.22,-0.376,-0.152,331.762,45.823,-10.399,967.752,1.23094797,-1.985,-6.23,306.876,306.876
15.842,2.164,2.116,235.656,12.037,1.747,1.194,0.451,-0.676,331.443,47.57,-10.409,967.75,1.23331356,-4.332,-7.594,307.065,307.065
15.942,1.173,1.169,166.496,4.837,-0.273,1.137,0.099,-0.654,331.457,47.546,-10.395,967.753,1.23321569,-6.549,-6.825,305.533,305.533
16.042,2.341,2.341,112.767,0.0,-2.159,0.906,0.0,0.266,332.015,44.474,-10.393,967.754,1.22907007,-6.941,-6.301,305.399,305.399
16.142,1.858,1.848,106.202,5.989,-1.775,0.516,0.194,0.191,331.969,44.598,-10.426,967.756,1.22941303,-6.488,-7.055,305.709,305.709
16.242,0.918,0.9,199.232,-11.534,0.296,0.849,-0.184,0.181,331.964,44.727,-10.399,967.751,1.22944868,-7.187,-6.554,305.238,305.238
16.341,2.489,2.412,237.588,14.201,2.037,1.293,0.61,-0.073,331.81,45.621,-10.382,967.744,1.23058164,-7.364,-5.77,304.932,304.932
16.442,1.438,1.398,245.309,13.576,1.27,0.584,0.338,-0.881,331.318,48.401,-10.381,967.754,1.23424673,-7.279,-5.819,305.304,305.304
16.54,-99.53,-99.51,0.0,0.0,-99.4,-99.41,-99.42,-99.44,-99.43,31.541,-99.44,967.747,13.70423889,-7.438,-5.573,305.324,305.324
16.64,-99.53,-99.51,0.0,0.0,-99.4,-99.41,-99.42,-99.44,-99.43,31.558,-99.44,967.749,13.70426559,-7.063,-5.886,305.114,305.114
16.742,0.707,0.701,115.88,-7.672,-0.631,0.306,-0.094,-0.066,331.814,45.537,-10.399,967.744,1.23054957,-7.348,-5.51,304.744,304.744
16.841,2.466,2.466,216.809,0.212,1.478,1.975,0.009,-0.125,331.778,45.786,-10.384,967.742,1.23081243,-7.656,-5.136,304.738,304.738
16.942,1.951,1.951,247.661,0.0,1.805,0.742,0.0,-0.931,331.288,48.595,-10.377,967.741,1.2344557,-6.571,-5.633,304.399,304.399
17.042,1.238,1.235,159.112,-3.637,-0.44,1.154,-0.079,-0.623,331.475,47.47,-10.388,967.737,1.23305809,-7.253,-5.347,304.619,304.619
17.141,2.675,2.675,113.391,0.0,-2.455,1.062,0.0,0.207,331.979,44.577,-10.417,967.745,1.22932529,-7.005,-5.155,304.478,304.478
17.242,1.554,1.554,110.64,-0.406,-1.454,0.548,-0.011,0.034,331.875,45.183,-10.405,967.751,1.23010743,-6.785,-5.539,304.959,304.959
17.342,1.559,1.549,209.836,-6.563,0.771,1.343,-0.178,-0.026,331.839,45.483,-10.377,967.757,1.2303828,-6.937,-4.857,304.067,304.067
17.442,2.253,2.235,245.014,7.208,2.026,0.944,0.283,-0.505,331.547,46.918,-10.426,967.742,1.23253238,-6.969,-4.912,304.917,304.917
17.542,0.894,0.891,246.383,4.506,0.817,0.357,0.07,-0.94,331.283,48.605,-10.382,967.737,1.23449135,-6.839,-5.367,304.494,304.494
17.642,2.427,2.421,124.383,-3.823,-1.998,1.367,-0.162,0.216,331.986,44.65,-10.388,967.752,1.22928846,-7.322,-4.852,303.811,303.811
17.739,-99.53,-99.51,0.0,0.0,-99.4,-99.41,-99.42,-99.44,-99.43,31.546,-99.44,967.747,13.70423412,-6.896,-4.903,304.221,304.221
17.842,0.976,0.966,165.214,-8.233,-0.246,0.934,-0.14,0.229,331.993,44.607,-10.389,967.741,1.22921848,-7.002,-5.262,304.105,304.105
17.942,2.461,2.445,236.448,6.547,2.038,1.351,0.281,-0.041,331.829,45.411,-10.411,967.75,1.23044765,-7.332,-5.762,304.059,304.059
18.042,1.694,1.553,257.058,23.549,1.514,0.348,0.677,-0.905,331.304,48.502,-10.377,967.737,1.2343334,-6.873,-6.008,304.277,304.277
18.141,0.937,0.739,258.308,37.908,0.724,0.15,0.576,-0.945,331.28,48.533,-10.405,967.751,1.23453259,-7.198,-5.623,305.274,305.274
18.239,-99.53,-99.51,0.0,0.0,-99.4,-99.41,-99.42,-99.44,-99.43,31.555,-99.44,967.754,13.70433807,-7.0,-6.452,304.66,304.66
18.342,0.743,0.743,123.365,0.0,-0.621,0.409,0.0,0.024,331.869,45.322,-10.376,967.737,1.23013532,-6.962,-6.952,305.089,305.089
18.442,1.908,1.885,221.758,-8.984,1.255,1.406,-0.298,-0.106,331.789,45.624,-10.412,967.747,1.23073757,-7.197,-6.426,304.769,304.769
18.541,2.296,2.289,248.163,4.623,2.124,0.851,0.185,-0.73,331.41,47.886,-10.376,967.742,1.2335453,-6.901,-6.634,304.269,304.269
18.642,0.693,0.425,229.478,-52.174,0.323,0.276,-0.547,-0.962,331.269,48.567,-10.412,967.762,1.23462427,-6.896,-7.234,305.071,305.071
18.741,2.285,2.264,127.15,-7.699,-1.805,1.367,-0.306,-0.097,331.795,45.659,-10.393,967.747,1.23069203,-6.889,-7.412,304.403,304.403
18.842,1.861,1.861,112.88,0.0,-1.715,0.724,0.0,-0.014,331.846,45.357,-10.401,967.756,1.23033154,-6.778,-6.972,304.322,304.322
18.942,1.678,1.674,193.493,-4.304,0.39,1.627,-0.126,-0.01,331.848,45.305,-10.412,967.746,1.2303021,-7.134,-7.154,304.127,304.127
19.042,2.454,2.409,234.928,11.0,1.972,1.384,0.468,-0.39,331.617,46.664,-10.389,967.74,1.23200548,-6.87,-7.758,304.787,304.787
19.142,1.317,1.276,242.198,14.294,1.129,0.595,0.325,-1.024,331.231,48.801,-10.409,967.744,1.23488617,-7.06,-7.448,304.803,304.803
19.242,1.931,1.803,124.523,-20.993,-1.485,1.022,-0.692,-0.177,331.746,45.974,-10.381,967.743,1.23105001,-7.286,-6.94,305.046,305.046
19.341,2.954,2.954,114.395,0.0,-2.69,1.22,0.0,0.377,332.083,44.073,-10.405,967.738,1.22855139,-7.185,-7.455,304.566,304.566
19.442,0.81,0.752,203.461,-21.817,0.299,0.69,-0.301,0.11,331.921,44.958,-10.399,967.748,1.22976327,-7.336,-7.565,305.624,305.624
19.542,2.768,2.76,225.447,4.515,1.966,1.936,0.218,-0.036,331.833,45.578,-10.36,967.737,1.23040009,-7.133,-7.199,304.877,304.877
19.642,2.365,2.365,248.234,0.0,2.196,0.877,0.0,-0.894,331.31,48.227,-10.438,967.746,1.23429823,-7.137,-6.996,304.216,304.216
19.741,0.932,0.932,246.16,0.0,0.853,0.377,0.0,-1.037,331.224,48.974,-10.377,967.756,1.23495626,-7.242,-7.225,304.486,304.486
19.839,-99.53,-99.51,0.0,0.0,-99.4,-99.41,-99.42,-99.44,-99.43,31.544,-99.44,967.764,13.70447636,-7.156,-7.25,305.191,305.191
19.942,0.661,0.658,132.915,5.152,-0.482,0.448,0.059,-0.058,331.819,45.51,-10.399,967.754,1.23052692,-7.233,-6.388,304.622,304.622
20.042,1.547,1.507,219.196,-13.097,0.952,1.168,-0.351,-0.127,331.777,45.842,-10.371,967.75,1.23082888,-7.295,-6.488,304.349,304.349
20.141,2.755,2.749,244.715,3.593,2.486,1.174,0.173,-0.55,331.52,47.213,-10.389,967.75,1.23274279,-7.145,-6.923,305.19,305.19
20.241,1.412,1.412,268.167,0.0,1.411,0.045,0.0,-1.169,331.143,49.278,-10.42,967.759,1.23556018,-7.293,-6.129,304.667,304.667
20.341,1.74,1.154,115.645,-48.436,-1.041,0.5,-1.302,-0.348,331.643,46.588,-10.371,967.749,1.23182607,-7.165,-5.777,304.748,304.748
20.44,-99.53,-99.51,0.0,0.0,-99.4,-99.41,-99.42,-99.44,-99.43,31.572,-99.44,967.749,13.70427227,-7.104,-6.271,304.66,304.66
20.543,0.864,0.821,192.694,-18.223,0.18,0.801,-0.27,0.228,331.992,44.515,-10.415,967.756,1.22924411,-7.106,-6.053,305.091,305.091
20.642,2.484,2.474,240.024,5.247,2.143,1.236,0.227,0.06,331.891,45.204,-10.376,967.756,1.22999704,-6.978,-5.458,305.419,305.419
20.743,1.848,1.848,251.679,0.0,1.754,0.581,0.0,-0.802,331.366,48.075,-10.393,967.754,1.2338903,-7.023,-5.377,304.91,304.91
20.843,1.182,1.169,126.891,-8.765,-0.935,0.702,-0.18,-0.29,331.678,46.384,-10.372,967.763,1.23158073,-7.107,-5.688,305.438,305.438
20.942,2.438,2.438,113.67,-0.22,-2.233,0.979,-0.009,0.581,332.207,43.542,-10.371,967.752,1.22764909,-7.174,-5.483,304.263,304.263
21.042,0.493,0.302,114.983,-52.161,-0.274,0.128,-0.389,0.096,331.912,44.965,-10.409,967.743,1.22982001,-7.149,-4.799,304.594,304.594
21.143,2.421,2.42,230.792,1.838,1.875,1.53,0.078,0.269,332.017,44.375,-10.417,967.744,1.22904325,-7.165,-4.993,305.386,305.386
21.242,2.598,2.598,264.517,0.0,2.587,0.248,0.0,-0.469,331.569,46.956,-10.382,967.746,1.23236823,-6.999,-5.286,304.806,304.806
21.342,1.533,1.405,253.272,23.551,1.346,0.404,0.612,-0.985,331.255,48.695,-10.401,967.758,1.23472559,-6.992,-4.683,305.36,305.36
21.44,-99.53,-99.51,0.0,0.0,-99.4,-99.41,-99.42,-99.44,-99.43,31.541,-99.44,967.747,13.70423412,-6.871,-4.526,304.692,304.692
21.54,-99.53,-99.51,0.0,0.0,-99.4,-99.41,-99.42,-99.44,-99.43,31.528,-99.44,967.745,13.7042141,-6.911,-5.055,304.424,304.424
21.643,1.012,1.002,194.881,-8.06,0.257,0.968,-0.142,-0.083,331.804,45.585,-10.401,967.758,1.23064375,-6.859,-5.176,304.522,304.522
21.742,2.42,2.414,235.047,4.094,1.978,1.383,0.173,-0.433,331.591,46.766,-10.401,967.754,1.23222136,-6.752,-4.916,304.364,304.364
21.843,1.234,1.108,239.432,26.03,0.954,0.564,0.541,-1.251,331.093,49.656,-10.401,967.754,1.23592818,-6.978,-5.191,304.66,304.66
21.942,2.344,2.3,147.854,-11.052,-1.224,1.948,-0.449,-0.507,331.546,47.046,-10.393,967.74,1.23253429,-7.131,-5.712,304.614,304.614
22.04,-99.53,-99.51,0.0,0.0,-99.4,-99.41,-99.42,-99.44,-99.43,31.583,-99.44,967.749,13.70426941,-7.015,-5.657,304.854,304.854
22.143,0.556,0.497,183.118,-26.61,0.027,0.496,-0.249,0.118,331.926,44.925,-10.401,967.752,1.22973275,-7.076,-5.684,304.76,304.76
22.242,2.749,2.734,230.867,5.954,2.121,1.726,0.285,0.026,331.87,45.186,-10.412,967.734,1.23012412,-7.026,-6.231,304.827,304.827
22.342,2.564,2.488,254.462,13.945,2.397,0.667,0.618,-0.74,331.404,47.855,-10.393,967.753,1.23360491,-7.055,-6.668,304.941,304.941
22.443,0.83,0.816,196.562,-10.62,0.232,0.782,-0.153,-0.557,331.516,47.346,-10.36,967.744,1.23276293,-7.003,-6.357,304.048,304.048
22.542,2.269,2.266,125.847,-2.855,-1.837,1.327,-0.113,0.383,332.087,44.134,-10.382,967.74,1.22852468,-6.994,-6.421,303.746,303.746
22.643,1.003,1.003,130.039,1.552,-0.768,0.645,0.027,0.408,332.101,43.94,-10.415,967.752,1.22843099,-7.096,-6.92,305.037,305.037
22.743,2.243,2.236,217.136,-4.578,1.35,1.783,-0.179,0.296,332.034,44.392,-10.388,967.743,1.22891724,-6.997,-7.105,304.562,304.562
22.842,2.566,2.531,242.626,9.491,2.248,1.164,0.423,-0.151,331.761,45.68,-10.438,967.752,1.23095036,-7.215,-6.738,304.876,304.876
22.942,1.157,1.075,252.695,21.718,1.026,0.32,0.428,-0.81,331.361,47.976,-10.426,967.75,1.23392153,-7.16,-7.104,304.494,304.494
23.04,-99.53,-99.51,0.0,0.0,-99.4,-99.41,-99.42,-99.44,-99.43,31.541,-99.44,967.745,13.70421028,-7.172,-7.636,305.112,305.112
23.142,2.467,2.394,107.862,-13.965,-2.278,0.734,-0.595,0.362,332.074,44.192,-10.384,967.748,1.2286272,-7.316,-7.417,305.132,305.132
23.243,1.636,1.608,194.933,-10.521,0.414,1.554,-0.299,-0.026,331.838,45.425,-10.393,967.757,1.2303859,-7.157,-7.304,305.079,305.079
23.342,2.805,2.799,229.542,3.774,2.13,1.816,0.185,-0.201,331.732,45.986,-10.399,967.747,1.23116171,-7.143,-7.494,304.617,304.617
23.442,2.074,2.066,246.524,4.949,1.895,0.823,0.179,-1.099,331.186,49.102,-10.401,967.753,1.23523331,-7.157,-7.57,304.443,304.443
23.543,1.721,1.681,150.792,-12.34,-0.821,1.468,-0.368,-0.576,331.504,47.276,-10.395,967.729,1.23283207,-7.052,-7.374,304.407,304.407
23.64,-99.53,-99.51,0.0,0.0,-99.4,-99.41,-99.42,-99.44,-99.43,31.572,-99.44,967.746,13.70422459,-7.037,-7.438,304.691,304.691
23.743,0.806,0.805,145.236,3.414,-0.459,0.661,0.048,0.052,331.885,45.091,-10.415,967.731,1.23000598,-7.12,-7.299,304.471,304.471
23.846,2.567,2.566,224.869,-1.495,1.81,1.818,-0.067,0.118,331.926,45.013,-10.376,967.748,1.22972548,-7.211,-7.11,304.402,304.402
23.942,2.717,2.709,248.147,4.466,2.514,1.008,0.212,-0.546,331.522,47.154,-10.401,967.745,1.23272038,-7.292,-6.778,304.594,304.594
24.042,0.862,0.861,244.349,2.573,0.776,0.373,0.039,-0.74,331.404,47.898,-10.382,967.734,1.23358166,-7.298,-6.782,304.203,304.203
24.142,2.082,2.079,126.328,-3.043,-1.675,1.231,-0.111,0.32,332.049,44.399,-10.364,967.747,1.2288146,-7.216,-6.652,304.784,304.784
24.24,-99.53,-99.51,0.0,0.0,-99.4,-99.41,-99.42,-99.44,-99.43,31.555,-99.44,967.767,13.70452213,-7.172,-6.172,305.57,305.57
24.342,2.174,2.137,210.517,-10.642,1.085,1.841,-0.402,0.204,331.977,44.515,-10.437,967.74,1.22933471,-7.129,-6.225,304.778,304.778
24.442,2.777,2.764,241.863,5.39,2.438,1.304,0.261,-0.198,331.734,46.019,-10.388,967.748,1.23115098,-6.996,-6.243,304.861,304.861
24.542,1.99,1.981,253.194,5.468,1.897,0.573,0.19,-0.878,331.32,48.333,-10.395,967.749,1.23422539,-7.028,-5.856,304.073,304.073
24.642,0.898,0.497,227.231,56.365,0.365,0.338,0.748,-0.807,331.363,48.043,-10.405,967.748,1.23390293,-6.931,-5.514,304.708,304.708
24.74,-99.53,-99.51,0.0,0.0,-99.4,-99.41,-99.42,-99.44,-99.43,31.586,-99.44,967.747,13.70423412,-5.442,-5.77,304.442,304.442
24.843,0.422,0.416,165.242,-9.654,-0.106,0.402,-0.071,0.358,332.071,44.097,-10.415,967.753,1.22865379,23.83,-5.586,308.532,308.532
24.942,1.461,1.461,259.871,-0.218,1.438,0.257,-0.006,0.498,332.157,43.746,-10.388,967.744,1.22801137,31.399,-8.098,309.706,309.706
25.042,2.74,2.732,289.338,4.348,2.578,-0.905,0.208,-0.45,331.581,46.912,-10.377,967.767,1.23230958,22.047,-5.554,308.637,308.637
25.142,1.519,1.515,298.471,3.926,1.332,-0.722,0.104,-0.488,331.557,46.938,-10.405,967.755,1.23247051,-28.645,-3.044,295.855,295.855
25.242,1.644,1.644,63.839,-0.591,-1.476,-0.725,-0.017,0.412,332.104,44.021,-10.388,967.761,1.22842169,11.86,-4.163,307.633,307.633
25.342,2.177,1.975,56.911,-24.886,-1.655,-1.078,-0.916,0.04,331.878,45.226,-10.388,967.76,1.23009133,19.917,-8.658,311.448,311.448
25.442,0.329,0.067,156.136,-78.17,-0.027,0.062,-0.322,0.247,332.004,44.526,-10.395,967.754,1.22915614,-32.613,-1.852,296.646,296.646
25.542,2.219,2.215,265.642,3.397,2.209,0.168,0.131,-0.166,331.753,45.909,-10.388,967.761,1.23102033,-38.598,-1.943,293.164,293.164
25.642,1.816,1.805,295.609,6.163,1.628,-0.78,0.195,-0.673,331.445,47.601,-10.399,967.773,1.23332953,17.336,-10.925,311.396,311.396
25.742,0.68,0.656,41.683,-15.174,-0.436,-0.49,-0.178,0.311,332.043,44.289,-10.404,967.767,1.2288835,-7.607,-3.149,304.069,304.069
25.842,2.449,2.449,67.088,-1.338,-2.255,-0.953,-0.057,0.668,332.259,43.129,-10.412,967.772,1.22728872,11.075,-3.995,308.067,308.067
25.943,0.54,0.506,63.71,-20.633,-0.453,-0.224,-0.19,0.414,332.105,43.997,-10.393,967.762,1.22841597,-21.528,-6.601,298.574,298.574
26.042,1.803,1.803,266.241,0.436,1.799,0.118,0.014,0.331,332.055,44.3,-10.382,967.76,1.22878337,11.443,-10.263,311.281,311.281
26.142,2.667,2.611,295.709,11.759,2.352,-1.133,0.543,-0.556,331.516,47.171,-10.405,967.765,1.23278964,18.04,-4.854,308.679,308.679
26.242,2.107,2.045,301.352,13.955,1.747,-1.064,0.508,-0.573,331.505,47.193,-10.415,967.77,1.23287451,-3.575,-5.038,305.601,305.601
26.343,2.371,2.368,60.536,-2.942,-2.062,-1.165,-0.122,0.406,332.1,44.015,-10.395,967.767,1.22845769,0.252,-9.234,306.643,306.643
26.442,1.357,1.303,59.755,-16.164,-1.126,-0.656,-0.378,0.162,331.953,44.788,-10.398,967.776,1.22956264,-31.891,-6.083,294.636,294.636
26.542,1.383,1.365,250.736,-9.096,1.289,0.451,-0.219,0.143,331.94,44.829,-10.405,967.786,1.2296654,-27.116,-2.416,297.737,297.737
26.642,2.359,2.359,280.797,0.0,2.317,-0.442,0.0,-0.718,331.417,47.75,-10.401,967.768,1.23352623,5.521,-7.664,307.292,307.292
26.742,2.089,2.087,301.881,2.567,1.772,-1.102,0.094,-0.838,331.345,48.154,-10.405,967.775,1.23407912,12.992,-9.784,309.814,309.814
26.842,0.775,0.661,76.041,-31.44,-0.642,-0.16,-0.404,-0.093,331.798,45.7,-10.379,967.779,1.23071623,-32.415,-5.394,293.782,293.782
26.942,1.349,1.334,111.565,-8.571,-1.24,0.49,-0.201,0.066,331.894,45.096,-10.401,967.78,1.23000336,-40.395,-1.365,290.713,290.713
27.043,0.877,0.835,213.732,-17.853,0.463,0.694,-0.269,0.283,332.026,44.474,-10.377,967.77,1.22900963,22.194,-6.908,309.613,309.613
27.143,2.054,2.046,271.692,5.109,2.045,-0.06,0.183,0.069,331.896,45.129,-10.389,967.782,1.22999096,22.159,-10.325,310.755,310.755
27.244,2.408,2.401,289.892,4.336,2.257,-0.817,0.182,-0.848,331.339,48.226,-10.395,967.792,1.23414361,-14.688,-8.316,302.61,302.61
27.343,0.322,0.318,74.883,-9.487,-0.307,-0.083,-0.053,-0.185,331.742,45.97,-10.389,967.8,1.23115587,-19.13,-4.028,301.154,301.154
27.443,2.108,2.079,87.542,-9.573,-2.077,-0.089,-0.351,0.503,332.159,43.656,-10.409,967.795,1.22805643,-3.97,-2.923,305.268,305.268
27.543,0.834,0.708,70.522,-31.935,-0.668,-0.236,-0.441,0.339,332.059,44.172,-10.412,967.783,1.22878146,-3.462,-14.489,307.289,307.289
27.643,1.97,1.961,250.285,-5.538,1.846,0.661,-0.19,0.352,332.068,44.254,-10.376,967.785,1.22871983,-15.529,-6.874,302.48,302.48
27.743,2.027,2.027,273.12,0.0,2.024,-0.11,0.0,-0.507,331.546,47.039,-10.395,967.781,1.23258722,-36.798,0.173,293.894,293.894
27.843,1.023,1.016,314.178,6.645,0.729,-0.708,0.118,-0.655,331.456,47.559,-10.393,967.786,1.2332648,9.734,-5.237,307.425,307.425
27.943,2.443,2.429,74.211,-6.128,-2.337,-0.661,-0.261,0.465,332.136,43.776,-10.409,967.791,1.22822118,12.888,-14.389,310.733,310.733
28.043,2.217,2.194,71.771,-8.282,-2.084,-0.686,-0.319,0.169,331.957,44.778,-10.395,967.794,1.22955656,0.436,-7.472,307.248,307.248
28.143,0.755,0.755,248.243,0.0,0.702,0.28,0.0,0.077,331.901,45.101,-10.389,967.794,1.22996736,-4.349,-0.884,304.96,304.96
28.243,2.508,2.508,281.208,0.0,2.46,-0.487,0.0,-0.522,331.537,47.099,-10.393,967.791,1.23266995,-6.639,-4.338,304.208,304.208
28.343,2.4,2.363,293.991,10.099,2.159,-0.961,0.421,-0.651,331.458,47.569,-10.387,967.797,1.2332598,-7.428,-15.648,305.907,305.907
28.443,1.003,0.997,93.272,-5.816,-0.996,0.057,-0.102,0.015,331.863,45.288,-10.393,967.788,1.23023891,-33.45,-1.905,294.863,294.863
28.543,2.496,2.44,89.83,-12.209,-2.44,-0.007,-0.528,0.358,332.072,44.173,-10.393,967.784,1.22869182,-11.068,2.373,304.722,304.722
28.643,0.515,0.478,63.678,-22.054,-0.428,-0.212,-0.193,0.261,332.012,44.504,-10.389,967.793,1.22914171,22.251,-11.019,311.31,311.31
28.744,1.474,1.418,285.269,15.867,1.368,-0.373,0.403,-0.055,331.821,45.539,-10.389,967.795,1.23056555,5.285,-13.0,309.143,309.143
28.844,2.644,2.597,297.141,10.869,2.311,-1.185,0.499,-0.784,331.378,48.076,-10.376,967.82,1.23388839,4.61,-1.916,306.855,306.855
28.943,1.105,1.097,323.952,-7.007,0.646,-0.887,-0.135,-0.327,331.655,46.352,-10.415,967.794,1.23179221,-3.779,-0.231,304.334,304.334
29.044,2.5,2.498,64.955,-2.022,-2.263,-1.058,-0.088,0.618,332.229,43.368,-10.388,967.799,1.227543,-7.098,-12.203,304.983,304.983
29.144,2.119,2.119,67.23,-0.491,-1.954,-0.82,-0.018,0.442,332.122,43.924,-10.389,967.801,1.22833908,5.178,-9.487,307.946,307.946
29.243,0.379,0.374,266.683,-8.852,0.374,0.022,-0.058,0.479,332.144,43.696,-10.42,967.797,1.22817159,-12.666,2.733,303.511,303.511
29.343,1.972,1.972,283.984,0.0,1.913,-0.476,0.0,-0.093,331.797,45.648,-10.393,967.796,1.23073864,-36.296,-2.478,291.922,291.922
29.443,0.684,0.643,288.982,-19.954,0.608,-0.209,-0.233,-0.342,331.647,46.505,-10.387,967.803,1.23186827,10.31,-19.006,311.779,311.779
29.543,2.046,1.937,78.535,-18.812,-1.898,-0.385,-0.66,0.362,332.074,44.181,-10.388,967.795,1.22868896,18.459,-5.421,309.212,309.212
29.643,2.485,2.453,79.92,-9.25,-2.415,-0.429,-0.399,0.292,332.032,44.378,-10.395,967.804,1.22901452,2.856,8.46,304.688,304.688
29.743,0.876,0.865,53.056,9.018,-0.691,-0.52,0.137,0.258,332.011,44.514,-10.389,967.796,1.22915804,17.635,-11.851,310.626,310.626
29.843,1.803,1.761,289.016,12.415,1.665,-0.574,0.388,-0.015,331.845,45.31,-10.415,967.806,1.2304014,-18.195,-14.249,300.595,300.595
29.944,2.327,2.311,299.187,6.638,2.018,-1.127,0.269,-0.795,331.37,47.899,-10.432,967.817,1.23393977,7.587,-4.391,308.623,308.623
30.043,1.889,1.877,335.13,-6.413,0.79,-1.703,-0.211,-0.553,331.518,47.266,-10.377,967.801,1.23281825,31.092,3.158,304.642,304.642
30.143,2.855,2.854,47.732,-1.889,-2.112,-1.919,-0.094,0.291,332.031,44.383,-10.395,967.793,1.22900641,14.125,-11.848,310.635,310.635
30.243,2.353,2.338,56.967,-6.527,-1.96,-1.275,-0.268,0.067,331.895,45.051,-10.412,967.813,1.23003948,-25.859,-10.711,296.789,296.789
30.343,1.257,1.257,335.143,0.0,0.528,-1.141,0.0,0.038,331.877,45.213,-10.393,967.798,1.23014987,14.631,-0.223,306.499,306.499
30.443,2.632,2.612,317.983,7.094,1.748,-1.94,0.325,-0.476,331.565,46.912,-10.401,967.804,1.23247635,0.725,-2.786,305.575,305.575
30.543,2.363,2.363,346.926,0.313,0.535,-2.302,0.013,-0.47,331.568,46.913,-10.395,967.808,1.23245609,7.77,-14.241,310.495,310.495
30.643,3.191,3.19,38.851,1.156,-2.001,-2.485,0.064,0.277,332.022,44.456,-10.388,967.793,1.22907031,-6.089,-5.169,304.234,304.234
30.744,2.639,2.594,47.999,-10.504,-1.928,-1.736,-0.481,0.115,331.924,44.918,-10.405,967.793,1.22979701,-9.61,-0.976,303.693,303.693
30.843,0.923,0.921,16.701,-3.957,-0.265,-0.882,-0.064,0.278,332.023,44.431,-10.393,967.803,1.22907567,-28.731,-9.192,295.035,295.035
30.943,2.188,2.111,304.127,15.291,1.747,-1.184,0.577,-0.147,331.764,45.808,-10.399,967.805,1.2309947,16.727,-10.522,310.286,310.286
31.043,2.632,2.629,329.521,2.579,1.334,-2.266,0.118,-0.552,331.518,47.244,-10.382,967.805,1.23282278,6.711,-3.494,306.487,306.487
31.141,-99.53,-99.51,0.0,0.0,-99.4,-99.41,-99.42,-99.44,-99.43,31.569,-99.44,967.809,13.70511246,-40.822,-3.141,290.23,290.23
31.243,2.091,2.091,60.536,-1.303,-1.82,-1.028,-0.048,0.437,332.119,43.895,-10.401,967.792,1.22834778,4.871,-8.981,308.123,308.123
31.343,1.144,1.137,46.104,-6.367,-0.819,-0.788,-0.127,0.355,332.069,44.144,-10.405,967.81,1.22874224,-3.755,-9.043,305.51,305.51
31.445,1.51,1.438,293.4,17.776,1.32,-0.571,0.461,0.059,331.89,45.189,-10.381,967.831,1.23009574,6.14,-4.724,307.039,307.039
31.543,2.871,2.837,290.021,8.767,2.666,-0.971,0.438,-0.569,331.508,47.303,-10.382,967.825,1.23292518,-34.163,-5.28,293.072,293.072
31.643,0.49,0.489,286.093,-3.35,0.47,-0.136,-0.029,-0.127,331.776,45.653,-10.423,967.812,1.23091507,-34.682,-5.782,293.543,293.543
31.743,2.198,2.198,60.281,0.866,-1.909,-1.09,0.033,0.638,332.241,43.261,-10.401,967.819,1.22748208,24.971,-2.591,307.832,307.832
31.844,2.094,2.093,56.934,-2.003,-1.754,-1.142,-0.073,0.376,332.082,44.137,-10.388,967.823,1.22866344,15.011,-11.666,309.923,309.923
31.943,0.977,0.777,324.871,37.362,0.447,-0.635,0.593,0.238,331.999,44.6,-10.382,967.826,1.22928488,25.53,-8.796,310.44,310.44
32.043,2.831,2.735,312.496,14.923,2.017,-1.848,0.729,-0.312,331.664,46.281,-10.42,967.823,1.23176241,24.166,-4.851,309.356,309.356
32.144,2.997,2.984,328.682,5.364,1.551,-2.549,0.28,-0.49,331.556,46.945,-10.405,967.803,1.23254085,-36.37,-4.38,291.38,291.38
32.243,1.829,1.827,27.125,2.592,-0.833,-1.626,0.083,0.285,332.027,44.408,-10.393,967.823,1.22906971,3.663,-7.877,307.893,307.893
32.344,2.559,2.557,36.606,2.386,-1.525,-2.053,0.107,0.474,332.142,43.763,-10.405,967.821,1.22822022,18.674,-6.598,309.176,309.176
32.443,1.158,1.152,13.673,5.762,-0.272,-1.12,0.116,0.38,332.085,44.061,-10.405,967.813,1.22863019,-37.73,-2.224,292.37,292.37
32.543,2.033,1.968,319.586,14.509,1.276,-1.498,0.509,0.082,331.904,45.042,-10.401,967.827,1.22998929,8.959,-7.503,307.502,307.502
32.644,2.855,2.855,339.442,0.0,1.003,-2.673,0.0,-0.323,331.658,46.438,-10.388,967.788,1.23176384,30.123,-8.58,310.127,310.127
32.745,2.699,2.698,9.384,1.675,-0.44,-2.662,0.079,-0.043,331.828,45.473,-10.395,967.817,1.2305392,-20.862,-1.192,300.474,300.474
32.843,2.752,2.751,30.669,-1.59,-1.403,-2.366,-0.076,0.199,331.975,44.769,-10.371,967.808,1.22943628,2.859,-7.391,306.847,306.847
32.943,2.098,2.096,25.84,-2.687,-0.913,-1.886,-0.098,0.238,331.999,44.7,-10.354,967.805,1.2292552,-20.271,-8.615,299.307,299.307
33.043,1.656,1.596,304.475,15.44,1.316,-0.904,0.441,0.114,331.923,45.024,-10.377,967.799,1.22980881,-42.017,-0.568,288.975,288.975
33.143,2.919,2.897,308.506,7.157,2.267,-1.803,0.364,-0.653,331.457,47.46,-10.417,967.815,1.23329234,13.802,-8.119,309.186,309.186
33.244,2.151,2.15,334.481,-1.952,0.926,-1.94,-0.073,-0.802,331.367,48.136,-10.377,967.808,1.23395514,-3.866,-8.358,305.385,305.385
33.343,1.64,1.64,12.821,0.0,-0.364,-1.599,0.0,-0.315,331.663,46.434,-10.382,967.809,1.23175716,-19.393,-2.734,300.987,300.987
33.444,2.655,2.461,51.102,-22.078,-1.915,-1.545,-0.998,-0.004,331.852,45.309,-10.405,967.807,1.23035109,27.476,-4.668,309.197,309.197
33.544,1.494,1.492,18.661,-3.179,-0.477,-1.413,-0.083,0.079,331.903,45.139,-10.376,967.816,1.22998524,-20.85,-3.013,300.826,300.826
33.644,2.016,1.929,311.083,16.93,1.454,-1.267,0.587,-0.271,331.69,46.306,-10.376,967.816,1.23156452,3.738,-6.89,307.179,307.179
33.744,2.301,2.301,313.1,0.806,1.68,-1.572,0.032,-0.685,331.438,47.684,-10.388,967.811,1.23343122,-26.623,-3.878,297.619,297.619
33.844,1.557,1.556,30.29,1.826,-0.785,-1.343,0.05,-0.05,331.824,45.6,-10.367,967.814,1.23056519,9.346,-5.171,306.88,306.88
33.943,2.895,2.895,53.435,-0.065,-2.325,-1.725,-0.003,0.395,332.094,44.074,-10.389,967.819,1.22857225,-11.82,-6.733,302.573,302.573
34.044,2.469,2.423,48.87,-11.117,-1.825,-1.594,-0.476,-0.052,331.822,45.484,-10.401,967.829,1.23059654,15.625,-6.714,308.47,308.47
34.144,2.624,2.61,347.237,6.098,0.577,-2.545,0.279,-0.203,331.731,46.033,-10.388,967.826,1.23127043,35.231,-6.256,308.996,308.996
34.244,3.596,3.587,330.309,4.04,1.777,-3.116,0.253,-0.699,331.429,47.734,-10.388,967.809,1.23349226,-19.439,-6.645,299.269,299.269
34.344,2.776,2.776,354.895,0.0,0.247,-2.765,0.0,-0.613,331.482,47.411,-10.393,967.818,1.23311234,1.38,-7.214,306.591,306.591
34.443,3.277,3.277,35.045,-0.693,-1.882,-2.683,-0.04,-0.036,331.832,45.436,-10.399,967.803,1.23048842,-13.13,-5.977,302.054,302.054
34.547,2.692,2.688,34.146,-2.945,-1.509,-2.225,-0.138,-0.02,331.842,45.397,-10.395,967.803,1.23041749,12.061,-8.169,309.166,309.166
34.647,2.342,2.341,6.376,1.903,-0.26,-2.326,0.078,-0.179,331.745,45.868,-10.411,967.801,1.23113215,15.321,-10.305,310.668,310.668
34.744,2.718,2.714,324.104,2.916,1.591,-2.199,0.138,-0.681,331.441,47.812,-10.35,967.814,1.2334131,-40.854,-2.84,290.964,290.964
34.844,1.867,1.867,312.928,-0.783,1.367,-1.271,-0.026,-0.993,331.25,48.794,-10.382,967.807,1.23482037,-45.985,-3.433,285.803,285.803
34.944,1.571,1.562,59.402,-5.932,-1.345,-0.795,-0.162,-0.105,331.79,45.686,-10.393,967.81,1.23080957,-3.968,-13.947,306.651,306.651
35.044,3.017,2.932,64.301,-13.63,-2.642,-1.272,-0.711,0.009,331.86,45.369,-10.377,967.818,1.23030519,34.271,-4.664,307.531,307.531
35.144,1.857,1.781,33.935,-16.44,-0.994,-1.477,-0.525,-0.118,331.783,45.749,-10.388,967.828,1.23088956,10.863,-5.302,307.786,307.786
35.247,2.238,2.232,337.273,4.307,0.862,-2.059,0.168,-0.335,331.651,46.566,-10.364,967.797,1.23182726,19.144,-10.24,310.551,310.551
35.347,2.507,2.504,331.224,2.724,1.206,-2.195,0.119,-0.663,331.452,47.695,-10.364,967.804,1.23331821,-25.916,-6.768,297.96,297.96
35.445,2.235,2.233,9.52,2.76,-0.369,-2.202,0.108,-0.305,331.669,46.44,-10.371,967.816,1.2317189,11.143,-4.761,308.438,308.438
35.546,3.775,3.774,35.497,-0.725,-2.192,-3.073,-0.048,0.132,331.934,44.885,-10.399,967.802,1.22973156,34.959,-6.378,308.113,308.113
35.646,3.151,3.144,39.84,-3.826,-2.014,-2.414,-0.21,-0.034,331.833,45.472,-10.388,967.824,1.23050821,-20.018,-6.411,299.15,299.15
35.744,1.295,1.295,354.553,-0.332,0.123,-1.289,-0.008,0.011,331.86,45.296,-10.395,967.809,1.23028731,-43.458,-1.328,288.398,288.398
35.844,2.461,2.461,327.403,0.0,1.326,-2.073,0.0,-0.49,331.556,47.072,-10.371,967.812,1.23255086,25.925,-6.649,310.134,310.134
35.943,2.861,2.861,330.563,0.0,1.406,-2.492,0.0,-0.631,331.471,47.537,-10.377,967.809,1.23318231,-6.742,-3.835,304.72,304.72
36.044,2.774,2.769,66.326,-3.667,-2.536,-1.112,-0.177,0.317,332.046,44.346,-10.382,967.822,1.2289263,-45.421,-1.297,288.406,288.406
36.146,2.665,2.629,58.56,-9.369,-2.243,-1.372,-0.434,0.02,331.866,45.327,-10.379,967.803,1.23023784,20.472,-8.39,309.451,309.451
36.244,1.962,1.96,21.295,-2.585,-0.712,-1.826,-0.088,0.008,331.859,45.311,-10.393,967.809,1.23029733,39.089,-5.246,306.745,306.745
36.346,2.695,2.69,334.705,3.313,1.15,-2.432,0.156,-0.416,331.602,46.816,-10.371,967.81,1.23220932,-22.376,-3.568,299.852,299.852
36.444,2.547,2.541,327.198,3.845,1.377,-2.136,0.171,-0.817,331.357,48.191,-10.377,967.797,1.23401177,-17.291,-8.139,301.134,301.134
36.543,1.755,1.755,8.433,0.0,-0.257,-1.736,0.0,-0.562,331.512,47.229,-10.395,967.802,1.23286283,9.878,-8.92,309.14,309.14
36.644,3.507,3.507,44.561,-0.412,-2.461,-2.499,-0.025,0.099,331.915,45.051,-10.382,967.797,1.22987056,29.05,-7.446,309.238,309.238
36.746,2.902,2.862,44.077,-9.568,-1.991,-2.056,-0.482,-0.135,331.772,45.805,-10.389,967.8,1.23093271,-28.75,-4.817,296.333,296.333
36.843,2.41,2.403,356.973,4.334,0.127,-2.4,0.182,-0.026,331.839,45.542,-10.36,967.815,1.23045468,6.797,-11.439,309.092,309.092
36.944,3.369,3.357,336.207,4.826,1.354,-3.071,0.283,-0.404,331.609,46.82,-10.36,967.803,1.23214781,-21.338,-6.975,298.787,298.787
37.043,3.093,3.089,7.005,2.787,-0.377,-3.066,0.15,-0.276,331.687,46.423,-10.349,967.811,1.23157907,12.027,-6.602,308.67,308.67
37.146,3.656,3.654,44.304,1.803,-2.552,-2.615,0.115,0.329,332.054,44.406,-10.354,967.816,1.22886086,-27.691,-6.898,296.888,296.888
37.244,3.248,3.092,51.423,-17.837,-2.417,-1.928,-0.995,0.097,331.913,45.198,-10.344,967.806,1.2298913,-5.13,-8.298,305.179,305.179
37.346,1.61,1.609,19.406,-1.679,-0.535,-1.518,-0.047,0.191,331.971,44.815,-10.364,967.806,1.22946799,-27.461,-3.956,296.657,296.657
37.444,2.401,2.364,316.93,10.173,1.614,-1.727,0.424,-0.219,331.722,46.287,-10.334,967.798,1.23130286,-15.385,-3.076,301.491,301.491
37.546,2.537,2.537,342.86,-0.085,0.748,-2.425,-0.004,-0.479,331.564,47.065,-10.362,967.8,1.23248005,32.185,-5.523,308.812,308.812
37.646,3.73,3.729,30.202,1.713,-1.876,-3.222,0.112,0.159,331.951,44.897,-10.371,967.808,1.22961795,23.624,-9.249,309.881,309.881
37.743,4.161,4.158,38.599,2.166,-2.594,-3.249,0.157,0.325,332.052,44.4,-10.36,967.785,1.22884035,-21.022,-0.623,300.517,300.517
37.846,2.689,2.685,23.697,-3.186,-1.079,-2.458,-0.149,-0.046,331.826,45.611,-10.36,967.795,1.23052311,18.102,-1.783,307.13,307.13
37.944,2.387,2.376,335.006,5.602,1.004,-2.153,0.233,-0.087,331.802,45.767,-10.354,967.782,1.23068643,-31.191,-4.951,294.528,294.528
38.044,2.99,2.98,333.428,4.474,1.333,-2.666,0.233,-0.64,331.465,47.561,-10.379,967.776,1.23318112,14.629,-2.955,307.767,307.767
38.144,2.497,2.494,2.014,2.903,-0.088,-2.492,0.126,-0.323,331.658,46.472,-10.379,967.786,1.23176169,-23.254,-1.299,298.522,298.522
38.241,-99.53,-99.51,0.0,0.0,-99.4,-99.41,-99.42,-99.44,-99.43,31.642,-99.44,967.775,13.70463276,-11.403,-2.467,303.416,303.416
38.346,2.608,2.607,33.654,-1.071,-1.445,-2.17,-0.049,0.131,331.934,44.983,-10.372,967.789,1.22971606,30.261,-6.06,309.565,309.565
38.446,2.647,2.646,2.167,2.21,-0.1,-2.644,0.102,0.041,331.879,45.303,-10.366,967.762,1.23008907,13.377,-3.85,308.033,308.033
38.544,2.449,2.387,317.045,12.947,1.626,-1.747,0.549,-0.243,331.707,46.311,-10.349,967.783,1.23139441,-45.191,-1.686,287.917,287.917
38.647,2.003,2.002,331.778,1.048,0.947,-1.764,0.037,-0.532,331.531,47.256,-10.36,967.781,1.23269725,-23.234,-4.781,298.099,298.099
38.746,3.685,3.677,38.379,3.748,-2.283,-2.882,0.241,0.264,332.015,44.615,-10.354,967.782,1.22910798,16.006,-7.503,309.068,309.068
38.845,3.549,3.521,41.968,-7.176,-2.355,-2.618,-0.443,0.342,332.062,44.342,-10.36,967.791,1.22877169,15.791,-5.923,308.529,308.529
38.946,1.917,1.915,31.448,-2.654,-0.999,-1.634,-0.089,0.331,332.056,44.415,-10.349,967.783,1.22880733,-24.092,-4.978,297.77,297.77
39.044,1.856,1.81,322.25,12.759,1.108,-1.431,0.41,0.096,331.913,45.141,-10.36,967.778,1.22985947,-2.333,-10.683,306.422,306.422
39.147,2.697,2.685,340.447,5.31,0.899,-2.53,0.25,-0.415,331.603,46.914,-10.344,967.794,1.23218179,32.956,-8.206,309.552,309.552
39.246,3.06,3.053,7.614,3.896,-0.404,-3.026,0.208,-0.065,331.815,45.585,-10.384,967.797,1.23061085,20.183,-6.371,309.073,309.073
39.344,5.118,5.108,33.157,3.444,-2.794,-4.277,0.307,0.19,331.97,44.793,-10.372,967.782,1.22944522,0.052,-5.936,306.358,306.358
39.446,3.14,3.139,36.438,-1.243,-1.864,-2.525,-0.068,0.024,331.869,45.438,-10.344,967.756,1.23015416,6.136,-11.075,308.547,308.547
39.544,2.011,2.011,355.603,0.0,0.154,-2.005,0.0,-0.128,331.777,45.905,-10.354,967.766,1.23085129,-28.187,-6.353,295.438,295.438
39.645,2.69,2.69,328.142,0.0,1.42,-2.285,0.0,-0.546,331.523,47.367,-10.344,967.775,1.23275149,-9.977,-6.789,305.091,305.091
39.744,2.537,2.536,359.719,1.253,0.012,-2.536,0.055,-0.432,331.592,46.892,-10.366,967.749,1.23220515,30.013,-7.997,309.745,309.745
39.844,3.408,3.404,36.519,2.765,-2.026,-2.736,0.164,0.356,332.071,44.339,-10.348,967.754,1.22865748,-12.396,-4.7,302.047,302.047
39.945,3.304,3.301,44.493,-2.186,-2.314,-2.355,-0.126,0.174,331.961,44.949,-10.342,967.768,1.22949398,7.925,-9.346,308.335,308.335
40.046,2.034,2.032,15.83,-1.809,-0.554,-1.955,-0.064,0.153,331.948,44.993,-10.349,967.774,1.22959673,-35.902,-0.896,294.541,294.541
40.144,2.144,2.144,322.001,0.0,1.32,-1.69,0.0,-0.127,331.778,45.944,-10.342,967.758,1.2308358,-10.694,-5.402,303.007,303.007
40.246,2.505,2.501,347.53,3.069,0.54,-2.442,0.134,-0.375,331.627,46.837,-10.328,967.775,1.23197854,31.362,-6.254,307.967,307.967
40.344,3.849,3.843,21.041,3.149,-1.38,-3.587,0.211,0.029,331.872,45.354,-10.362,967.76,1.23013902,37.056,-2.635,307.152,307.152
40.445,5.21,5.206,30.175,2.287,-2.617,-4.5,0.208,0.323,332.051,44.484,-10.338,967.737,1.22878551,35.096,-1.527,305.711,305.711
40.546,4.71,4.697,16.925,4.374,-1.367,-4.493,0.359,0.386,332.089,44.26,-10.344,967.724,1.22848761,30.306,-7.449,309.587,309.587
40.644,4.703,4.693,3.712,3.617,-0.304,-4.683,0.297,-0.003,331.853,45.572,-10.332,967.709,1.2302146,11.017,-4.167,307.58,307.58
40.746,4.388,4.366,353.457,5.732,0.498,-4.338,0.438,-0.249,331.703,46.35,-10.344,967.685,1.23129535,-32.754,2.081,295.608,295.608
40.844,4.158,4.129,356.147,6.847,0.277,-4.119,0.496,-0.336,331.651,46.669,-10.338,967.684,1.23168576,-40.143,-5.828,287.924,287.924
40.945,4.259,4.244,27.492,4.783,-1.959,-3.765,0.355,0.224,331.991,44.845,-10.326,967.7,1.22918057,-40.59,-9.884,287.307,287.307
41.048,2.883,2.871,50.054,-5.146,-2.201,-1.844,-0.259,0.299,332.036,44.46,-10.367,967.722,1.22887838,-19.657,-3.818,300.299,300.299
41.144,2.308,2.308,6.597,-0.435,-0.265,-2.292,-0.018,-0.134,331.774,46.089,-10.31,967.721,1.23081887,26.019,-1.48,306.851,306.851
41.244,3.381,3.367,332.133,5.175,1.574,-2.977,0.305,-0.449,331.582,47.01,-10.349,967.716,1.23223615,-6.922,-6.09,304.699,304.699
41.344,3.165,3.162,352.732,2.472,0.4,-3.137,0.136,-0.541,331.526,47.373,-10.338,967.697,1.23262918,24.442,-13.996,311.542,311.542
41.444,4.053,4.051,19.4,1.716,-1.346,-3.821,0.121,-0.341,331.647,46.64,-10.35,967.706,1.23173857,35.083,-10.551,310.513,310.513
41.544,4.854,4.853,29.434,1.171,-2.385,-4.227,0.099,-0.038,331.832,45.723,-10.321,967.688,1.23034322,19.905,-5.567,308.049,308.049
41.644,3.449,3.448,23.154,-0.806,-1.356,-3.171,-0.049,-0.084,331.804,45.84,-10.332,967.674,1.23053432,-15.13,-9.623,301.049,301.049
41.744,3.44,3.422,353.651,5.887,0.378,-3.401,0.353,-0.1,331.795,45.933,-10.321,967.672,1.23060191,-9.369,-13.708,303.517,303.517
41.845,4.009,3.986,357.53,6.094,0.172,-3.983,0.426,-0.467,331.571,47.155,-10.327,967.67,1.23225856,8.554,-7.795,307.605,307.605
41.945,4.071,4.07,13.887,1.725,-0.977,-3.951,0.123,-0.159,331.758,46.025,-10.35,967.674,1.23087597,-3.825,-7.132,304.743,304.743
42.046,5.018,5.015,28.896,2.069,-2.423,-4.39,0.181,0.097,331.914,45.218,-10.338,967.668,1.22971225,18.442,-11.236,310.934,310.934
42.144,3.708,3.708,31.458,0.0,-1.935,-3.163,0.0,0.246,332.004,44.667,-10.356,967.664,1.229038,-12.16,-10.996,302.899,302.899
42.244,2.221,2.221,12.594,0.0,-0.484,-2.168,0.0,0.25,332.007,44.72,-10.338,967.67,1.22902834,-38.264,-1.923,291.551,291.551
42.344,2.882,2.882,350.651,0.0,0.468,-2.844,0.0,-0.15,331.763,46.056,-10.334,967.669,1.23082888,8.661,-5.427,307.202,307.202
42.444,3.677,3.677,1.747,0.0,-0.112,-3.675,0.0,-0.113,331.786,45.97,-10.323,967.673,1.23066342,32.698,-11.092,310.094,310.094
42.545,4.335,4.33,37.022,2.716,-2.607,-3.457,0.205,0.163,331.954,45.064,-10.321,967.675,1.229424,-20.296,-7.084,299.336,299.336
42.644,3.622,3.576,46.473,9.17,-2.593,-2.463,0.577,0.253,332.009,44.806,-10.311,967.673,1.2290175,7.634,-1.346,305.149,305.149
42.744,3.65,3.65,18.954,0.996,-1.185,-3.452,0.063,-0.262,331.696,46.476,-10.321,967.671,1.23133123,12.9,-4.846,308.727,308.727
42.845,3.902,3.897,354.729,2.792,0.358,-3.881,0.19,-0.276,331.687,46.485,-10.332,967.658,1.23138177,2.661,-8.761,305.506,305.506
42.946,3.601,3.601,355.218,0.0,0.3,-3.588,0.0,-0.592,331.495,47.55,-10.338,967.662,1.23281562,-12.177,-5.353,301.95,301.95
43.047,3.7,3.699,19.731,1.384,-1.249,-3.482,0.089,-0.257,331.699,46.444,-10.326,967.654,1.23129034,-2.218,-1.827,304.919,304.919
43.145,3.919,3.914,37.99,2.815,-2.409,-3.085,0.192,0.164,331.955,45.117,-10.305,967.656,1.22939396,19.204,-5.579,308.618,308.618
43.246,2.767,2.763,39.733,3.28,-1.766,-2.125,0.158,0.126,331.931,45.138,-10.334,967.658,1.22956991,-8.361,-7.096,302.708,302.708
43.344,2.118,2.118,11.756,0.0,-0.432,-2.074,0.0,0.07,331.898,45.429,-10.304,967.639,1.22979462,-5.347,-5.816,304.795,304.795
43.444,2.388,2.388,7.219,0.0,-0.3,-2.369,0.0,-0.423,331.598,47.046,-10.316,967.653,1.23203504,13.954,-5.862,307.72,307.72
43.544,3.29,3.29,17.134,0.0,-0.969,-3.144,0.0,-0.405,331.609,46.984,-10.316,967.636,1.23193252,-8.858,-2.845,303.035,303.035
43.646,4.296,4.291,37.4,2.828,-2.606,-3.408,0.212,0.087,331.908,45.413,-10.293,967.625,1.22969949,2.824,-8.784,306.092,306.092
43.744,4.551,4.541,38.946,3.818,-2.855,-3.532,0.303,0.036,331.877,45.458,-10.328,967.62,1.22992826,-13.903,-7.22,301.593,301.593
43.845,4.595,4.579,23.249,4.891,-1.807,-4.207,0.392,-0.083,331.804,45.83,-10.334,967.641,1.23048961,20.363,-8.483,309.432,309.432
43.944,4.073,4.073,4.47,0.0,-0.317,-4.061,0.0,-0.336,331.651,46.833,-10.293,967.631,1.23161268,24.191,-8.091,309.794,309.794
44.044,5.399,5.397,8.588,1.452,-0.806,-5.336,0.137,-0.393,331.617,47.088,-10.278,967.607,1.23184001,21.732,-9.101,309.957,309.957
44.144,6.032,6.027,19.32,2.223,-1.994,-5.688,0.234,-0.332,331.653,46.731,-10.317,967.595,1.23155296,3.919,-6.657,308.143,308.143
44.245,5.735,5.735,34.234,0.0,-3.227,-4.742,0.0,0.107,331.92,45.281,-10.311,967.598,1.22957432,-23.798,-6.082,298.44,298.44
44.347,4.261,4.261,33.924,-0.784,-2.378,-3.536,-0.058,-0.352,331.641,46.846,-10.305,967.58,1.23162389,-22.457,-7.258,298.455,298.455
44.444,3.143,3.143,13.59,0.0,-0.739,-3.055,0.0,-0.499,331.552,47.355,-10.304,967.572,1.23227644,0.0,-5.802,306.667,306.667
44.544,3.589,3.586,6.773,2.42,-0.423,-3.561,0.152,-0.884,331.318,48.656,-10.317,967.582,1.23403275,23.92,-3.51,307.727,307.727
44.645,4.681,4.674,19.277,3.028,-1.543,-4.412,0.247,-0.699,331.43,48.048,-10.305,967.567,1.23317432,0.999,-7.173,307.573,307.573
44.744,5.194,5.194,37.202,0.67,-3.14,-4.137,0.061,-0.179,331.746,46.256,-10.306,967.575,1.23083699,-10.018,-3.513,302.431,302.431
44.846,4.299,4.299,43.921,-0.476,-2.982,-3.097,-0.036,-0.242,331.708,46.413,-10.32,967.567,1.23111069,-9.503,-2.802,303.736,303.736
44.947,3.609,3.609,25.27,-0.882,-1.541,-3.263,-0.056,-0.509,331.546,47.368,-10.31,967.544,1.23228633,21.504,-1.592,307.424,307.424
45.044,3.783,3.783,3.865,0.0,-0.255,-3.774,0.0,-0.357,331.638,46.824,-10.315,967.553,1.23161101,16.892,-2.211,306.06,306.06
45.146,4.146,4.143,9.794,2.122,-0.705,-4.083,0.154,-0.694,331.434,48.051,-10.299,967.569,1.23315299,-22.247,-1.836,299.946,299.946
45.245,5.42,5.415,29.875,2.277,-2.697,-4.696,0.215,-0.1,331.794,46.008,-10.301,967.54,1.23043537,19.911,-4.265,307.704,307.704
45.347,5.68,5.68,35.304,0.679,-3.282,-4.635,0.067,0.017,331.866,45.643,-10.294,967.541,1.22990978,11.187,-1.66,307.024,307.024
45.445,4.794,4.794,32.185,0.305,-2.553,-4.057,0.025,-0.181,331.745,46.285,-10.299,967.53,1.23078704,-7.149,-2.466,303.21,303.21
45.544,3.841,3.829,6.242,4.491,-0.416,-3.807,0.301,-0.127,331.778,46.163,-10.283,967.523,1.23053181,-22.024,-2.925,299.456,299.456
45.645,4.041,4.028,7.412,4.662,-0.52,-3.994,0.328,-0.578,331.504,47.642,-10.301,967.514,1.23256099,12.908,-1.92,306.698,306.698
45.745,4.461,4.459,34.545,1.712,-2.529,-3.673,0.133,-0.229,331.717,46.462,-10.295,967.484,1.23094189,-1.229,-7.516,305.702,305.702
45.844,5.371,5.355,44.088,4.431,-3.726,-3.847,0.415,0.098,331.915,45.413,-10.283,967.504,1.22949541,0.338,-3.862,305.802,305.802
45.944,4.381,4.38,43.339,1.401,-3.006,-3.186,0.107,-0.247,331.705,46.442,-10.317,967.495,1.23104084,11.9,-5.157,307.171,307.171
46.044,3.723,3.722,20.063,1.349,-1.277,-3.496,0.088,-0.47,331.57,47.355,-10.277,967.483,1.23202646,12.759,-8.573,308.478,308.478
46.144,3.566,3.563,2.401,2.377,-0.149,-3.56,0.148,-0.6,331.491,47.698,-10.306,967.475,1.23260748,12.761,-7.282,308.94,308.94
46.245,3.872,3.872,17.57,0.0,-1.169,-3.691,0.0,-0.389,331.619,46.988,-10.301,967.475,1.2316556,2.63,-8.437,306.781,306.781
46.344,5.611,5.608,36.512,2.085,-3.337,-4.507,0.204,-0.028,331.839,45.79,-10.294,967.486,1.230039,3.41,-6.009,306.89,306.89
46.444,4.998,4.998,45.844,-0.124,-3.586,-3.482,-0.011,-0.214,331.725,46.438,-10.289,967.474,1.23086452,2.158,-9.967,306.682,306.682
46.544,4.54,4.54,29.649,0.613,-2.246,-3.945,0.049,-0.038,331.832,45.767,-10.31,967.454,1.23004425,16.384,-9.98,310.431,310.431
46.645,4.653,4.63,16.442,5.685,-1.311,-4.441,0.461,-0.52,331.539,47.364,-10.32,967.44,1.23220301,19.245,-8.79,308.925,308.925
46.745,4.157,4.157,14.708,0.0,-1.055,-4.021,0.0,-0.303,331.672,46.827,-10.265,967.436,1.23121285,9.355,-6.438,306.827,306.827
46.845,4.758,4.758,30.125,0.0,-2.388,-4.115,0.0,-0.262,331.696,46.575,-10.295,967.444,1.23104,-10.869,-8.222,301.792,301.792
46.945,5.062,5.039,42.264,5.44,-3.389,-3.729,0.48,0.064,331.894,45.428,-10.31,967.437,1.22956324,-20.529,-5.424,299.682,299.682
47.045,4.189,4.188,43.354,1.205,-2.875,-3.046,0.088,-0.124,331.78,46.154,-10.283,967.405,1.23036993,-18.845,-6.611,299.884,299.884
47.146,2.794,2.793,13.229,1.401,-0.639,-2.719,0.068,-0.109,331.79,46.109,-10.281,967.42,1.23031902,-17.168,-6.887,301.199,301.199
47.247,3.024,3.019,350.2,3.369,0.514,-2.975,0.178,-0.591,331.496,47.817,-10.267,967.414,1.23248804,-18.411,-5.023,299.72,299.72
47.345,2.346,2.346,356.954,0.0,0.125,-2.342,0.0,-0.705,331.427,48.115,-10.293,967.414,1.233006,-21.804,-7.009,297.437,297.437
47.445,2.276,2.268,39.064,4.588,-1.43,-1.761,0.182,-35.399,309.607,100.0,-10.279,967.408,1.41291869,-31.501,-4.849,294.158,294.158
47.546,3.569,3.55,72.179,-5.927,-3.38,-1.087,-0.369,0.08,331.904,45.43,-10.295,967.419,1.22946918,-40.137,-3.855,289.543,289.543
47.646,0.204,0.171,106.644,32.999,-0.164,0.049,0.111,-0.172,331.751,46.248,-10.301,967.422,1.23060668,-37.907,-3.759,290.253,290.253
47.745,1.405,1.405,233.018,-0.188,1.122,0.845,-0.005,-0.444,331.586,47.304,-10.267,967.392,1.23179364,1.059,-6.875,305.556,305.556
47.845,1.599,1.557,295.506,13.282,1.405,-0.67,0.367,-1.283,331.076,50.286,-10.271,967.428,1.23564029,12.634,-8.709,307.989,307.989
47.945,1.137,0.94,113.325,-34.234,-0.863,0.372,-0.64,-0.422,331.599,47.142,-10.289,967.431,1.23174489,5.61,-9.178,306.62,306.62
48.046,3.015,2.921,89.348,-14.303,-2.921,-0.033,-0.745,0.064,331.895,45.482,-10.295,967.424,1.22954571,4.861,-5.592,305.738,305.738
48.145,1.373,1.333,98.222,-13.869,-1.319,0.191,-0.329,-0.163,331.757,46.222,-10.3,967.432,1.23057783,10.35,-7.857,307.416,307.416
48.245,0.845,0.845,251.637,1.108,0.802,0.266,0.016,-0.2,331.734,46.413,-10.282,967.417,1.23072326,26.465,-6.082,308.51,308.51
48.345,1.866,1.857,303.353,5.351,1.552,-1.021,0.174,-0.9,331.309,48.887,-10.272,967.425,1.2338984,28.916,-9.392,308.939,308.939
48.445,1.3,1.298,11.476,-3.005,-0.258,-1.272,-0.068,-0.628,331.474,47.803,-10.304,967.417,1.23266053,22.657,-13.101,311.169,311.169
48.545,2.936,2.928,76.562,-4.022,-2.848,-0.681,-0.206,0.294,332.034,44.766,-10.285,967.403,1.22848523,-19.155,-5.872,299.415,299.415
48.645,3.206,3.206,77.435,-1.155,-3.129,-0.697,-0.065,-0.099,331.795,46.046,-10.289,967.4,1.23025155,-30.996,12.288,300.265,300.265
48.745,0.424,0.418,32.221,-10.053,-0.223,-0.353,-0.074,0.034,331.877,45.663,-10.272,967.423,1.2296772,-4.105,-0.238,304.462,304.462
48.845,1.972,1.939,283.539,10.493,1.885,-0.454,0.359,-0.533,331.532,47.591,-10.272,967.413,1.23222232,3.73,-14.736,308.439,308.439
48.945,0.845,0.842,317.718,-5.2,0.566,-0.623,-0.077,-0.982,331.258,49.102,-10.293,967.418,1.23426569,8.947,-6.307,306.878,306.878
49.044,-99.53,-99.51,0.0,0.0,-99.4,-99.41,-99.42,-99.44,-99.43,31.862,-99.44,967.412,13.69949436,7.608,10.09,304.063,304.063
49.145,3.167,3.117,86.901,-10.194,-3.113,-0.169,-0.561,-0.108,331.79,46.077,-10.289,967.426,1.23032439,4.873,-10.645,307.026,307.026
49.246,1.388,1.244,78.346,-26.31,-1.218,-0.251,-0.615,-0.351,331.642,46.968,-10.271,967.415,1.23140419,7.726,-13.516,308.111,308.111
49.345,0.976,0.967,257.363,-7.708,0.944,0.212,-0.131,-0.52,331.539,47.489,-10.288,967.419,1.23217499,7.0,5.835,303.926,303.926
49.445,1.799,1.795,289.217,3.955,1.695,-0.591,0.124,-1.161,331.15,49.815,-10.277,967.409,1.23506272,5.01,-0.541,304.342,304.342
49.545,0.539,0.498,81.463,-22.568,-0.492,-0.074,-0.207,-0.663,331.452,48.024,-10.279,967.427,1.23283172,5.781,-16.05,308.902,308.902
49.643,-99.53,-99.51,0.0,0.0,-99.4,-99.41,-99.42,-99.44,-99.43,31.888,-99.44,967.426,13.69969177,4.658,-5.956,306.058,306.058
49.745,2.29,2.254,87.736,-10.204,-2.252,-0.089,-0.406,-0.224,331.719,46.508,-10.279,967.441,1.23086584,5.886,1.906,304.123,304.123
49.845,0.311,0.127,148.379,-65.923,-0.066,0.108,-0.284,-0.275,331.689,46.705,-10.272,967.422,1.23107088,4.975,-10.875,307.5,307.5
49.945,1.3,1.299,267.209,2.842,1.297,0.063,0.064,-0.666,331.451,48.099,-10.261,967.436,1.23285174,4.932,-12.832,307.028,307.028
50.045,0.728,0.716,316.591,-10.585,0.492,-0.52,-0.134,-0.972,331.265,49.08,-10.289,967.406,1.23420405,7.827,1.149,304.498,304.498
50.145,2.098,2.041,99.807,-13.404,-2.011,0.348,-0.486,0.129,331.934,45.326,-10.279,967.419,1.22924507,8.39,-2.864,305.569,305.569
50.243,-99.53,-99.51,0.0,0.0,-99.4,-99.41,-99.42,-99.44,-99.43,31.857,-99.44,967.393,13.69922543,7.069,-14.012,308.865,308.865
50.345,1.266,1.243,84.184,-11.034,-1.236,-0.126,-0.242,-0.092,331.8,46.022,-10.289,967.402,1.23022091,8.805,-8.827,307.355,307.355
50.445,1.223,1.177,270.34,15.64,1.177,-0.007,0.33,-0.17,331.752,46.231,-10.304,967.407,1.230582,11.247,4.646,305.163,305.163
50.545,2.281,2.172,295.912,17.737,1.954,-0.949,0.695,-1.007,331.243,49.227,-10.285,967.406,1.2343632,10.384,-2.102,306.073,306.073
50.645,1.559,1.394,307.318,-26.598,1.108,-0.845,-0.698,-0.928,331.292,49.031,-10.261,967.422,1.23402154,6.209,-14.005,308.628,308.628
50.743,-99.53,-99.51,0.0,0.0,-99.4,-99.41,-99.42,-99.44,-99.43,31.857,-99.44,967.412,13.69950199,4.941,-8.861,306.452,306.452
50.845,1.105,1.105,72.147,0.0,-1.052,-0.339,0.0,-0.106,331.791,45.972,-10.316,967.429,1.23032117,4.275,0.757,305.038,305.038
50.945,0.885,0.834,241.572,-19.601,0.734,0.397,-0.297,-0.253,331.702,46.528,-10.3,967.427,1.23097897,3.062,-10.747,306.986,306.986
51.044,20.283,18.38,225.088,-25.014,13.017,12.977,-8.577,-33.054,311.129,100.0,-10.304,967.426,1.39914775,3.732,-12.994,307.652,307.652
51.146,0.499,0.106,313.693,-77.717,0.077,-0.073,-0.488,-0.929,331.291,48.888,-10.299,967.421,1.23402619,7.559,0.968,305.288,305.288
51.247,1.586,1.391,96.723,-28.699,-1.381,0.163,-0.761,0.022,331.869,45.658,-10.285,967.417,1.22972453,8.939,-2.764,305.005,305.005
51.347,2.799,2.703,84.059,-15.063,-2.688,-0.28,-0.727,-0.205,331.731,46.408,-10.288,967.413,1.23074234,6.623,-14.889,308.007,308.007
51.445,0.966,0.761,67.25,-38.046,-0.702,-0.294,-0.595,-0.13,331.777,46.188,-10.279,967.418,1.2304101,7.909,-10.064,306.335,306.335
51.545,1.316,1.316,270.979,-0.827,1.316,-0.022,-0.019,-0.373,331.629,46.962,-10.293,967.411,1.23150122,8.24,1.856,304.511,304.511
51.645,1.923,1.889,293.856,10.795,1.727,-0.764,0.36,-0.998,331.249,49.179,-10.288,967.423,1.23434126,6.854,-4.006,305.717,305.717
51.745,0.955,0.864,119.466,-25.226,-0.752,0.425,-0.407,-0.25,331.704,46.56,-10.288,967.431,1.23096788,5.523,-13.763,308.071,308.071
51.843,-99.53,-99.51,0.0,0.0,-99.4,-99.41,-99.42,-99.44,-99.43,31.857,-99.44,967.411,13.6994772,6.346,-6.801,305.819,305.819
51.945,1.488,1.478,81.658,-6.928,-1.462,-0.214,-0.18,-0.041,331.831,45.769,-10.312,967.409,1.23000014,6.979,1.716,304.665,304.665
52.045,1.099,1.094,230.977,-5.728,0.85,0.689,-0.11,-0.068,331.814,45.888,-10.304,967.418,1.23013413,8.395,-5.313,305.968,305.968
52.146,1.219,1.211,269.335,6.371,1.211,0.014,0.135,-0.715,331.421,48.169,-10.288,967.416,1.23304999,8.1,-12.184,307.972,307.972
52.245,0.707,0.696,6.356,-10.257,-0.077,-0.691,-0.126,-0.908,331.304,48.936,-10.268,967.423,1.23393476,8.284,-5.035,305.79,305.79
52.344,-99.53,-99.51,0.0,0.0,-99.4,-99.41,-99.42,-99.44,-99.43,31.847,-99.44,967.417,13.69956112,7.308,1.677,304.847,304.847
52.447,1.694,1.687,85.089,-5.221,-1.681,-0.144,-0.154,-0.037,331.834,45.897,-10.273,967.428,1.23000312,4.383,-6.212,305.091,305.091
52.546,0.257,0.257,134.293,0.725,-0.184,0.179,0.003,-0.065,331.816,45.899,-10.299,967.427,1.2301327,3.393,-10.298,305.616,305.616
52.646,1.235,1.235,247.671,0.799,1.143,0.469,0.017,-0.645,331.463,47.874,-10.301,967.421,1.23274255,4.476,-1.997,305.361,305.361
52.746,0.906,0.287,264.269,-71.515,0.286,0.029,-0.86,-1.242,331.1,50.084,-10.285,967.438,1.23547065,5.581,-3.203,305.304,305.304
52.845,2.749,2.643,111.58,-15.957,-2.457,0.972,-0.756,-0.267,331.693,46.519,-10.315,967.441,1.2310636,6.338,-11.339,305.449,305.449
52.943,-99.53,-99.51,0.0,0.0,-99.4,-99.41,-99.42,-99.44,-99.43,31.876,-99.44,967.42,13.69961262,7.466,-7.057,306.622,306.622
53.045,1.641,1.627,91.572,-7.464,-1.626,0.045,-0.213,-0.101,331.793,45.889,-10.334,967.414,1.23028302,8.153,0.069,305.491,305.491
53.145,1.041,1.023,270.924,10.573,1.023,-0.017,0.191,-0.117,331.784,45.99,-10.321,967.406,1.23034227,8.171,-5.284,305.776,305.776
53.245,1.976,1.913,295.47,14.475,1.727,-0.823,0.494,-0.86,331.332,48.528,-10.328,967.418,1.23371387,7.017,-11.908,307.097,307.097
53.346,0.677,0.619,115.81,-23.91,-0.558,0.27,-0.275,-0.429,331.594,47.093,-10.31,967.409,1.23175347,7.347,-6.89,306.457,306.457
53.445,2.426,2.426,93.775,0.0,-2.421,0.16,0.0,0.645,332.247,43.547,-10.312,967.4,1.22690952,7.932,-3.411,305.823,305.823
53.546,1.751,1.751,81.119,0.0,-1.73,-0.27,0.0,0.163,331.955,45.139,-10.3,967.396,1.22906578,6.325,-9.136,306.065,306.065
53.647,0.673,0.659,242.055,11.641,0.582,0.309,0.136,0.29,332.031,44.668,-10.316,967.413,1.22852039,6.26,-11.311,307.139,307.139
53.747,1.688,1.688,279.146,0.0,1.667,-0.268,0.0,-0.45,331.582,47.157,-10.312,967.407,1.23184466,6.454,-5.005,304.828,304.828
53.845,0.972,0.967,303.79,5.769,0.804,-0.538,0.098,-0.849,331.339,48.49,-10.328,967.422,1.23367107,5.748,-5.606,305.587,305.587
53.943,-99.53,-99.51,0.0,0.0,-99.4,-99.41,-99.42,-99.44,-99.43,31.847,-99.44,967.418,13.69957829,4.715,-11.198,306.057,306.057
54.046,3.607,3.528,86.004,-12.018,-3.519,-0.246,-0.751,0.038,331.879,45.547,-10.301,967.419,1.22965813,4.923,-8.107,306.178,306.178
54.146,0.999,0.969,71.361,-14.065,-0.919,-0.31,-0.243,-0.167,331.754,46.255,-10.295,967.425,1.23058927,5.487,-2.947,304.279,304.279
54.247,1.28,1.272,233.839,-6.17,1.027,0.751,-0.138,-0.143,331.769,46.175,-10.294,967.413,1.23046303,5.815,-7.437,305.779,305.779
54.346,0.952,0.939,293.005,-9.251,0.865,-0.367,-0.153,-1.1,331.187,49.59,-10.278,967.408,1.23478615,6.137,-9.773,306.684,306.684
54.446,0.93,0.841,122.642,-25.344,-0.708,0.453,-0.398,-0.275,331.688,46.545,-10.315,967.404,1.23105121,7.116,-3.889,305.24,305.24
54.544,-99.53,-99.51,0.0,0.0,-99.4,-99.41,-99.42,-99.44,-99.43,31.805,-99.44,967.401,13.69934559,7.026,-2.996,305.727,305.727
54.647,2.363,2.277,86.097,-15.447,-2.272,-0.155,-0.629,-0.19,331.739,46.256,-10.316,967.434,1.23070824,5.834,-9.231,306.116,306.116
54.746,0.744,0.684,229.203,-23.146,0.518,0.447,-0.293,-0.102,331.793,46.015,-10.301,967.405,1.23027301,6.283,-8.018,306.536,306.536
54.846,1.211,1.205,252.109,5.881,1.146,0.37,0.124,-0.713,331.421,47.941,-10.346,967.406,1.23303676,7.838,-2.192,305.007,305.007
54.946,1.201,1.089,148.16,-24.924,-0.574,0.925,-0.506,-0.918,331.297,48.673,-10.344,967.415,1.23397315,8.639,-4.666,305.703,305.703
55.046,3.453,3.438,106.315,-5.338,-3.299,0.966,-0.321,0.211,331.983,44.869,-10.331,967.407,1.2288686,8.124,-10.651,307.827,307.827
55.146,2.978,2.941,94.075,-9.006,-2.934,0.209,-0.466,0.005,331.858,45.625,-10.31,967.418,1.22980571,7.445,-8.604,305.9,305.9
55.246,0.716,0.715,110.536,0.875,-0.67,0.251,0.011,0.064,331.893,45.286,-10.35,967.418,1.22954738,7.795,-2.924,304.83,304.83
55.346,1.521,1.502,230.742,8.899,1.163,0.951,0.235,-0.239,331.71,46.313,-10.344,967.406,1.23089194,6.017,-4.624,305.114,305.114
55.446,0.331,0.259,265.557,-38.423,0.258,0.02,-0.206,-0.989,331.253,48.857,-10.362,967.42,1.23430645,4.44,-11.783,307.543,307.543
55.545,2.048,1.965,154.36,-16.362,-0.85,1.771,-0.577,-0.762,331.391,48.122,-10.344,967.42,1.23327768,4.67,-7.325,305.653,305.653
55.646,-99.53,-99.51,0.0,0.0,-99.4,-99.41,-99.42,-99.44,-99.43,31.805,-99.44,967.421,13.69962215,5.439,-1.828,304.722,304.722
55.746,2.047,1.967,95.895,-16.086,-1.956,0.202,-0.567,-0.248,331.704,46.361,-10.34,967.429,1.23096192,6.085,-8.187,305.76,305.76
55.846,0.681,0.668,212.74,-11.02,0.361,0.562,-0.13,-0.314,331.664,46.595,-10.338,967.414,1.23124385,6.733,-10.04,306.837,306.837
55.947,0.912,0.91,255.089,3.661,0.879,0.234,0.058,-1.008,331.242,48.972,-10.351,967.417,1.23438895,8.343,-2.611,305.252,305.252
56.046,1.182,1.101,115.65,-21.336,-0.993,0.477,-0.43,-0.753,331.397,48.086,-10.344,967.429,1.2332449,8.353,-0.938,305.11,305.11
56.146,1.998,1.969,98.288,-9.818,-1.948,0.284,-0.341,0.028,331.872,45.402,-10.35,967.412,1.2296983,6.686,-7.738,305.983,305.983
56.246,2.604,2.568,90.719,-9.51,-2.568,0.032,-0.43,-0.08,331.806,45.716,-10.362,967.422,1.23019969,6.02,-8.055,306.802,306.802
56.346,0.357,0.354,141.467,-7.254,-0.221,0.277,-0.045,-0.013,331.847,45.559,-10.344,967.411,1.22988105,6.283,-1.373,305.032,305.032
56.445,1.44,1.436,250.442,4.074,1.353,0.481,0.102,-0.356,331.638,46.782,-10.326,967.408,1.23142505,6.641,-2.748,305.27,305.27
56.547,0.376,0.322,300.858,-31.122,0.276,-0.165,-0.194,-0.836,331.347,48.49,-10.316,967.41,1.23359466,7.348,-7.96,306.137,306.137
56.646,2.164,2.163,117.019,-2.263,-1.927,0.983,-0.085,-0.037,331.833,45.614,-10.351,967.408,1.22998488,7.593,-6.299,306.199,306.199
56.745,2.953,2.953,88.018,0.0,-2.952,-0.102,0.0,0.349,332.067,44.417,-10.332,967.415,1.22825587,7.568,-3.544,305.549,305.549
56.848,1.279,1.275,88.482,4.651,-1.275,-0.034,0.104,0.193,331.972,44.941,-10.328,967.417,1.22896302,6.932,-6.186,305.962,305.962
56.945,1.363,1.314,250.134,15.303,1.236,0.447,0.36,0.211,331.983,44.822,-10.344,967.425,1.22889161,5.048,-8.221,306.288,306.288
57.045,1.189,1.165,284.66,11.508,1.127,-0.295,0.237,-0.728,331.412,48.064,-10.328,967.434,1.23313975,5.233,-7.38,305.109,305.109
57.145,0.643,0.533,40.264,-34.053,-0.344,-0.407,-0.36,-0.793,331.373,48.256,-10.338,967.407,1.23340094,4.84,-6.772,305.079,305.079
57.244,-99.53,-99.51,0.0,0.0,-99.4,-99.41,-99.42,-99.44,-99.43,31.792,-99.44,967.429,13.69974136,4.729,-8.891,305.702,305.702
57.345,2.516,2.482,94.832,-9.537,-2.473,0.209,-0.417,-0.161,331.757,46.03,-10.351,967.416,1.23055577,6.019,-8.572,306.271,306.271
57.447,0.667,0.663,167.498,-5.6,-0.144,0.648,-0.065,-0.256,331.699,46.309,-10.362,967.427,1.23099875,6.878,-6.795,305.412,305.412
57.547,1.26,1.257,242.029,4.023,1.11,0.59,0.088,-0.586,331.499,47.553,-10.331,967.409,1.23246396,7.104,-7.822,306.188,306.188
57.645,0.613,0.231,33.853,-67.831,-0.129,-0.192,-0.568,-1.123,331.172,49.365,-10.356,967.413,1.23490477,7.299,-8.574,306.707,306.707
57.746,2.676,2.647,104.067,-8.501,-2.567,0.643,-0.396,-0.235,331.712,46.303,-10.344,967.414,1.23088694,7.174,-7.006,305.719,305.719
57.844,-99.53,-99.51,0.0,0.0,-99.4,-99.41,-99.42,-99.44,-99.43,31.75,-99.44,967.419,13.69959545,6.828,-5.901,305.781,305.781
57.946,1.3,1.293,85.741,5.653,-1.29,-0.096,0.128,-0.083,331.804,45.757,-10.354,967.411,1.23019993,6.519,-7.763,305.313,305.313
58.046,1.022,1.017,272.787,5.415,1.016,-0.049,0.096,-0.197,331.734,46.026,-10.385,967.4,1.23070288,6.747,-7.88,305.795,305.795
58.147,1.673,1.632,297.481,12.833,1.448,-0.753,0.372,-0.875,331.322,48.373,-10.383,967.408,1.23377776,7.496,-4.657,304.15,304.15
58.246,0.754,0.726,104.341,15.418,-0.704,0.18,0.2,-0.23,331.715,46.248,-10.354,967.414,1.23086381,7.166,-4.918,305.667,305.667
58.347,-99.53,-99.51,0.0,0.0,-99.4,-99.41,-99.42,-99.44,-99.43,31.761,-99.44,967.401,13.69933605,6.401,-9.221,306.327,306.327
58.446,1.951,1.95,83.672,-1.975,-1.938,-0.215,-0.067,0.204,331.978,44.744,-10.372,967.411,1.2289077,5.775,-7.966,306.585,306.585
58.547,0.73,0.684,235.93,20.404,0.566,0.383,0.254,0.182,331.965,44.811,-10.374,967.424,1.22902322,5.873,-3.804,304.989,304.989
58.646,1.358,1.358,264.797,0.0,1.352,0.123,0.0,-0.43,331.594,46.928,-10.354,967.409,1.23176003,5.89,-6.479,305.396,305.396
58.746,0.619,0.437,338.721,45.09,0.159,-0.407,0.438,-0.83,331.35,48.36,-10.344,967.423,1.23358715,5.265,-10.16,305.62,305.62
58.844,-99.53,-99.51,0.0,0.0,-99.4,-99.41,-99.42,-99.44,-99.43,31.734,-99.44,967.423,13.6996479,6.645,-7.154,305.89,305.89
58.946,-99.53,-99.51,0.0,0.0,-99.4,-99.41,-99.42,-99.44,-99.43,31.789,-99.44,967.407,13.69942951,6.987,-3.742,304.776,304.776
59.047,0.79,0.77,140.205,13.015,-0.493,0.592,0.178,-0.001,331.854,45.483,-10.354,967.418,1.22983789,6.793,-7.522,305.749,305.749
59.146,1.553,1.548,242.756,4.669,1.376,0.709,0.126,-0.29,331.678,46.406,-10.366,967.412,1.23113334,6.749,-10.013,306.392,306.392
59.246,0.751,0.744,295.774,7.986,0.67,-0.323,0.104,-1.045,331.219,49.017,-10.372,967.424,1.23456419,6.777,-5.265,305.386,305.386
59.346,2.139,2.084,115.559,-13.027,-1.88,0.899,-0.482,-0.374,331.627,46.693,-10.366,967.422,1.23152781,7.189,-3.85,304.844,304.844
59.445,-99.53,-99.51,0.0,0.0,-99.4,-99.41,-99.42,-99.44,-99.43,31.75,-99.44,967.414,13.69952011,6.807,-8.336,305.771,305.771
59.546,1.354,1.352,80.63,-3.482,-1.334,-0.22,-0.082,0.153,331.948,44.976,-10.354,967.418,1.22914386,6.61,-8.439,305.564,305.564
59.646,1.1,1.1,240.189,1.004,0.955,0.547,0.019,0.14,331.939,44.949,-10.374,967.42,1.22920835,7.597,-4.481,304.797,304.797
59.75,1.425,1.361,285.204,17.243,1.314,-0.357,0.422,-0.496,331.553,46.987,-10.399,967.408,1.23206222,7.581,-3.802,305.567,305.567
59.846,0.217,0.212,92.208,12.016,-0.212,0.008,0.045,-0.352,331.641,46.593,-10.372,967.417,1.23142111,6.486,-6.935,305.254,305.254
59.946,1.505,1.505,109.441,0.0,-1.419,0.501,0.0,0.493,332.154,43.774,-10.385,967.417,1.22761977,5.782,-7.861,306.156,306.156
60.046,2.347,2.345,98.101,-2.358,-2.322,0.33,-0.097,0.297,332.035,44.484,-10.362,967.436,1.2285229,5.264,-5.134,305.35,305.35
60.146,0.885,0.876,174.927,-8.276,-0.077,0.872,-0.127,0.069,331.896,45.164,-10.379,967.422,1.22953188,5.067,-4.701,304.867,304.867
60.246,1.67,1.64,238.119,10.969,1.392,0.866,0.318,-0.432,331.592,46.91,-10.361,967.418,1.23178172,5.475,-6.802,305.394,305.394
60.346,0.251,0.245,229.359,-12.334,0.186,0.159,-0.054,-0.984,331.256,48.731,-10.39,967.432,1.23430312,6.077,-6.502,305.698,305.698
60.444,-99.53,-99.51,0.0,0.0,-99.4,-99.41,-99.42,-99.44,-99.43,31.72,-99.44,967.427,13.69970894,6.985,-5.244,305.541,305.541
60.544,-99.53,-99.51,0.0,0.0,-99.4,-99.41,-99.42,-99.44,-99.43,31.761,-99.44,967.416,13.6995573,7.103,-5.885,305.962,305.962
60.646,1.709,1.689,98.704,-8.746,-1.67,0.256,-0.26,-0.281,331.683,46.289,-10.39,967.41,1.23109496,6.93,-6.744,305.809,305.809
60.746,1.164,1.159,210.669,-5.231,0.591,0.997,-0.106,-0.22,331.721,46.107,-10.383,967.417,1.23082721,6.522,-6.448,305.329,305.329
60.846,1.095,1.08,264.683,9.551,1.075,0.1,0.182,-0.873,331.324,48.41,-10.37,967.433,1.23379552,6.498,-6.215,305.938,305.938
60.947,1.654,1.626,121.711,-10.602,-1.383,0.855,-0.304,-0.559,331.514,47.247,-10.388,967.418,1.23236132,6.493,-7.172,305.286,305.286
61.047,3.533,3.51,103.985,-6.479,-3.406,0.848,-0.399,0.23,331.994,44.603,-10.389,967.407,1.22878945,6.689,-7.379,306.648,306.648
61.146,2.499,2.481,95.729,-6.92,-2.469,0.248,-0.301,-0.063,331.816,45.604,-10.378,967.422,1.23012614,7.021,-6.953,306.273,306.273
61.246,0.405,0.405,162.632,2.797,-0.121,0.386,0.02,-0.005,331.851,45.274,-10.415,967.413,1.22985458,7.024,-7.824,306.064,306.064
61.346,1.34,1.305,252.47,13.119,1.244,0.393,0.304,-0.431,331.592,46.804,-10.389,967.419,1.23178494,6.919,-8.135,306.222,306.222
61.446,0.194,0.172,219.553,27.668,0.109,0.132,0.09,-0.791,331.373,48.094,-10.378,967.411,1.23340094,6.724,-6.724,305.463,305.463
61.546,2.665,2.659,107.16,-3.718,-2.541,0.785,-0.173,0.224,331.991,44.744,-10.354,967.427,1.22883677,5.902,-7.508,305.964,305.964
61.645,-99.53,-99.51,0.0,0.0,-99.4,-99.41,-99.42,-99.44,-99.43,31.693,-99.44,967.415,13.69954014,5.116,-9.336,306.645,306.645
61.746,1.493,1.492,95.914,-1.422,-1.484,0.154,-0.037,-0.004,331.852,45.427,-10.372,967.414,1.22984815,5.513,-7.707,305.595,305.595
61.846,1.133,1.131,239.347,-3.047,0.973,0.577,-0.06,-0.142,331.768,45.804,-10.395,967.418,1.23047936,5.875,-5.425,305.243,305.243
61.946,0.768,0.74,270.179,-15.5,0.74,-0.002,-0.205,-0.851,331.337,48.16,-10.415,967.415,1.23367727,6.554,-7.292,306.056,306.056
62.046,0.725,0.391,86.565,-57.375,-0.39,-0.023,-0.611,-0.892,331.312,48.425,-10.385,967.422,1.23387253,6.919,-8.547,306.35,306.35
62.144,-99.53,-99.51,0.0,0.0,-99.4,-99.41,-99.42,-99.44,-99.43,31.693,-99.44,967.42,13.69960785,7.203,-6.118,305.43,305.43
62.246,1.867,1.858,100.632,-5.64,-1.826,0.343,-0.183,-0.115,331.784,45.73,-10.39,967.407,1.23034167,7.603,-4.615,304.754,304.754
62.346,0.833,0.817,185.512,-11.357,0.078,0.813,-0.164,-0.267,331.692,46.289,-10.377,967.414,1.23103452,7.021,-6.695,305.663,305.663
62.446,1.324,1.316,253.264,6.103,1.261,0.379,0.141,-0.859,331.332,48.254,-10.399,967.391,1.23368573,6.775,-7.956,306.57,306.57
62.546,0.657,0.569,144.827,-30.051,-0.328,0.465,-0.329,-0.992,331.25,48.641,-10.421,967.409,1.23431265,7.184,-5.612,306.146,306.146
62.647,3.211,3.134,108.19,-12.587,-2.977,0.978,-0.7,-0.104,331.791,45.7,-10.389,967.408,1.23029399,7.049,-5.221,305.462,305.462
62.747,3.42,3.355,93.293,-11.262,-3.349,0.193,-0.668,-0.108,331.788,45.573,-10.427,967.398,1.23030233,6.711,-7.821,306.119,306.119
62.846,1.234,1.234,108.586,-0.614,-1.17,0.393,-0.013,-0.151,331.762,45.879,-10.383,967.415,1.23051393,6.485,-8.18,306.035,306.035
62.947,1.224,1.215,230.13,6.93,0.932,0.779,0.148,-0.339,331.648,46.402,-10.412,967.405,1.23135054,6.337,-6.032,306.067,306.067
63.046,0.696,0.686,249.315,-9.751,0.642,0.242,-0.118,-0.91,331.3,48.404,-10.407,967.425,1.23395979,6.254,-6.057,305.664,305.664
63.147,2.424,2.374,113.557,-11.71,-2.176,0.949,-0.492,-0.129,331.776,45.68,-10.417,967.411,1.23041201,5.679,-8.229,305.694,305.694
63.246,3.882,3.877,105.443,-2.771,-3.737,1.032,-0.188,0.529,332.175,43.552,-10.415,967.407,1.22744739,5.35,-7.975,305.396,305.396
63.347,2.046,2.037,100.687,-5.379,-2.002,0.378,-0.192,0.026,331.87,45.246,-10.395,967.423,1.22972786,5.86,-6.088,305.701,305.701
63.447,0.991,0.99,210.413,2.724,0.501,0.854,0.047,-0.032,331.835,45.454,-10.39,967.432,1.22999704,6.191,-5.873,305.787,305.787
63.547,1.195,1.183,242.862,7.957,1.053,0.54,0.165,-0.584,331.499,47.251,-10.41,967.406,1.23246074,6.572,-6.953,305.917,305.917
63.646,0.776,0.73,154.064,-19.858,-0.319,0.657,-0.264,-0.862,331.33,48.253,-10.401,967.42,1.23373199,6.772,-6.425,305.717,305.717
63.749,-99.53,-99.51,0.0,0.0,-99.4,-99.41,-99.42,-99.44,-99.43,31.66,-99.44,967.413,13.69951534,6.857,-5.685,306.522,306.522
63.846,2.818,2.748,93.757,-12.823,-2.742,0.18,-0.625,-0.213,331.724,46.068,-10.388,967.432,1.23081696,6.803,-5.675,306.248,306.248
63.946,0.946,0.931,125.101,-10.449,-0.761,0.535,-0.172,-0.315,331.663,46.361,-10.401,967.407,1.2312429,6.905,-5.607,305.474,305.474
64.047,1.487,1.469,224.398,9.092,1.028,1.049,0.235,-0.599,331.49,47.297,-10.411,967.415,1.23253644,7.005,-5.634,306.479,306.479
64.147,0.949,0.948,170.473,-2.681,-0.157,0.935,-0.044,-1.146,331.157,49.128,-10.437,967.413,1.23501623,7.167,-5.608,305.608,305.608
64.247,3.051,3.03,117.878,-6.716,-2.678,1.417,-0.357,-0.166,331.753,45.842,-10.407,967.395,1.23055959,7.14,-5.79,305.633,305.633
64.344,-99.53,-99.51,0.0,0.0,-99.4,-99.41,-99.42,-99.44,-99.43,31.636,-99.44,967.4,13.69933319,6.745,-5.808,305.768,305.768
64.446,2.124,2.121,91.792,-3.076,-2.12,0.066,-0.114,-0.049,331.824,45.473,-10.4,967.405,1.23004091,6.069,-6.338,305.512,305.512
64.546,0.83,0.819,224.914,9.542,0.578,0.58,0.138,-0.098,331.794,45.594,-10.412,967.407,1.23026669,5.753,-7.021,305.308,305.308
64.647,0.825,0.756,251.65,23.667,0.717,0.238,0.331,-0.793,331.372,47.894,-10.432,967.424,1.2334286,5.732,-6.271,305.285,305.285
64.747,1.875,1.809,122.468,-15.196,-1.526,0.971,-0.491,-0.486,331.559,46.908,-10.411,967.414,1.2320261,5.613,-6.405,305.699,305.699
64.847,3.94,3.932,105.199,-3.522,-3.795,1.031,-0.242,0.429,332.114,43.828,-10.427,967.412,1.22790325,5.799,-8.069,305.993,305.993
64.947,2.302,2.302,100.386,1.117,-2.264,0.415,0.045,0.167,331.955,44.703,-10.418,967.413,1.22908056,6.263,-7.986,305.617,305.617
65.047,0.592,0.584,150.477,-8.98,-0.288,0.509,-0.092,0.044,331.88,45.132,-10.411,967.417,1.22964144,6.81,-6.319,305.708,305.708
65.147,1.487,1.413,231.875,18.204,1.111,0.872,0.465,-0.216,331.723,45.968,-10.418,967.428,1.23082662,6.999,-6.569,306.195,306.195
65.247,0.308,0.285,137.51,-22.289,-0.193,0.21,-0.117,-0.794,331.371,47.993,-10.407,967.4,1.23340201,6.711,-8.119,306.246,306.246
65.348,-99.53,-99.51,0.0,0.0,-99.4,-99.41,-99.42,-99.44,-99.43,31.65,-99.44,967.427,13.69970322,6.695,-8.155,306.066,306.066
65.444,-99.53,-99.51,0.0,0.0,-99.4,-99.41,-99.42,-99.44,-99.43,31.664,-99.44,967.404,13.69937706,6.867,-6.392,305.721,305.721
65.547,1.276,1.275,88.043,-1.621,-1.274,-0.044,-0.036,-0.174,331.747,45.758,-10.437,967.415,1.23062503,6.858,-6.239,306.162,306.162
65.646,0.871,0.871,229.505,0.514,0.662,0.566,0.008,-0.305,331.669,46.266,-10.418,967.415,1.2312094,6.999,-7.742,305.893,305.893
65.746,0.548,0.548,307.623,0.0,0.434,-0.335,0.0,-0.952,331.275,48.384,-10.45,967.401,1.23412204,6.99,-7.357,306.108,306.108
65.847,1.323,1.227,101.056,-22.014,-1.204,0.235,-0.496,-0.42,331.598,46.659,-10.418,967.414,1.23173165,7.072,-6.002,306.123,306.123
65.945,-99.53,-99.51,0.0,0.0,-99.4,-99.41,-99.42,-99.44,-99.43,31.65,-99.44,967.417,13.69956112,6.618,-6.484,305.802,305.802
66.047,2.73,2.716,88.098,-5.775,-2.715,-0.09,-0.275,-0.261,331.695,46.119,-10.418,967.405,1.23100019,6.038,-7.477,305.663,305.663
66.147,0.52,0.466,91.811,26.216,-0.466,0.015,0.23,-0.197,331.734,45.967,-10.4,967.403,1.23070633,5.73,-6.9,306.295,306.295
66.247,0.806,0.739,255.857,23.639,0.716,0.181,0.323,-0.61,331.483,47.331,-10.412,967.398,1.23256755,5.95,-5.69,306.068,306.068
66.347,0.804,0.721,133.228,-26.31,-0.525,0.494,-0.356,-0.761,331.391,47.739,-10.444,967.408,1.23326874,5.887,-6.218,305.615,305.615
66.447,3.572,3.559,99.864,-4.881,-3.507,0.61,-0.304,0.197,331.973,44.587,-10.423,967.412,1.22894669,6.008,-7.322,306.104,306.104
66.545,-99.53,-99.51,0.0,0.0,-99.4,-99.41,-99.42,-99.44,-99.43,31.66,-99.44,967.391,13.69920063,6.407,-6.726,306.599,306.599
66.647,1.62,1.61,90.391,-6.336,-1.61,0.011,-0.179,-0.088,331.8,45.542,-10.418,967.392,1.23020411,6.743,-5.943,304.558,304.558
66.747,0.839,0.833,237.958,6.647,0.706,0.442,0.097,-0.152,331.761,45.714,-10.429,967.422,1.23053062,6.891,-6.458,305.627,305.627
66.847,0.819,0.773,317.826,19.291,0.519,-0.573,0.27,-0.883,331.317,48.228,-10.428,967.404,1.23381221,6.803,-6.874,305.825,305.825
66.947,0.995,0.995,217.463,0.0,0.605,0.79,0.0,-0.804,331.365,48.053,-10.4,967.41,1.23345983,6.84,-7.092,306.37,306.37
67.045,-99.53,-99.51,0.0,0.0,-99.4,-99.41,-99.42,-99.44,-99.43,31.66,-99.44,967.4,13.69933319,6.687,-6.782,306.02,306.02
67.147,1.969,1.96,82.377,-5.599,-1.942,-0.26,-0.192,-0.282,331.682,46.112,-10.439,967.39,1.23107862,6.626,-6.555,306.458,306.458
67.247,0.172,0.17,209.871,7.236,0.085,0.148,0.022,-0.266,331.692,46.065,-10.437,967.413,1.23103666,6.771,-6.657,305.709,305.709
67.347,1.401,1.353,290.858,14.895,1.265,-0.482,0.36,-0.956,331.272,48.451,-10.437,967.41,1.23415411,6.56,-6.775,305.406,305.406
67.447,0.68,0.538,91.585,-37.725,-0.538,0.015,-0.416,-0.873,331.323,48.276,-10.405,967.418,1.23377991,6.483,-6.668,305.883,305.883
67.547,1.534,1.501,108.852,-12.018,-1.42,0.485,-0.319,-0.105,331.789,45.416,-10.468,967.427,1.23033023,6.25,-6.174,305.73,305.73
67.647,2.845,2.819,88.273,-7.63,-2.818,-0.085,-0.378,-0.05,331.824,45.414,-10.418,967.404,1.2300458,6.041,-6.173,305.134,305.134
67.747,0.622,0.616,90.633,-8.024,-0.616,0.007,-0.087,-0.065,331.814,45.394,-10.437,967.418,1.23013377,5.8,-6.414,305.51,305.51
67.847,1.568,1.554,235.606,7.858,1.282,0.878,0.214,-0.341,331.646,46.317,-10.437,967.411,1.2313695,5.937,-6.154,305.567,305.567
67.948,0.615,0.577,276.181,20.198,0.573,-0.062,0.212,-0.957,331.272,48.536,-10.416,967.407,1.23415029,6.241,-5.21,305.325,305.325
68.047,2.179,2.141,109.314,-10.612,-2.021,0.708,-0.401,-0.069,331.811,45.385,-10.444,967.417,1.2301544,6.372,-5.872,305.351,305.351
68.148,2.915,2.915,92.077,0.0,-2.913,0.106,0.0,0.542,332.182,43.444,-10.435,967.417,1.22740638,6.365,-6.673,305.929,305.929
68.247,1.539,1.539,85.712,0.0,-1.535,-0.115,0.0,-0.045,331.826,45.44,-10.407,967.401,1.23002231,6.704,-6.234,305.92,305.92
68.347,1.278,1.267,232.395,-7.408,1.004,0.773,-0.165,0.053,331.886,45.081,-10.417,967.42,1.22960579,6.866,-5.313,306.561,306.561
68.447,1.492,1.482,272.747,6.705,1.48,-0.071,0.174,-0.688,331.435,47.456,-10.45,967.407,1.23293304,6.8,-6.147,305.575,305.575
68.548,0.628,0.628,313.392,0.056,0.457,-0.432,0.001,-0.864,331.328,48.186,-10.421,967.415,1.23373878,6.901,-7.622,305.98,305.98
68.644,-99.53,-99.51,0.0,0.0,-99.4,-99.41,-99.42,-99.44,-99.43,31.65,-99.44,967.406,13.69941807,6.944,-7.353,306.17,306.17
68.747,1.468,1.468,78.996,0.0,-1.441,-0.28,0.0,0.002,331.854,45.049,-10.472,967.411,1.2298286,7.179,-6.334,305.275,305.275
68.847,0.842,0.836,231.342,-7.042,0.653,0.522,-0.103,0.221,331.987,44.437,-10.444,967.431,1.22886658,6.904,-6.915,305.13,305.13
68.948,1.943,1.943,265.425,0.0,1.937,0.155,0.0,-0.262,331.694,46.029,-10.444,967.435,1.23104692,6.706,-8.101,305.771,305.771
69.046,1.131,1.08,292.577,-17.32,0.997,-0.415,-0.337,-0.927,331.29,48.378,-10.429,967.407,1.23401439,6.534,-7.679,305.845,305.845
69.149,1.191,1.162,113.738,-12.658,-1.064,0.468,-0.261,0.052,331.885,45.1,-10.412,967.424,1.22961509,6.08,-7.098,305.213,305.213
69.244,-99.53,-99.51,0.0,0.0,-99.4,-99.41,-99.42,-99.44,-99.43,31.633,-99.44,967.416,13.69955444,5.737,-7.781,306.287,306.287
69.347,1.004,0.999,71.454,-5.373,-0.947,-0.318,-0.094,0.065,331.893,44.899,-10.456,967.422,1.22955728,5.823,-8.387,305.46,305.46
69.452,1.472,1.471,249.692,1.732,1.38,0.511,0.044,-0.179,331.745,45.845,-10.418,967.421,1.23065138,6.112,-7.415,306.317,306.317
69.548,2.301,2.299,286.93,2.714,2.199,-0.669,0.109,-0.846,331.339,48.034,-10.444,967.424,1.23367167,6.268,-6.865,306.156,306.156
69.648,0.736,0.733,321.301,-5.535,0.458,-0.572,-0.071,-0.423,331.596,46.528,-10.456,967.424,1.23176146,6.529,-7.685,305.859,305.859
69.747,2.241,2.241,64.94,-0.1,-2.03,-0.949,-0.004,0.395,332.093,43.843,-10.454,967.413,1.22806025,6.736,-7.78,305.999,305.999
69.847,3.247,3.238,79.195,-4.323,-3.18,-0.607,-0.245,0.032,331.872,44.95,-10.472,967.442,1.22973311,6.769,-6.862,305.689,305.689
69.945,8.75,0.694,59.89,-85.453,-0.6,-0.348,-8.723,-24.515,316.611,100.0,-10.45,967.411,1.35109425,6.807,-6.237,305.795,305.795
70.052,2.076,2.053,287.876,8.704,1.953,-0.63,0.314,-0.539,331.526,46.921,-10.456,967.423,1.23228014,6.88,-6.456,305.537,305.537
70.146,1.982,1.904,296.528,16.147,1.704,-0.85,0.551,-0.932,331.287,48.315,-10.45,967.417,1.23405409,6.733,-6.659,306.504,306.504
70.244,-99.53,-99.51,0.0,0.0,-99.4,-99.41,-99.42,-99.44,-99.43,31.65,-99.44,967.418,13.69957829,6.793,-6.701,305.628,305.628
70.347,3.013,2.981,86.169,-8.363,-2.974,-0.199,-0.438,-0.125,331.777,45.549,-10.449,967.425,1.2304157,6.742,-6.364,305.991,305.991
70.447,1.044,1.044,69.326,-1.701,-0.976,-0.368,-0.031,-0.176,331.746,45.739,-10.444,967.418,1.23063684,6.578,-6.212,305.998,305.998
70.548,1.152,1.152,254.591,-1.895,1.11,0.306,-0.038,-0.468,331.569,46.641,-10.466,967.421,1.23195875,6.31,-6.675,305.49,305.49
70.647,1.912,1.898,292.558,6.775,1.753,-0.728,0.226,-1.14,331.16,49.012,-10.462,967.423,1.23500609,6.125,-7.046,306.348,306.348
70.747,0.65,0.517,88.894,-37.315,-0.517,-0.01,-0.394,-0.458,331.575,46.653,-10.454,967.397,1.23188341,5.767,-6.729,305.602,305.602
70.844,-99.53,-99.51,0.0,0.0,-99.4,-99.41,-99.42,-99.44,-99.43,31.619,-99.44,967.422,13.69964314,5.743,-6.517,305.007,305.007
70.947,2.571,2.555,75.631,-6.339,-2.475,-0.634,-0.284,-0.353,331.639,46.408,-10.423,967.419,1.23143184,5.691,-6.933,305.497,305.497
71.047,0.598,0.576,256.34,-15.597,0.56,0.136,-0.161,-0.094,331.796,45.483,-10.44,967.421,1.23027098,5.966,-7.024,305.112,305.112
71.147,1.558,1.554,278.728,4.201,1.536,-0.236,0.114,-0.669,331.447,47.416,-10.444,967.398,1.23283768,6.322,-6.322,306.584,306.584
71.247,0.78,0.776,301.759,-6.18,0.66,-0.408,-0.084,-0.736,331.406,47.566,-10.466,967.427,1.23317993,6.645,-6.024,304.923,304.923
71.346,2.08,2.076,81.873,-3.662,-2.055,-0.293,-0.133,0.294,332.032,44.255,-10.429,967.441,1.228549,6.74,-6.553,306.212,306.212
71.451,2.825,2.761,86.423,-12.252,-2.755,-0.172,-0.599,0.023,331.867,45.062,-10.449,967.411,1.22973311,6.705,-6.528,306.012,306.012
71.547,0.722,0.714,57.82,-8.609,-0.604,-0.38,-0.108,0.056,331.888,44.972,-10.444,967.435,1.22961211,6.893,-5.7,305.008,305.008
71.647,1.545,1.545,274.08,0.0,1.541,-0.11,0.0,-0.287,331.679,46.166,-10.429,967.414,1.23112977,7.142,-5.044,305.855,305.855
71.747,2.069,2.011,294.693,13.536,1.827,-0.84,0.484,-0.963,331.268,48.409,-10.454,967.411,1.23418438,7.026,-5.563,305.562,305.562
71.846,1.862,1.085,314.334,-54.353,0.776,-0.758,-1.513,-0.799,331.367,47.802,-10.462,967.405,1.23343813,6.947,-6.231,306.189,306.189
71.944,-99.53,-99.51,0.0,0.0,-99.4,-99.41,-99.42,-99.44,-99.43,31.581,-99.44,967.407,13.69942188,6.79,-5.684,305.695,305.695
72.05,0.937,0.933,66.655,5.244,-0.857,-0.37,0.086,-0.168,331.751,45.768,-10.429,967.414,1.23059368,6.576,-5.087,305.702,305.702
72.146,1.049,1.02,244.029,-13.438,0.917,0.447,-0.244,-0.102,331.791,45.414,-10.466,967.425,1.23031545,6.11,-5.838,305.774,305.774
72.247,1.461,1.453,278.165,6.069,1.439,-0.206,0.155,-0.792,331.372,47.869,-10.437,967.419,1.2334187,5.855,-6.751,305.318,305.318
72.347,0.396,0.393,73.701,-7.495,-0.377,-0.11,-0.052,-0.768,331.386,47.717,-10.456,967.425,1.23332334,5.723,-6.414,305.901,305.901
72.447,1.694,1.677,98.964,-8.13,-1.657,0.261,-0.24,0.179,331.962,44.597,-10.437,967.426,1.22904825,6.018,-6.54,305.432,305.432
72.548,2.757,2.692,89.711,-12.514,-2.692,-0.014,-0.597,-0.082,331.803,45.364,-10.462,967.422,1.23022175,6.255,-7.34,305.548,305.548
72.648,0.283,0.221,168.193,-38.662,-0.045,0.216,-0.177,-0.06,331.817,45.318,-10.454,967.415,1.23010981,6.516,-7.734,306.001,306.001
72.747,1.42,1.414,261.073,5.087,1.397,0.219,0.126,-0.511,331.543,46.785,-10.467,967.413,1.23214293,6.844,-7.349,305.21,305.21
72.851,0.727,0.725,314.408,-3.733,0.518,-0.507,-0.047,-0.913,331.298,48.201,-10.462,967.41,1.23395681,6.806,-7.282,305.688,305.688
72.948,1.615,1.592,101.983,-9.792,-1.557,0.33,-0.275,0.079,331.901,44.893,-10.445,967.422,1.2294929,6.544,-7.989,306.166,306.166
73.045,-99.53,-99.51,0.0,0.0,-99.4,-99.41,-99.42,-99.44,-99.43,31.604,-99.44,967.41,13.6994648,6.627,-8.128,305.897,305.897
73.148,1.257,1.208,86.191,-16.079,-1.206,-0.08,-0.348,0.179,331.962,44.536,-10.454,967.413,1.22903085,6.755,-7.568,306.052,306.052
73.247,1.492,1.492,236.618,-0.741,1.246,0.821,-0.019,0.1,331.914,44.752,-10.466,967.432,1.22941422,7.01,-7.042,306.951,306.951
73.347,1.285,1.272,282.848,8.364,1.24,-0.283,0.187,-0.611,331.482,47.247,-10.435,967.418,1.2325995,6.99,-7.242,305.339,305.339
73.447,0.534,0.509,5.489,-17.474,-0.049,-0.507,-0.16,-0.744,331.401,47.546,-10.478,967.419,1.23320699,6.807,-7.494,305.898,305.898
73.547,-99.53,-99.51,0.0,0.0,-99.4,-99.41,-99.42,-99.44,-99.43,31.604,-99.44,967.426,13.69969463,6.537,-7.129,305.774,305.774
73.647,1.511,1.511,89.764,-1.161,-1.51,-0.006,-0.031,0.082,331.903,44.854,-10.454,967.415,1.2294718,6.228,-6.66,306.252,306.252
73.749,0.79,0.785,225.538,-6.645,0.56,0.55,-0.091,0.049,331.883,44.961,-10.454,967.414,1.2296195,5.833,-6.66,305.222,305.222
73.847,1.85,1.85,267.239,0.0,1.848,0.089,0.0,-0.721,331.415,47.527,-10.462,967.42,1.23310018,5.669,-6.915,305.613,305.613
73.947,0.926,0.753,291.59,-35.661,0.7,-0.277,-0.54,-1.152,331.152,49.017,-10.472,967.442,1.23508775,5.703,-6.859,305.897,305.897
74.047,2.053,1.946,108.062,-18.615,-1.85,0.603,-0.655,-0.231,331.713,45.903,-10.449,967.428,1.23089838,5.946,-6.627,305.83,305.83
74.147,2.766,2.729,90.585,-9.366,-2.729,0.028,-0.45,0.175,331.959,44.487,-10.472,967.421,1.22906435,6.24,-6.468,305.744,305.744
74.248,0.683,0.66,125.642,-14.723,-0.536,0.385,-0.173,0.143,331.94,44.631,-10.46,967.426,1.22921205,6.501,-6.678,305.71,305.71
74.347,1.726,1.698,245.524,10.448,1.545,0.703,0.313,-0.102,331.792,45.456,-10.454,967.427,1.23031235,6.604,-6.529,305.912,305.912
74.448,1.176,1.168,279.585,6.571,1.152,-0.194,0.135,-0.857,331.332,47.964,-10.472,967.436,1.23373759,6.763,-6.234,305.324,305.324
74.548,1.595,1.468,99.007,-23.053,-1.45,0.23,-0.625,-0.339,331.647,46.22,-10.462,967.409,1.2313621,6.789,-6.29,306.554,306.554
74.647,2.38,2.34,96.317,-10.527,-2.326,0.257,-0.435,0.445,332.123,43.721,-10.444,967.417,1.22784376,6.721,-6.524,306.383,306.383
74.748,2.249,2.205,104.901,-11.363,-2.131,0.567,-0.443,0.038,331.876,45.003,-10.452,967.41,1.22966301,6.796,-6.576,306.106,306.106
74.848,1.074,1.074,214.894,1.448,0.614,0.881,0.027,0.063,331.892,44.89,-10.46,967.434,1.22957957,6.868,-6.037,305.375,305.375
74.947,1.59,1.535,254.815,15.141,1.481,0.402,0.415,-0.578,331.502,47.066,-10.454,967.427,1.23246551,6.842,-5.916,306.157,306.157
75.047,0.397,0.28,283.249,-45.194,0.272,-0.064,-0.282,-0.995,331.248,48.453,-10.472,967.417,1.23434126,6.766,-6.481,306.28,306.28
75.145,-99.53,-99.51,0.0,0.0,-99.4,-99.41,-99.42,-99.44,-99.43,31.564,-99.44,967.412,13.69949722,6.27,-6.697,305.524,305.524
75.245,-99.53,-99.51,0.0,0.0,-99.4,-99.41,-99.42,-99.44,-99.43,31.578,-99.44,967.427,13.69971275,6.15,-6.046,305.803,305.803
75.348,0.633,0.613,143.461,-14.622,-0.365,0.492,-0.16,-0.149,331.763,45.587,-10.46,967.426,1.23052466,5.934,-5.864,305.017,305.017
75.45,1.69,1.684,250.139,4.491,1.584,0.572,0.132,-0.425,331.595,46.633,-10.429,967.433,1.23177707,5.994,-6.37,305.961,305.961
75.547,0.892,0.892,281.355,-1.809,0.874,-0.176,-0.028,-1.118,331.173,48.915,-10.466,967.429,1.23491228,6.151,-6.289,305.428,305.428
75.648,2.826,2.689,123.995,-17.909,-2.229,1.503,-0.869,-0.227,331.715,45.88,-10.452,967.421,1.23087108,6.36,-5.822,304.266,304.266
75.745,-99.53,-99.51,0.0,0.0,-99.4,-99.41,-99.42,-99.44,-99.43,31.604,-99.44,967.426,13.69968891,6.599,-5.934,305.352,305.352
75.848,1.256,1.211,108.124,-15.343,-1.151,0.377,-0.332,-0.072,331.81,45.313,-10.466,967.421,1.23017275,6.715,-6.191,305.607,305.607
75.948,1.505,1.483,234.648,-9.966,1.209,0.858,-0.261,-0.029,331.836,45.192,-10.46,967.428,1.22998822,6.813,-5.889,306.155,306.155
76.047,1.736,1.728,267.039,5.685,1.726,0.089,0.172,-0.754,331.395,47.605,-10.472,967.421,1.23325431,6.901,-5.855,305.703,305.703
76.147,0.356,0.217,145.959,-52.451,-0.122,0.18,-0.282,-0.775,331.382,47.685,-10.47,967.425,1.23335385,6.84,-6.356,305.983,305.983
76.247,2.77,2.623,107.265,-18.751,-2.504,0.778,-0.89,0.28,332.023,44.17,-10.466,967.41,1.22857642,6.912,-6.61,305.649,305.649
76.345,-99.53,-99.51,0.0,0.0,-99.4,-99.41,-99.42,-99.44,-99.43,31.537,-99.44,967.422,13.69964314,7.062,-6.549,305.552,305.552
76.447,1.309,1.235,198.67,-19.276,0.395,1.17,-0.432,0.105,331.917,44.636,-10.493,967.432,1.22939157,6.852,-6.799,305.594,305.594
76.548,2.339,2.325,241.18,6.07,2.037,1.121,0.247,-0.191,331.737,45.647,-10.482,967.432,1.23072422,6.736,-7.127,305.725,305.725
76.647,0.982,0.973,261.746,7.825,0.963,0.14,0.134,-0.924,331.292,48.2,-10.472,967.427,1.23403037,6.258,-7.539,305.843,305.843
76.745,-99.53,-99.51,0.0,0.0,-99.4,-99.41,-99.42,-99.44,-99.43,31.578,-99.44,967.416,13.6995573,5.954,-7.885,306.083,306.083
76.845,-99.53,-99.51,0.0,0.0,-99.4,-99.41,-99.42,-99.44,-99.43,31.551,-99.44,967.414,13.69952869,5.858,-8.108,305.652,305.652
76.948,1.203,1.198,116.076,5.153,-1.076,0.527,0.108,-0.133,331.772,45.517,-10.466,967.42,1.23044956,5.823,-7.98,306.812,306.812
77.047,1.672,1.659,214.655,-7.156,0.943,1.365,-0.208,-0.159,331.756,45.536,-10.484,967.414,1.23056102,5.945,-7.84,306.341,306.341
77.148,1.357,1.279,242.079,19.597,1.13,0.599,0.455,-0.937,331.283,48.229,-10.477,967.417,1.23407936,6.183,-7.927,306.657,306.657
77.247,1.684,1.664,126.812,-8.814,-1.332,0.997,-0.258,-0.638,331.465,47.248,-10.46,967.432,1.23274362,6.295,-7.967,305.993,305.993
77.347,3.579,3.532,106.07,-9.268,-3.394,0.978,-0.576,0.242,332.001,44.428,-10.427,967.434,1.22877312,6.424,-7.481,305.373,305.373
77.447,2.303,2.285,97.458,-7.168,-2.265,0.297,-0.287,-0.012,331.846,45.161,-10.454,967.409,1.22988808,6.517,-6.925,306.016,306.016
77.547,0.857,0.749,190.863,-29.067,0.141,0.736,-0.416,0.019,331.865,45.033,-10.46,967.426,1.22976804,6.399,-7.024,306.012,306.012
77.65,1.705,1.669,241.143,11.871,1.462,0.805,0.351,-0.497,331.551,46.758,-10.462,967.412,1.23208046,6.552,-6.969,306.254,306.254
77.747,0.767,0.765,190.996,-4.691,0.146,0.751,-0.063,-0.847,331.338,47.91,-10.478,967.415,1.2336688,6.782,-6.428,305.612,305.612
77.847,2.801,2.799,112.928,-2.019,-2.578,1.091,-0.099,0.337,332.058,43.971,-10.47,967.412,1.22832191,6.773,-6.247,305.214,305.214
77.945,-99.53,-99.51,0.0,0.0,-99.4,-99.41,-99.42,-99.44,-99.43,31.577,-99.44,967.414,13.69952583,6.928,-6.659,305.922,305.922
78.047,0.733,0.731,93.379,4.059,-0.729,0.043,0.052,0.255,332.009,44.341,-10.44,967.411,1.22868562,6.862,-6.588,305.642,305.642
78.149,2.032,1.993,227.978,11.267,1.481,1.334,0.397,0.124,331.929,44.715,-10.454,967.436,1.22930741,6.574,-5.968,305.624,305.624
78.247,1.227,0.964,262.327,38.22,0.955,0.129,0.759,-0.719,331.416,47.484,-10.472,967.429,1.23310852,6.265,-6.374,305.454,305.454
78.347,0.275,0.275,29.238,0.0,-0.134,-0.24,0.0,-0.721,331.414,47.428,-10.489,967.429,1.2331177,5.908,-7.103,305.428,305.428
78.446,-99.53,-99.51,0.0,0.0,-99.4,-99.41,-99.42,-99.44,-99.43,31.595,-99.44,967.432,13.69978237,5.756,-6.789,305.25,305.25
78.547,1.494,1.494,112.285,0.0,-1.383,0.567,0.0,-0.173,331.747,45.503,-10.506,967.43,1.23064709,-20.413,-3.853,297.942,297.942
78.647,1.55,1.545,202.17,-4.836,0.583,1.43,-0.131,-0.201,331.731,45.7,-10.478,967.428,1.23076558,3.884,-6.969,306.727,306.727
78.745,20.588,18.899,222.994,-23.365,12.888,13.824,-8.165,-33.013,311.154,100.0,-10.466,967.427,1.3989315,12.76,-6.885,308.087,308.087
78.847,0.848,0.677,140.814,-37.069,-0.428,0.524,-0.511,-0.866,331.327,48.067,-10.454,967.409,1.23374391,9.634,-4.242,306.1,306.1
78.947,3.114,3.111,114.512,-2.782,-2.83,1.291,-0.151,0.232,331.994,44.443,-10.432,967.419,1.2287997,6.87,-6.943,305.842,305.842
79.047,2.893,2.868,95.095,-7.57,-2.856,0.255,-0.381,0.1,331.914,44.734,-10.47,967.417,1.22939289,16.527,-7.791,309.396,309.396
79.147,0.689,0.687,121.194,-4.388,-0.588,0.356,-0.053,0.067,331.893,44.754,-10.495,967.433,1.22956443,2.567,-5.01,306.132,306.132
79.247,1.529,1.524,235.854,4.609,1.261,0.855,0.123,-0.118,331.782,45.542,-10.445,967.427,1.23038638,9.481,-5.357,307.325,307.325
79.348,0.679,0.678,237.923,3.53,0.574,0.36,0.042,-0.81,331.361,47.779,-10.478,967.415,1.23350036,-4.986,-6.471,304.974,304.974
79.448,2.455,2.453,122.542,-2.117,-2.068,1.32,-0.091,0.083,331.903,44.858,-10.452,967.44,1.22950077,7.733,-6.539,306.778,306.778
79.546,-99.53,-99.51,0.0,0.0,-99.4,-99.41,-99.42,-99.44,-99.43,31.578,-99.44,967.438,13.69987202,2.381,-5.645,305.416,305.416
79.648,1.437,1.412,108.876,10.778,-1.336,0.457,0.269,0.172,331.957,44.495,-10.472,967.425,1.22908199,3.206,-4.469,306.098,306.098
79.748,1.597,1.525,213.864,-17.322,0.85,1.266,-0.476,0.05,331.883,44.9,-10.47,967.437,1.22964644,-2.24,-6.669,304.195,304.195
79.848,1.859,1.764,227.158,18.429,1.293,1.199,0.588,-0.496,331.552,46.652,-10.489,967.429,1.23209751,6.969,-7.624,307.022,307.022
79.948,0.98,0.979,190.319,-2.065,0.175,0.964,-0.035,-0.738,331.405,47.609,-10.456,967.428,1.23318923,-4.32,-4.77,304.126,304.126
80.046,-99.53,-99.51,0.0,0.0,-99.4,-99.41,-99.42,-99.44,-99.43,31.606,-99.44,967.426,13.69968891,4.656,-6.574,307.751,307.751
80.148,2.88,2.879,118.406,1.45,-2.533,1.37,0.073,0.118,331.925,44.632,-10.482,967.416,1.22931266,2.015,-9.462,306.449,306.449
80.248,1.347,1.345,173.471,-3.692,-0.153,1.336,-0.087,-0.096,331.795,45.394,-10.466,967.435,1.23030019,6.287,-5.955,306.201,306.201
80.348,2.598,2.598,207.566,0.412,1.202,2.303,0.019,-0.527,331.533,46.863,-10.46,967.417,1.23221922,-1.645,-5.85,304.874,304.874
80.448,1.513,1.513,185.445,-1.434,0.144,1.506,-0.038,-0.871,331.323,47.966,-10.484,967.411,1.23377156,5.578,-7.849,307.017,307.017
80.548,3.121,3.121,137.708,0.264,-2.1,2.309,0.014,-0.081,331.804,45.32,-10.472,967.428,1.23022139,2.86,-7.979,306.679,306.679
80.648,3.652,3.652,119.391,0.094,-3.182,1.792,0.006,0.361,332.073,44.025,-10.433,967.433,1.22823858,-0.213,-6.161,305.489,305.489
80.748,1.994,1.987,140.015,4.865,-1.277,1.522,0.169,0.058,331.889,44.998,-10.435,967.406,1.22956693,6.079,-5.994,306.094,306.094
80.848,2.415,2.414,199.526,-0.58,0.807,2.276,-0.024,-0.158,331.757,45.651,-10.452,967.437,1.23058033,2.96,-7.423,306.851,306.851
80.948,1.882,1.882,204.545,0.0,0.782,1.712,0.0,-0.599,331.49,47.253,-10.422,967.433,1.23256063,0.334,-7.581,305.279,305.279
81.048,2.526,2.526,156.662,-0.857,-1.001,2.319,-0.038,-0.394,331.613,46.327,-10.483,967.444,1.23165739,3.697,-6.266,306.865,306.865
81.148,3.597,3.589,131.028,3.724,-2.708,2.356,0.234,0.443,332.122,43.694,-10.454,967.431,1.2278713,1.374,-6.934,306.196,306.196
81.248,2.878,2.874,129.955,3.006,-2.203,1.846,0.151,0.256,332.008,44.145,-10.495,967.45,1.22873831,0.269,-7.751,305.34,305.34
81.348,2.196,2.168,190.374,-9.229,0.39,2.132,-0.352,0.135,331.935,44.596,-10.478,967.457,1.22929037,4.799,-6.866,306.443,306.443
81.448,2.773,2.773,208.053,0.0,1.304,2.448,0.0,-0.335,331.65,46.174,-10.47,967.451,1.2313956,1.008,-6.621,307.041,307.041
81.548,2.546,2.546,170.467,-1.286,-0.422,2.511,-0.057,-0.729,331.41,47.525,-10.47,967.458,1.23318827,1.523,-7.227,305.179,305.179
81.646,-99.53,-99.51,0.0,0.0,-99.4,-99.41,-99.42,-99.44,-99.43,31.59,-99.44,967.459,13.70016098,0.437,-7.633,305.401,305.401
81.748,3.504,3.503,131.653,1.69,-2.617,2.328,0.103,0.232,331.994,44.282,-10.478,967.468,1.22886729,-0.721,-6.059,304.99,304.99
81.848,2.584,2.581,166.915,2.894,-0.584,2.514,0.13,0.008,331.858,45.037,-10.47,967.458,1.22986293,2.339,-6.006,306.117,306.117
81.948,3.861,3.861,201.434,-0.742,1.411,3.594,-0.05,-0.356,331.637,46.376,-10.435,967.475,1.23152101,0.813,-5.946,305.785,305.785
82.048,3.087,3.076,200.591,4.796,1.082,2.88,0.258,-0.89,331.312,48.127,-10.46,967.466,1.23392677,4.061,-6.984,306.744,306.744
82.148,3.004,3.004,155.574,0.159,-1.242,2.735,0.008,-0.456,331.575,46.539,-10.483,967.462,1.23196149,29.379,-6.168,308.549,308.549
82.249,3.426,3.42,125.51,3.39,-2.784,1.986,0.203,0.436,332.118,43.69,-10.46,967.478,1.22795916,1.507,-4.892,305.463,305.463
82.348,3.074,3.061,142.464,5.245,-1.865,2.427,0.281,0.1,331.914,44.706,-10.478,967.477,1.22947204,-33.988,-2.95,293.307,293.307
82.449,3.01,3.01,182.847,-0.641,0.149,3.006,-0.034,-0.035,331.832,45.267,-10.445,967.478,1.23007739,-32.4,-5.752,292.375,292.375
82.549,4.203,4.197,182.748,3.201,0.201,4.192,0.235,-0.396,331.612,46.395,-10.467,967.476,1.23170638,-32.742,-4.692,292.824,292.824
82.648,4.305,4.302,176.877,-2.168,-0.234,4.296,-0.163,-0.313,331.663,46.162,-10.454,967.46,1.2313081,-32.859,-3.464,292.916,292.916
82.748,5.297,5.277,177.719,5.051,-0.21,5.272,0.466,-0.214,331.723,45.883,-10.44,967.415,1.2308048,-34.749,-3.288,291.884,291.884
82.849,6.034,6.033,185.826,0.604,0.612,6.002,0.064,-0.197,331.733,45.659,-10.484,967.404,1.23071539,-40.446,-5.592,287.87,287.87
82.948,7.237,7.237,184.846,0.0,0.611,7.211,0.0,-0.06,331.817,45.318,-10.454,967.376,1.2300601,-12.798,-6.724,301.758,301.758
83.049,6.462,6.462,198.879,0.0,2.091,6.114,0.0,-0.17,331.75,45.637,-10.467,967.361,1.23053992,33.982,-2.532,306.42,306.42
83.148,5.484,5.478,199.986,2.492,1.872,5.148,0.238,-0.675,331.444,47.582,-10.405,967.37,1.23282385,38.19,-8.262,309.085,309.085
83.248,3.545,3.529,177.461,-5.465,-0.156,3.525,-0.338,-0.553,331.517,46.952,-10.46,967.383,1.23229289,34.129,-11.079,310.622,310.622
83.348,4.145,4.144,150.738,1.008,-2.026,3.615,0.073,0.281,332.024,44.184,-10.46,967.424,1.22858799,35.963,-6.389,309.123,309.123
83.448,2.702,2.702,184.264,0.643,0.201,2.694,0.03,0.182,331.964,44.484,-10.466,967.456,1.2290746,40.266,-3.603,306.515,306.515
83.548,3.904,3.901,213.678,1.923,2.163,3.247,0.131,0.023,331.867,45.046,-10.454,967.474,1.22981215,47.411,-5.552,305.679,305.679
83.648,2.877,2.836,242.288,9.698,2.511,1.319,0.485,-0.637,331.466,47.269,-10.454,967.493,1.23281562,58.249,-4.842,304.207,304.207
83.748,1.043,1.038,292.353,-5.388,0.96,-0.395,-0.098,-0.661,331.451,47.351,-10.454,967.502,1.23293424,60.786,-0.768,298.214,298.214
83.848,0.464,0.383,123.231,-34.299,-0.32,0.21,-0.261,0.344,332.062,44.056,-10.44,967.557,1.22847223,38.765,0.922,304.081,304.081
83.948,2.125,2.089,87.119,-10.641,-2.086,-0.105,-0.392,0.63,332.235,43.12,-10.449,967.571,1.2272104,19.388,-8.783,309.54,309.54
84.048,0.076,0.049,246.067,50.225,0.045,0.02,0.059,0.448,332.125,43.726,-10.44,967.578,1.22803378,3.746,-9.023,306.903,306.903
84.148,1.364,1.347,289.313,9.047,1.271,-0.445,0.214,0.094,331.911,44.847,-10.444,967.588,1.22963464,5.669,-8.947,308.351,308.351
84.249,1.257,1.257,328.228,-0.333,0.662,-1.068,-0.007,-0.206,331.728,45.838,-10.444,967.575,1.23097074,7.157,-14.39,309.388,309.388
84.352,1.569,1.544,14.042,-10.136,-0.375,-1.498,-0.276,-0.074,331.808,45.293,-10.474,967.589,1.23039687,13.281,-12.171,310.171,310.171
84.449,1.608,1.579,19.234,-10.733,-0.52,-1.491,-0.299,0.168,331.956,44.681,-10.423,967.599,1.2293148,26.154,-8.073,309.73,309.73
84.55,1.575,1.49,14.931,-18.908,-0.384,-1.44,-0.51,0.201,331.975,44.459,-10.456,967.547,1.22910309,34.975,-5.658,307.16,307.16
84.652,1.564,1.563,325.161,-0.355,0.893,-1.283,-0.01,0.106,331.917,44.692,-10.477,967.548,1.22953343,34.557,-6.81,308.76,308.76
84.748,2.817,2.812,324.895,3.46,1.617,-2.3,0.17,-0.581,331.5,47.089,-10.45,967.526,1.23260367,34.119,-5.981,308.184,308.184
84.848,2.123,2.123,348.697,1.195,0.416,-2.082,0.044,-0.261,331.695,46.08,-10.429,967.52,1.23114789,-11.537,-3.861,302.694,302.694
84.948,1.788,1.788,88.991,0.0,-1.788,-0.031,0.0,0.676,332.264,43.045,-10.429,967.499,1.22690582,-50.23,2.699,287.642,287.642
85.049,0.478,0.47,23.317,10.21,-0.186,-0.432,0.085,0.573,332.201,43.295,-10.45,967.507,1.2273829,-48.848,-6.211,283.192,283.192
85.149,1.49,1.487,248.401,-3.512,1.383,0.547,-0.091,0.626,332.234,43.127,-10.45,967.528,1.22716868,-43.402,-13.03,281.289,281.289
85.248,2.477,2.387,251.462,15.528,2.263,0.759,0.663,-0.016,331.844,45.185,-10.45,967.521,1.23004568,-19.927,-19.493,298.268,298.268
85.348,1.284,1.257,289.869,11.798,1.182,-0.427,0.263,-0.718,331.417,47.542,-10.456,967.526,1.2332238,7.44,-20.026,310.389,310.389
85.449,1.43,1.43,123.229,-1.153,-1.196,0.783,-0.029,-0.105,331.79,45.597,-10.418,967.533,1.23045886,-10.726,17.154,303.499,303.499
85.546,-99.53,-99.51,0.0,0.0,-99.4,-99.41,-99.42,-99.44,-99.43,31.65,-99.44,967.53,13.7011652,-6.411,-1.753,302.845,302.845
85.652,0.686,0.681,166.646,-6.891,-0.157,0.663,-0.082,0.163,331.953,44.682,-10.428,967.547,1.22927248,4.768,-38.991,318.139,318.139
85.749,2.638,2.629,227.607,4.824,1.941,1.772,0.222,-0.104,331.79,45.62,-10.411,967.555,1.23048365,2.863,15.279,304.042,304.042
85.849,1.829,1.793,255.406,11.513,1.735,0.452,0.365,-0.82,331.355,48.042,-10.418,967.543,1.23370135,8.617,0.55,305.653,305.653
85.949,1.464,1.175,137.119,-36.645,-0.799,0.861,-0.874,-0.311,331.665,46.268,-10.423,967.573,1.23143995,-0.872,-28.176,310.973,310.973
86.048,2.382,2.365,115.843,-6.708,-2.129,1.031,-0.278,0.526,332.173,43.498,-10.434,967.548,1.22764194,3.624,0.368,305.003,305.003
86.149,1.5,1.479,128.5,-9.52,-1.157,0.921,-0.248,0.277,332.021,44.257,-10.444,967.539,1.22875297,9.976,32.808,301.602,301.602
86.249,2.368,2.255,221.373,-17.746,1.491,1.692,-0.722,0.257,332.01,44.336,-10.439,967.529,1.2288264,5.684,-11.05,307.099,307.099
86.349,2.569,2.524,242.68,10.71,2.242,1.158,0.477,-0.437,331.588,46.702,-10.421,967.548,1.2319752,4.944,-25.806,311.819,311.819
86.449,1.373,1.373,247.894,0.0,1.272,0.517,0.0,-0.89,331.313,48.189,-10.444,967.514,1.23398387,12.681,-4.533,306.886,306.886
86.546,-99.53,-99.51,0.0,0.0,-99.4,-99.41,-99.42,-99.44,-99.43,31.65,-99.44,967.541,13.70131683,6.5,26.693,303.214,303.214
86.649,1.904,1.729,103.912,-24.719,-1.679,0.416,-0.796,0.482,332.147,43.814,-10.383,967.538,1.22782409,5.125,13.911,303.171,303.171
86.749,0.93,0.92,211.421,-8.395,0.48,0.785,-0.136,0.404,332.099,43.908,-10.428,967.543,1.2281853,1.478,-24.299,310.138,310.138
86.849,2.53,2.507,244.7,7.652,2.267,1.072,0.337,-0.01,331.847,45.293,-10.415,967.55,1.23005438,-0.278,-10.546,306.282,306.282
86.953,2.139,2.09,244.89,12.225,1.893,0.887,0.453,-1.045,331.218,48.759,-10.439,967.54,1.2347219,2.415,20.558,303.985,303.985
87.049,1.639,1.583,158.498,-14.959,-0.58,1.473,-0.423,-0.416,331.601,46.652,-10.415,967.537,1.23186707,2.116,-17.164,308.515,308.515
87.146,-99.53,-99.51,0.0,0.0,-99.4,-99.41,-99.42,-99.44,-99.43,31.66,-99.44,967.567,13.70168686,3.428,-23.028,310.887,310.887
87.249,1.698,1.665,146.222,-11.386,-0.926,1.384,-0.335,0.059,331.89,45.043,-10.422,967.553,1.22974718,3.485,14.455,303.486,303.486
87.349,2.717,2.717,214.446,-0.526,1.537,2.24,-0.025,-0.066,331.813,45.37,-10.445,967.546,1.23030627,3.754,-0.609,305.477,305.477
87.449,2.099,2.009,237.947,16.82,1.703,1.066,0.607,-0.612,331.482,47.319,-10.417,967.542,1.23276114,1.574,-29.684,312.262,312.262
87.549,1.435,1.319,156.51,-23.218,-0.526,1.21,-0.566,-0.628,331.472,47.336,-10.427,967.545,1.23283589,3.385,-6.321,306.218,306.218
87.649,2.844,2.816,134.703,-8.112,-2.002,1.981,-0.401,0.303,332.038,44.231,-10.428,967.543,1.22863793,9.026,18.182,302.404,302.404
87.749,1.85,1.844,122.012,4.898,-1.563,0.977,0.158,0.37,332.078,43.973,-10.44,967.542,1.22833836,6.61,-3.267,306.122,306.122
87.849,1.107,1.044,210.894,-19.351,0.536,0.896,-0.367,0.387,332.089,43.956,-10.429,967.535,1.22825098,2.111,-24.034,310.71,310.71
87.948,2.479,2.39,234.629,15.406,1.949,1.384,0.659,0.052,331.885,45.046,-10.428,967.545,1.22977054,1.462,-20.594,308.233,308.233
88.049,1.419,1.315,238.479,22.01,1.121,0.688,0.532,-0.704,331.425,47.532,-10.445,967.551,1.23319221,3.105,10.127,303.641,303.641
88.148,0.938,0.7,115.333,-41.716,-0.633,0.3,-0.624,-0.468,331.569,46.762,-10.434,967.555,1.23212767,1.869,-1.89,304.396,304.396
88.246,-99.53,-99.51,0.0,0.0,-99.4,-99.41,-99.42,-99.44,-99.43,31.705,-99.44,967.546,13.70139599,-0.343,-25.477,307.575,307.575
88.349,1.31,1.283,158.511,-11.565,-0.47,1.194,-0.263,0.13,331.932,44.815,-10.421,967.563,1.22944164,1.302,-14.62,305.608,305.608
88.448,3.281,3.276,210.545,-3.079,1.665,2.821,-0.176,-0.084,331.803,45.615,-10.393,967.534,1.23036194,4.841,4.375,303.013,303.013
88.549,2.563,2.483,238.736,14.356,2.122,1.288,0.635,-0.906,331.303,48.302,-10.429,967.542,1.23409152,4.35,-5.155,304.211,304.211
88.649,1.347,1.342,176.773,-4.867,-0.076,1.34,-0.114,-0.754,331.396,47.837,-10.411,967.545,1.23340535,2.166,-28.423,311.12,311.12
88.748,3.193,2.971,135.391,-21.507,-2.086,2.115,-1.171,0.156,331.949,44.767,-10.41,967.535,1.22928512,4.778,-21.681,309.992,309.992
88.849,1.046,1.017,136.879,13.545,-0.695,0.742,0.245,0.152,331.946,44.739,-10.422,967.532,1.22930098,7.665,9.138,303.223,303.223
88.949,2.664,2.645,211.88,-6.905,1.397,2.246,-0.32,0.261,332.013,44.447,-10.404,967.529,1.22880495,6.281,-7.815,305.931,305.931
89.05,2.803,2.784,243.884,6.733,2.499,1.225,0.329,-0.236,331.71,45.923,-10.449,967.533,1.23105597,2.907,-27.563,311.175,311.175
89.15,1.33,1.083,254.99,35.464,1.046,0.28,0.771,-0.636,331.467,47.314,-10.44,967.53,1.23285341,1.947,-18.112,307.571,307.571
89.248,1.516,1.493,120.479,-10.049,-1.287,0.757,-0.265,0.309,332.041,44.189,-10.434,967.533,1.22859836,4.873,1.993,304.097,304.097
89.346,-99.53,-99.51,0.0,0.0,-99.4,-99.41,-99.42,-99.44,-99.43,31.688,-99.44,967.557,13.70155239,2.215,-18.082,308.003,308.003
89.449,2.556,2.512,202.167,-10.619,0.948,2.327,-0.471,0.548,332.186,43.41,-10.44,967.557,1.22755921,0.834,-23.994,308.988,308.988
89.549,3.346,3.309,233.099,8.537,2.646,1.987,0.497,0.246,332.003,44.407,-10.429,967.547,1.22889698,2.835,6.421,304.142,304.142
89.648,2.797,2.766,244.85,8.48,2.504,1.176,0.412,-0.636,331.467,47.489,-10.394,967.547,1.23287284,4.226,-6.842,304.797,304.797
89.748,1.317,1.276,230.512,14.345,0.984,0.811,0.326,-0.644,331.463,47.456,-10.41,967.546,1.23290777,3.356,-20.162,308.034,308.034
89.846,-99.53,-99.51,0.0,0.0,-99.4,-99.41,-99.42,-99.44,-99.43,31.732,-99.44,967.528,13.70114422,4.462,-4.979,304.861,304.861
89.949,0.928,0.912,176.088,-10.829,-0.062,0.91,-0.174,0.313,332.044,44.299,-10.399,967.537,1.22858202,6.587,13.85,302.318,302.318
90.049,2.75,2.739,227.317,5.184,2.013,1.857,0.248,0.274,332.02,44.382,-10.411,967.533,1.2287519,6.145,-3.024,305.307,305.307
90.147,21.338,19.736,225.752,-22.338,14.138,13.771,-8.11,-32.665,311.379,100.0,-10.433,967.563,1.3971014,2.938,-16.918,307.698,307.698
90.248,1.307,1.28,277.101,11.802,1.27,-0.158,0.267,-0.771,331.385,47.872,-10.417,967.545,1.23348331,7.33,-2.568,305.835,305.835
90.348,1.16,1.159,121.773,-2.951,-0.985,0.61,-0.06,0.023,331.868,45.2,-10.411,967.55,1.22990298,6.197,12.716,303.945,303.945
90.448,2.23,2.007,105.15,-25.85,-1.937,0.524,-0.972,0.433,332.116,43.811,-10.429,967.554,1.2280705,5.026,0.779,304.156,304.156
90.549,1.393,1.38,206.56,-7.87,0.617,1.234,-0.191,0.484,332.148,43.735,-10.404,967.552,1.22783506,2.37,-14.201,307.283,307.283
90.651,2.27,2.235,237.849,10.041,1.892,1.189,0.396,0.143,331.941,44.784,-10.417,967.564,1.22938013,0.981,1.292,304.59,304.59
90.752,2.005,1.991,243.119,6.861,1.776,0.9,0.24,-0.748,331.399,47.855,-10.401,967.564,1.23340428,2.739,9.473,303.299,303.299
90.849,1.746,1.744,139.648,-2.658,-1.129,1.329,-0.081,-0.083,331.803,45.55,-10.411,967.553,1.23038507,2.106,-11.78,306.64,306.64
90.947,-99.53,-99.51,0.0,0.0,-99.4,-99.41,-99.42,-99.44,-99.43,31.77,-99.44,967.559,13.70157909,3.171,-7.524,306.644,306.644
91.05,1.427,1.396,168.103,-11.976,-0.288,1.366,-0.296,0.333,332.056,44.17,-10.417,967.542,1.22849894,3.67,6.307,304.406,304.406
91.148,2.837,2.834,213.011,2.3,1.544,2.377,0.114,0.344,332.062,44.16,-10.411,967.535,1.22844326,2.162,-2.374,304.955,304.955
91.249,2.304,2.12,237.597,23.054,1.79,1.136,0.902,-0.335,331.651,46.414,-10.405,967.549,1.23151445,3.119,-16.625,308.727,308.727
91.351,1.011,0.977,200.429,14.873,0.341,0.915,0.259,-0.662,331.451,47.351,-10.454,967.533,1.23297703,3.271,-9.343,307.242,307.242
91.446,-99.53,-99.51,0.0,0.0,-99.4,-99.41,-99.42,-99.44,-99.43,31.732,-99.44,967.54,13.70131016,4.963,5.329,304.945,304.945
91.546,-99.53,-99.51,0.0,0.0,-99.4,-99.41,-99.42,-99.44,-99.43,31.714,-99.44,967.531,13.7011795,4.943,-4.236,306.807,306.807
91.649,1.512,1.092,198.106,-43.739,0.339,1.038,-1.045,0.04,331.878,45.164,-10.405,967.527,1.22979712,4.1,-11.97,307.069,307.069
91.748,2.404,2.398,226.792,4.144,1.748,1.642,0.174,-0.364,331.632,46.507,-10.407,967.532,1.23162758,4.417,-12.524,306.883,306.883
91.849,1.419,1.407,238.041,7.487,1.194,0.745,0.185,-0.925,331.292,48.461,-10.405,967.53,1.23415864,4.447,-3.599,304.771,304.771
91.948,0.928,0.924,108.469,5.107,-0.877,0.293,0.083,-0.18,331.744,45.753,-10.444,967.538,1.23080826,3.345,3.774,304.163,304.163
92.047,-99.53,-99.51,0.0,0.0,-99.4,-99.41,-99.42,-99.44,-99.43,31.746,-99.44,967.537,13.70126438,2.006,-6.662,304.71,304.71
92.149,0.818,0.807,138.614,-9.477,-0.534,0.606,-0.135,0.318,332.047,44.26,-10.405,967.529,1.22854769,1.554,-8.555,305.45,305.45
92.251,2.317,2.303,223.975,6.289,1.599,1.657,0.254,0.119,331.926,44.898,-10.407,967.533,1.22944927,2.163,-0.308,304.173,304.173
92.349,2.247,2.247,251.379,0.0,2.129,0.717,0.0,-0.677,331.443,47.605,-10.401,967.531,1.23303711,3.251,0.287,303.565,303.565
92.45,0.67,0.656,177.481,-11.94,-0.029,0.655,-0.139,-0.701,331.428,47.781,-10.377,967.536,1.23315072,2.358,-9.164,305.04,305.04
92.551,2.502,2.474,117.513,-8.468,-2.195,1.143,-0.368,0.375,332.082,44.136,-10.389,967.54,1.22830653,2.171,-10.488,306.583,306.583
92.65,1.332,1.331,124.929,2.499,-1.091,0.762,0.058,0.302,332.037,44.286,-10.413,967.534,1.2286284,4.568,-0.347,304.462,304.462
92.75,1.767,1.755,209.812,-6.547,0.873,1.523,-0.201,0.186,331.967,44.608,-10.427,967.546,1.22916758,4.017,-9.676,307.202,307.202
92.851,2.705,2.644,239.848,12.218,2.286,1.328,0.572,-0.188,331.739,45.854,-10.424,967.536,1.23083925,3.984,-17.902,308.496,308.496
92.95,1.49,1.484,248.917,5.253,1.385,0.534,0.136,-0.913,331.299,48.412,-10.407,967.532,1.23410976,4.461,-11.755,306.972,306.972
93.051,-99.53,-99.51,0.0,0.0,-99.4,-99.41,-99.42,-99.44,-99.43,31.801,-99.44,967.558,13.70156956,4.593,-7.209,305.525,305.525
93.149,2.868,2.805,106.035,-11.966,-2.696,0.775,-0.595,0.213,331.983,44.615,-10.401,967.549,1.22904539,4.185,-15.119,308.513,308.513
93.25,1.206,0.608,229.514,-59.742,0.462,0.394,-1.041,0.102,331.916,44.997,-10.395,967.549,1.22954535,0.986,-19.541,308.431,308.431
93.351,2.618,2.612,226.807,-3.843,1.905,1.788,-0.175,-0.103,331.791,45.655,-10.401,967.546,1.2304666,0.611,-10.503,305.332,305.332
93.451,2.392,2.39,245.416,2.357,2.173,0.994,0.098,-0.912,331.299,48.442,-10.399,967.546,1.23412359,0.955,-9.486,305.05,305.05
93.549,1.498,1.281,158.157,-31.248,-0.477,1.189,-0.777,-0.556,331.516,47.209,-10.395,967.541,1.23250329,3.617,-14.689,307.279,307.279
93.651,3.497,3.349,115.493,-16.689,-3.023,1.442,-1.004,0.329,332.054,44.284,-10.389,967.533,1.22850454,2.684,-15.111,306.998,306.998
93.75,1.384,1.36,117.379,-10.743,-1.207,0.625,-0.258,0.167,331.956,44.827,-10.383,967.523,1.22921968,5.051,-11.457,306.508,306.508
93.854,2.124,2.115,208.767,-5.221,1.018,1.854,-0.193,0.15,331.945,44.862,-10.389,967.523,1.22929561,3.821,-3.824,305.189,305.189
93.949,1.905,1.901,245.891,3.722,1.735,0.777,0.124,-0.405,331.608,46.645,-10.407,967.531,1.23180819,4.313,-9.984,306.357,306.357
94.055,0.725,0.34,201.551,-62.093,0.125,0.316,-0.641,-0.663,331.451,47.522,-10.41,967.529,1.23297369,3.446,-12.175,306.501,306.501
94.151,2.757,2.707,120.833,-10.867,-2.325,1.388,-0.52,0.403,332.098,43.933,-10.421,967.547,1.22819388,3.936,-7.591,305.871,305.871
94.254,2.605,2.578,98.298,-8.355,-2.551,0.372,-0.379,0.428,332.113,43.816,-10.432,967.533,1.22806561,4.128,-3.598,305.162,305.162
94.35,1.171,1.17,197.093,-3.028,0.344,1.118,-0.062,0.382,332.086,44.049,-10.407,967.542,1.22827971,4.661,-4.252,304.716,304.716
94.449,2.232,2.195,238.319,10.527,1.868,1.153,0.408,0.09,331.909,45.04,-10.394,967.544,1.22959459,3.045,-10.219,305.306,305.306
94.551,1.261,1.24,246.394,10.482,1.136,0.497,0.229,-0.737,331.406,47.817,-10.401,967.536,1.23331642,2.509,-9.325,305.758,305.758
94.649,0.374,0.374,191.986,0.0,0.078,0.366,0.0,-0.554,331.518,47.204,-10.394,967.551,1.23250544,2.912,-3.687,305.317,305.317
94.751,-99.53,-99.51,0.0,0.0,-99.4,-99.41,-99.42,-99.44,-99.43,31.801,-99.44,967.545,13.70137501,2.725,-6.765,305.144,305.144
94.851,0.906,0.81,168.139,-26.666,-0.166,0.792,-0.407,-0.02,331.842,45.342,-10.41,967.539,1.23008192,2.913,-9.002,306.077,306.077
94.949,2.574,2.573,223.51,-1.919,1.771,1.866,-0.086,-0.085,331.803,45.759,-10.355,967.538,1.23036742,3.471,-10.615,306.637,306.637
95.049,2.253,2.253,251.929,0.0,2.142,0.699,0.0,-0.741,331.404,47.83,-10.401,967.549,1.23335004,3.877,-7.743,305.744,305.744
95.149,0.474,0.38,201.11,-36.734,0.137,0.354,-0.283,-0.883,331.318,48.367,-10.391,967.549,1.23399115,3.621,-7.534,305.475,305.475
95.251,2.126,1.984,128.804,-21.052,-1.546,1.243,-0.764,-0.196,331.735,46.02,-10.385,967.539,1.23087513,2.826,-11.36,306.413,306.413
95.349,1.738,1.716,103.929,-9.119,-1.665,0.413,-0.275,-0.023,331.84,45.389,-10.401,967.548,1.23010862,3.704,-10.621,306.953,306.953
95.454,1.283,1.245,199.646,-13.908,0.419,1.173,-0.308,0.002,331.855,45.369,-10.383,967.536,1.22997963,3.3,-9.281,306.417,306.417
95.554,2.206,2.193,243.779,6.43,1.967,0.969,0.247,-0.409,331.605,46.607,-10.421,967.539,1.23183882,4.685,-8.199,306.658,306.658
95.65,1.569,1.567,270.208,2.843,1.567,-0.006,0.078,-0.966,331.266,48.628,-10.401,967.539,1.23435915,4.063,-10.031,306.581,306.581
95.751,1.663,1.455,109.264,-28.929,-1.374,0.48,-0.804,-0.18,331.745,45.952,-10.389,967.538,1.23079956,3.271,-11.947,306.82,306.82
95.851,-99.53,-99.51,0.0,0.0,-99.4,-99.41,-99.42,-99.44,-99.43,31.812,-99.44,967.553,13.70149708,3.285,-8.559,305.646,305.646
95.95,0.498,0.426,99.362,-31.234,-0.42,0.069,-0.258,0.17,331.957,44.791,-10.391,967.542,1.22923064,2.562,-8.89,305.538,305.538
96.054,1.779,1.768,239.269,6.493,1.519,0.903,0.201,0.133,331.935,44.956,-10.378,967.545,1.22939801,2.53,-11.573,307.026,307.026
96.154,1.572,1.572,277.795,0.0,1.557,-0.213,0.0,-0.825,331.353,48.126,-10.401,967.526,1.23370099,3.028,-9.836,306.467,306.467
96.254,0.732,0.732,305.145,1.017,0.599,-0.421,0.013,-1.051,331.215,49.019,-10.378,967.554,1.23476028,3.853,-7.456,305.762,305.762
96.351,-99.53,-99.51,0.0,0.0,-99.4,-99.41,-99.42,-99.44,-99.43,31.801,-99.44,967.535,13.70123768,4.067,-7.461,306.898,306.898
96.454,0.669,0.625,140.644,20.809,-0.396,0.483,0.237,0.045,331.881,45.139,-10.407,967.538,1.22978687,3.433,-11.943,305.917,305.917
96.551,2.035,1.63,222.201,-36.753,1.095,1.208,-1.217,-0.092,331.798,45.701,-10.378,967.546,1.23041546,3.654,-7.521,305.926,305.926
96.648,8.789,1.739,231.475,-78.589,1.36,1.083,-8.615,-25.283,316.122,100.0,-10.41,967.533,1.35545015,4.119,-3.801,304.871,304.871
96.749,1.004,1.002,217.213,2.844,0.606,0.798,0.05,-1.19,331.131,49.586,-10.362,967.534,1.2353636,3.906,-6.554,305.686,305.686
96.849,2.064,1.991,134.468,-15.301,-1.421,1.395,-0.545,-0.396,331.613,46.625,-10.405,967.529,1.23176742,4.45,-7.901,305.49,305.49
96.951,-99.53,-99.51,0.0,0.0,-99.4,-99.41,-99.42,-99.44,-99.43,31.839,-99.44,967.546,13.70139599,3.798,-6.8,305.569,305.569
97.049,1.309,1.285,184.584,-10.988,0.103,1.281,-0.249,-0.03,331.836,45.446,-10.391,967.547,1.23013699,3.733,-3.155,305.043,305.043
97.149,2.98,2.96,229.655,6.729,2.256,1.916,0.349,-0.146,331.765,45.833,-10.391,967.533,1.2306422,3.851,-6.633,305.688,305.688
97.251,2.407,2.329,241.907,14.64,2.055,1.097,0.608,-1.084,331.195,49.107,-10.385,967.543,1.23489439,2.762,-8.826,306.17,306.17
97.35,1.296,1.172,162.109,-25.279,-0.36,1.115,-0.553,-0.727,331.412,47.781,-10.401,967.54,1.23327434,3.218,-7.928,305.749,305.749
97.449,2.859,2.813,132.285,-10.287,-2.081,1.893,-0.511,0.178,331.962,44.684,-10.414,967.537,1.2291919,2.63,-6.623,305.978,305.978
97.551,1.74,1.74,125.617,0.317,-1.414,1.013,0.01,-0.046,331.826,45.483,-10.395,967.536,1.23019481,3.768,-7.664,305.945,305.945
97.65,2.769,2.759,211.706,-4.705,1.45,2.347,-0.227,0.014,331.863,45.302,-10.391,967.542,1.22993302,3.429,-12.522,307.725,307.725
97.749,2.891,2.816,240.727,13.097,2.456,1.377,0.655,-0.612,331.482,47.408,-10.394,967.522,1.2327348,2.851,-10.233,306.776,306.776
97.854,1.822,1.794,237.694,10.035,1.516,0.959,0.317,-1.075,331.201,49.055,-10.391,967.529,1.23483789,4.086,-7.369,306.114,306.114
97.951,-99.53,-99.51,0.0,0.0,-99.4,-99.41,-99.42,-99.44,-99.43,31.828,-99.44,967.537,13.70126724,3.029,-10.403,306.212,306.212
98.051,-99.53,-99.51,0.0,0.0,-99.4,-99.41,-99.42,-99.44,-99.43,31.801,-99.44,967.531,13.70118523,4.085,-11.681,306.33,306.33
98.149,1.371,1.337,182.691,-12.727,0.063,1.336,-0.302,-0.14,331.77,45.898,-10.367,967.532,1.23060918,3.58,-10.306,306.367,306.367
98.251,16.957,15.799,222.528,-21.297,10.68,11.643,-6.159,-24.839,316.406,100.0,-10.385,967.537,1.35302353,4.381,-7.078,305.838,305.838
98.349,1.725,1.593,236.175,22.554,1.324,0.887,0.662,-1.08,331.198,49.187,-10.362,967.532,1.23486209,3.523,-8.736,306.765,306.765
98.449,1.879,1.852,138.488,-9.818,-1.227,1.387,-0.32,-0.429,331.594,46.787,-10.391,967.528,1.23191178,2.756,-11.121,305.746,305.746
98.551,-99.53,-99.51,0.0,0.0,-99.4,-99.41,-99.42,-99.44,-99.43,31.812,-99.44,967.548,13.70142365,2.689,-7.763,305.484,305.484
98.65,1.94,1.94,142.719,-0.692,-1.175,1.543,-0.023,-0.054,331.821,45.509,-10.395,967.526,1.23021674,2.603,-8.557,304.802,304.802
98.75,3.128,3.12,207.593,-4.128,1.445,2.765,-0.225,-0.069,331.812,45.506,-10.41,967.537,1.23030341,4.259,-9.097,306.461,306.461
98.85,1.994,1.922,224.638,15.452,1.351,1.368,0.531,-0.651,331.459,47.685,-10.356,967.526,1.23290968,3.679,-7.065,305.86,305.86
98.955,1.386,1.362,164.121,-10.737,-0.373,1.31,-0.258,-0.806,331.364,48.095,-10.391,967.541,1.23363256,5.142,-7.556,306.022,306.022
99.055,3.077,3.071,127.548,-3.564,-2.435,1.872,-0.191,0.273,332.02,44.477,-10.385,967.536,1.2287612,0.979,-6.67,304.769,304.769
99.151,-99.53,-99.51,0.0,0.0,-99.4,-99.41,-99.42,-99.44,-99.43,31.825,-99.44,967.531,13.70117474,4.131,-10.647,306.345,306.345
99.25,2.186,2.183,213.15,-3.333,1.193,1.827,-0.127,0.387,332.089,44.134,-10.379,967.532,1.22824287,2.476,-5.294,304.735,304.735
99.35,2.695,2.651,243.164,10.396,2.365,1.197,0.486,0.063,331.892,45.141,-10.391,967.527,1.22969306,4.011,-5.636,305.549,305.549
99.45,1.344,1.276,254.931,18.313,1.232,0.332,0.422,-0.791,331.373,48.072,-10.383,967.531,1.23355162,3.79,-7.86,305.676,305.676
99.551,-99.53,-99.51,0.0,0.0,-99.4,-99.41,-99.42,-99.44,-99.43,31.842,-99.44,967.535,13.70123768,3.027,-10.454,306.293,306.293
99.651,-99.53,-99.51,0.0,0.0,-99.4,-99.41,-99.42,-99.44,-99.43,31.798,-99.44,967.551,13.70146561,3.671,-9.764,305.921,305.921
99.75,0.988,0.528,172.747,-57.702,-0.067,0.524,-0.835,0.083,331.905,45.023,-10.405,967.563,1.22964883,3.556,-6.553,305.699,305.699
99.85,2.571,2.569,226.275,2.245,1.856,1.775,0.101,0.018,331.865,45.253,-10.401,967.537,1.22990906,2.863,-10.478,305.879,305.879
99.95,2.239,2.225,252.087,6.421,2.117,0.684,0.25,-0.805,331.365,48.075,-10.395,967.541,1.2336278,3.238,-13.515,306.596,306.596
100.05,0.804,0.785,159.345,-12.574,-0.277,0.734,-0.175,-0.695,331.431,47.579,-10.424,967.537,1.2331295,3.018,-11.133,306.238,306.238
100.15,2.075,2.056,125.515,-7.788,-1.674,1.195,-0.281,0.126,331.931,44.917,-10.395,967.542,1.22942686,3.806,-8.432,306.439,306.439
100.25,1.639,1.639,120.471,-0.115,-1.413,0.831,-0.003,0.034,331.874,45.222,-10.395,967.548,1.2298528,4.129,-10.618,306.645,306.645
100.35,1.987,1.974,206.336,-6.557,0.876,1.769,-0.227,-0.088,331.801,45.682,-10.379,967.534,1.23037994,2.791,-15.019,307.631,307.631
100.45,2.456,2.412,238.502,10.866,2.057,1.26,0.463,-0.691,331.434,47.564,-10.424,967.545,1.23312068,2.938,-12.295,306.702,306.702
100.55,1.354,1.327,235.247,11.438,1.09,0.756,0.268,-1.174,331.14,49.395,-10.395,967.544,1.23530579,3.569,-8.022,305.404,305.404
100.65,2.247,2.187,128.282,-13.283,-1.717,1.355,-0.516,-0.255,331.699,46.162,-10.401,967.54,1.23114288,3.096,-10.108,306.07,306.07
100.751,-99.53,-99.51,0.0,0.0,-99.4,-99.41,-99.42,-99.44,-99.43,31.812,-99.44,967.543,13.70135117,3.531,-12.209,306.597,306.597
100.85,2.041,1.969,204.228,-15.267,0.808,1.795,-0.537,-0.055,331.821,45.496,-10.399,967.524,1.23021877,3.171,-12.334,306.612,306.612
100.952,2.844,2.82,228.548,7.396,2.114,1.867,0.366,-0.286,331.681,46.322,-10.385,967.543,1.2312845,3.81,-8.276,305.634,305.634
101.055,2.244,2.236,246.792,4.818,2.055,0.881,0.188,-1.101,331.185,49.058,-10.414,967.517,1.23494124,3.523,-8.606,305.729,305.729
101.15,0.88,0.83,228.412,19.395,0.62,0.551,0.292,-1.092,331.19,48.984,-10.424,967.534,1.23492503,2.842,-12.177,306.422,306.422
101.251,-99.53,-99.51,0.0,0.0,-99.4,-99.41,-99.42,-99.44,-99.43,31.828,-99.44,967.556,13.70153141,3.041,-10.573,305.943,305.943
101.35,0.648,0.638,127.11,9.821,-0.509,0.385,0.11,-0.217,331.722,46.077,-10.389,967.54,1.23096991,3.305,-9.122,305.47,305.47
101.45,1.739,1.725,228.217,-7.302,1.286,1.149,-0.221,-0.199,331.733,46.028,-10.385,967.543,1.2308917,3.733,-7.852,305.364,305.364
101.555,2.746,2.717,259.955,8.388,2.675,0.474,0.401,-0.787,331.376,47.996,-10.399,967.533,1.23353851,3.432,-9.588,306.079,306.079
101.65,1.332,1.325,289.026,5.933,1.253,-0.432,0.138,-1.177,331.138,49.29,-10.424,967.534,1.23530948,26.609,-11.802,309.922,309.922
101.75,1.098,0.789,51.815,-44.079,-0.62,-0.487,-0.764,-0.013,331.846,45.378,-10.394,967.546,1.23005879,30.742,-9.837,308.903,308.903
101.85,2.335,2.198,61.214,-19.682,-1.927,-1.059,-0.786,0.092,331.91,45.013,-10.399,967.548,1.22958839,30.263,-11.097,310.083,310.083
101.95,1.293,1.193,37.833,-22.63,-0.732,-0.943,-0.498,0.099,331.914,45.021,-10.391,967.528,1.22953022,25.247,-10.568,309.426,309.426
102.05,2.056,2.024,289.437,10.205,1.908,-0.673,0.364,-0.029,331.836,45.432,-10.394,967.521,1.23010015,-18.523,-7.914,299.541,299.541
102.15,2.181,2.181,274.968,0.0,2.172,-0.189,0.0,-0.672,331.446,47.674,-10.379,967.533,1.2330184,-40.14,-7.58,287.735,287.735
102.25,0.773,0.762,91.484,-9.552,-0.762,0.02,-0.128,-0.236,331.711,46.102,-10.399,967.518,1.23102891,-6.32,-12.638,304.325,304.325
102.35,1.757,1.702,80.629,-14.389,-1.679,-0.277,-0.437,0.56,332.194,43.567,-10.383,967.54,1.22747469,20.477,-11.641,309.588,309.588
102.45,1.604,1.565,78.307,-12.593,-1.533,-0.317,-0.35,0.444,332.124,43.951,-10.379,967.539,1.22799456,-18.359,-13.219,299.337,299.337
102.55,1.653,1.653,265.355,0.0,1.648,0.134,0.0,0.454,332.129,43.828,-10.405,967.511,1.22791731,0.103,-12.344,306.107,306.107
102.65,3.019,3.019,280.731,0.0,2.967,-0.562,0.0,-0.396,331.614,46.72,-10.379,967.528,1.23176074,24.445,-9.937,309.84,309.84
102.75,2.298,2.288,295.428,5.225,2.066,-0.982,0.209,-0.51,331.544,47.055,-10.394,967.535,1.2322886,31.378,-13.7,311.393,311.393
102.851,0.921,0.881,2.692,16.883,-0.041,-0.88,0.267,-23.924,316.989,100.0,-10.372,967.523,1.3480376,26.759,-13.326,310.767,310.767
102.95,2.029,1.982,49.243,-12.441,-1.501,-1.294,-0.437,0.207,331.98,44.677,-10.389,967.519,1.22903466,23.485,-11.495,309.548,309.548
103.05,0.564,0.564,35.158,0.385,-0.325,-0.461,0.004,0.069,331.896,45.07,-10.405,967.51,1.22964621,-29.601,-5.899,294.94,294.94
103.15,1.732,1.729,287.741,3.294,1.646,-0.527,0.099,-0.338,331.648,46.464,-10.395,967.498,1.23146534,-7.64,-11.409,303.528,303.528
103.25,2.3,2.269,299.629,9.348,1.972,-1.122,0.374,-0.986,331.255,48.736,-10.391,967.5,1.2343986,9.296,-13.152,309.226,309.226
103.35,0.763,0.754,335.863,-8.806,0.308,-0.688,-0.117,-0.536,331.529,47.201,-10.379,967.491,1.23234737,13.25,-18.26,311.194,311.194
103.45,3.241,3.225,70.535,-5.549,-3.041,-1.075,-0.313,0.195,331.973,44.708,-10.391,967.498,1.22906113,19.003,-9.045,309.249,309.249
103.55,2.713,2.685,62.756,-8.192,-2.387,-1.229,-0.387,-0.143,331.767,45.851,-10.383,967.482,1.23056459,22.329,-7.174,308.029,308.029
103.65,0.59,0.571,347.848,14.395,0.12,-0.558,0.147,-0.159,331.757,45.865,-10.394,967.478,1.23063242,-17.925,-5.736,299.93,299.93
103.75,1.772,1.771,282.771,2.198,1.727,-0.391,0.068,-0.754,331.396,47.879,-10.399,967.489,1.23333108,-38.279,-9.475,287.184,287.184
103.85,0.758,0.738,309.224,-12.963,0.572,-0.467,-0.17,-0.476,331.565,46.925,-10.397,967.469,1.23204935,6.42,-15.43,309.014,309.014
103.951,2.844,2.832,70.238,-5.228,-2.665,-0.957,-0.259,0.317,332.047,44.372,-10.374,967.478,1.22848582,21.34,-16.337,311.126,311.126
104.05,1.525,1.468,92.247,-15.685,-1.467,0.058,-0.412,0.223,331.99,44.636,-10.385,967.486,1.22891831,-34.198,-0.367,294.085,294.085
104.15,1.718,1.595,223.747,-21.785,1.103,1.152,-0.638,0.287,332.028,44.396,-10.395,967.459,1.22859871,1.821,-5.191,305.111,305.111
104.25,2.274,2.262,283.827,5.916,2.197,-0.541,0.234,-0.167,331.753,45.922,-10.385,967.459,1.23064113,27.193,-14.603,311.082,311.082
104.35,1.477,1.474,305.602,3.519,1.199,-0.858,0.091,-0.475,331.565,46.914,-10.399,967.463,1.23203897,15.91,-16.02,311.304,311.304
104.451,-99.53,-99.51,0.0,0.0,-99.4,-99.41,-99.42,-99.44,-99.43,31.77,-99.44,967.465,13.7002449,18.262,-13.269,310.89,310.89
104.551,-99.53,-99.51,0.0,0.0,-99.4,-99.41,-99.42,-99.44,-99.43,31.798,-99.44,967.461,13.70019245,23.184,-5.991,308.228,308.228
104.65,0.989,0.952,96.666,-15.661,-0.946,0.111,-0.267,0.212,331.983,44.619,-10.401,967.454,1.22893023,-2.155,-5.501,303.674,303.674
104.751,1.584,1.584,250.508,0.557,1.493,0.528,0.015,-0.067,331.814,45.613,-10.379,967.453,1.23018277,-25.237,-11.114,294.217,294.217
104.85,1.454,1.441,261.316,7.892,1.424,0.218,0.2,-0.81,331.362,48.111,-10.391,967.46,1.23355043,-20.683,-16.447,298.572,298.572
104.955,1.223,1.223,118.037,-0.393,-1.079,0.575,-0.008,-0.013,331.846,45.288,-10.42,967.446,1.22993743,-16.492,-14.791,299.281,299.281
105.055,-99.53,-99.51,0.0,0.0,-99.4,-99.41,-99.42,-99.44,-99.43,31.787,-99.44,967.448,13.69999981,-12.916,-7.203,301.517,301.517
105.155,0.74,0.735,145.518,6.89,-0.416,0.606,0.089,0.21,331.982,44.648,-10.394,967.454,1.22893739,7.385,-6.008,306.348,306.348
105.251,2.33,2.329,229.881,1.673,1.781,1.501,0.068,0.303,332.038,44.257,-10.42,967.46,1.22853005,5.156,-10.995,307.223,307.223
105.355,2.511,2.501,267.603,5.217,2.499,0.105,0.228,-0.451,331.58,46.883,-10.385,967.451,1.23191142,2.665,-17.095,308.04,308.04
105.45,1.381,1.379,301.396,-3.581,1.177,-0.718,-0.086,-0.786,331.376,48.046,-10.385,967.446,1.23342121,2.715,-16.866,307.596,307.596
105.551,1.566,1.449,113.882,-22.241,-1.325,0.587,-0.593,0.201,331.976,44.749,-10.374,967.457,1.22898269,5.085,-12.198,306.081,306.081
105.651,1.906,1.812,108.929,-18.073,-1.714,0.588,-0.591,0.365,332.076,44.072,-10.416,967.465,1.22825789,2.929,-5.913,305.651,305.651
105.755,2.228,2.227,212.83,1.315,1.208,1.872,0.051,0.419,332.108,43.958,-10.399,967.477,1.22803032,5.587,-12.445,307.049,307.049
105.851,2.694,2.688,247.227,3.843,2.478,1.04,0.181,-0.05,331.824,45.579,-10.372,967.445,1.23009384,3.998,-17.64,308.283,308.283
105.954,2.035,2.035,252.115,0.0,1.937,0.625,0.0,-0.826,331.352,48.056,-10.42,967.452,1.23361266,4.274,-16.454,307.918,307.918
106.051,0.574,0.574,216.258,0.0,0.34,0.463,0.0,-0.687,331.436,47.626,-10.405,967.458,1.23299146,6.005,-9.414,306.613,306.613
106.151,-99.53,-99.51,0.0,0.0,-99.4,-99.41,-99.42,-99.44,-99.43,31.825,-99.44,967.449,13.70002079,6.33,-6.247,306.498,306.498
106.252,0.795,0.581,218.009,-43.066,0.358,0.458,-0.543,0.28,332.024,44.506,-10.371,967.45,1.22861898,5.988,-13.104,307.437,307.437
106.355,2.773,2.772,220.34,1.829,1.794,2.113,0.088,0.186,331.967,44.696,-10.403,967.46,1.22905779,4.502,-16.94,308.169,308.169
106.455,2.605,2.605,249.976,0.0,2.448,0.892,0.0,-0.666,331.449,47.521,-10.414,967.449,1.23288691,4.519,-11.579,306.29,306.29
106.551,0.844,0.843,234.963,1.408,0.691,0.484,0.021,-0.76,331.392,47.9,-10.399,967.472,1.23333669,6.248,-5.219,305.102,305.102
106.655,1.91,1.904,139.721,-4.534,-1.231,1.453,-0.151,0.094,331.911,44.969,-10.41,967.462,1.22947299,5.076,-8.988,305.347,305.347
106.752,0.905,0.885,115.508,12.158,-0.798,0.381,0.191,0.194,331.972,44.654,-10.407,967.458,1.22901714,4.767,-16.35,308.353,308.353
106.855,1.724,1.668,212.489,-14.608,0.896,1.407,-0.435,0.259,332.011,44.522,-10.385,967.464,1.22873139,4.261,-10.162,305.958,305.958
106.956,2.246,2.228,241.818,7.38,1.964,1.052,0.289,-0.421,331.598,46.687,-10.41,967.471,1.2318033,4.562,-3.581,304.414,304.414
107.052,1.416,1.408,243.565,6.312,1.26,0.627,0.156,-1.102,331.184,49.04,-10.42,967.465,1.23488283,3.831,-9.689,306.024,306.024
107.151,1.466,1.416,137.063,-14.966,-0.965,1.037,-0.379,-0.451,331.58,46.909,-10.379,967.453,1.23191583,3.89,-13.947,306.624,306.624
107.255,-99.53,-99.51,0.0,0.0,-99.4,-99.41,-99.42,-99.44,-99.43,31.825,-99.44,967.467,13.70027161,5.173,-8.933,306.007,306.007
107.355,0.951,0.697,210.492,-42.832,0.354,0.601,-0.646,-0.063,331.816,45.623,-10.372,967.468,1.23018253,4.76,-5.697,305.604,305.604
107.455,2.69,2.682,225.654,4.319,1.918,1.875,0.203,-0.151,331.762,45.803,-10.403,967.466,1.23057985,5.076,-10.585,306.305,306.305
107.551,2.318,2.284,244.756,9.869,2.066,0.974,0.397,-1.005,331.243,48.769,-10.399,967.449,1.23441887,5.708,-13.493,306.99,306.99
107.65,1.14,1.099,226.427,15.327,0.796,0.758,0.301,-1.088,331.193,49.109,-10.389,967.458,1.23480403,6.138,-9.958,306.716,306.716
107.75,-99.53,-99.51,0.0,0.0,-99.4,-99.41,-99.42,-99.44,-99.43,31.812,-99.44,967.447,13.69999695,6.248,-7.145,305.967,305.967
107.85,1.246,1.227,158.328,9.913,-0.453,1.141,0.214,-0.151,331.762,45.767,-10.414,967.458,1.23057246,5.598,-11.008,306.612,306.612
107.951,2.295,2.271,212.747,-8.24,1.229,1.91,-0.329,-0.203,331.731,46.023,-10.391,967.462,1.23080802,4.274,-13.583,307.24,307.24
108.05,2.585,2.563,243.178,7.508,2.287,1.157,0.338,-0.603,331.487,47.313,-10.41,967.474,1.23263204,5.139,-9.969,305.804,305.804
108.15,1.277,1.133,238.817,27.485,0.969,0.586,0.589,-1.355,331.03,50.14,-10.374,967.448,1.23600519,4.558,-7.789,305.512,305.512
108.25,1.789,1.682,128.346,-19.917,-1.319,1.043,-0.609,-0.529,331.532,47.08,-10.405,967.469,1.23229277,4.594,-11.621,306.547,306.547
108.348,-99.53,-99.51,0.0,0.0,-99.4,-99.41,-99.42,-99.44,-99.43,31.812,-99.44,967.466,13.70025921,4.107,-11.807,305.995,305.995
108.451,1.015,0.977,184.102,-15.674,0.07,0.974,-0.274,-0.133,331.773,45.798,-10.389,967.471,1.23050535,4.5,-8.271,305.791,305.791
108.55,2.518,2.508,233.428,5.299,2.014,1.494,0.233,-0.312,331.664,46.337,-10.405,967.45,1.23128533,4.448,-7.492,306.147,306.147
108.655,2.141,2.141,250.28,0.0,2.015,0.722,0.0,-1.018,331.235,48.785,-10.408,967.463,1.23450041,4.921,-9.225,306.16,306.16
108.755,0.981,0.968,160.284,-9.396,-0.327,0.911,-0.16,-0.631,331.47,47.375,-10.42,967.475,1.23276031,4.798,-9.367,306.036,306.036
108.85,2.76,2.76,116.64,-0.805,-2.467,1.237,-0.039,0.287,332.028,44.363,-10.405,967.471,1.22861695,5.055,-7.243,305.698,305.698
108.955,1.362,1.356,119.159,-5.62,-1.184,0.661,-0.133,0.077,331.901,45.084,-10.394,967.474,1.22956467,4.889,-5.816,305.258,305.258
109.055,2.074,2.073,219.886,-1.792,1.33,1.591,-0.065,0.009,331.86,45.362,-10.379,967.485,1.22988129,4.66,-8.14,306.022,306.022
109.15,2.554,2.545,247.7,4.613,2.355,0.966,0.205,-0.604,331.487,47.417,-10.383,967.463,1.23261786,5.911,-9.913,306.753,306.753
109.25,1.215,1.141,254.097,20.045,1.097,0.313,0.416,-1.099,331.185,49.109,-10.399,967.465,1.23486829,6.156,-7.162,306.278,306.278
109.348,-99.53,-99.51,0.0,0.0,-99.4,-99.41,-99.42,-99.44,-99.43,31.825,-99.44,967.467,13.70027637,6.156,-6.986,305.728,305.728
109.449,-99.53,-99.51,0.0,0.0,-99.4,-99.41,-99.42,-99.44,-99.43,31.812,-99.44,967.461,13.70018673,5.093,-10.233,306.172,306.172
109.553,1.294,1.224,195.884,-18.862,0.335,1.178,-0.418,-0.139,331.77,45.757,-10.405,967.475,1.23053801,3.575,-10.609,306.307,306.307
109.65,16.626,15.451,223.538,-21.671,10.643,11.2,-6.139,-24.951,316.335,100.0,-10.385,967.469,1.35354054,5.329,-7.993,306.249,306.249
109.755,1.845,1.761,242.688,17.404,1.564,0.808,0.552,-1.294,331.067,49.85,-10.391,967.46,1.23574293,5.427,-11.11,306.993,306.993
109.851,1.516,1.465,139.31,-14.931,-0.955,1.111,-0.391,-0.54,331.526,47.134,-10.401,967.454,1.23232198,4.967,-9.675,306.361,306.361
109.948,-99.53,-99.51,0.0,0.0,-99.4,-99.41,-99.42,-99.44,-99.43,31.853,-99.44,967.474,13.70036983,5.859,-10.467,307.033,307.033
110.055,1.294,0.979,144.32,-40.837,-0.571,0.795,-0.846,0.056,331.888,45.173,-10.389,967.471,1.22965455,2.94,-11.047,306.762,306.762
110.155,2.716,2.711,217.223,3.384,1.64,2.159,0.16,0.071,331.897,45.052,-10.408,967.457,1.2295686,6.167,-11.418,307.218,307.218
110.255,2.391,2.372,245.459,7.271,2.158,0.985,0.303,-0.74,331.404,47.777,-10.414,967.467,1.23324275,3.739,-7.906,305.883,305.883
110.356,0.537,0.517,222.372,-15.854,0.348,0.382,-0.147,-0.831,331.349,48.204,-10.385,967.467,1.23365021,3.937,-10.21,306.881,306.881
110.451,2.256,2.22,122.533,-10.381,-1.871,1.194,-0.407,0.235,331.997,44.567,-10.394,967.457,1.22882807,5.631,-9.849,306.548,306.548
110.555,1.409,1.409,110.029,0.0,-1.324,0.483,0.0,0.334,332.056,44.212,-10.405,967.473,1.22840869,5.267,-5.542,305.567,305.567
110.651,1.566,1.559,219.994,-5.724,1.002,1.194,-0.156,0.421,332.109,43.972,-10.394,967.462,1.22800279,5.59,-5.659,306.375,306.375
110.755,2.711,2.703,247.959,4.284,2.506,1.015,0.203,0.045,331.881,45.078,-10.424,967.459,1.22968948,5.19,-8.926,306.299,306.299
110.85,1.64,1.556,258.167,18.351,1.523,0.319,0.516,-0.774,331.383,47.953,-10.399,967.446,1.23337173,4.744,-8.729,306.167,306.167
110.95,-99.53,-99.51,0.0,0.0,-99.4,-99.41,-99.42,-99.44,-99.43,31.839,-99.44,967.454,13.70009613,4.951,-6.443,305.887,305.887
111.049,-99.53,-99.51,0.0,0.0,-99.4,-99.41,-99.42,-99.44,-99.43,31.825,-99.44,967.447,13.69998932,5.14,-5.293,305.559,305.559
111.155,0.941,0.917,188.892,-13.016,0.142,0.906,-0.212,0.211,331.982,44.537,-10.424,967.471,1.22895896,6.348,-8.521,307.169,307.169
111.255,2.141,2.138,243.897,3.096,1.92,0.941,0.116,0.171,331.958,44.697,-10.416,967.469,1.22913432,5.248,-7.0,306.107,306.107
111.355,2.45,2.445,254.647,3.649,2.358,0.647,0.156,-0.928,331.29,48.503,-10.397,967.474,1.2341007,4.089,-6.948,305.632,305.632
111.455,0.63,0.609,184.502,14.873,0.048,0.607,0.162,-0.823,331.354,48.164,-10.389,967.45,1.23359323,4.279,-8.812,305.74,305.74
111.555,2.538,2.431,115.793,-16.762,-2.188,1.058,-0.732,0.135,331.936,44.854,-10.405,967.476,1.22930527,4.03,-9.503,305.682,305.682
111.651,0.975,0.966,103.537,-7.663,-0.939,0.226,-0.13,0.011,331.86,45.262,-10.405,967.469,1.22985578,4.754,-5.678,306.048,306.048
111.751,1.914,1.873,218.742,-11.789,1.172,1.461,-0.391,-0.01,331.848,45.38,-10.391,967.456,1.2299304,6.266,-6.401,305.828,305.828
111.851,2.362,2.362,250.0,0.0,2.219,0.808,0.0,-0.681,331.44,47.529,-10.424,967.469,1.23297799,2.185,-11.888,306.102,306.102
111.956,0.956,0.943,256.443,9.573,0.917,0.221,0.159,-1.105,331.182,49.076,-10.414,967.472,1.23490679,4.215,-12.708,307.196,307.196
112.052,2.291,2.253,121.266,-10.382,-1.926,1.169,-0.413,0.129,331.933,44.983,-10.374,967.462,1.22931206,5.429,-6.602,306.097,306.097
112.149,-99.53,-99.51,0.0,0.0,-99.4,-99.41,-99.42,-99.44,-99.43,31.828,-99.44,967.458,13.70015144,6.414,-3.49,305.545,305.545
112.252,2.047,1.878,215.378,-23.464,1.087,1.531,-0.815,0.516,332.167,43.523,-10.436,967.453,1.22756791,2.606,-9.894,305.762,305.762
112.351,2.585,2.563,236.53,7.538,2.138,1.413,0.339,0.215,331.985,44.704,-10.374,967.465,1.22893083,3.928,-16.663,308.052,308.052
112.452,1.695,1.681,255.647,7.42,1.628,0.417,0.219,-0.687,331.437,47.724,-10.379,967.453,1.23298001,5.237,-8.091,306.623,306.623
112.551,0.994,0.757,240.858,40.46,0.661,0.368,0.645,-0.691,331.434,47.617,-10.41,967.46,1.23301077,5.024,-1.251,304.93,304.93
112.649,-99.53,-99.51,0.0,0.0,-99.4,-99.41,-99.42,-99.44,-99.43,31.825,-99.44,967.471,13.70033169,5.684,-10.246,307.021,307.021
112.755,0.781,0.779,142.653,3.785,-0.473,0.619,0.052,0.313,332.044,44.24,-10.416,967.458,1.22848427,4.985,-14.718,307.896,307.896
112.852,1.979,1.978,219.346,-2.355,1.254,1.529,-0.081,0.187,331.967,44.646,-10.416,967.475,1.22907138,4.465,-8.886,306.138,306.138
112.949,21.272,19.495,224.337,-23.59,13.624,13.943,-8.513,-32.72,311.345,100.0,-10.378,967.481,1.39729273,5.498,-2.461,304.749,304.749
113.052,0.962,0.906,204.183,19.792,0.371,0.826,0.326,-0.78,331.38,47.952,-10.405,967.47,1.23342931,4.038,-7.506,305.49,305.49
113.155,2.51,2.471,126.404,-10.192,-1.988,1.466,-0.444,0.262,332.013,44.411,-10.414,967.463,1.22871792,4.476,-13.609,306.934,306.934
113.251,1.73,1.73,111.4,0.0,-1.61,0.631,0.0,0.286,332.028,44.383,-10.399,967.465,1.22861052,4.45,-9.41,307.161,307.161
113.351,0.896,0.883,196.563,-9.805,0.252,0.846,-0.153,0.321,332.048,44.122,-10.442,967.473,1.22847152,4.836,-3.736,305.248,305.248
113.451,2.457,2.444,245.678,5.865,2.227,1.006,0.251,0.08,331.903,45.102,-10.385,967.45,1.22951508,5.423,-7.051,306.078,306.078
113.553,1.639,1.605,253.651,11.591,1.54,0.452,0.329,-0.649,331.459,47.494,-10.405,967.478,1.23284519,4.113,-12.599,307.045,307.045
113.651,1.761,1.737,125.387,-9.608,-1.416,1.006,-0.294,0.064,331.892,45.068,-10.41,967.48,1.2296319,4.545,-10.724,307.714,307.714
113.751,3.163,3.163,113.633,0.0,-2.897,1.268,0.0,0.701,332.28,43.012,-10.416,967.471,1.226758,4.923,-6.92,306.252,306.252
113.851,1.026,0.576,246.829,-55.812,0.53,0.227,-0.848,0.539,332.181,43.54,-10.41,967.451,1.22746062,4.867,-7.651,305.758,305.758
113.951,2.532,2.508,223.962,7.92,1.741,1.805,0.349,0.397,332.095,43.97,-10.416,967.458,1.22810519,4.428,-12.124,307.487,307.487
114.051,2.024,1.958,253.663,14.647,1.879,0.551,0.512,-0.372,331.628,46.561,-10.399,967.479,1.23159289,4.308,-12.201,307.779,307.779
114.151,0.856,0.762,255.143,27.089,0.737,0.195,0.39,-0.61,331.483,47.304,-10.42,967.455,1.23264253,4.843,-8.986,306.875,306.875
114.249,-99.53,-99.51,0.0,0.0,-99.4,-99.41,-99.42,-99.44,-99.43,31.801,-99.44,967.471,13.70033836,5.495,-7.197,305.952,305.952
114.351,1.576,1.576,102.687,-0.392,-1.538,0.346,-0.011,0.312,332.044,44.338,-10.389,967.465,1.22849321,4.675,-11.076,306.973,306.973
114.451,1.27,1.263,209.368,-6.069,0.619,1.1,-0.134,0.182,331.964,44.671,-10.414,967.447,1.22905791,4.28,-12.852,307.506,307.506
114.551,2.226,2.222,238.553,3.352,1.896,1.159,0.13,-0.322,331.658,46.279,-10.43,967.467,1.23135459,4.299,-9.19,306.46,306.46
114.651,0.847,0.847,248.379,0.0,0.788,0.312,0.0,-0.889,331.313,48.262,-10.424,967.459,1.23391044,4.58,-6.621,305.754,305.754
114.751,1.992,1.985,125.782,-4.774,-1.611,1.161,-0.166,0.176,331.96,44.669,-10.42,967.464,1.22910833,4.707,-8.866,306.92,306.92
114.849,-99.53,-99.51,0.0,0.0,-99.4,-99.41,-99.42,-99.44,-99.43,31.77,-99.44,967.468,13.70028973,4.527,-11.289,306.427,306.427
114.951,0.875,0.854,106.833,-12.493,-0.817,0.247,-0.189,0.257,332.01,44.457,-10.405,967.481,1.22876179,5.201,-9.36,306.289,306.289
115.051,2.104,2.097,226.546,4.448,1.523,1.443,0.163,0.15,331.945,44.826,-10.399,967.483,1.22924793,4.895,-5.762,305.502,305.502
115.151,1.614,1.593,254.566,9.292,1.535,0.424,0.261,-0.507,331.545,46.949,-10.42,967.458,1.23218036,5.103,-6.308,305.357,305.357
115.251,0.972,0.959,119.327,-9.171,-0.836,0.47,-0.155,0.016,331.863,45.145,-10.432,967.469,1.22983384,4.122,-10.669,306.555,306.555
115.351,2.937,2.937,105.11,0.273,-2.835,0.766,0.014,0.902,332.401,42.463,-10.395,967.467,1.22585249,4.37,-10.177,307.105,307.105
115.451,1.733,1.725,98.158,-5.563,-1.708,0.245,-0.168,0.531,332.176,43.516,-10.424,967.473,1.22752571,4.843,-5.944,305.971,305.971
115.551,1.241,1.214,231.382,-11.979,0.948,0.758,-0.258,0.512,332.164,43.558,-10.43,967.472,1.22761071,4.957,-5.603,304.893,304.893
115.651,2.198,2.166,250.981,9.718,2.048,0.706,0.371,-0.022,331.84,45.37,-10.405,967.48,1.23001802,4.531,-11.232,306.585,306.585
115.751,0.928,0.86,261.627,22.054,0.851,0.125,0.348,-0.523,331.536,46.986,-10.424,967.464,1.23225987,4.662,-11.376,306.444,306.444
115.849,-99.53,-99.51,0.0,0.0,-99.4,-99.41,-99.42,-99.44,-99.43,31.798,-99.44,967.458,13.70014858,4.62,-6.137,305.378,305.378
115.949,-99.53,-99.51,0.0,0.0,-99.4,-99.41,-99.42,-99.44,-99.43,31.798,-99.44,967.475,13.70038223,3.675,-6.922,305.48,305.48
116.054,0.775,0.708,170.412,-24.0,-0.118,0.698,-0.315,0.113,331.923,44.944,-10.399,967.463,1.22938597,3.093,-11.278,306.307,306.307
116.151,2.144,2.133,240.016,5.837,1.848,1.066,0.218,-0.216,331.723,46.034,-10.399,967.462,1.23086727,1.996,-13.172,306.804,306.804
116.254,1.529,1.494,259.021,12.346,1.467,0.285,0.327,-0.977,331.26,48.629,-10.41,967.457,1.23430502,3.24,-13.906,307.403,307.403
116.353,1.649,1.587,126.125,-15.754,-1.282,0.936,-0.448,-0.246,331.704,46.023,-10.43,967.457,1.23099816,5.028,-11.535,306.16,306.16
116.449,-99.53,-99.51,0.0,0.0,-99.4,-99.41,-99.42,-99.44,-99.43,31.842,-99.44,967.466,13.70026207,5.255,-10.834,306.53,306.53
116.552,1.38,1.373,97.284,-5.698,-1.362,0.174,-0.137,0.26,332.012,44.359,-10.43,967.453,1.22871542,5.749,-11.29,306.916,306.916
116.653,1.673,1.663,227.355,-6.351,1.223,1.127,-0.185,0.286,332.028,44.402,-10.394,967.454,1.22859681,4.33,-11.682,307.512,307.512
116.752,1.748,1.742,256.284,4.656,1.692,0.413,0.142,-0.303,331.67,46.267,-10.416,967.444,1.23123884,4.321,-11.431,306.832,306.832
116.851,0.167,0.031,61.988,79.378,-0.027,-0.014,0.164,-0.176,331.747,45.88,-10.405,967.448,1.2306695,4.356,-10.952,306.694,306.694
116.951,1.465,1.461,101.459,4.271,-1.432,0.29,0.109,0.692,332.275,43.17,-10.378,967.449,1.2267673,4.192,-11.038,306.518,306.518
117.051,2.054,2.054,86.533,0.0,-2.05,-0.124,0.0,0.574,332.202,43.448,-10.405,967.454,1.22730589,4.158,-11.919,305.899,305.899
117.152,0.291,0.285,220.098,-11.385,0.184,0.218,-0.057,0.638,332.241,43.216,-10.414,967.455,1.22701907,4.206,-12.13,306.756,306.756
117.256,1.574,1.555,260.51,8.765,1.534,0.256,0.24,0.188,331.968,44.718,-10.395,967.456,1.22904265,3.621,-12.309,306.863,306.863
117.351,0.993,0.981,301.493,9.032,0.836,-0.512,0.156,-0.49,331.556,46.984,-10.394,967.452,1.23208964,3.513,-11.799,307.063,307.063
117.451,1.47,1.42,130.328,-14.914,-1.083,0.919,-0.378,-0.223,331.718,45.879,-10.449,967.454,1.23089409,2.894,-11.205,306.523,306.523
117.549,-99.53,-99.51,0.0,0.0,-99.4,-99.41,-99.42,-99.44,-99.43,31.787,-99.44,967.449,13.70002079,2.881,-10.325,305.821,305.821
117.651,0.711,0.709,128.167,4.151,-0.557,0.438,0.051,0.061,331.891,45.095,-10.405,967.463,1.22961974,2.464,-11.334,305.779,305.779
117.751,1.396,1.361,228.518,-13.0,1.019,0.901,-0.314,-0.085,331.802,45.678,-10.378,967.47,1.23028636,2.715,-12.565,305.411,305.411
117.851,1.612,1.574,263.486,12.461,1.564,0.179,0.348,-0.872,331.324,48.359,-10.383,967.465,1.23383462,3.064,-13.543,306.029,306.029
117.951,1.14,0.59,134.78,-58.852,-0.419,0.415,-0.976,-0.696,331.431,47.578,-10.426,967.459,1.23303556,3.892,-12.372,306.816,306.816
118.051,2.961,2.799,116.527,-19.016,-2.505,1.25,-0.965,0.147,331.943,44.836,-10.399,967.462,1.22923517,4.313,-10.788,305.508,305.508
118.151,1.698,1.634,93.968,-15.804,-1.63,0.113,-0.463,-0.116,331.783,45.605,-10.426,967.447,1.2304014,4.662,-10.008,305.578,305.578
118.251,1.342,1.213,224.651,-25.374,0.852,0.863,-0.575,-0.097,331.795,45.638,-10.399,967.456,1.23032486,4.644,-11.847,306.846,306.846
118.351,2.165,2.163,254.955,2.851,2.088,0.561,0.108,-0.562,331.512,47.221,-10.397,967.458,1.23242474,4.595,-13.224,306.788,306.788
118.451,1.014,0.985,260.209,13.726,0.971,0.168,0.241,-1.012,331.238,48.74,-10.414,967.443,1.23444557,-16.936,-11.536,300.358,300.358
118.551,2.323,2.316,126.232,-4.682,-1.868,1.369,-0.19,0.1,331.915,45.123,-10.362,967.445,1.22941756,-10.451,-9.502,301.945,301.945
118.651,2.621,2.61,100.688,-5.31,-2.565,0.484,-0.243,0.324,332.051,44.243,-10.405,967.451,1.22842455,2.405,-10.287,307.331,307.331
118.751,1.047,1.042,167.888,-5.597,-0.219,1.019,-0.102,0.196,331.973,44.734,-10.383,967.459,1.22900856,5.455,-11.376,307.411,307.411
118.851,2.248,2.232,230.912,6.726,1.733,1.408,0.263,-0.014,331.846,45.362,-10.399,967.457,1.22995019,6.168,-13.806,306.884,306.884
118.951,1.776,1.742,245.503,11.238,1.585,0.722,0.346,-0.873,331.323,48.3,-10.399,967.458,1.233832,3.385,-12.886,307.946,307.946
119.052,0.942,0.686,223.685,43.29,0.474,0.496,0.646,-0.949,331.277,48.53,-10.41,967.453,1.23417103,5.478,-12.698,308.164,308.164
119.149,-99.53,-99.51,0.0,0.0,-99.4,-99.41,-99.42,-99.44,-99.43,31.825,-99.44,967.462,13.70020103,-2.692,-11.562,304.919,304.919
119.252,1.353,1.351,133.004,2.399,-0.988,0.922,0.057,0.028,331.871,45.263,-10.389,967.471,1.22977817,2.522,-10.286,307.032,307.032
119.352,1.914,1.914,208.047,0.155,0.9,1.689,0.005,-0.076,331.808,45.577,-10.397,967.469,1.23024833,1.689,-10.893,306.763,306.763
119.451,2.132,2.09,238.638,11.293,1.785,1.088,0.417,-0.612,331.482,47.416,-10.392,967.458,1.23265266,-3.631,-11.354,304.718,304.718
119.552,1.099,1.097,186.684,-3.497,0.128,1.089,-0.067,-0.796,331.371,48.111,-10.378,967.46,1.23348272,-5.675,-12.116,304.866,304.866
119.651,2.616,2.614,134.729,-1.662,-1.857,1.84,-0.076,0.077,331.901,45.121,-10.383,967.459,1.22954226,-7.368,-11.908,302.523,302.523
119.752,2.536,2.536,112.781,0.0,-2.338,0.982,0.0,0.432,332.116,43.867,-10.414,967.479,1.22797644,-3.871,-11.371,305.12,305.12
119.852,1.28,1.279,187.344,2.235,0.163,1.268,0.05,0.294,332.033,44.327,-10.408,967.448,1.22855473,-1.859,-9.069,305.379,305.379
119.952,2.267,2.195,228.33,14.481,1.64,1.459,0.567,-0.094,331.797,45.702,-10.379,967.465,1.23031867,1.066,-10.871,305.946,305.946
120.052,1.396,1.22,234.347,29.127,0.991,0.711,0.68,-0.63,331.471,47.371,-10.42,967.456,1.23273182,-4.681,-12.05,304.825,304.825
120.152,2.319,2.317,138.114,-2.457,-1.547,1.725,-0.099,0.072,331.898,45.087,-10.397,967.46,1.22956705,-3.591,-11.988,305.475,305.475
120.252,2.954,2.95,119.685,3.029,-2.562,1.461,0.156,0.623,332.232,43.384,-10.379,967.462,1.2270937,1.905,-11.67,306.796,306.796
120.352,1.62,1.608,139.751,-6.971,-1.039,1.228,-0.197,0.375,332.082,44.106,-10.397,967.468,1.22821558,3.15,-12.642,307.549,307.549
120.452,2.585,2.573,213.89,5.438,1.435,2.136,0.245,0.244,332.002,44.538,-10.394,967.451,1.22878075,4.215,-12.026,307.895,307.895
120.552,2.194,2.047,237.264,21.11,1.722,1.107,0.79,-0.471,331.567,46.802,-10.426,967.478,1.23204279,9.348,-12.986,309.345,309.345
120.651,0.706,0.689,203.651,12.603,0.276,0.631,0.154,-0.661,331.452,47.635,-10.379,967.473,1.23288953,21.072,-13.238,310.222,310.222
120.75,-99.53,-99.51,0.0,0.0,-99.4,-99.41,-99.42,-99.44,-99.43,31.88,-99.44,967.49,13.70060825,24.334,-13.649,310.606,310.606
120.852,1.154,1.153,121.17,2.3,-0.986,0.597,0.046,-0.114,331.785,45.713,-10.394,967.477,1.23042619,16.106,-12.825,309.137,309.137
120.952,1.657,1.644,208.202,-7.042,0.777,1.449,-0.203,-0.031,331.835,45.388,-10.408,967.464,1.23003817,7.348,-10.562,307.807,307.807
121.05,10.659,10.646,188.671,-2.805,1.605,10.524,-0.522,-24.985,316.313,100.0,-10.371,967.485,1.35374629,6.75,-11.142,307.195,307.195
121.152,0.976,0.963,259.574,9.317,0.947,0.174,0.158,-1.11,331.179,49.211,-10.383,967.47,1.23492014,7.97,-12.175,308.109,308.109
121.251,1.373,1.291,120.623,-19.832,-1.111,0.658,-0.466,-0.299,331.672,46.396,-10.378,967.486,1.23127198,17.016,-13.148,309.72,309.72
121.352,2.469,2.407,90.162,-12.775,-2.407,0.007,-0.546,0.186,331.967,44.764,-10.383,967.476,1.2290715,17.399,-11.982,308.95,308.95
121.452,0.637,0.615,114.863,-15.108,-0.558,0.259,-0.166,0.188,331.969,44.773,-10.379,967.48,1.22906721,13.914,-10.864,308.888,308.888
121.552,1.967,1.966,251.997,1.916,1.869,0.608,0.066,0.189,331.969,44.872,-10.351,967.482,1.22906494,11.813,-10.089,307.911,307.911
121.652,2.556,2.554,283.95,2.47,2.478,-0.616,0.11,-0.319,331.661,46.461,-10.378,967.492,1.23136723,10.134,-10.64,307.976,307.976
121.752,0.905,0.902,293.395,-4.27,0.828,-0.358,-0.067,0.142,331.94,44.858,-10.397,967.485,1.22928262,10.233,-11.246,308.381,308.381
121.852,2.246,2.242,74.458,-3.736,-2.16,-0.601,-0.146,0.764,332.318,42.982,-10.368,967.478,1.22648215,6.465,-11.795,307.441,307.441
121.952,2.465,2.458,73.829,-4.307,-2.361,-0.685,-0.185,0.466,332.137,43.896,-10.374,967.491,1.22783446,3.28,-11.386,307.041,307.041
122.052,0.573,0.533,256.702,-21.729,0.518,0.122,-0.212,0.32,332.049,44.376,-10.371,967.48,1.22847676,-1.037,-10.913,305.811,305.811
122.152,2.404,2.404,284.399,0.0,2.328,-0.598,0.0,-0.202,331.732,46.048,-10.383,967.496,1.23084664,2.418,-11.287,306.738,306.738
122.252,2.108,2.105,295.006,3.179,1.908,-0.89,0.117,-0.585,331.499,47.413,-10.368,967.462,1.23253286,5.47,-10.776,307.204,307.204
122.35,-99.53,-99.51,0.0,0.0,-99.4,-99.41,-99.42,-99.44,-99.43,31.88,-99.44,967.478,13.70042801,5.813,-11.15,307.229,307.229
122.451,2.291,2.251,81.668,-10.81,-2.227,-0.326,-0.43,0.489,332.151,43.835,-10.371,967.469,1.22770238,4.105,-11.661,307.001,307.001
122.552,0.448,0.434,59.101,-14.354,-0.373,-0.223,-0.111,0.117,331.925,45.01,-10.378,967.483,1.22939169,3.746,-12.951,307.1,307.1
122.652,1.77,1.768,268.612,2.625,1.767,0.043,0.081,-0.159,331.758,46.016,-10.353,967.469,1.23061574,6.535,-12.822,307.061,307.061
122.752,2.727,2.716,289.482,5.271,2.56,-0.906,0.251,-0.864,331.329,48.377,-10.371,967.47,1.23380375,3.811,-12.027,306.79,306.79
122.852,0.59,0.538,331.505,-24.154,0.257,-0.473,-0.241,-0.244,331.706,46.137,-10.397,967.457,1.23098707,3.033,-11.142,307.063,307.063
122.951,-99.53,-99.51,0.0,0.0,-99.4,-99.41,-99.42,-99.44,-99.43,31.839,-99.44,967.469,13.70030022,0.465,-11.673,306.656,306.656
123.052,1.861,1.842,81.689,-8.082,-1.823,-0.266,-0.262,0.197,331.974,44.699,-10.392,967.452,1.22899437,-5.399,-12.646,304.742,304.742
123.152,1.824,1.824,234.361,-1.657,1.482,1.063,-0.053,0.386,332.089,44.121,-10.383,967.48,1.22818053,-21.555,-12.534,296.353,296.353
123.251,2.154,2.154,257.138,0.0,2.1,0.479,0.0,-0.487,331.559,47.128,-10.353,967.446,1.23206329,-18.377,-11.975,297.681,297.681
123.352,0.335,0.334,243.388,4.966,0.299,0.15,0.029,-0.377,331.625,46.669,-10.375,967.465,1.23159611,1.134,-10.891,305.631,305.631
123.451,2.233,2.233,112.426,0.0,-2.064,0.852,0.0,0.513,332.166,43.667,-10.397,967.469,1.2275964,2.158,-10.621,304.654,304.654
123.552,1.081,1.081,103.391,-1.772,-1.051,0.25,-0.033,0.402,332.098,44.039,-10.392,967.462,1.22808719,3.41,-10.777,306.727,306.727
123.652,1.32,1.297,219.869,-10.892,0.831,0.995,-0.25,0.327,332.053,44.317,-10.381,967.466,1.22842681,2.863,-11.823,306.285,306.285
123.751,2.63,2.627,246.086,2.949,2.401,1.065,0.135,-0.034,331.834,45.598,-10.353,967.458,1.23003852,2.177,-12.388,306.308,306.308
123.852,1.528,1.494,258.139,12.203,1.462,0.307,0.323,-0.952,331.275,48.667,-10.378,967.458,1.23419106,3.452,-13.246,307.414,307.414
123.951,-99.53,-99.51,0.0,0.0,-99.4,-99.41,-99.42,-99.44,-99.43,31.88,-99.44,967.462,13.70020103,3.659,-11.729,306.145,306.145
124.052,-99.53,-99.51,0.0,0.0,-99.4,-99.41,-99.42,-99.44,-99.43,31.935,-99.44,967.452,13.70006847,2.977,-10.7,305.655,305.655
124.152,0.546,0.441,145.397,-35.987,-0.251,0.363,-0.321,-0.025,331.839,45.512,-10.368,967.446,1.22998238,4.459,-10.534,306.425,306.425
124.252,2.215,2.213,233.185,1.917,1.772,1.326,0.074,-0.131,331.775,45.885,-10.362,967.467,1.23048627,4.561,-11.502,306.824,306.824
124.352,2.131,2.123,255.984,5.019,2.059,0.514,0.186,-0.937,331.284,48.512,-10.404,967.444,1.23410559,3.892,-12.453,306.503,306.503
124.452,0.54,0.369,161.34,-46.817,-0.118,0.35,-0.394,-0.835,331.347,48.216,-10.386,967.455,1.23365569,3.421,-13.156,307.157,307.157
124.552,2.29,2.25,112.612,-10.774,-2.077,0.865,-0.428,0.082,331.904,45.164,-10.367,967.444,1.22949862,4.316,-12.342,306.619,306.619
124.652,1.401,1.397,99.337,-4.383,-1.379,0.227,-0.107,0.065,331.894,45.27,-10.353,967.467,1.22960234,5.573,-10.547,306.669,306.669
124.752,1.223,1.217,220.51,-5.854,0.79,0.925,-0.125,0.154,331.948,44.891,-10.378,967.439,1.22917163,5.149,-9.968,306.164,306.164
124.852,2.037,2.029,254.83,5.233,1.958,0.531,0.186,-0.422,331.598,46.899,-10.355,967.448,1.23177457,3.973,-11.13,306.489,306.489
124.952,0.878,0.878,267.449,0.0,0.878,0.039,0.0,-0.846,331.341,48.366,-10.357,967.455,1.23370016,3.466,-12.868,306.404,306.404
125.052,1.863,1.824,130.215,-11.741,-1.393,1.177,-0.379,-0.009,331.849,45.476,-10.363,967.457,1.22992432,3.531,-13.696,307.235,307.235
125.152,-99.53,-99.51,0.0,0.0,-99.4,-99.41,-99.42,-99.44,-99.43,31.88,-99.44,967.467,13.70026875,3.153,-11.908,305.683,305.683
125.253,0.879,0.82,155.505,-21.194,-0.34,0.746,-0.318,0.257,332.01,44.505,-10.392,967.454,1.22872722,2.635,-10.574,305.579,305.579
125.353,2.119,2.104,242.542,6.749,1.867,0.97,0.249,0.029,331.872,45.328,-10.37,967.452,1.2297498,2.844,-10.532,305.943,305.943
125.453,1.621,1.621,265.573,0.0,1.616,0.125,0.0,-0.9,331.308,48.601,-10.346,967.459,1.23394978,3.656,-11.93,306.155,306.155
125.553,0.618,0.618,267.534,0.0,0.617,0.027,0.0,-0.883,331.317,48.419,-10.378,967.46,1.23387861,3.939,-13.208,306.169,306.169
125.653,-99.53,-99.51,0.0,0.0,-99.4,-99.41,-99.42,-99.44,-99.43,31.894,-99.44,967.454,13.70008564,3.48,-13.115,306.19,306.19
125.753,1.189,1.187,102.275,3.744,-1.16,0.252,0.078,-0.022,331.841,45.493,-10.371,967.463,1.22999358,3.801,-11.681,305.984,305.984
125.853,1.692,1.684,227.388,-5.785,1.239,1.14,-0.171,0.072,331.898,45.271,-10.346,967.451,1.22955084,4.451,-10.533,306.059,306.059
125.953,2.283,2.208,258.968,14.73,2.167,0.423,0.58,-0.647,331.461,47.558,-10.386,967.464,1.23281801,4.175,-10.439,306.196,306.196
126.053,0.649,0.637,237.376,-10.939,0.536,0.343,-0.123,-0.844,331.341,48.324,-10.367,967.453,1.23369241,4.245,-11.557,306.005,306.005
126.154,1.756,1.683,125.008,-16.643,-1.378,0.965,-0.503,0.037,331.877,45.28,-10.375,967.447,1.2297051,4.55,-13.251,306.797,306.797
126.254,1.731,1.722,98.81,-5.627,-1.702,0.264,-0.17,0.23,331.994,44.681,-10.367,967.466,1.22886121,4.371,-13.211,305.881,305.881
126.354,0.843,0.843,193.008,-0.51,0.19,0.821,-0.007,0.248,332.005,44.606,-10.371,967.466,1.22877896,4.596,-11.8,306.274,306.274
126.454,2.083,2.071,255.912,6.204,2.009,0.504,0.225,0.021,331.867,45.231,-10.404,967.462,1.22979927,3.912,-10.821,305.798,305.798
126.554,1.365,1.357,280.128,6.02,1.336,-0.239,0.143,-0.626,331.474,47.485,-10.386,967.464,1.23272181,3.076,-10.73,305.91,305.91
126.654,1.507,1.496,115.045,-7.086,-1.355,0.633,-0.186,0.055,331.887,45.183,-10.386,967.451,1.22963309,2.221,-11.548,305.922,305.922
126.754,2.854,2.85,103.91,-3.121,-2.767,0.685,-0.155,0.63,332.237,43.348,-10.383,967.445,1.22704184,2.619,-12.716,305.926,305.926
126.854,0.485,0.269,182.512,-56.204,0.012,0.269,-0.403,0.179,331.963,44.832,-10.371,967.458,1.22908199,3.047,-12.577,305.648,305.648
126.954,2.322,2.322,232.736,0.8,1.848,1.406,0.032,0.073,331.899,45.154,-10.378,967.446,1.22954237,3.123,-11.427,306.154,306.154
127.054,2.195,2.195,261.326,0.0,2.17,0.331,0.0,-0.789,331.375,48.066,-10.383,967.445,1.23343337,3.794,-10.826,305.983,305.983
127.154,0.736,0.736,280.14,0.0,0.725,-0.13,0.0,-0.915,331.298,48.576,-10.367,967.464,1.2340275,4.443,-10.929,307.224,307.224
127.254,-99.53,-99.51,0.0,0.0,-99.4,-99.41,-99.42,-99.44,-99.43,31.88,-99.44,967.449,13.70002365,4.411,-11.642,306.27,306.27
127.354,1.134,1.12,92.635,-9.212,-1.118,0.051,-0.182,-0.012,331.847,45.433,-10.378,967.436,1.22991192,3.288,-12.145,306.676,306.676
127.455,1.104,1.073,224.93,-13.568,0.758,0.76,-0.259,0.009,331.859,45.315,-10.392,967.458,1.22984886,3.38,-12.024,305.8,305.8
127.555,2.209,2.192,255.447,7.095,2.121,0.551,0.273,-0.494,331.554,47.139,-10.357,967.442,1.23209321,4.009,-11.285,306.332,306.332
127.655,0.805,0.805,289.947,0.0,0.757,-0.275,0.0,-0.998,331.248,48.959,-10.345,967.438,1.23436844,4.663,-10.643,306.466,306.466
127.755,1.902,1.848,119.686,-13.706,-1.606,0.915,-0.451,-0.032,331.836,45.614,-10.346,967.447,1.23001242,4.311,-10.712,306.437,306.437
127.855,-99.53,-99.51,0.0,0.0,-99.4,-99.41,-99.42,-99.44,-99.43,31.851,-99.44,967.471,13.70033836,4.134,-11.311,305.703,305.703
127.955,0.475,0.471,65.61,-7.632,-0.429,-0.194,-0.063,0.302,332.038,44.432,-10.371,967.449,1.22851503,4.396,-12.234,305.824,305.824
128.055,2.036,2.028,244.57,5.044,1.831,0.871,0.179,0.188,331.969,44.817,-10.367,967.456,1.22903645,4.05,-12.774,306.707,306.707
128.155,1.714,1.714,274.871,0.0,1.707,-0.146,0.0,-0.531,331.532,47.327,-10.341,967.47,1.2322942,2.982,-12.294,306.146,306.146
128.255,0.695,0.693,113.673,-3.773,-0.635,0.278,-0.046,-0.272,331.689,46.303,-10.378,967.466,1.23112321,2.35,-11.392,305.861,305.861
128.355,-99.53,-99.51,0.0,0.0,-99.4,-99.41,-99.42,-99.44,-99.43,31.883,-99.44,967.456,13.70012379,2.298,-11.09,306.502,306.502
128.455,1.161,1.156,100.024,-5.516,-1.138,0.201,-0.112,0.222,331.989,44.598,-10.397,967.46,1.22889268,3.155,-11.41,305.17,305.17
128.555,1.686,1.682,226.046,-4.269,1.211,1.167,-0.126,0.25,332.006,44.632,-10.362,967.464,1.22876847,3.376,-12.081,306.098,306.098
128.655,2.349,2.349,255.946,0.0,2.279,0.57,0.0,-0.379,331.624,46.645,-10.383,967.472,1.23161316,3.766,-12.192,306.569,306.569
128.756,1.191,1.191,273.164,0.0,1.189,-0.066,0.0,-0.943,331.281,48.691,-10.362,967.464,1.23415279,4.379,-12.176,306.229,306.229
128.856,-99.53,-99.51,0.0,0.0,-99.4,-99.41,-99.42,-99.44,-99.43,31.88,-99.44,967.464,13.7002306,4.556,-11.675,306.418,306.418
128.956,-99.53,-99.51,0.0,0.0,-99.4,-99.41,-99.42,-99.44,-99.43,31.898,-99.44,967.463,13.7002182,4.091,-11.354,305.654,305.654
129.056,0.579,0.526,187.282,-24.807,0.067,0.522,-0.243,0.099,331.915,45.103,-10.368,967.458,1.2294389,3.477,-11.172,305.645,305.645
129.156,2.141,2.111,243.673,9.672,1.892,0.936,0.36,-0.233,331.713,46.132,-10.389,967.441,1.23091638,3.715,-11.739,306.656,306.656
129.256,1.346,1.346,272.081,0.0,1.345,-0.049,0.0,-1.008,331.241,48.867,-10.378,967.457,1.23444307,4.227,-12.073,306.836,306.836
129.356,1.463,1.45,118.154,-7.641,-1.279,0.684,-0.195,-0.212,331.726,46.217,-10.346,967.452,1.23083007,4.323,-11.766,306.251,306.251
129.456,-99.53,-99.51,0.0,0.0,-99.4,-99.41,-99.42,-99.44,-99.43,31.866,-99.44,967.464,13.70022774,4.582,-11.201,306.314,306.314
129.556,0.983,0.971,91.763,9.176,-0.97,0.03,0.157,0.089,331.908,45.102,-10.378,967.454,1.22948062,4.475,-10.927,306.43,306.43
129.656,1.729,1.724,231.781,-4.559,1.354,1.067,-0.137,0.023,331.868,45.3,-10.383,967.446,1.22976947,3.536,-11.32,306.576,306.576
129.756,1.946,1.929,257.619,7.53,1.884,0.414,0.255,-0.547,331.522,47.244,-10.378,967.458,1.23235667,2.916,-12.019,306.259,306.259
129.856,0.24,0.207,140.497,-30.115,-0.132,0.16,-0.12,-0.556,331.516,47.221,-10.392,967.454,1.23239303,2.701,-12.128,306.526,306.526
129.956,2.792,2.792,107.207,-1.204,-2.667,0.826,-0.059,0.415,332.106,44.083,-10.368,967.461,1.22802579,2.705,-12.073,305.173,305.173
130.057,1.923,1.908,92.727,-7.154,-1.906,0.091,-0.24,0.096,331.912,45.041,-10.389,967.464,1.22946644,2.828,-11.521,306.326,306.326
130.157,0.671,0.596,206.677,-27.394,0.268,0.533,-0.309,0.153,331.947,44.916,-10.371,967.46,1.2292006,3.33,-11.003,306.348,306.348
130.257,2.013,1.986,246.836,9.394,1.826,0.781,0.329,-0.189,331.739,46.022,-10.379,967.452,1.23073268,4.252,-10.729,306.495,306.495
130.357,0.905,0.905,275.103,0.0,0.901,-0.08,0.0,-0.887,331.315,48.413,-10.383,967.454,1.23388982,4.5,-11.111,306.452,306.452
130.457,-99.53,-99.51,0.0,0.0,-99.4,-99.41,-99.42,-99.44,-99.43,31.883,-99.44,967.453,13.70007324,4.133,-12.006,306.214,306.214
130.557,-99.53,-99.51,0.0,0.0,-99.4,-99.41,-99.42,-99.44,-99.43,31.897,-99.44,967.458,13.70015526,3.8,-12.391,306.195,306.195
130.657,0.696,0.554,107.141,-37.152,-0.53,0.163,-0.42,-0.118,331.782,45.735,-10.392,967.464,1.23042786,3.794,-11.781,306.574,306.574
130.757,1.897,1.897,232.132,-0.816,1.497,1.164,-0.027,-0.287,331.68,46.303,-10.392,967.472,1.23120213,3.907,-11.145,306.521,306.521
130.857,1.615,1.615,261.316,0.0,1.597,0.244,0.0,-0.999,331.247,48.756,-10.397,967.467,1.23441315,3.972,-11.168,305.647,305.647
130.957,1.009,0.96,134.09,-17.954,-0.69,0.668,-0.311,-0.652,331.457,47.534,-10.397,967.469,1.23284733,4.152,-11.522,305.998,305.998
131.057,-99.53,-99.51,0.0,0.0,-99.4,-99.41,-99.42,-99.44,-99.43,31.825,-99.44,967.456,13.70011997,4.316,-11.898,305.239,305.239
131.157,1.498,1.498,96.348,0.065,-1.488,0.166,0.002,-0.085,331.803,45.733,-10.362,967.446,1.23025417,4.171,-12.298,306.464,306.464
131.257,1.129,1.128,227.519,-2.144,0.832,0.762,-0.042,0.05,331.885,45.345,-10.346,967.46,1.22966278,3.421,-12.386,306.692,306.692
131.358,1.998,1.993,255.089,4.259,1.925,0.513,0.148,-0.524,331.536,47.086,-10.398,967.439,1.23222852,2.758,-11.895,305.583,305.583
131.458,0.632,0.52,284.851,-34.634,0.503,-0.133,-0.359,-0.915,331.298,48.512,-10.383,967.466,1.23403168,2.706,-11.323,305.254,305.254
131.558,2.395,2.368,113.947,-8.59,-2.165,0.961,-0.358,0.118,331.926,45.031,-10.371,967.454,1.22934985,2.902,-11.225,305.867,305.867
131.658,2.804,2.761,93.214,-9.984,-2.757,0.155,-0.486,0.054,331.887,45.272,-10.362,967.457,1.22964132,3.053,-11.914,305.831,305.831
131.758,1.246,0.452,166.696,-68.744,-0.104,0.44,-1.161,0.142,331.94,44.86,-10.397,967.442,1.22923124,3.439,-12.401,307.147,307.147
131.858,1.88,1.879,237.632,1.975,1.587,1.006,0.065,-0.086,331.802,45.714,-10.368,967.442,1.23025143,4.063,-11.98,307.302,307.302
131.958,0.973,0.973,268.32,0.0,0.973,0.029,0.0,-0.922,331.294,48.557,-10.378,967.453,1.23404491,4.565,-10.943,307.273,307.273
132.058,0.783,0.075,308.309,-84.497,0.059,-0.047,-0.78,-0.827,331.352,48.261,-10.367,967.46,1.233621,4.132,-10.337,306.29,306.29
132.158,-99.53,-99.51,0.0,0.0,-99.4,-99.41,-99.42,-99.44,-99.43,31.897,-99.44,967.456,13.70011425,3.904,-11.083,305.971,305.971
132.258,0.991,0.99,106.299,2.604,-0.95,0.278,0.045,-0.11,331.787,45.699,-10.394,967.47,1.23039877,3.827,-12.169,306.474,306.474
132.358,1.582,1.577,222.851,-4.266,1.073,1.156,-0.118,-0.089,331.8,45.691,-10.378,967.44,1.23026562,3.805,-12.539,307.364,307.364
132.458,20.947,19.129,224.506,-24.045,13.409,13.642,-8.535,-32.976,311.179,100.0,-10.357,967.443,1.39872742,4.058,-12.096,306.787,306.787
132.558,0.497,0.449,172.699,-25.251,-0.057,0.445,-0.212,-0.85,331.338,48.383,-10.357,967.447,1.23371089,4.226,-11.148,306.914,306.914
132.659,2.753,2.742,108.839,-5.044,-2.595,0.886,-0.242,0.214,331.984,44.643,-10.392,967.436,1.22889709,4.419,-10.462,306.065,306.065
132.759,1.738,1.732,87.224,-4.761,-1.73,-0.084,-0.144,0.259,332.012,44.57,-10.371,967.444,1.22870195,4.179,-10.757,306.06,306.06
132.859,0.35,0.224,207.432,-50.224,0.103,0.198,-0.269,0.3,332.037,44.411,-10.379,967.461,1.22854054,3.325,-11.979,306.937,306.937
132.959,1.774,1.756,258.121,8.165,1.719,0.362,0.252,0.027,331.871,45.285,-10.383,967.443,1.22974539,2.673,-12.875,306.414,306.414
133.059,0.889,0.875,285.0,10.045,0.845,-0.226,0.155,-0.645,331.462,47.563,-10.383,967.456,1.2327981,2.533,-12.541,305.653,305.653
133.159,2.022,2.008,125.627,-6.912,-1.632,1.169,-0.243,0.063,331.892,45.138,-10.392,967.475,1.2296288,2.882,-11.267,305.985,305.985
133.259,-99.53,-99.51,0.0,0.0,-99.4,-99.41,-99.42,-99.44,-99.43,31.839,-99.44,967.461,13.70018673,3.317,-10.463,306.735,306.735
133.359,1.205,1.155,102.117,-16.448,-1.13,0.243,-0.341,0.261,332.013,44.523,-10.383,967.453,1.22870743,3.799,-10.901,306.501,306.501
133.459,1.725,1.725,237.668,0.2,1.458,0.923,0.006,0.121,331.928,45.019,-10.371,967.448,1.22932744,4.117,-11.981,306.418,306.418
133.559,1.684,1.651,254.179,11.34,1.588,0.45,0.331,-0.609,331.484,47.47,-10.374,967.448,1.23262274,4.338,-12.556,307.061,307.061
133.659,0.297,0.22,270.117,-42.063,0.22,-0.0,-0.199,-0.587,331.497,47.382,-10.378,967.45,1.23252618,4.182,-12.099,306.615,306.615
133.759,-99.53,-99.51,0.0,0.0,-99.4,-99.41,-99.42,-99.44,-99.43,31.839,-99.44,967.463,13.70022106,3.816,-11.027,305.976,305.976
133.86,0.937,0.917,118.187,11.932,-0.808,0.433,0.194,0.056,331.888,45.181,-10.385,967.454,1.22962809,3.97,-10.871,305.854,305.854
133.96,1.412,1.407,214.981,-4.69,0.807,1.153,-0.115,-0.026,331.838,45.423,-10.394,967.458,1.23000789,3.985,-11.583,306.352,306.352
134.06,2.2,2.195,246.429,3.857,2.012,0.878,0.148,-0.645,331.462,47.642,-10.362,967.44,1.23277581,3.885,-12.575,305.602,305.602
134.16,1.0,0.95,261.823,18.213,0.94,0.135,0.312,-1.128,331.168,49.246,-10.391,967.432,1.23495519,3.944,-12.852,306.669,306.669
134.26,1.912,1.891,137.42,-8.651,-1.279,1.392,-0.288,-0.25,331.703,46.307,-10.356,967.439,1.23098552,4.108,-12.178,306.617,306.617
134.36,-99.53,-99.51,0.0,0.0,-99.4,-99.41,-99.42,-99.44,-99.43,31.87,-99.44,967.47,13.70031738,4.078,-11.139,306.085,306.085
134.46,1.011,0.913,162.353,-25.463,-0.277,0.87,-0.435,0.147,331.943,44.804,-10.408,967.448,1.22921705,3.325,-10.763,305.699,305.699
134.56,2.31,2.292,235.629,7.013,1.892,1.294,0.282,-0.116,331.784,45.778,-10.379,967.451,1.23040259,3.01,-11.341,305.951,305.951
134.66,1.944,1.936,253.818,5.034,1.86,0.54,0.171,-0.89,331.313,48.369,-10.397,967.452,1.2339021,2.855,-12.383,306.095,306.095
134.76,1.284,1.279,136.051,-4.855,-0.888,0.921,-0.109,-0.435,331.59,46.817,-10.389,967.464,1.23185706,2.655,-12.586,305.505,305.505
134.86,2.971,2.971,116.92,-0.48,-2.649,1.345,-0.025,0.323,332.05,44.233,-10.408,967.452,1.22842848,3.255,-12.054,305.99,305.99
134.96,1.071,1.055,118.5,9.869,-0.927,0.503,0.184,0.193,331.971,44.652,-10.408,967.458,1.22901988,4.062,-10.881,306.101,306.101
135.06,1.971,1.97,220.908,-1.674,1.29,1.489,-0.058,0.286,332.028,44.435,-10.385,967.452,1.2285949,4.498,-10.494,306.369,306.369
135.16,2.309,2.297,247.017,5.992,2.115,0.897,0.241,-0.284,331.682,46.355,-10.374,967.458,1.23116601,4.347,-10.922,306.509,306.509
135.261,0.951,0.916,254.959,15.584,0.885,0.238,0.255,-0.793,331.372,48.018,-10.399,967.448,1.23345864,4.373,-11.798,306.38,306.38
135.361,-99.53,-99.51,0.0,0.0,-99.4,-99.41,-99.42,-99.44,-99.43,31.851,-99.44,967.468,13.70028305,3.967,-12.218,306.907,306.907
135.461,-99.53,-99.51,0.0,0.0,-99.4,-99.41,-99.42,-99.44,-99.43,31.825,-99.44,967.453,13.7000761,3.841,-11.79,307.221,307.221
135.561,0.842,0.76,184.053,-25.477,0.054,0.758,-0.362,0.15,331.945,44.938,-10.368,967.453,1.22920465,4.041,-11.388,306.273,306.273
135.661,2.267,2.264,234.895,2.971,1.852,1.302,0.117,-0.21,331.727,46.014,-10.399,967.436,1.23080635,4.15,-11.339,306.64,306.64
135.761,1.536,1.536,252.712,0.0,1.467,0.457,0.0,-0.895,331.31,48.458,-10.379,967.448,1.23391867,4.033,-11.475,306.181,306.181
135.861,1.49,1.485,128.92,-4.695,-1.155,0.933,-0.122,-0.187,331.741,45.969,-10.391,967.448,1.23071778,3.902,-12.006,306.777,306.777
135.961,-99.53,-99.51,0.0,0.0,-99.4,-99.41,-99.42,-99.44,-99.43,31.853,-99.44,967.446,13.6999712,3.543,-12.36,306.963,306.963
136.061,0.969,0.926,106.385,-17.171,-0.889,0.261,-0.286,0.175,331.961,44.84,-10.372,967.465,1.22910857,3.257,-12.106,306.567,306.567
136.161,1.967,1.965,226.671,2.523,1.43,1.349,0.087,0.23,331.994,44.622,-10.383,967.444,1.22883415,2.987,-11.641,306.11,306.11
136.261,2.076,2.07,248.952,4.146,1.932,0.744,0.15,-0.518,331.539,47.048,-10.403,967.442,1.23220837,2.886,-11.233,306.936,306.936
136.361,0.627,0.626,185.691,-2.697,0.062,0.623,-0.03,-0.601,331.489,47.402,-10.385,967.444,1.23258364,3.055,-11.372,306.1,306.1
136.461,2.813,2.813,121.282,-0.376,-2.404,1.461,-0.018,0.415,332.106,44.019,-10.385,967.464,1.22802806,3.422,-11.915,306.179,306.179
136.562,1.769,1.768,118.25,-1.95,-1.558,0.837,-0.06,0.269,332.018,44.511,-10.379,967.451,1.22866762,3.796,-12.35,306.452,306.452
136.662,2.034,2.015,208.824,-7.719,0.972,1.766,-0.273,0.289,332.03,44.462,-10.374,967.46,1.22858822,4.195,-11.991,307.356,307.356
136.762,2.321,2.281,240.964,10.69,1.994,1.107,0.431,-0.006,331.85,45.367,-10.391,967.443,1.22989666,4.394,-11.307,306.544,306.544
136.862,1.366,1.237,257.064,25.089,1.206,0.277,0.579,-0.812,331.36,48.063,-10.405,967.459,1.2335577,4.142,-10.935,307.338,307.338
136.962,-99.53,-99.51,0.0,0.0,-99.4,-99.41,-99.42,-99.44,-99.43,31.853,-99.44,967.455,13.70009995,3.967,-11.273,307.186,307.186
137.062,-99.53,-99.51,0.0,0.0,-99.4,-99.41,-99.42,-99.44,-99.43,31.812,-99.44,967.452,13.7000618,3.795,-11.786,307.295,307.295
137.162,0.637,0.606,134.834,-17.976,-0.429,0.427,-0.196,-0.041,331.829,45.411,-10.41,967.449,1.23006237,3.867,-12.124,306.984,306.984
137.262,2.394,2.393,220.345,1.476,1.549,1.824,0.062,-0.111,331.787,45.664,-10.405,967.437,1.23036182,4.078,-12.177,306.968,306.968
137.362,1.972,1.962,252.694,5.882,1.873,0.584,0.202,-0.92,331.295,48.572,-10.372,967.441,1.23402286,3.979,-11.962,307.516,307.516
137.462,0.854,0.846,161.409,-8.028,-0.27,0.801,-0.119,-0.775,331.383,47.954,-10.399,967.459,1.23338985,3.872,-11.358,306.9,306.9
137.562,2.455,2.454,115.363,-1.597,-2.218,1.051,-0.068,0.087,331.907,45.045,-10.395,967.46,1.22949827,3.622,-11.149,307.126,307.126
137.662,1.618,1.616,104.005,-2.743,-1.568,0.391,-0.077,-0.065,331.814,45.532,-10.399,967.45,1.23017323,3.281,-11.505,306.772,306.772
137.762,1.428,1.408,213.743,-9.598,0.782,1.17,-0.238,0.036,331.875,45.16,-10.41,967.448,1.22971809,2.994,-12.077,306.258,306.258
137.863,2.188,2.167,245.474,7.866,1.972,0.9,0.299,-0.469,331.569,46.987,-10.374,967.46,1.23200619,2.917,-12.097,307.353,307.353
137.963,0.72,0.708,238.659,-10.647,0.605,0.368,-0.133,-0.953,331.275,48.663,-10.379,967.457,1.23419046,3.182,-11.606,306.75,306.75
138.063,2.596,2.592,125.322,-3.022,-2.115,1.499,-0.137,0.151,331.946,44.957,-10.362,967.448,1.22919393,3.614,-11.003,306.508,306.508
138.163,-99.53,-99.51,0.0,0.0,-99.4,-99.41,-99.42,-99.44,-99.43,31.853,-99.44,967.445,13.69996834,3.89,-10.917,306.917,306.917
138.263,0.518,0.503,170.975,-13.436,-0.079,0.497,-0.12,0.174,331.96,44.745,-10.399,967.441,1.22908247,4.095,-11.31,306.925,306.925
138.363,2.336,2.298,232.553,10.328,1.825,1.397,0.419,0.016,331.864,45.34,-10.379,967.454,1.22981131,4.275,-11.726,306.845,306.845
138.463,1.728,1.728,247.864,0.0,1.601,0.651,0.0,-0.832,331.349,48.204,-10.386,967.453,1.23363841,4.103,-11.863,306.935,306.935
138.563,0.883,0.506,226.637,55.045,0.368,0.348,0.724,-0.813,331.36,48.011,-10.42,967.45,1.23355258,3.854,-11.703,307.185,307.185
138.663,-99.53,-99.51,0.0,0.0,-99.4,-99.41,-99.42,-99.44,-99.43,31.839,-99.44,967.439,13.69987488,3.76,-11.435,306.565,306.565
138.763,1.101,1.088,117.665,9.067,-0.963,0.505,0.174,-0.076,331.808,45.608,-10.389,967.453,1.23022509,3.812,-11.328,306.231,306.231
138.863,1.91,1.905,215.399,-4.03,1.104,1.553,-0.134,-0.054,331.822,45.585,-10.374,967.445,1.23011208,3.918,-11.523,306.892,306.892
138.963,2.212,2.212,248.497,0.0,2.058,0.811,0.0,-0.725,331.413,47.759,-10.405,967.454,1.23315847,3.869,-12.173,307.063,307.063
139.063,0.828,0.823,206.459,6.37,0.367,0.737,0.092,-0.884,331.317,48.356,-10.395,967.461,1.23388684,3.627,-12.486,306.801,306.801
139.163,2.297,2.292,125.869,-3.524,-1.858,1.343,-0.141,-0.099,331.794,45.719,-10.379,967.444,1.23031509,3.457,-12.206,306.406,306.406
139.264,2.039,2.039,114.594,0.0,-1.854,0.849,0.0,0.102,331.916,45.001,-10.394,967.444,1.22941244,3.26,-11.566,306.413,306.413
139.364,1.104,1.034,181.48,-20.421,0.027,1.034,-0.385,0.088,331.908,45.123,-10.372,967.442,1.22946775,3.082,-11.198,307.132,307.132
139.464,2.241,2.22,236.565,7.83,1.852,1.223,0.305,-0.135,331.772,45.794,-10.391,967.451,1.23048604,3.075,-11.395,306.89,306.89
139.564,1.227,1.227,245.976,0.0,1.12,0.499,0.0,-0.811,331.362,48.204,-10.367,967.458,1.23354673,3.238,-11.975,306.455,306.455
139.664,1.997,1.973,127.194,-8.895,-1.572,1.193,-0.309,-0.117,331.783,45.756,-10.385,967.46,1.23041785,3.613,-12.148,306.874,306.874
139.764,3.238,3.236,118.253,-1.866,-2.851,1.532,-0.105,0.575,332.203,43.502,-10.389,967.467,1.22731674,3.297,-13.218,307.813,307.813
139.864,1.018,0.883,122.201,-29.892,-0.747,0.47,-0.507,0.275,332.021,44.447,-10.392,967.454,1.22864616,7.997,-13.94,308.766,308.766
139.964,2.092,2.089,231.373,2.956,1.632,1.304,0.108,0.185,331.966,44.728,-10.395,967.455,1.22905481,0.375,-1.082,304.19,304.19
140.064,2.108,2.095,246.206,6.43,1.917,0.845,0.236,-0.622,331.476,47.473,-10.385,967.443,1.23267579,4.275,-3.758,305.243,305.243
140.164,0.781,0.781,240.781,0.0,0.681,0.381,0.0,-0.833,331.348,48.322,-10.357,967.46,1.23364949,2.031,-17.182,308.188,308.188
140.264,-99.53,-99.51,0.0,0.0,-99.4,-99.41,-99.42,-99.44,-99.43,31.897,-99.44,967.466,13.70026207,8.815,-24.59,311.983,311.983
140.364,1.379,1.37,99.882,6.326,-1.35,0.235,0.152,-0.026,331.838,45.521,-10.367,967.436,1.22997737,0.791,-3.959,304.782,304.782
140.464,1.3,1.228,212.692,-19.196,0.663,1.033,-0.427,0.048,331.883,45.257,-10.372,967.466,1.2296828,7.866,0.748,304.846,304.846
140.565,2.419,2.413,240.543,3.954,2.101,1.187,0.167,-0.346,331.644,46.507,-10.391,967.465,1.23145878,1.692,-7.622,306.1,306.1
140.665,0.584,0.584,227.426,0.327,0.43,0.395,0.003,-0.887,331.315,48.473,-10.367,967.472,1.23390853,2.538,-20.787,308.946,308.946
140.765,2.229,2.227,117.025,-2.524,-1.984,1.012,-0.098,0.077,331.901,45.18,-10.367,967.464,1.22954774,3.215,-19.653,307.874,307.874
140.865,-99.53,-99.51,0.0,0.0,-99.4,-99.41,-99.42,-99.44,-99.43,31.828,-99.44,967.459,13.70016575,4.427,-2.794,306.044,306.044
140.965,0.813,0.76,98.451,-20.85,-0.752,0.112,-0.29,0.183,331.966,44.853,-10.362,967.455,1.22905886,5.384,1.671,304.188,304.188
141.065,2.0,1.999,232.473,-1.906,1.586,1.218,-0.067,0.005,331.857,45.434,-10.362,967.454,1.22985888,4.197,-11.932,306.96,306.96
141.165,1.629,1.579,240.205,14.277,1.37,0.784,0.402,-0.649,331.46,47.676,-10.357,967.455,1.23281038,2.548,-21.476,308.352,308.352
141.265,1.602,1.602,130.312,-1.337,-1.221,1.036,-0.037,-0.128,331.777,45.84,-10.372,967.463,1.23047018,5.293,-15.114,308.54,308.54
141.365,2.986,2.98,105.085,3.598,-2.877,0.776,0.187,0.739,332.303,42.949,-10.399,967.45,1.22655869,5.722,-0.426,305.373,305.373
141.465,1.524,1.523,97.405,1.811,-1.511,0.196,0.048,0.417,332.108,44.115,-10.356,967.461,1.22801208,5.377,-0.458,305.428,305.428
141.565,1.545,1.463,228.199,-18.726,1.091,0.975,-0.496,0.397,332.096,44.18,-10.356,967.468,1.22811246,5.114,-17.342,307.997,307.997
141.665,2.123,2.104,240.756,7.696,1.836,1.028,0.284,-0.203,331.731,46.095,-10.371,967.462,1.23080552,3.508,-20.382,308.53,308.53
141.765,0.813,0.766,240.85,19.626,0.669,0.373,0.273,-0.624,331.475,47.523,-10.374,967.465,1.23271275,6.312,-9.353,307.043,307.043
141.866,-99.53,-99.51,0.0,0.0,-99.4,-99.41,-99.42,-99.44,-99.43,31.897,-99.44,967.448,13.70000935,3.457,3.561,303.67,303.67
141.966,-99.53,-99.51,0.0,0.0,-99.4,-99.41,-99.42,-99.44,-99.43,31.87,-99.44,967.456,13.70011711,6.161,-9.067,306.926,306.926
142.066,0.469,0.206,76.432,-63.994,-0.2,-0.048,-0.422,0.277,332.022,44.502,-10.374,967.465,1.22865129,1.91,-19.325,308.104,308.104
142.166,16.27,14.956,223.08,-23.178,10.215,10.924,-6.403,-24.501,316.622,100.0,-10.362,967.464,1.35108197,3.961,-20.165,309.185,309.185
142.266,1.071,1.065,249.41,6.272,0.997,0.374,0.117,-0.809,331.363,48.195,-10.368,967.473,1.23355901,4.756,-1.858,304.783,304.783
142.366,1.614,1.598,115.923,-8.239,-1.437,0.698,-0.231,-0.174,331.748,45.925,-10.391,967.462,1.23067701,5.839,0.721,304.896,304.896
142.466,-99.53,-99.51,0.0,0.0,-99.4,-99.41,-99.42,-99.44,-99.43,31.828,-99.44,967.472,13.70034504,3.33,-14.847,306.32,306.32
142.566,1.401,1.401,88.554,-0.521,-1.401,-0.035,-0.013,0.241,332.001,44.682,-10.356,967.462,1.2288034,3.164,-23.444,309.666,309.666
142.666,1.289,1.261,226.431,-11.869,0.914,0.869,-0.265,0.182,331.965,44.874,-10.356,967.447,1.22904968,3.907,-11.265,306.585,306.585
142.766,1.753,1.657,236.805,19.059,1.386,0.907,0.572,-0.676,331.443,47.692,-10.378,967.463,1.23294687,4.094,2.173,304.394,304.394
142.866,0.905,0.903,155.405,-3.622,-0.376,0.821,-0.057,-0.769,331.387,48.029,-10.374,967.447,1.23334503,3.913,-2.679,304.903,304.903
142.967,3.221,3.221,116.868,0.884,-2.873,1.456,0.05,0.372,332.081,44.358,-10.328,967.467,1.22821808,3.592,-17.844,308.223,308.223
143.066,1.905,1.905,97.81,0.0,-1.887,0.259,0.0,0.189,331.969,44.831,-10.362,967.448,1.22902262,4.08,-26.34,310.534,310.534
143.167,0.363,0.221,160.436,-52.431,-0.074,0.209,-0.288,0.186,331.967,44.905,-10.345,967.457,1.22904694,4.517,-21.705,309.127,309.127
143.267,2.157,2.136,230.773,7.962,1.655,1.351,0.299,-0.167,331.753,46.048,-10.351,967.453,1.23062861,5.159,-3.389,305.021,305.021
143.367,1.063,1.063,242.324,0.0,0.941,0.494,0.0,-0.836,331.346,48.156,-10.403,967.445,1.23364937,5.256,4.586,303.569,303.569
143.467,-99.53,-99.51,0.0,0.0,-99.4,-99.41,-99.42,-99.44,-99.43,31.883,-99.44,967.451,13.70004749,4.245,-2.408,305.395,305.395
143.567,-99.53,-99.51,0.0,0.0,-99.4,-99.41,-99.42,-99.44,-99.43,31.853,-99.44,967.451,13.70005035,2.718,-19.286,308.314,308.314
143.667,0.537,0.464,106.356,-30.281,-0.445,0.131,-0.271,-0.035,331.833,45.472,-10.389,967.462,1.23005223,2.104,-25.222,309.285,309.285
143.767,16.348,15.006,222.474,-23.377,10.133,11.068,-6.486,-24.643,316.531,100.0,-10.346,967.452,1.35183585,2.977,-18.035,307.438,307.438
143.867,1.954,1.895,243.209,14.066,1.692,0.854,0.475,-0.955,331.274,48.782,-10.351,967.444,1.23418272,5.05,-2.16,304.601,304.601
143.967,1.66,1.649,158.511,-6.633,-0.604,1.534,-0.192,-0.584,331.499,47.384,-10.374,967.459,1.23252475,5.091,3.058,303.807,303.807
144.067,2.921,2.921,120.219,-0.877,-2.524,1.47,-0.045,0.253,332.008,44.623,-10.362,967.45,1.22873902,4.452,-6.382,305.855,305.855
144.167,1.399,1.399,108.67,0.428,-1.326,0.448,0.01,0.1,331.915,45.103,-10.367,967.443,1.22941494,2.721,-20.131,308.452,308.452
144.267,1.521,1.439,214.391,-18.866,0.813,1.188,-0.492,0.01,331.861,45.372,-10.374,967.46,1.22984219,2.113,-23.341,308.863,308.863
144.367,2.071,2.011,237.729,13.837,1.7,1.073,0.495,-0.513,331.543,47.105,-10.383,967.46,1.23220444,2.82,-14.741,306.809,306.809
144.468,0.696,0.674,224.176,14.345,0.47,0.483,0.172,-0.772,331.385,48.085,-10.362,967.456,1.23336709,3.846,-2.39,303.71,303.71
144.568,2.306,2.306,121.407,-0.049,-1.968,1.202,-0.002,0.212,331.983,44.651,-10.392,967.444,1.22891772,3.967,-0.753,304.104,304.104
144.668,-99.53,-99.51,0.0,0.0,-99.4,-99.41,-99.42,-99.44,-99.43,31.883,-99.44,967.459,13.70016098,4.843,-10.184,306.528,306.528
144.768,0.709,0.677,136.599,-17.25,-0.465,0.492,-0.21,0.108,331.92,45.096,-10.362,967.459,1.22940242,3.773,-19.696,308.497,308.497
144.868,2.296,2.282,215.926,6.348,1.339,1.848,0.254,-0.221,331.72,46.129,-10.379,967.456,1.23088181,3.607,-20.161,308.091,308.091
144.968,1.188,1.108,233.277,21.124,0.888,0.663,0.428,-0.947,331.279,48.756,-10.35,967.449,1.23415172,4.057,-14.081,307.124,307.124
145.068,0.611,0.51,137.016,-33.443,-0.347,0.373,-0.337,-0.896,331.31,48.56,-10.353,967.456,1.23392773,4.999,-5.463,304.374,304.374
145.168,-99.53,-99.51,0.0,0.0,-99.4,-99.41,-99.42,-99.44,-99.43,31.883,-99.44,967.454,13.70009041,4.603,-2.809,304.89,304.89
145.268,1.221,1.212,118.098,7.322,-1.069,0.571,0.156,-0.246,331.705,46.307,-10.353,967.454,1.23098648,3.945,-8.515,304.975,304.975
145.368,1.59,1.575,212.244,-7.822,0.84,1.332,-0.216,-0.3,331.672,46.433,-10.368,967.442,1.23121655,3.134,-16.262,307.015,307.015
145.468,20.968,19.27,223.035,-23.219,13.151,14.085,-8.267,-33.126,311.081,100.0,-10.374,967.454,1.39962089,2.828,-17.947,307.239,307.239
145.568,1.544,1.532,155.876,-7.278,-0.626,1.398,-0.196,-1.012,331.239,48.921,-10.367,967.45,1.23444808,3.017,-14.009,306.897,306.897
145.669,3.388,3.361,118.927,-7.224,-2.942,1.626,-0.426,-0.078,331.807,45.753,-10.351,967.464,1.23024464,3.337,-8.149,306.041,306.041
145.769,2.64,2.579,107.213,-12.415,-2.463,0.763,-0.568,-0.175,331.749,46.068,-10.353,967.449,1.23066056,3.492,-6.626,305.324,305.324
145.869,0.862,0.843,155.609,-12.183,-0.348,0.767,-0.182,-0.234,331.712,46.199,-10.371,967.445,1.23092413,3.432,-9.426,305.972,305.972
145.969,2.017,1.975,226.137,11.732,1.424,1.368,0.41,-0.514,331.543,47.27,-10.34,967.465,1.23220909,3.125,-13.67,306.621,306.621
146.069,0.758,0.751,227.416,7.696,0.553,0.508,0.101,-1.051,331.216,49.165,-10.341,967.438,1.23460841,3.569,-15.463,306.86,306.86
146.169,2.641,2.639,125.959,-2.019,-2.136,1.55,-0.093,-0.1,331.794,45.782,-10.362,967.445,1.23031914,3.939,-14.739,306.263,306.263
146.269,-99.53,-99.51,0.0,0.0,-99.4,-99.41,-99.42,-99.44,-99.43,31.898,-99.44,967.448,13.70000935,4.283,-10.903,306.092,306.092
146.369,0.718,0.347,109.159,-61.12,-0.328,0.114,-0.629,-0.025,331.84,45.615,-10.34,967.444,1.2299782,4.656,-7.61,305.388,305.388
146.469,1.821,1.816,225.428,-4.399,1.294,1.274,-0.14,-0.035,331.833,45.649,-10.34,967.45,1.23003101,4.489,-6.827,305.971,305.971
146.569,1.538,1.499,249.431,13.001,1.403,0.527,0.346,-0.637,331.467,47.633,-10.357,967.438,1.23273432,3.781,-10.58,306.848,306.848
146.669,0.429,0.414,218.63,14.98,0.259,0.324,0.111,-0.778,331.382,48.089,-10.367,967.462,1.2334038,3.213,-15.628,307.392,307.392
146.769,-99.53,-99.51,0.0,0.0,-99.4,-99.41,-99.42,-99.44,-99.43,31.908,-99.44,967.434,13.69980907,3.499,-17.353,308.362,308.362
146.869,1.582,1.582,107.621,0.0,-1.507,0.479,0.0,-0.207,331.729,46.176,-10.353,967.459,1.23081791,3.783,-13.246,306.672,306.672
146.97,0.884,0.831,195.429,-19.88,0.221,0.801,-0.301,-0.178,331.747,46.231,-10.311,967.456,1.23067939,4.296,-7.004,305.748,305.748
147.07,10.671,10.655,186.606,-3.143,1.226,10.585,-0.585,-25.074,316.256,100.0,-10.367,967.444,1.35417831,4.275,-4.467,304.892,304.892
147.17,0.879,0.86,211.789,11.977,0.453,0.731,0.182,-1.178,331.138,49.541,-10.362,967.46,1.2352165,3.809,-8.475,305.966,305.966
147.27,2.876,2.871,123.522,-3.422,-2.394,1.586,-0.172,-0.168,331.752,46.014,-10.361,967.435,1.23061383,3.002,-15.482,307.67,307.67
147.37,-99.53,-99.51,0.0,0.0,-99.4,-99.41,-99.42,-99.44,-99.43,31.898,-99.44,967.443,13.69993401,2.383,-18.843,307.103,307.103
147.47,1.681,1.681,119.696,-0.987,-1.46,0.833,-0.029,-0.263,331.695,46.33,-10.362,967.446,1.23105669,2.68,-15.102,306.171,306.171
147.57,1.935,1.935,213.367,1.05,1.064,1.616,0.035,-0.424,331.597,46.877,-10.362,967.461,1.23180151,3.553,-6.543,305.441,305.441
147.67,1.366,1.272,222.434,21.417,0.858,0.939,0.499,-1.013,331.239,49.101,-10.322,967.465,1.23446798,4.237,-2.426,304.087,304.087
147.77,2.145,2.144,137.006,-1.991,-1.462,1.568,-0.075,-0.397,331.613,46.891,-10.334,967.454,1.23166895,4.735,-7.546,305.283,305.283
147.87,3.483,3.483,111.916,0.0,-3.231,1.3,0.0,0.543,332.185,43.831,-10.323,967.441,1.22742033,4.281,-17.161,308.267,308.267
147.97,1.282,1.203,117.869,20.227,-1.063,0.562,0.443,-0.028,331.838,45.621,-10.341,967.455,1.23000407,3.993,-20.61,309.877,309.877
148.071,1.21,1.192,202.803,-9.774,0.462,1.099,-0.205,-0.112,331.787,45.946,-10.328,967.451,1.23037612,4.412,-16.103,307.995,307.995
148.171,2.13,2.084,219.376,11.915,1.322,1.611,0.44,-0.513,331.543,47.249,-10.345,967.441,1.23217475,4.718,-5.651,305.698,305.698
148.271,0.801,0.797,184.885,-5.612,0.068,0.794,-0.078,-0.957,331.272,48.663,-10.383,967.443,1.23419511,4.236,-1.337,304.658,304.658
148.371,-99.53,-99.51,0.0,0.0,-99.4,-99.41,-99.42,-99.44,-99.43,31.883,-99.44,967.444,13.69995403,3.64,-8.049,305.854,305.854
148.471,-99.53,-99.51,0.0,0.0,-99.4,-99.41,-99.42,-99.44,-99.43,31.911,-99.44,967.473,13.70035553,2.868,-18.546,307.748,307.748
148.571,1.272,1.272,147.982,-0.827,-0.674,1.078,-0.018,-0.301,331.672,46.482,-10.356,967.454,1.23123705,2.688,-20.788,308.41,308.41
148.671,1.893,1.893,210.55,-0.178,0.962,1.63,-0.006,-0.619,331.478,47.571,-10.357,967.438,1.23265421,3.41,-14.262,307.635,307.635
148.771,0.876,0.876,202.373,1.752,0.333,0.81,0.027,-1.182,331.136,49.602,-10.351,967.431,1.23519659,4.127,-3.758,305.163,305.163
148.871,2.992,2.969,132.982,-7.02,-2.172,2.024,-0.366,-0.388,331.619,46.779,-10.356,967.428,1.23159802,4.385,-1.131,304.561,304.561
148.971,-99.53,-99.51,0.0,0.0,-99.4,-99.41,-99.42,-99.44,-99.43,31.924,-99.44,967.452,13.70005894,3.649,-8.726,305.471,305.471
149.071,1.563,1.561,122.249,2.652,-1.32,0.833,0.072,-0.171,331.751,46.04,-10.357,967.445,1.23063874,2.659,-19.073,308.529,308.529
149.171,1.659,1.648,214.492,-6.51,0.933,1.358,-0.188,-0.191,331.739,46.17,-10.34,967.46,1.23074543,2.496,-20.731,308.251,308.251
149.272,1.686,1.596,229.576,18.831,1.215,1.035,0.544,-0.869,331.327,48.448,-10.357,967.456,1.23380589,3.193,-12.778,306.221,306.221
149.372,1.53,1.521,149.289,-6.233,-0.777,1.308,-0.166,-0.647,331.462,47.779,-10.328,967.463,1.23280966,4.364,-2.214,304.935,304.935
149.472,3.186,3.184,119.489,1.861,-2.772,1.567,0.103,0.377,332.083,44.281,-10.346,967.449,1.22817838,4.9,-1.588,304.868,304.868
149.572,1.418,1.418,111.398,0.0,-1.32,0.517,0.0,0.231,331.995,44.799,-10.333,967.436,1.22881556,4.623,-11.13,305.975,305.975
149.672,0.957,0.942,215.963,-10.157,0.553,0.763,-0.169,0.126,331.931,45.094,-10.346,967.456,1.22931361,3.951,-19.855,309.028,309.028
149.772,2.446,2.404,232.253,10.657,1.901,1.471,0.452,-0.229,331.715,46.235,-10.357,967.441,1.230896,4.026,-20.15,308.614,308.614
149.872,1.237,1.155,229.477,21.04,0.878,0.75,0.444,-0.866,331.329,48.51,-10.338,967.446,1.23377824,4.065,-12.639,306.383,306.383
149.972,-99.53,-99.51,0.0,0.0,-99.4,-99.41,-99.42,-99.44,-99.43,31.897,-99.44,967.442,13.6999197,4.31,-3.828,304.369,304.369
150.072,-99.53,-99.51,0.0,0.0,-99.4,-99.41,-99.42,-99.44,-99.43,31.883,-99.44,967.453,13.70008183,3.791,-3.876,304.327,304.327
150.172,0.416,0.372,158.413,-26.761,-0.137,0.346,-0.188,-0.072,331.811,45.77,-10.34,967.448,1.23019207,3.214,-11.887,306.009,306.009
150.272,2.453,2.442,220.631,5.415,1.59,1.853,0.231,-0.298,331.673,46.473,-10.356,967.461,1.23123443,2.623,-18.388,307.74,307.74
150.373,1.618,1.564,228.754,14.766,1.176,1.031,0.412,-1.034,331.227,49.193,-10.318,967.458,1.23455346,2.726,-17.631,306.918,306.918
150.473,2.1,2.085,140.339,-6.839,-1.331,1.605,-0.25,-0.501,331.55,47.121,-10.368,967.447,1.23213065,3.451,-11.102,306.223,306.223
150.573,-99.53,-99.51,0.0,0.0,-99.4,-99.41,-99.42,-99.44,-99.43,31.908,-99.44,967.438,13.69985771,4.088,-4.626,305.218,305.218
150.673,1.413,1.39,118.069,10.206,-1.227,0.654,0.25,-0.053,331.822,45.71,-10.34,967.463,1.2301296,4.16,-5.314,305.646,305.646
150.773,1.992,1.966,213.174,-9.206,1.076,1.646,-0.319,0.043,331.881,45.307,-10.362,967.453,1.22968376,3.716,-12.165,307.037,307.037
150.874,2.244,2.157,236.952,16.063,1.808,1.176,0.621,-0.553,331.518,47.288,-10.371,967.441,1.23235834,3.267,-17.611,308.694,308.694
150.974,1.071,1.062,185.604,7.418,0.104,1.057,0.138,-0.735,331.408,47.976,-10.357,967.476,1.23322678,3.312,-17.022,308.243,308.243
151.074,2.768,2.767,116.251,0.703,-2.482,1.224,0.034,0.394,332.094,44.287,-10.328,967.461,1.22811365,3.953,-11.213,306.584,306.584
151.175,1.92,1.911,99.052,5.517,-1.887,0.301,0.185,0.298,332.036,44.561,-10.338,967.452,1.22853458,4.597,-5.688,305.92,305.92
151.275,0.356,0.242,166.573,-47.248,-0.056,0.235,-0.261,0.221,331.989,44.847,-10.328,967.449,1.2288748,4.778,-6.334,306.62,306.62
151.375,2.518,2.504,226.275,6.106,1.809,1.731,0.268,-0.086,331.802,45.756,-10.357,967.429,1.23023629,4.218,-11.499,307.018,307.018
151.475,1.256,1.228,230.988,12.149,0.954,0.773,0.264,-0.847,331.34,48.329,-10.368,967.437,1.23368347,3.778,-15.841,307.153,307.153
151.575,0.729,0.725,161.456,-5.854,-0.231,0.688,-0.074,-0.611,331.484,47.583,-10.346,967.444,1.23262095,3.471,-16.075,306.917,306.917
151.675,-99.53,-99.51,0.0,0.0,-99.4,-99.41,-99.42,-99.44,-99.43,31.924,-99.44,967.431,13.69976425,3.55,-12.664,306.753,306.753
151.775,0.588,0.529,96.438,25.999,-0.526,0.059,0.258,0.086,331.906,45.072,-10.389,967.448,1.22948849,3.6,-8.786,306.044,306.044
151.875,1.683,1.57,231.244,-21.179,1.224,0.983,-0.608,-0.006,331.851,45.387,-10.385,967.46,1.22991741,3.594,-7.585,306.266,306.266
151.975,2.098,2.072,237.405,9.026,1.746,1.116,0.329,-0.704,331.427,47.85,-10.362,967.451,1.23305368,3.479,-9.676,306.124,306.124
152.075,0.997,0.989,161.681,7.184,-0.311,0.939,0.125,-0.653,331.458,47.706,-10.353,967.449,1.23282087,3.111,-13.325,306.95,306.95
152.175,2.571,2.571,113.404,0.0,-2.359,1.021,0.0,0.225,331.991,44.716,-10.361,967.449,1.22886097,2.966,-15.48,307.238,307.238
152.275,1.889,1.889,107.567,0.0,-1.801,0.57,0.0,0.027,331.871,45.464,-10.334,967.451,1.22975385,3.367,-13.755,307.271,307.271
152.375,1.109,1.092,184.242,-10.079,0.081,1.089,-0.194,-0.031,331.836,45.62,-10.344,967.428,1.22998691,3.842,-9.683,305.724,305.724
152.476,2.117,2.069,227.657,12.188,1.53,1.394,0.447,-0.462,331.574,46.988,-10.368,967.459,1.23197198,4.238,-7.162,305.936,305.936
152.576,0.915,0.882,223.782,15.275,0.611,0.637,0.241,-0.954,331.275,48.841,-10.334,967.451,1.23418558,4.299,-8.615,305.51,305.51
152.676,2.761,2.76,126.272,-0.718,-2.225,1.633,-0.035,0.041,331.879,45.316,-10.362,967.451,1.22969437,4.021,-12.599,307.129,307.129
152.776,-99.53,-99.51,0.0,0.0,-99.4,-99.41,-99.42,-99.44,-99.43,31.883,-99.44,967.431,13.69976807,0.556,-15.491,305.939,305.939
152.876,0.882,0.808,176.248,-23.494,-0.053,0.807,-0.351,-0.119,331.782,45.907,-10.346,967.446,1.23040593,-1.208,-14.729,306.031,306.031
152.976,2.488,2.483,214.126,3.613,1.393,2.055,0.157,-0.224,331.718,46.234,-10.353,967.438,1.23086989,5.033,-11.187,307.124,307.124
153.076,1.689,1.604,221.204,18.25,1.057,1.207,0.529,-0.995,331.249,48.799,-10.383,967.45,1.23437524,3.267,-6.818,305.543,305.543
153.177,0.923,0.91,159.369,-9.793,-0.321,0.852,-0.157,-0.969,331.265,48.806,-10.357,967.448,1.23425102,-0.421,-6.739,305.175,305.175
153.277,-99.53,-99.51,0.0,0.0,-99.4,-99.41,-99.42,-99.44,-99.43,31.898,-99.44,967.444,13.69995117,-2.294,-11.45,305.328,305.328
153.376,2.252,2.251,129.876,1.91,-1.728,1.443,0.075,-0.189,331.74,46.17,-10.338,967.446,1.23072112,-3.543,-15.937,304.327,304.327
153.477,2.218,2.214,196.938,-3.513,0.645,2.118,-0.136,-0.359,331.636,46.723,-10.345,967.433,1.23147166,-4.191,-15.698,305.327,305.327
153.577,2.474,2.474,212.658,0.0,1.335,2.083,0.0,-0.735,331.408,47.96,-10.361,967.429,1.23316741,-3.225,-10.473,304.844,304.844
153.677,1.956,1.946,174.09,-5.943,-0.2,1.935,-0.203,-1.059,331.211,49.242,-10.328,967.448,1.23465466,-3.519,-4.554,304.48,304.48
153.777,3.371,3.361,140.879,-4.535,-2.121,2.607,-0.267,-0.366,331.632,46.679,-10.362,967.434,1.23150468,5.693,-5.355,306.417,306.417
153.877,3.284,3.284,123.206,0.598,-2.748,1.799,0.034,0.062,331.892,45.274,-10.355,967.463,1.22961318,-0.302,-11.973,306.324,306.324
153.977,1.912,1.796,165.239,-20.05,-0.458,1.737,-0.655,-0.216,331.724,46.35,-10.313,967.459,1.23085284,4.877,-16.982,308.492,308.492
154.077,2.883,2.883,203.533,0.392,1.151,2.643,0.02,-0.462,331.574,47.108,-10.336,967.451,1.23195899,-0.336,-15.361,307.049,307.049
154.177,1.811,1.811,197.94,-0.278,0.558,1.723,-0.009,-0.967,331.267,48.845,-10.345,967.457,1.23424959,4.112,-10.621,306.679,306.679
154.277,3.242,3.238,148.833,-2.857,-1.676,2.771,-0.162,-0.346,331.645,46.761,-10.322,967.455,1.23143733,9.347,-4.456,306.394,306.394
154.377,3.542,3.542,123.103,-0.104,-2.967,1.935,-0.006,0.314,332.045,44.468,-10.351,967.446,1.22845805,13.09,-6.232,307.524,307.524
154.477,1.873,1.868,135.38,-4.415,-1.312,1.329,-0.144,0.103,331.917,45.081,-10.371,967.459,1.22942615,14.763,-12.195,310.05,310.05
154.577,2.695,2.69,211.819,3.72,1.418,2.285,0.175,-0.055,331.821,45.589,-10.374,967.461,1.23013973,22.931,-17.21,312.181,312.181
154.677,2.161,2.006,238.176,21.803,1.705,1.058,0.803,-0.701,331.429,47.922,-10.34,967.461,1.23304987,21.513,-17.244,312.894,312.894
154.777,0.67,0.645,202.724,15.711,0.249,0.595,0.181,-0.994,331.251,48.984,-10.334,967.468,1.23438716,8.444,-10.431,308.075,308.075
154.878,-99.53,-99.51,0.0,0.0,-99.4,-99.41,-99.42,-99.44,-99.43,31.911,-99.44,967.467,13.70027637,7.181,-4.252,306.602,306.602
154.978,1.828,1.799,113.218,-10.346,-1.653,0.709,-0.328,-0.056,331.821,45.699,-10.345,967.451,1.23012602,14.173,-6.746,307.568,307.568
155.078,1.388,1.381,199.054,-5.927,0.451,1.305,-0.143,-0.214,331.725,46.346,-10.313,967.478,1.2308712,14.058,-14.646,309.474,309.474
155.178,1.852,1.849,241.511,3.2,1.625,0.882,0.103,-0.62,331.478,47.707,-10.322,967.467,1.23269117,12.963,-18.661,311.876,311.876
155.278,0.357,0.352,258.41,9.775,0.344,0.071,0.061,-1.156,331.152,49.481,-10.357,967.479,1.23513877,11.776,-15.471,309.535,309.535
155.378,2.129,2.045,124.668,-16.155,-1.682,1.163,-0.592,-0.512,331.544,47.284,-10.334,967.452,1.23218334,10.513,-7.734,307.861,307.861
155.478,2.957,2.911,93.401,-10.031,-2.906,0.173,-0.515,0.086,331.907,45.23,-10.345,967.457,1.22949386,10.952,-3.78,306.613,306.613
155.578,1.258,1.207,94.839,-16.308,-1.203,0.102,-0.353,-0.172,331.75,46.066,-10.351,967.467,1.23066974,10.617,-8.706,307.687,307.687
155.678,1.514,1.513,236.247,2.274,1.258,0.841,0.06,-0.237,331.711,46.332,-10.338,967.469,1.23096681,7.542,-15.32,308.9,308.9
155.778,1.328,1.311,273.89,9.279,1.308,-0.089,0.214,-0.818,331.358,48.4,-10.323,967.454,1.23357069,4.943,-18.288,309.248,309.248
155.878,0.526,0.384,92.796,-43.155,-0.384,0.019,-0.36,-0.513,331.543,47.31,-10.328,967.454,1.23218894,6.398,-16.035,308.302,308.302
155.978,2.252,2.25,90.636,-2.395,-2.25,0.025,-0.094,0.328,332.054,44.519,-10.323,967.45,1.22839463,1.861,-10.505,306.293,306.293
156.078,1.798,1.779,95.551,-8.347,-1.771,0.172,-0.261,-0.034,331.835,45.701,-10.324,967.459,1.23003471,-19.979,-4.374,299.384,299.384
156.179,1.475,1.474,214.513,-1.75,0.835,1.215,-0.045,0.001,331.855,45.495,-10.349,967.459,1.22988284,-25.313,-6.043,295.692,295.692
156.279,2.39,2.269,240.394,18.355,1.972,1.121,0.753,-0.599,331.491,47.543,-10.346,967.454,1.23258281,-17.969,-12.709,298.905,298.905
156.379,0.839,0.816,220.137,13.304,0.526,0.624,0.193,-0.969,331.266,48.92,-10.328,967.45,1.23425126,2.8,-16.398,308.066,308.066
156.479,-99.53,-99.51,0.0,0.0,-99.4,-99.41,-99.42,-99.44,-99.43,31.898,-99.44,967.44,13.69988918,4.595,-15.256,307.179,307.179
156.579,-99.53,-99.51,0.0,0.0,-99.4,-99.41,-99.42,-99.44,-99.43,31.885,-99.44,967.439,13.69988155,3.082,-8.819,304.615,304.615
156.679,1.591,1.581,177.752,-6.268,-0.062,1.58,-0.174,-0.16,331.758,46.085,-10.334,967.459,1.23060405,3.767,-5.815,305.268,305.268
156.779,2.725,2.706,218.921,6.649,1.7,2.106,0.315,-0.498,331.553,47.235,-10.334,967.436,1.23209858,2.637,-8.874,305.856,305.856
156.879,1.802,1.691,236.795,20.158,1.415,0.926,0.621,-1.227,331.108,49.715,-10.363,967.463,1.23544228,1.59,-12.939,306.74,306.74
156.979,2.48,2.431,145.101,-11.396,-1.391,1.994,-0.49,-0.564,331.512,47.445,-10.34,967.436,1.23239946,3.209,-14.954,306.679,306.679
157.079,-99.53,-99.51,0.0,0.0,-99.4,-99.41,-99.42,-99.44,-99.43,31.966,-99.44,967.45,13.70004082,3.197,-12.405,306.379,306.379
157.179,1.592,1.589,143.913,3.465,-0.936,1.284,0.096,-0.199,331.734,46.134,-10.357,967.427,1.23074138,3.73,-8.539,305.615,305.615
157.279,2.657,2.657,215.294,-1.228,1.535,2.168,-0.057,-0.279,331.685,46.432,-10.349,967.441,1.23111951,4.439,-7.575,305.142,305.142
157.379,2.435,2.317,238.256,17.892,1.97,1.219,0.748,-0.943,331.281,48.697,-10.361,967.435,1.2341181,3.435,-9.1,306.586,306.586
157.48,1.383,1.382,179.638,-1.391,-0.009,1.382,-0.034,-1.019,331.236,49.072,-10.334,967.449,1.2344743,3.297,-11.868,305.947,305.947
157.58,2.94,2.93,130.254,-4.814,-2.236,1.893,-0.247,0.067,331.895,45.308,-10.341,967.443,1.229563,3.445,-13.942,306.062,306.062
157.68,-99.53,-99.51,0.0,0.0,-99.4,-99.41,-99.42,-99.44,-99.43,31.924,-99.44,967.431,13.69976139,3.859,-13.593,306.365,306.365
157.78,2.456,2.438,207.16,-7.034,1.113,2.169,-0.301,0.063,331.893,45.226,-10.367,967.436,1.22957242,3.442,-10.786,306.035,306.035
157.88,2.642,2.608,236.827,9.215,2.183,1.427,0.423,-0.464,331.572,47.035,-10.357,967.441,1.23195696,3.39,-7.968,305.417,305.417
157.98,1.495,1.445,237.258,14.802,1.216,0.782,0.382,-1.167,331.145,49.505,-10.361,967.445,1.23514736,3.468,-8.766,305.533,305.533
158.08,0.848,0.692,156.224,-35.261,-0.279,0.633,-0.489,-0.987,331.254,48.789,-10.378,967.452,1.23433864,3.597,-11.85,306.459,306.459
158.18,-99.53,-99.51,0.0,0.0,-99.4,-99.41,-99.42,-99.44,-99.43,31.94,-99.44,967.443,13.69993973,2.567,-14.52,306.712,306.712
158.281,1.0,0.977,168.389,-12.078,-0.197,0.957,-0.209,-0.24,331.71,46.399,-10.322,967.451,1.23095191,2.618,-14.092,306.132,306.132
158.38,11.745,11.731,186.467,-2.787,1.321,11.656,-0.571,-24.813,316.423,100.0,-10.334,967.437,1.35274136,4.046,-11.881,306.364,306.364
158.48,2.243,2.16,242.047,15.638,1.908,1.012,0.605,-1.165,331.146,49.529,-10.353,967.44,1.23512709,4.182,-9.481,305.515,305.515
158.581,1.082,1.079,169.934,-3.874,-0.189,1.063,-0.073,-0.932,331.288,48.655,-10.361,967.428,1.23405528,3.851,-8.284,305.882,305.882
158.681,2.598,2.546,131.26,-11.573,-1.914,1.679,-0.521,-0.081,331.805,45.687,-10.371,967.447,1.23023629,3.742,-10.224,305.844,305.844
158.781,1.674,1.668,136.688,4.864,-1.144,1.214,0.142,-0.097,331.796,45.8,-10.355,967.45,1.23031127,4.104,-13.251,306.291,306.291
158.881,2.372,2.198,209.146,-22.074,1.071,1.92,-0.892,-0.179,331.746,46.045,-10.362,967.441,1.23066819,3.605,-14.766,306.865,306.865
158.981,2.352,2.269,232.296,15.263,1.795,1.388,0.619,-0.668,331.449,47.789,-10.345,967.438,1.23287404,3.881,-13.811,306.68,306.68
159.081,1.021,0.976,215.149,17.161,0.562,0.798,0.301,-0.999,331.247,48.979,-10.341,967.439,1.23437619,4.295,-9.828,307.129,307.129
159.181,2.674,2.673,131.742,-1.226,-1.995,1.78,-0.057,0.054,331.887,45.252,-10.368,967.434,1.2296114,4.681,-7.393,305.273,305.273
159.281,-99.53,-99.51,0.0,0.0,-99.4,-99.41,-99.42,-99.44,-99.43,31.897,-99.44,967.435,13.69982624,4.613,-9.655,305.855,305.855
159.381,1.344,1.343,176.216,-2.106,-0.089,1.341,-0.049,0.136,331.937,45.046,-10.351,967.443,1.22925496,4.348,-14.092,307.521,307.521
159.481,2.57,2.526,227.821,10.611,1.872,1.696,0.473,-0.168,331.752,46.039,-10.355,967.436,1.23061585,3.362,-16.16,307.212,307.212
159.582,1.713,1.537,240.508,26.24,1.337,0.756,0.757,-1.032,331.227,49.034,-10.357,967.459,1.23455238,2.892,-13.88,306.562,306.562
159.681,0.817,0.817,191.171,0.0,0.158,0.802,0.0,-0.911,331.301,48.643,-10.346,967.45,1.23399138,3.469,-9.884,306.162,306.162
159.781,-99.53,-99.51,0.0,0.0,-99.4,-99.41,-99.42,-99.44,-99.43,31.898,-99.44,967.457,13.70013714,3.754,-7.177,305.946,305.946
159.882,1.188,1.18,134.758,6.718,-0.838,0.831,0.139,-0.213,331.725,46.244,-10.34,967.446,1.23082721,3.658,-10.082,306.117,306.117
159.982,2.158,2.156,211.003,-2.097,1.111,1.848,-0.079,-0.243,331.707,46.266,-10.361,967.458,1.23098147,3.562,-14.423,307.317,307.317
160.082,2.031,1.901,239.361,20.572,1.636,0.969,0.714,-1.043,331.22,49.051,-10.362,967.449,1.23458886,3.732,-16.722,306.791,306.791
160.182,1.172,1.163,183.976,7.338,0.081,1.16,0.15,-0.991,331.252,48.934,-10.345,967.468,1.23437655,4.41,-14.297,307.366,307.366
160.282,2.602,2.578,133.366,-7.793,-1.874,1.77,-0.353,-0.156,331.76,45.99,-10.357,967.443,1.23056948,4.407,-8.735,305.543,305.543
160.382,1.948,1.948,120.286,0.401,-1.682,0.982,0.014,-0.137,331.771,45.829,-10.383,967.452,1.23049545,3.994,-6.005,305.761,305.761
160.482,1.294,1.267,193.867,-11.713,0.304,1.23,-0.263,-0.072,331.81,45.583,-10.392,967.45,1.23020363,4.196,-8.949,306.167,306.167
160.582,2.503,2.437,228.373,13.272,1.821,1.619,0.575,-0.442,331.586,46.923,-10.367,967.444,1.23186243,3.533,-14.567,307.203,307.203
160.682,1.194,1.097,228.473,23.284,0.821,0.727,0.472,-0.994,331.25,48.781,-10.386,967.443,1.23435998,3.78,-17.275,307.61,307.61
160.783,2.229,2.22,128.617,-5.056,-1.735,1.386,-0.196,-0.279,331.685,46.51,-10.328,967.439,1.23111582,4.206,-14.173,306.647,306.647
160.883,-99.53,-99.51,0.0,0.0,-99.4,-99.41,-99.42,-99.44,-99.43,31.938,-99.44,967.437,13.69984341,4.16,-8.651,305.685,305.685
160.982,0.613,0.6,164.838,-11.707,-0.157,0.579,-0.124,0.09,331.909,45.152,-10.362,967.45,1.22946846,4.298,-6.21,304.903,304.903
161.083,1.881,1.879,227.165,2.336,1.378,1.278,0.077,-0.035,331.833,45.647,-10.341,967.439,1.23001921,4.074,-9.766,305.385,305.385
161.183,1.778,1.658,240.855,21.251,1.448,0.807,0.645,-0.845,331.341,48.343,-10.362,967.444,1.23368335,3.148,-14.907,306.071,306.071
161.283,0.541,0.528,178.971,-12.459,-0.009,0.528,-0.117,-0.912,331.3,48.559,-10.368,967.452,1.23399663,2.36,-16.39,307.942,307.942
161.383,-99.53,-99.51,0.0,0.0,-99.4,-99.41,-99.42,-99.44,-99.43,31.908,-99.44,967.427,13.69970608,2.911,-13.246,307.178,307.178
161.483,2.002,1.998,117.954,3.925,-1.765,0.936,0.137,-0.196,331.736,46.163,-10.346,967.452,1.23075855,3.71,-8.002,305.796,305.796
161.583,1.841,1.831,200.058,-5.986,0.628,1.72,-0.192,-0.267,331.693,46.377,-10.353,967.434,1.23105514,4.087,-7.033,305.754,305.754
161.683,10.853,10.85,187.551,-1.302,1.426,10.756,-0.247,-25.163,316.2,100.0,-10.351,967.437,1.35464728,3.693,-10.316,306.195,306.195
161.783,5.242,1.24,223.155,-76.321,0.848,0.904,-5.093,-4.287,329.241,62.528,-10.346,967.443,1.24947214,3.515,-14.998,306.973,306.973
161.883,2.552,2.448,143.769,-16.393,-1.447,1.975,-0.72,-0.467,331.571,47.11,-10.34,967.451,1.23198044,3.802,-15.918,307.845,307.845
161.983,-99.53,-99.51,0.0,0.0,-99.4,-99.41,-99.42,-99.44,-99.43,31.908,-99.44,967.456,13.70011997,3.734,-12.547,306.18,306.18
162.083,1.618,1.589,172.555,-10.818,-0.206,1.576,-0.304,-0.089,331.8,45.782,-10.353,967.441,1.23026454,4.002,-8.164,305.847,305.847
162.184,2.609,2.574,226.221,9.355,1.858,1.781,0.424,-0.287,331.68,46.416,-10.361,967.452,1.23117268,4.146,-6.985,304.886,304.886
162.284,1.668,1.559,239.105,20.873,1.338,0.8,0.594,-0.996,331.25,49.014,-10.328,967.439,1.23435771,4.06,-10.64,305.96,305.96
162.384,1.736,1.727,135.177,-5.977,-1.217,1.225,-0.181,-0.33,331.654,46.679,-10.33,967.454,1.23136592,3.812,-14.745,306.834,306.834
162.484,3.149,3.147,121.077,2.218,-2.695,1.624,0.122,0.438,332.12,44.047,-10.357,967.438,1.22789288,3.39,-15.588,307.089,307.089
162.584,1.437,1.436,124.425,2.556,-1.184,0.812,0.064,0.087,331.908,45.367,-10.306,967.446,1.22947145,3.556,-12.597,305.911,305.911
162.684,2.309,2.308,213.815,1.573,1.285,1.918,0.063,0.089,331.909,45.238,-10.34,967.44,1.22945905,3.741,-8.819,305.518,305.518
162.784,2.208,2.042,239.692,22.334,1.763,1.031,0.839,-0.578,331.504,47.493,-10.34,967.44,1.23246872,3.526,-8.337,305.868,305.868
162.884,0.831,0.819,208.798,9.753,0.394,0.717,0.141,-0.978,331.26,48.856,-10.353,967.455,1.23430145,3.19,-11.064,305.309,305.309
162.984,-99.53,-99.51,0.0,0.0,-99.4,-99.41,-99.42,-99.44,-99.43,31.921,-99.44,967.442,13.69992447,2.758,-13.928,306.956,306.956
163.084,-99.53,-99.51,0.0,0.0,-99.4,-99.41,-99.42,-99.44,-99.43,31.897,-99.44,967.452,13.70005894,3.151,-14.419,307.126,307.126
163.184,1.349,1.348,188.395,-2.035,0.197,1.333,-0.048,-0.158,331.759,46.058,-10.34,967.439,1.23056912,3.578,-12.123,306.046,306.046
163.284,2.344,2.289,230.512,12.368,1.767,1.456,0.502,-0.585,331.499,47.415,-10.367,967.449,1.23251355,4.037,-9.401,306.19,306.19
163.385,0.926,0.926,242.809,0.0,0.824,0.423,0.0,-1.179,331.138,49.607,-10.346,967.444,1.23519647,4.106,-8.543,306.379,306.379
163.485,2.442,2.406,132.019,-9.87,-1.788,1.611,-0.419,-0.192,331.738,46.193,-10.335,967.437,1.23072183,3.831,-10.731,306.169,306.169
163.585,-99.53,-99.51,0.0,0.0,-99.4,-99.41,-99.42,-99.44,-99.43,31.897,-99.44,967.449,13.70002079,3.605,-13.322,306.412,306.412
163.685,1.125,1.113,138.894,-8.232,-0.732,0.839,-0.161,-0.074,331.81,45.757,-10.345,967.445,1.23019803,3.432,-14.217,306.674,306.674
163.785,2.558,2.554,217.397,3.117,1.551,2.029,0.139,-0.135,331.773,45.918,-10.357,967.462,1.23049664,3.77,-12.548,306.97,306.97
163.885,1.988,1.962,243.847,9.371,1.761,0.865,0.324,-0.837,331.347,48.466,-10.323,967.457,1.23365784,4.043,-10.164,305.831,305.831
163.985,1.233,1.227,158.726,5.758,-0.445,1.143,0.124,-0.625,331.475,47.6,-10.355,967.456,1.23270237,4.128,-9.306,306.324,306.324
164.085,2.688,2.677,122.18,5.15,-2.266,1.426,0.241,0.4,332.098,44.175,-10.355,967.455,1.22808242,4.14,-10.472,306.298,306.298
164.185,1.896,1.895,114.77,1.913,-1.72,0.794,0.063,0.128,331.933,45.062,-10.353,967.451,1.229298,3.702,-12.831,306.589,306.589
164.285,1.778,1.775,200.708,-3.538,0.628,1.66,-0.11,0.039,331.878,45.305,-10.367,967.452,1.22970212,3.346,-13.919,306.718,306.718
164.385,2.138,2.118,239.978,7.723,1.834,1.06,0.287,-0.321,331.66,46.476,-10.375,967.432,1.2312988,3.135,-13.207,306.75,306.75
164.485,0.667,0.634,234.206,-18.295,0.514,0.371,-0.209,-0.936,331.286,48.753,-10.341,967.461,1.23411727,3.28,-11.117,305.617,305.617
164.586,-99.53,-99.51,0.0,0.0,-99.4,-99.41,-99.42,-99.44,-99.43,31.894,-99.44,967.466,13.70026207,3.417,-9.493,305.824,305.824
164.686,-99.53,-99.51,0.0,0.0,-99.4,-99.41,-99.42,-99.44,-99.43,31.938,-99.44,967.441,13.69991302,3.53,-9.744,306.633,306.633
164.786,0.984,0.974,136.514,-8.14,-0.67,0.707,-0.139,-0.176,331.747,45.908,-10.397,967.448,1.23066676,3.835,-12.082,306.64,306.64
164.886,2.408,2.4,220.695,4.644,1.565,1.82,0.195,-0.388,331.619,46.921,-10.318,967.455,1.23162842,3.708,-13.731,307.227,307.227
164.986,1.589,1.426,239.953,26.131,1.235,0.714,0.7,-1.102,331.184,49.204,-10.378,967.458,1.23486948,3.82,-13.411,306.684,306.684
165.086,1.737,1.721,130.219,-7.826,-1.314,1.111,-0.237,-0.478,331.564,47.148,-10.34,967.455,1.23203671,4.064,-11.097,306.371,306.371
165.186,-99.53,-99.51,0.0,0.0,-99.4,-99.41,-99.42,-99.44,-99.43,31.908,-99.44,967.451,13.70005512,4.033,-9.036,306.633,306.633
165.286,1.62,1.617,112.182,3.224,-1.498,0.611,0.091,-0.131,331.775,45.933,-10.349,967.451,1.2304641,3.9,-9.367,306.425,306.425
165.386,2.251,2.245,210.485,-4.12,1.139,1.935,-0.162,-0.113,331.786,45.862,-10.353,967.413,1.2303375,3.724,-11.912,305.751,305.751
165.486,2.121,2.035,238.121,16.412,1.728,1.075,0.599,-0.682,331.44,47.737,-10.371,967.451,1.23295653,3.59,-14.047,307.037,307.037
165.587,0.966,0.958,168.116,7.288,-0.197,0.938,0.123,-0.813,331.36,48.319,-10.34,967.457,1.23355532,3.752,-13.979,307.368,307.368
165.687,2.999,2.996,119.677,2.363,-2.603,1.484,0.124,0.219,331.987,44.768,-10.353,967.432,1.22886813,3.864,-11.528,305.845,305.845
165.787,-99.53,-99.51,0.0,0.0,-99.4,-99.41,-99.42,-99.44,-99.43,31.908,-99.44,967.441,13.69991016,3.943,-9.039,305.763,305.763
165.887,0.676,0.616,164.52,-24.372,-0.164,0.593,-0.279,-0.022,331.841,45.505,-10.368,967.443,1.22996759,3.798,-9.248,305.519,305.519
165.987,2.427,2.393,228.5,9.636,1.792,1.586,0.406,-0.294,331.676,46.365,-10.381,967.461,1.23121488,3.318,-11.888,306.951,306.951
166.087,1.023,0.948,228.669,22.084,0.712,0.626,0.385,-0.948,331.278,48.716,-10.361,967.464,1.23417842,2.932,-14.413,307.008,307.008
166.187,-99.53,-99.51,0.0,0.0,-99.4,-99.41,-99.42,-99.44,-99.43,31.897,-99.44,967.446,13.69997978,3.056,-14.228,307.017,307.017
166.287,-99.53,-99.51,0.0,0.0,-99.4,-99.41,-99.42,-99.44,-99.43,31.897,-99.44,967.443,13.69993019,3.678,-11.266,306.451,306.451
166.387,1.063,1.063,118.824,0.0,-0.931,0.512,0.0,-0.162,331.756,46.009,-10.357,967.448,1.23060107,3.718,-8.281,305.651,305.651
166.488,2.138,2.127,217.337,-5.895,1.29,1.691,-0.22,-0.309,331.667,46.47,-10.367,967.445,1.23126388,4.355,-8.792,306.381,306.381
166.588,1.97,1.888,241.147,16.572,1.654,0.911,0.562,-0.948,331.278,48.619,-10.386,967.458,1.23417389,3.851,-11.701,306.511,306.511
166.688,1.141,1.137,153.303,4.922,-0.511,1.016,0.098,-0.773,331.385,48.125,-10.353,967.428,1.23333585,3.696,-14.319,307.672,307.672
166.788,2.849,2.849,114.629,0.0,-2.59,1.187,0.0,0.156,331.948,44.793,-10.403,967.435,1.22916114,3.715,-14.013,307.204,307.204
166.889,1.674,1.674,88.139,0.0,-1.673,-0.054,0.0,-0.073,331.81,45.697,-10.361,967.46,1.23021734,3.817,-11.068,305.873,305.873
166.988,1.035,0.777,220.671,-41.319,0.507,0.59,-0.683,-0.128,331.778,45.999,-10.328,967.453,1.23045051,3.9,-8.555,306.141,306.141
167.089,2.183,2.163,231.481,7.794,1.692,1.347,0.296,-0.437,331.589,46.864,-10.378,967.448,1.23184478,3.908,-8.976,306.393,306.393
167.188,1.048,1.032,209.526,10.084,0.509,0.898,0.184,-0.845,331.341,48.343,-10.362,967.45,1.23369193,3.913,-11.782,306.503,306.503
167.289,2.615,2.614,113.322,0.611,-2.401,1.035,0.028,0.238,331.999,44.655,-10.367,967.438,1.22878981,3.417,-14.313,307.928,307.928
167.389,-99.53,-99.51,0.0,0.0,-99.4,-99.41,-99.42,-99.44,-99.43,31.908,-99.44,967.441,13.6999073,3.467,-13.882,307.624,307.624
167.49,0.875,0.721,114.409,-34.578,-0.656,0.298,-0.497,0.108,331.92,45.029,-10.381,967.455,1.22939861,3.399,-11.153,306.707,306.707
167.589,2.659,2.653,220.38,3.89,1.719,2.021,0.18,-0.114,331.785,45.76,-10.381,967.441,1.23037744,3.482,-8.893,305.759,305.759
167.689,1.537,1.481,242.302,15.574,1.311,0.688,0.413,-0.877,331.322,48.564,-10.334,967.439,1.23381841,3.4,-9.382,306.56,306.56
167.789,0.481,0.481,191.828,0.0,0.099,0.471,0.0,-0.793,331.373,48.195,-10.353,967.462,1.23346794,3.354,-12.072,306.512,306.512
167.89,-99.53,-99.51,0.0,0.0,-99.4,-99.41,-99.42,-99.44,-99.43,31.924,-99.44,967.434,13.69980526,3.506,-14.048,306.737,306.737
167.99,1.47,1.47,107.189,0.488,-1.404,0.434,0.013,-0.102,331.793,45.76,-10.37,967.455,1.23034,3.608,-13.331,307.243,307.243
168.091,1.585,1.525,207.783,-15.734,0.711,1.35,-0.43,-0.191,331.738,46.039,-10.375,967.457,1.23074508,3.899,-10.572,306.398,306.398
168.192,2.082,2.024,237.216,13.592,1.702,1.096,0.489,-0.831,331.35,48.259,-10.371,967.441,1.23361611,4.145,-8.742,305.852,305.852
168.292,1.004,1.001,189.79,4.805,0.17,0.986,0.084,-0.982,331.257,48.648,-10.41,967.452,1.23431861,4.089,-9.471,306.619,306.619
168.396,2.649,2.649,120.689,-0.941,-2.278,1.352,-0.043,-0.015,331.845,45.415,-10.386,967.462,1.22996199,3.867,-11.99,307.613,307.613
168.496,2.174,2.174,108.502,0.0,-2.061,0.69,0.0,-0.082,331.805,45.694,-10.37,967.449,1.23024273,3.73,-13.938,306.928,306.928
168.596,0.772,0.662,166.88,-31.049,-0.15,0.644,-0.398,-0.079,331.807,45.715,-10.361,967.445,1.23022282,3.567,-13.415,307.749,307.749
168.7,2.5,2.468,228.533,9.257,1.849,1.634,0.402,-0.293,331.677,46.491,-10.346,967.455,1.23119962,3.922,-11.304,306.57,306.57
168.8,1.411,1.326,234.776,20.071,1.083,0.765,0.484,-0.894,331.311,48.489,-10.37,967.459,1.23392737,3.854,-9.384,306.447,306.447
168.902,1.997,1.997,123.07,0.849,-1.673,1.09,0.03,-0.078,331.807,45.758,-10.349,967.458,1.2302376,3.939,-9.825,306.511,306.511
169.002,3.083,3.083,108.291,0.0,-2.927,0.968,0.0,0.519,332.17,43.772,-10.361,967.46,1.22755468,3.507,-11.838,307.142,307.142
169.102,1.011,1.008,116.905,-3.946,-0.899,0.456,-0.07,0.158,331.95,44.967,-10.353,967.443,1.22915685,3.22,-13.408,306.821,306.821
169.202,2.442,2.441,214.224,1.269,1.373,2.019,0.054,0.026,331.87,45.308,-10.378,967.449,1.22975767,3.12,-13.228,306.693,306.693
169.303,1.955,1.836,232.156,20.105,1.45,1.127,0.672,-0.67,331.447,47.712,-10.367,967.451,1.23290265,3.437,-11.371,306.928,306.928
169.403,0.789,0.784,170.861,-6.677,-0.124,0.774,-0.092,-0.987,331.255,48.957,-10.335,967.438,1.23431706,3.528,-9.746,306.333,306.333
169.508,-99.53,-99.51,0.0,0.0,-99.4,-99.41,-99.42,-99.44,-99.43,31.897,-99.44,967.457,13.70013428,3.867,-9.932,306.199,306.199
169.603,1.766,1.758,123.409,5.711,-1.467,0.968,0.176,-0.087,331.802,45.839,-10.335,967.44,1.23024964,3.829,-11.587,306.828,306.828
169.708,1.375,1.372,190.257,-3.56,0.244,1.35,-0.085,-0.186,331.741,46.051,-10.368,967.441,1.23070359,3.871,-12.879,307.208,307.208
169.808,2.075,2.052,220.736,8.451,1.339,1.555,0.305,-0.725,331.413,47.803,-10.393,967.444,1.23314404,3.873,-12.567,307.322,307.322
169.908,0.945,0.933,193.149,-9.104,0.212,0.909,-0.15,-1.153,331.153,49.42,-10.37,967.452,1.23509395,3.966,-11.219,306.354,306.354
170.008,3.281,3.273,129.018,-3.938,-2.543,2.061,-0.225,-0.178,331.746,46.064,-10.357,967.446,1.2306726,3.92,-10.01,306.246,306.246
170.108,-99.53,-99.51,0.0,0.0,-99.4,-99.41,-99.42,-99.44,-99.43,31.935,-99.44,967.431,13.69976139,3.817,-10.091,305.991,305.991
170.21,1.439,1.435,137.553,-4.088,-0.968,1.059,-0.103,-0.15,331.764,45.952,-10.361,967.448,1.23054683,3.84,-11.447,305.91,305.91
170.31,2.286,2.285,212.983,-1.765,1.244,1.917,-0.07,-0.322,331.659,46.502,-10.37,967.454,1.23133445,3.648,-12.792,306.45,306.45
170.411,1.639,1.598,214.208,12.832,0.898,1.321,0.364,-0.955,331.275,48.842,-10.335,967.441,1.23417425,3.578,-12.983,306.866,306.866
170.511,2.721,2.715,143.41,-3.941,-1.618,2.18,-0.187,-0.455,331.577,46.907,-10.383,967.42,1.2318939,3.664,-11.737,307.034,307.034
170.611,3.658,3.657,119.317,1.412,-3.188,1.791,0.09,0.45,332.128,43.96,-10.37,967.426,1.22782087,3.728,-10.263,306.332,306.332
170.711,1.95,1.901,131.873,12.839,-1.416,1.269,0.433,0.09,331.909,45.108,-10.375,967.43,1.22944772,3.483,-9.946,305.843,305.843
170.811,2.192,2.186,201.327,-4.032,0.795,2.037,-0.154,0.018,331.866,45.47,-10.341,967.443,1.2297827,3.413,-10.968,305.399,305.399
170.911,2.168,2.062,225.06,17.979,1.46,1.457,0.669,-0.607,331.485,47.435,-10.382,967.434,1.23259676,3.218,-12.415,305.828,305.828
171.011,1.018,1.017,187.146,-2.162,0.127,1.009,-0.038,-0.869,331.327,48.465,-10.353,967.432,1.23377502,3.282,-12.869,306.834,306.834
171.111,-99.53,-99.51,0.0,0.0,-99.4,-99.41,-99.42,-99.44,-99.43,31.906,-99.44,967.443,13.69993687,3.542,-11.864,307.339,307.339
171.212,-99.53,-99.51,0.0,0.0,-99.4,-99.41,-99.42,-99.44,-99.43,31.897,-99.44,967.442,13.69992733,3.952,-10.38,306.435,306.435
171.314,0.841,0.806,160.175,-16.415,-0.273,0.759,-0.238,-0.16,331.757,45.967,-10.367,967.428,1.23056889,4.078,-9.692,305.83,305.83
171.414,2.562,2.558,215.172,3.026,1.474,2.091,0.135,-0.443,331.585,46.962,-10.357,967.443,1.23186278,4.127,-10.634,305.81,305.81
171.515,1.245,1.232,217.39,8.268,0.748,0.979,0.179,-1.077,331.199,49.123,-10.375,967.448,1.23474324,3.801,-12.207,306.16,306.16
171.615,2.517,2.514,139.27,-2.678,-1.641,1.905,-0.118,-0.388,331.618,46.621,-10.398,967.438,1.23161376,3.716,-12.992,306.982,306.982
171.715,-99.53,-99.51,0.0,0.0,-99.4,-99.41,-99.42,-99.44,-99.43,31.966,-99.44,967.442,13.6999197,3.732,-12.265,307.144,307.144
171.816,1.058,1.051,126.725,6.74,-0.842,0.628,0.124,-0.002,331.854,45.558,-10.334,967.443,1.22987163,3.829,-10.56,306.443,306.443
171.916,2.324,2.318,217.037,-3.936,1.396,1.851,-0.16,-0.095,331.797,45.719,-10.375,967.46,1.23031831,3.812,-9.953,305.612,305.612
172.017,2.122,2.012,230.702,18.512,1.557,1.274,0.674,-0.821,331.356,48.27,-10.359,967.447,1.23357821,3.773,-10.792,306.402,306.402
172.117,1.632,1.632,158.399,-0.987,-0.601,1.517,-0.028,-0.586,331.498,47.418,-10.367,967.45,1.23251915,3.481,-12.53,306.956,306.956
172.22,3.006,2.999,117.345,3.849,-2.664,1.377,0.202,0.351,332.068,44.316,-10.359,967.44,1.22828245,3.35,-13.309,306.696,306.696
172.32,2.277,2.275,116.296,2.392,-2.04,1.008,0.095,0.154,331.948,44.898,-10.375,967.448,1.22918212,3.374,-12.357,307.194,307.194
172.421,1.586,1.556,192.986,-11.073,0.35,1.516,-0.305,0.019,331.866,45.372,-10.367,967.448,1.22978771,3.457,-10.415,306.482,306.482
172.522,2.544,2.531,217.099,5.741,1.527,2.019,0.254,-0.378,331.625,46.687,-10.371,967.442,1.23156905,3.508,-9.442,305.341,305.341
172.622,1.165,1.165,194.324,-0.89,0.288,1.128,-0.018,-0.91,331.301,48.613,-10.353,967.448,1.23398423,3.53,-10.647,306.075,306.075
172.724,-99.53,-99.51,0.0,0.0,-99.4,-99.41,-99.42,-99.44,-99.43,31.921,-99.44,967.445,13.69996548,3.423,-12.533,307.163,307.163
172.823,-99.53,-99.51,0.0,0.0,-99.4,-99.41,-99.42,-99.44,-99.43,31.938,-99.44,967.458,13.70015526,3.528,-13.232,306.885,306.885
172.922,0.949,0.928,144.354,-12.215,-0.541,0.754,-0.201,-0.208,331.728,46.077,-10.381,967.442,1.23080504,3.741,-11.96,305.997,305.997
173.024,2.289,2.276,212.044,-6.076,1.207,1.929,-0.242,-0.41,331.605,46.779,-10.375,967.44,1.23171103,4.037,-10.005,305.305,305.305
173.123,1.783,1.745,221.494,11.943,1.156,1.307,0.369,-1.092,331.19,49.211,-10.367,967.444,1.23480582,4.095,-9.314,306.649,306.649
173.224,2.271,2.258,141.007,-6.144,-1.421,1.755,-0.243,-0.519,331.539,47.176,-10.37,967.432,1.23219526,3.973,-10.551,306.181,306.181
173.324,-99.53,-99.51,0.0,0.0,-99.4,-99.41,-99.42,-99.44,-99.43,31.906,-99.44,967.454,13.70009041,3.741,-12.613,307.108,307.108
173.424,1.829,1.823,120.28,4.67,-1.574,0.919,0.149,-0.148,331.764,45.837,-10.392,967.456,1.23055506,3.611,-13.484,306.525,306.525
173.524,2.034,2.03,204.678,-3.469,0.847,1.844,-0.123,-0.143,331.767,45.879,-10.375,967.438,1.2305069,3.527,-12.326,306.428,306.428
173.624,2.137,2.011,232.783,19.733,1.602,1.216,0.721,-0.649,331.46,47.625,-10.37,967.437,1.23278761,3.843,-10.418,305.5,305.5
173.725,1.341,1.341,177.369,-0.14,-0.062,1.34,-0.003,-0.811,331.361,48.15,-10.382,967.444,1.23353302,3.698,-9.705,305.87,305.87
173.825,3.362,3.361,131.549,-1.392,-2.515,2.229,-0.082,0.166,331.955,44.837,-10.381,967.442,1.22911835,3.664,-10.948,306.648,306.648
173.925,2.579,2.579,122.116,0.839,-2.184,1.371,0.038,0.077,331.901,45.18,-10.367,967.429,1.22950161,3.291,-12.755,306.731,306.731
174.025,1.194,1.185,166.935,-7.338,-0.268,1.154,-0.153,-0.002,331.854,45.483,-10.355,967.448,1.22987831,3.278,-13.392,307.162,307.162
174.125,2.772,2.72,215.734,11.081,1.589,2.208,0.533,-0.285,331.681,46.291,-10.393,967.434,1.23114395,3.451,-12.067,306.254,306.254
174.226,1.133,1.113,202.831,10.699,0.432,1.026,0.21,-0.923,331.293,48.526,-10.387,967.442,1.23403978,3.601,-10.235,305.878,305.878
174.326,1.156,1.141,139.131,-9.3,-0.747,0.863,-0.187,-0.685,331.438,47.729,-10.375,967.45,1.23296714,3.895,-9.66,305.803,305.803
174.426,3.306,3.306,113.527,0.0,-3.031,1.32,0.0,0.092,331.911,45.225,-10.341,967.437,1.22944212,3.87,-10.775,306.232,306.232
174.526,1.14,1.131,153.552,7.315,-0.504,1.013,0.145,-0.135,331.772,45.786,-10.393,967.442,1.23047519,3.769,-12.472,307.229,307.229
174.626,2.253,2.253,210.837,-0.615,1.155,1.935,-0.024,-0.259,331.697,46.312,-10.363,967.439,1.23102891,3.74,-13.002,306.548,306.548
174.726,1.957,1.857,232.557,18.336,1.475,1.129,0.616,-0.938,331.284,48.599,-10.382,967.442,1.23410559,3.88,-11.932,307.073,307.073
174.826,1.639,1.613,160.6,-10.103,-0.536,1.522,-0.287,-0.885,331.317,48.467,-10.367,967.461,1.23388624,3.982,-10.459,306.947,306.947
174.926,2.872,2.857,127.307,-5.884,-2.272,1.731,-0.294,0.005,331.857,45.364,-10.382,967.461,1.22986901,3.738,-9.956,306.58,306.58
175.027,2.133,2.133,115.688,1.175,-1.922,0.924,0.044,-0.079,331.807,45.83,-10.33,967.446,1.23022056,3.866,-10.968,306.398,306.398
175.127,1.145,1.13,197.112,-9.385,0.332,1.08,-0.187,-0.108,331.789,45.873,-10.345,967.449,1.23035979,3.526,-12.637,306.916,306.916
175.227,2.36,2.258,233.935,16.879,1.826,1.33,0.685,-0.466,331.571,47.018,-10.363,967.441,1.23196685,3.462,-13.036,307.371,307.371
175.327,0.852,0.829,220.54,13.234,0.539,0.63,0.195,-0.954,331.274,48.68,-10.375,967.451,1.23418832,3.542,-12.171,306.744,306.744
175.427,2.918,2.918,131.138,-0.496,-2.197,1.919,-0.025,0.12,331.927,45.006,-10.376,967.44,1.22932482,3.58,-10.758,306.144,306.144
175.527,-99.53,-99.51,0.0,0.0,-99.4,-99.41,-99.42,-99.44,-99.43,31.908,-99.44,967.452,13.70006466,3.533,-10.234,305.744,305.744
175.627,0.939,0.939,140.147,-1.257,-0.602,0.721,-0.021,0.12,331.927,45.029,-10.37,967.453,1.22934198,3.465,-11.018,306.507,306.507
175.728,2.304,2.286,222.465,7.042,1.543,1.687,0.282,-0.081,331.806,45.826,-10.333,967.438,1.23022187,3.451,-12.301,305.796,305.796
175.832,1.532,1.34,242.288,28.956,1.187,0.623,0.742,-0.879,331.32,48.368,-10.387,967.448,1.23384535,3.497,-12.699,306.118,306.118
175.932,0.563,0.432,139.496,-39.901,-0.281,0.329,-0.361,-0.817,331.358,48.169,-10.382,967.451,1.23356652,3.66,-11.982,306.652,306.652
176.032,-99.53,-99.51,0.0,0.0,-99.4,-99.41,-99.42,-99.44,-99.43,31.963,-99.44,967.44,13.699893,3.903,-10.704,306.179,306.179
176.132,1.351,1.345,123.49,5.481,-1.122,0.742,0.129,-0.157,331.759,45.945,-10.37,967.439,1.23056924,3.924,-10.173,306.829,306.829
176.234,1.652,1.639,215.213,-7.11,0.945,1.339,-0.205,-0.167,331.753,46.037,-10.354,967.456,1.23063231,3.934,-10.763,305.704,305.704
176.334,2.224,2.182,240.008,11.221,1.889,1.091,0.433,-0.861,331.33,48.283,-10.393,967.449,1.23376906,3.878,-11.931,306.851,306.851
176.435,0.876,0.854,197.022,13.095,0.25,0.816,0.199,-0.938,331.284,48.709,-10.354,967.443,1.23410511,3.799,-12.527,306.626,306.626
176.535,2.476,2.472,109.66,3.611,-2.327,0.832,0.156,0.062,331.892,45.176,-10.382,967.441,1.22958684,3.668,-12.204,306.092,306.092
176.635,2.415,2.415,109.701,0.0,-2.274,0.814,0.0,-0.167,331.752,45.877,-10.398,967.436,1.23061478,3.672,-11.274,306.264,306.264
176.735,0.723,0.7,156.744,-14.624,-0.276,0.643,-0.183,-0.108,331.789,45.897,-10.338,967.446,1.2303555,3.668,-10.506,306.139,306.139
176.835,2.262,2.238,223.833,8.384,1.55,1.614,0.33,-0.349,331.642,46.552,-10.381,967.451,1.23145151,3.614,-10.774,306.539,306.539
176.935,1.24,1.181,230.433,17.695,0.911,0.752,0.377,-0.929,331.29,48.673,-10.355,967.446,1.23406744,3.487,-11.84,306.967,306.967
177.036,2.26,2.259,128.644,1.292,-1.765,1.411,0.051,-0.033,331.834,45.532,-10.37,967.456,1.2300328,3.457,-12.694,306.378,306.378
177.138,-99.53,-99.51,0.0,0.0,-99.4,-99.41,-99.42,-99.44,-99.43,31.921,-99.44,967.438,13.69985771,3.389,-12.459,307.011,307.011
177.238,1.485,1.188,122.56,-36.884,-1.001,0.639,-0.891,0.059,331.89,45.357,-10.335,967.446,1.22960389,3.553,-11.337,305.287,305.287
177.338,1.876,1.873,218.987,3.285,1.178,1.456,0.107,-0.035,331.833,45.48,-10.386,967.449,1.23003459,3.683,-10.35,306.134,306.134
177.438,1.629,1.562,243.245,16.478,1.395,0.703,0.462,-0.849,331.338,48.37,-10.359,967.438,1.23369479,3.688,-10.507,306.674,306.674
177.538,1.0,1.0,165.238,-0.733,-0.255,0.967,-0.013,-0.811,331.362,48.211,-10.365,967.448,1.23353469,3.665,-11.592,305.992,305.992
177.638,-99.53,-99.51,0.0,0.0,-99.4,-99.41,-99.42,-99.44,-99.43,31.963,-99.44,967.461,13.70018673,3.727,-12.583,306.769,306.769
177.738,1.626,1.626,114.502,0.0,-1.479,0.674,0.0,-0.166,331.753,45.871,-10.398,967.449,1.23062456,3.828,-12.427,306.278,306.278
177.839,1.42,1.131,193.368,-37.248,0.261,1.1,-0.86,-0.198,331.734,46.061,-10.376,967.431,1.23074651,3.883,-11.335,306.376,306.376
177.939,2.06,2.031,231.089,9.691,1.58,1.276,0.347,-0.69,331.435,47.793,-10.363,967.437,1.23297155,3.944,-10.239,306.092,306.092
178.039,0.894,0.847,223.428,18.667,0.582,0.615,0.286,-1.092,331.19,49.297,-10.345,967.455,1.23481882,3.978,-10.411,306.825,306.825
178.139,2.352,2.35,126.889,-1.892,-1.88,1.411,-0.078,-0.141,331.769,45.966,-10.349,967.458,1.23051763,3.657,-11.593,306.396,306.396
178.239,-99.53,-99.51,0.0,0.0,-99.4,-99.41,-99.42,-99.44,-99.43,31.976,-99.44,967.438,13.69987202,3.575,-12.718,306.86,306.86
178.339,0.916,0.909,125.975,-7.33,-0.735,0.534,-0.117,-0.042,331.829,45.537,-10.376,967.451,1.23006582,3.458,-12.684,306.714,306.714
178.439,2.361,2.36,219.533,1.743,1.502,1.82,0.072,-0.226,331.717,46.237,-10.354,967.45,1.23089337,3.557,-11.455,305.861,305.861
178.539,1.555,1.515,236.361,13.062,1.261,0.839,0.351,-0.943,331.282,48.8,-10.335,967.446,1.23412669,3.581,-10.289,306.58,306.58
178.639,1.999,1.984,134.484,-7.039,-1.416,1.39,-0.245,-0.338,331.649,46.616,-10.354,967.429,1.23137164,3.515,-10.398,305.598,305.598
178.74,3.253,3.253,111.154,0.0,-3.033,1.174,0.0,0.411,332.104,44.145,-10.354,967.456,1.22803557,3.471,-11.714,306.231,306.231
178.84,1.749,1.738,112.734,6.282,-1.603,0.672,0.191,0.092,331.91,45.056,-10.388,967.448,1.22946274,3.552,-12.874,306.904,306.904
178.94,1.764,1.48,213.49,-32.928,0.817,1.234,-0.959,0.009,331.86,45.409,-10.365,967.459,1.22984636,3.592,-12.663,306.366,306.366
179.04,1.989,1.867,235.728,20.169,1.543,1.051,0.686,-0.591,331.495,47.379,-10.382,967.449,1.23254168,3.662,-11.236,306.786,306.786
179.14,0.645,0.626,213.057,13.832,0.341,0.525,0.154,-0.901,331.307,48.531,-10.365,967.455,1.233953,3.82,-10.123,306.143,306.143
179.24,-99.53,-99.51,0.0,0.0,-99.4,-99.41,-99.42,-99.44,-99.43,31.976,-99.44,967.438,13.69986439,3.962,-10.332,306.471,306.471
179.34,-99.53,-99.51,0.0,0.0,-99.4,-99.41,-99.42,-99.44,-99.43,31.963,-99.44,967.44,13.69989586,3.888,-11.736,305.72,305.72
179.44,0.683,0.592,164.881,-29.928,-0.154,0.572,-0.341,-0.163,331.755,45.965,-10.37,967.452,1.23061371,3.815,-12.777,306.495,306.495
179.541,2.108,2.099,223.191,5.276,1.437,1.531,0.194,-0.509,331.545,47.202,-10.354,967.45,1.23217094,3.78,-12.591,306.49,306.49
179.643,0.956,0.922,234.33,15.291,0.749,0.538,0.252,-1.103,331.184,49.299,-10.355,967.444,1.23485506,3.862,-11.318,306.543,306.543
179.743,2.793,2.707,127.022,-14.257,-2.161,1.63,-0.688,-0.266,331.693,46.271,-10.381,967.441,1.2310642,3.865,-10.305,306.431,306.431
179.844,-99.53,-99.51,0.0,0.0,-99.4,-99.41,-99.42,-99.44,-99.43,31.976,-99.44,967.455,13.70009995,3.706,-10.522,307.221,307.221
179.944,1.451,1.449,109.775,-2.98,-1.364,0.49,-0.075,-0.148,331.764,45.952,-10.36,967.454,1.23054886,3.55,-11.831,306.956,306.956
180.043,1.441,1.429,218.468,-7.134,0.889,1.119,-0.179,-0.217,331.723,46.163,-10.365,967.457,1.23086238,3.447,-12.81,306.07,306.07
180.144,1.482,1.354,234.233,24.041,1.098,0.791,0.604,-0.792,331.373,48.082,-10.382,967.44,1.23344064,3.414,-12.487,305.754,305.754
180.244,1.452,1.434,142.408,-9.123,-0.875,1.136,-0.23,-0.568,331.509,47.295,-10.383,967.46,1.23245394,3.554,-11.299,306.481,306.481
180.344,3.179,3.177,115.934,2.173,-2.857,1.389,0.121,0.431,332.116,44.021,-10.37,967.449,1.22793591,3.677,-10.347,305.823,305.823
180.444,2.058,2.056,113.064,-2.272,-1.892,0.805,-0.082,0.133,331.935,44.961,-10.376,967.453,1.22927999,3.774,-10.672,306.242,306.242
180.545,1.169,1.16,200.459,-6.778,0.406,1.087,-0.138,0.045,331.882,45.364,-10.345,967.448,1.22966862,3.694,-11.836,306.51,306.51
180.644,2.311,2.225,231.623,15.707,1.744,1.381,0.626,-0.286,331.68,46.351,-10.378,967.451,1.23116934,3.623,-12.663,306.905,306.905
180.745,0.733,0.687,211.46,20.325,0.359,0.586,0.255,-0.862,331.33,48.306,-10.388,967.442,1.23376226,3.595,-12.224,306.579,306.579
180.846,-99.53,-99.51,0.0,0.0,-99.4,-99.41,-99.42,-99.44,-99.43,31.938,-99.44,967.45,13.70004082,3.804,-11.196,306.496,306.496
180.946,-99.53,-99.51,0.0,0.0,-99.4,-99.41,-99.42,-99.44,-99.43,31.952,-99.44,967.445,13.69996548,3.928,-10.408,306.538,306.538
181.046,1.029,1.026,135.399,-4.286,-0.721,0.731,-0.077,-0.143,331.768,45.956,-10.354,967.451,1.23051727,3.954,-10.665,306.518,306.518
181.146,2.353,2.345,219.783,4.661,1.501,1.802,0.191,-0.38,331.623,46.65,-10.383,967.445,1.23158538,3.792,-11.647,306.179,306.179
181.246,1.595,1.5,238.397,19.793,1.278,0.786,0.54,-1.021,331.234,48.94,-10.37,967.44,1.23447573,3.702,-12.502,306.075,306.075
181.346,1.904,1.886,137.015,-7.894,-1.286,1.38,-0.262,-0.439,331.588,46.871,-10.378,967.434,1.2318356,3.617,-12.357,306.375,306.375
181.446,-99.53,-99.51,0.0,0.0,-99.4,-99.41,-99.42,-99.44,-99.43,31.963,-99.44,967.46,13.70017529,3.644,-11.463,306.791,306.791
181.546,1.378,1.368,119.06,6.627,-1.196,0.665,0.159,-0.094,331.797,45.65,-10.393,967.457,1.23031104,3.577,-10.758,306.103,306.103
181.646,1.885,1.871,212.813,-7.064,1.014,1.573,-0.232,-0.07,331.812,45.68,-10.363,967.459,1.23020315,3.545,-10.878,306.396,306.396
181.746,2.127,2.043,240.555,16.201,1.779,1.004,0.593,-0.613,331.482,47.539,-10.36,967.453,1.23264706,3.546,-11.652,305.295,305.295
181.847,0.699,0.698,186.597,3.926,0.08,0.693,0.048,-0.709,331.424,47.851,-10.365,967.448,1.23307192,3.488,-12.349,306.323,306.323
181.947,2.423,2.423,109.868,0.0,-2.279,0.824,0.0,0.314,332.044,44.276,-10.405,967.455,1.22847581,3.441,-12.245,306.362,306.362
182.047,1.984,1.981,87.941,-3.199,-1.98,-0.071,-0.111,0.201,331.976,44.698,-10.388,967.459,1.22898316,3.615,-11.464,306.479,306.479
182.147,0.433,0.165,168.772,-67.624,-0.032,0.162,-0.4,0.122,331.928,44.959,-10.387,967.444,1.22932053,3.773,-10.829,306.879,306.879
182.247,2.276,2.247,227.366,9.13,1.653,1.522,0.361,-0.266,331.693,46.288,-10.376,967.447,1.23107159,3.72,-10.821,306.376,306.376
182.347,1.135,1.051,235.787,22.209,0.869,0.591,0.429,-0.947,331.278,48.632,-10.382,967.456,1.23416495,3.744,-11.449,306.104,306.104
182.447,0.689,0.689,150.993,-2.969,-0.334,0.602,-0.036,-0.559,331.515,47.401,-10.347,967.448,1.23239481,3.677,-12.135,306.685,306.685
182.547,-99.53,-99.51,0.0,0.0,-99.4,-99.41,-99.42,-99.44,-99.43,31.906,-99.44,967.455,13.70010757,3.708,-12.267,306.346,306.346
182.647,0.85,0.578,80.964,-47.159,-0.571,-0.091,-0.623,-0.04,331.83,45.571,-10.365,967.457,1.23006392,3.871,-11.627,306.8,306.8
182.747,1.926,1.895,220.94,-10.295,1.242,1.431,-0.344,-0.137,331.771,45.855,-10.376,967.448,1.23049152,3.84,-10.899,306.437,306.437
182.848,2.105,2.082,244.03,8.386,1.872,0.912,0.307,-0.921,331.295,48.609,-10.363,967.449,1.23403406,3.846,-10.787,305.931,305.931
182.948,0.935,0.931,153.074,4.93,-0.422,0.83,0.08,-0.679,331.441,47.732,-10.37,967.455,1.2329489,3.774,-11.393,306.363,306.363
183.048,2.695,2.695,112.021,0.0,-2.498,1.01,0.0,0.12,331.927,45.006,-10.376,967.458,1.22934711,3.562,-12.183,306.489,306.489
183.148,1.763,1.756,101.388,4.852,-1.722,0.347,0.149,0.091,331.909,45.015,-10.4,967.445,1.22946537,3.617,-12.402,306.643,306.643
183.248,1.039,0.887,212.234,-31.43,0.473,0.75,-0.542,-0.098,331.795,45.66,-10.394,967.465,1.23033834,3.543,-11.82,305.274,305.274
183.348,2.299,2.235,231.221,13.549,1.743,1.4,0.539,-0.522,331.537,47.211,-10.363,967.457,1.23223913,3.506,-11.043,305.713,305.713
183.448,0.811,0.78,215.196,16.011,0.449,0.637,0.224,-0.822,331.354,48.183,-10.383,967.458,1.23360074,3.61,-10.724,306.725,306.725
183.548,2.587,2.587,124.797,-0.845,-2.124,1.476,-0.038,0.138,331.938,44.945,-10.376,967.453,1.2292583,3.632,-11.21,305.572,305.572
183.652,-99.53,-99.51,0.0,0.0,-99.4,-99.41,-99.42,-99.44,-99.43,31.949,-99.44,967.441,13.69990253,3.65,-11.974,306.367,306.367
183.752,0.57,0.545,117.373,-16.994,-0.484,0.251,-0.167,0.232,331.995,44.642,-10.375,967.447,1.22882676,3.584,-12.286,306.492,306.492
183.852,2.482,2.465,225.551,6.716,1.76,1.726,0.29,0.021,331.867,45.311,-10.382,967.452,1.22978616,3.669,-11.804,306.584,306.584
183.952,1.586,1.58,245.321,4.866,1.436,0.66,0.135,-0.728,331.411,47.858,-10.382,967.457,1.23317456,3.78,-11.054,305.56,305.56
184.052,0.469,0.469,214.195,0.0,0.263,0.388,0.0,-0.834,331.347,48.224,-10.383,967.465,1.23366308,3.807,-10.736,306.613,306.613
184.152,-99.53,-99.51,0.0,0.0,-99.4,-99.41,-99.42,-99.44,-99.43,31.975,-99.44,967.444,13.69995117,3.749,-11.184,306.02,306.02
184.252,0.84,0.806,93.844,16.426,-0.804,0.054,0.238,0.023,331.869,45.363,-10.365,967.446,1.22976661,3.751,-11.957,306.682,306.682
184.352,1.509,1.43,228.911,-18.608,1.078,0.94,-0.482,-0.06,331.818,45.659,-10.36,967.44,1.23013413,3.755,-12.363,306.625,306.625
184.452,13.537,13.5,186.234,-4.22,1.466,13.421,-0.996,-32.908,311.223,100.0,-10.404,967.449,1.3983438,3.715,-11.938,306.451,306.451
184.553,0.612,0.612,222.934,-0.5,0.417,0.448,-0.005,-0.75,331.398,48.005,-10.363,967.453,1.23326719,3.794,-11.165,306.461,306.461
184.653,2.13,2.13,111.513,0.0,-1.981,0.781,0.0,0.215,331.985,44.743,-10.363,967.448,1.22890651,3.673,-10.943,306.286,306.286
184.753,1.773,1.773,99.212,0.347,-1.751,0.284,0.011,0.101,331.916,44.983,-10.4,967.451,1.22942388,3.597,-11.457,306.369,306.369
184.853,0.768,0.731,193.957,-17.878,0.176,0.71,-0.236,0.157,331.949,44.905,-10.371,967.456,1.22917926,3.521,-12.137,305.897,305.897
184.953,2.195,2.183,237.716,5.87,1.846,1.166,0.224,-0.234,331.712,46.093,-10.4,967.468,1.2309581,3.552,-12.391,306.604,306.604
185.053,1.194,1.187,250.628,6.128,1.12,0.394,0.127,-0.776,331.382,48.006,-10.387,967.446,1.23337781,3.441,-11.844,306.85,306.85
185.153,1.574,1.571,113.882,-3.634,-1.436,0.636,-0.1,-0.088,331.801,45.672,-10.382,967.451,1.23027599,3.79,-11.03,305.849,305.849
185.253,-99.53,-99.51,0.0,0.0,-99.4,-99.41,-99.42,-99.44,-99.43,31.99,-99.44,967.456,13.70011711,3.745,-10.755,306.546,306.546
185.353,0.54,0.244,104.775,-63.088,-0.236,0.062,-0.481,0.173,331.959,44.79,-10.388,967.447,1.2290951,3.618,-11.213,305.943,305.943
185.454,1.91,1.907,226.775,-2.892,1.39,1.306,-0.096,0.099,331.914,45.055,-10.382,967.468,1.22945499,3.671,-12.008,306.224,306.224
185.553,1.841,1.836,247.002,4.029,1.69,0.717,0.129,-0.599,331.49,47.34,-10.4,967.453,1.23258543,3.764,-12.231,306.228,306.228
185.653,0.478,0.46,229.892,15.571,0.352,0.296,0.128,-0.734,331.408,47.921,-10.371,967.455,1.23319852,3.604,-11.822,307.563,307.563
185.755,-99.53,-99.51,0.0,0.0,-99.4,-99.41,-99.42,-99.44,-99.43,31.935,-99.44,967.454,13.70009327,3.849,-11.179,306.45,306.45
185.854,1.22,1.22,92.063,0.0,-1.219,0.044,0.0,-0.112,331.786,45.773,-10.376,967.453,1.23038626,3.902,-10.857,305.85,305.85
185.954,1.319,1.244,210.746,-19.383,0.636,1.069,-0.438,-0.092,331.798,45.661,-10.388,967.457,1.23029935,3.902,-11.328,306.313,306.313
186.054,2.148,2.116,235.773,9.948,1.749,1.19,0.371,-0.615,331.481,47.482,-10.376,967.458,1.23266101,3.638,-11.956,306.11,306.11
186.154,0.729,0.729,230.094,0.0,0.559,0.468,0.0,-1.034,331.225,48.896,-10.394,967.465,1.23457265,3.54,-12.258,306.67,306.67
186.254,2.166,2.166,126.76,-0.782,-1.735,1.296,-0.03,-0.237,331.71,46.185,-10.378,967.455,1.23095024,3.588,-11.87,306.628,306.628
186.354,-99.53,-99.51,0.0,0.0,-99.4,-99.41,-99.42,-99.44,-99.43,31.976,-99.44,967.449,13.70002365,3.424,-11.192,306.853,306.853
186.454,0.888,0.85,112.651,-16.976,-0.784,0.327,-0.259,0.053,331.887,45.204,-10.382,967.457,1.22964609,3.443,-11.019,306.429,306.429
186.554,1.811,1.811,228.715,0.351,1.361,1.195,0.011,-0.215,331.723,46.098,-10.382,967.444,1.23083949,3.458,-11.295,306.036,306.036
186.655,1.368,1.333,241.635,13.072,1.173,0.633,0.309,-0.856,331.334,48.369,-10.365,967.46,1.23375297,3.626,-11.885,306.124,306.124
186.755,1.653,1.652,119.118,-1.67,-1.443,0.804,-0.048,-0.124,331.779,45.811,-10.376,967.442,1.23042381,3.593,-12.008,306.04,306.04
186.855,2.978,2.971,99.134,4.1,-2.933,0.472,0.213,0.66,332.255,43.253,-10.383,967.456,1.2269212,3.562,-11.7,307.086,307.086
186.955,1.873,1.873,101.146,-0.739,-1.838,0.362,-0.024,0.176,331.961,44.857,-10.367,967.476,1.22911894,3.74,-11.157,306.652,306.652
187.055,1.402,1.371,219.265,-11.962,0.868,1.062,-0.291,0.144,331.942,44.862,-10.394,967.467,1.22925031,3.748,-10.903,306.761,306.761
187.155,1.841,1.841,246.441,0.0,1.687,0.736,0.0,-0.667,331.449,47.726,-10.36,967.454,1.23289037,3.832,-11.319,306.117,306.117
187.255,0.561,0.561,232.476,1.303,0.445,0.342,0.013,-0.844,331.341,48.352,-10.359,967.45,1.23368657,3.64,-11.821,306.773,306.773
187.355,-99.53,-99.51,0.0,0.0,-99.4,-99.41,-99.42,-99.44,-99.43,31.975,-99.44,967.459,13.70016098,3.672,-12.14,306.449,306.449
187.455,-99.53,-99.51,0.0,0.0,-99.4,-99.41,-99.42,-99.44,-99.43,31.961,-99.44,967.456,13.70011425,3.745,-11.857,306.464,306.464
187.556,0.675,0.589,194.956,-29.294,0.152,0.569,-0.33,-0.087,331.802,45.77,-10.354,967.468,1.23028791,3.874,-11.354,306.27,306.27
187.656,2.207,2.205,236.465,2.666,1.838,1.218,0.103,-0.402,331.61,46.66,-10.4,967.462,1.23170793,3.747,-11.067,306.792,306.792
187.756,1.069,1.067,247.617,3.595,0.987,0.406,0.067,-0.982,331.257,48.794,-10.372,967.464,1.23433101,3.786,-11.337,306.209,306.209
187.856,1.901,1.893,117.39,-5.411,-1.681,0.871,-0.179,-0.106,331.79,45.728,-10.383,967.453,1.23036003,3.587,-11.974,306.843,306.843
187.957,-99.53,-99.51,0.0,0.0,-99.4,-99.41,-99.42,-99.44,-99.43,32.045,-99.44,967.447,13.69999218,3.526,-12.186,306.406,306.406
188.057,0.93,0.879,96.514,-19.122,-0.873,0.1,-0.305,-0.037,331.832,45.474,-10.39,967.479,1.23008215,3.576,-11.927,306.314,306.314
188.157,1.928,1.927,234.036,-1.111,1.56,1.132,-0.037,-0.055,331.821,45.622,-10.365,967.441,1.23011255,3.659,-11.456,305.916,305.916
188.257,1.906,1.9,247.292,4.593,1.753,0.733,0.153,-0.75,331.398,47.905,-10.39,967.436,1.23324728,3.694,-11.103,306.37,306.37
188.357,0.843,0.843,149.739,-0.545,-0.425,0.728,-0.008,-0.571,331.507,47.3,-10.384,967.464,1.2324698,3.658,-11.306,306.528,306.528
188.457,2.805,2.804,105.425,2.127,-2.703,0.746,0.104,0.455,332.13,43.944,-10.371,967.466,1.22785246,3.667,-11.673,306.528,306.528
188.558,1.633,1.633,75.115,0.0,-1.578,-0.42,0.0,-0.074,331.809,45.625,-10.382,967.473,1.23023939,3.677,-11.872,306.679,306.679
188.658,0.92,0.816,234.224,-27.46,0.662,0.477,-0.424,0.193,331.971,44.645,-10.41,967.456,1.22901845,3.569,-11.628,306.522,306.522
188.759,2.364,2.331,236.683,9.705,1.948,1.28,0.399,-0.188,331.74,46.045,-10.371,967.449,1.23072207,3.818,-11.206,306.427,306.427
188.858,0.732,0.732,252.065,0.254,0.696,0.225,0.003,-0.707,331.424,47.763,-10.387,967.468,1.23309314,3.863,-11.058,306.369,306.369
188.958,-99.53,-99.51,0.0,0.0,-99.4,-99.41,-99.42,-99.44,-99.43,31.908,-99.44,967.449,13.70001793,3.774,-11.197,306.764,306.764
189.059,-99.53,-99.51,0.0,0.0,-99.4,-99.41,-99.42,-99.44,-99.43,32.002,-99.44,967.436,13.69984055,3.75,-11.663,306.057,306.057
189.158,0.756,0.752,63.51,-6.064,-0.673,-0.335,-0.08,0.135,331.936,44.955,-10.376,967.455,1.22927475,3.856,-11.976,306.771,306.771
189.258,1.94,1.939,229.92,-2.371,1.483,1.248,-0.08,-0.156,331.759,45.936,-10.372,967.446,1.23057437,3.618,-11.745,306.638,306.638
189.359,1.067,0.948,251.722,27.37,0.9,0.297,0.491,-0.852,331.336,48.333,-10.372,967.455,1.23373175,3.652,-11.252,306.397,306.397
189.459,1.964,1.964,115.905,-0.379,-1.767,0.858,-0.013,-0.217,331.722,46.082,-10.388,967.444,1.23084998,3.638,-11.114,306.153,306.153
189.559,-99.53,-99.51,0.0,0.0,-99.4,-99.41,-99.42,-99.44,-99.43,31.99,-99.44,967.442,13.69991589,3.656,-11.226,306.224,306.224
189.66,1.678,1.678,91.003,0.0,-1.678,0.029,0.0,0.156,331.949,44.879,-10.379,967.436,1.22915721,3.577,-11.556,306.84,306.84
189.76,0.866,0.831,232.437,-16.432,0.658,0.506,-0.245,0.064,331.893,45.124,-10.394,967.458,1.22959983,3.656,-11.771,306.261,306.261
189.86,1.762,1.715,235.176,13.193,1.408,0.98,0.402,-0.437,331.589,46.843,-10.383,967.462,1.23186195,3.606,-11.603,307.041,307.041
189.96,0.947,0.936,146.059,8.92,-0.522,0.776,0.147,-0.486,331.559,47.029,-10.379,967.452,1.23207223,3.747,-11.323,306.354,306.354
190.06,3.019,3.016,106.529,2.806,-2.891,0.858,0.148,0.519,332.17,43.822,-10.347,967.469,1.22756386,3.738,-10.996,306.332,306.332
190.16,2.467,2.461,97.726,3.918,-2.439,0.331,0.169,0.372,332.08,44.164,-10.383,967.452,1.2282064,3.819,-11.129,305.528,305.528
190.26,0.573,0.538,102.574,20.127,-0.525,0.117,0.197,0.311,332.043,44.384,-10.376,967.448,1.22847366,3.609,-11.322,306.671,306.671
190.361,1.125,1.11,245.206,9.403,1.008,0.465,0.184,0.129,331.932,44.929,-10.39,967.441,1.22928631,3.635,-11.609,306.899,306.899
190.461,0.504,0.503,356.491,1.86,0.031,-0.503,0.016,-0.675,331.444,47.728,-10.367,967.451,1.23292422,3.708,-11.613,306.506,306.506
190.561,2.13,2.13,131.848,0.902,-1.587,1.421,0.034,-0.396,331.614,46.783,-10.362,967.445,1.23165154,3.721,-11.314,306.477,306.477
190.663,-99.53,-99.51,0.0,0.0,-99.4,-99.41,-99.42,-99.44,-99.43,31.92,-99.44,967.462,13.70021057,3.691,-11.037,306.145,306.145
190.762,1.738,1.738,95.413,0.0,-1.731,0.164,0.0,0.288,332.029,44.436,-10.383,967.44,1.22857106,3.744,-11.095,306.874,306.874
190.862,1.019,1.001,217.096,10.81,0.604,0.799,0.191,0.174,331.96,44.83,-10.376,967.458,1.229105,3.631,-11.39,306.439,306.439
190.962,0.996,0.791,269.52,37.366,0.791,0.007,0.604,-0.649,331.46,47.573,-10.384,967.456,1.2328155,3.638,-11.696,306.384,306.384
191.062,1.625,1.621,123.65,-3.712,-1.35,0.898,-0.105,-0.391,331.617,46.683,-10.384,967.449,1.23163891,3.562,-11.776,306.388,306.388
191.162,3.035,3.022,106.173,5.394,-2.902,0.842,0.285,0.544,332.184,43.601,-10.388,967.47,1.2274586,3.524,-11.521,306.008,306.008
191.262,2.316,2.316,95.163,0.0,-2.307,0.208,0.0,0.187,331.968,44.826,-10.365,967.448,1.22903228,3.552,-11.097,305.88,305.88
191.363,0.483,0.471,150.504,12.834,-0.232,0.41,0.107,0.172,331.959,44.749,-10.4,967.454,1.22910976,3.668,-10.954,306.649,306.649
191.462,1.049,1.029,248.291,11.258,0.956,0.381,0.205,-0.238,331.71,46.193,-10.376,967.45,1.23094869,3.659,-11.242,306.398,306.398
191.563,0.867,0.866,148.563,3.348,-0.452,0.739,0.051,-0.565,331.51,47.179,-10.411,967.452,1.23243237,3.704,-11.632,306.937,306.937
191.663,3.179,3.167,107.972,4.865,-3.013,0.977,0.27,0.464,332.136,43.917,-10.37,967.439,1.22777689,3.667,-11.718,306.018,306.018
191.763,-99.53,-99.51,0.0,0.0,-99.4,-99.41,-99.42,-99.44,-99.43,31.92,-99.44,967.449,13.70002365,3.735,-11.385,306.865,306.865
191.863,1.293,1.197,93.42,22.227,-1.195,0.071,0.489,0.384,332.087,44.146,-10.378,967.477,1.22818506,3.688,-11.01,306.272,306.272
191.963,1.095,1.004,240.123,23.602,0.87,0.5,0.439,0.248,332.005,44.588,-10.376,967.445,1.22875416,3.689,-10.893,306.009,306.009
192.063,0.928,0.419,3.922,63.193,-0.029,-0.418,0.829,-0.55,331.52,47.208,-10.39,967.463,1.23237634,3.763,-11.185,305.907,305.907
192.163,1.547,1.547,141.881,0.0,-0.955,1.217,0.0,-0.404,331.608,46.648,-10.406,967.464,1.23172009,3.757,-11.651,306.33,306.33
192.263,-99.53,-99.51,0.0,0.0,-99.4,-99.41,-99.42,-99.44,-99.43,31.989,-99.44,967.458,13.70014572,3.725,-11.687,307.207,307.207
192.364,1.6,1.574,93.944,10.322,-1.57,0.108,0.287,0.08,331.903,45.131,-10.378,967.452,1.22951937,3.729,-11.295,306.203,306.203
192.464,0.594,0.415,199.306,45.717,0.137,0.391,0.425,-0.003,331.853,45.448,-10.365,967.449,1.22988689,3.729,-10.88,305.806,305.806
192.564,1.053,0.846,231.015,36.526,0.658,0.533,0.627,-0.671,331.446,47.629,-10.39,967.456,1.23291612,3.69,-10.831,306.99,306.99
192.664,1.627,1.626,134.829,1.905,-1.153,1.146,0.054,-0.605,331.486,47.424,-10.383,967.458,1.23261988,3.668,-11.175,305.681,305.681
192.765,3.737,3.733,112.405,2.767,-3.451,1.423,0.18,0.43,332.115,43.92,-10.4,967.436,1.22792876,3.452,-11.499,305.759,305.759
192.864,3.154,3.151,104.409,2.417,-3.052,0.784,0.133,0.188,331.969,44.757,-10.383,967.447,1.22902513,3.515,-11.581,306.663,306.663
192.964,1.259,1.209,118.491,16.257,-1.062,0.577,0.352,0.214,331.984,44.563,-10.415,967.44,1.22890532,3.59,-11.376,306.561,306.561
193.064,0.98,0.95,210.733,14.321,0.485,0.817,0.243,-0.091,331.799,45.698,-10.378,967.462,1.23030472,3.663,-10.879,306.355,306.355
193.164,0.606,0.606,130.667,0.0,-0.459,0.395,0.0,-0.7,331.428,47.73,-10.39,967.459,1.23305154,3.773,-10.663,306.51,306.51
193.264,3.931,3.924,115.321,3.477,-3.547,1.678,0.238,0.199,331.975,44.765,-10.372,967.452,1.22898471,3.722,-10.86,305.789,305.789
193.364,-99.53,-99.51,0.0,0.0,-99.4,-99.41,-99.42,-99.44,-99.43,31.949,-99.44,967.435,13.69982624,3.721,-11.32,306.86,306.86
193.465,1.978,1.967,96.033,6.056,-1.956,0.207,0.209,0.145,331.942,44.895,-10.384,967.443,1.22921431,3.715,-11.536,305.547,305.547
193.564,0.72,0.72,199.731,0.0,0.243,0.678,0.0,0.328,332.053,44.284,-10.39,967.442,1.22839415,3.775,-11.404,306.385,306.385
193.665,0.709,0.559,272.652,38.021,0.558,-0.026,0.437,-0.507,331.547,47.149,-10.365,967.441,1.23214996,3.655,-10.948,306.962,306.962
193.765,1.024,1.014,125.018,7.979,-0.83,0.582,0.142,-0.589,331.496,47.414,-10.371,967.442,1.23252535,3.79,-10.667,306.503,306.503
193.865,-99.53,-99.51,0.0,0.0,-99.4,-99.41,-99.42,-99.44,-99.43,31.975,-99.44,967.455,13.70010281,3.801,-10.787,306.261,306.261
193.965,2.453,2.443,97.648,5.236,-2.421,0.325,0.224,0.305,332.039,44.381,-10.383,967.435,1.22848737,3.651,-11.339,306.057,306.057
194.065,0.947,0.716,146.868,40.928,-0.391,0.599,0.621,0.17,331.958,44.835,-10.378,967.439,1.22909665,3.73,-11.675,306.401,306.401
194.165,0.474,0.357,231.818,41.105,0.281,0.221,0.312,-0.31,331.666,46.453,-10.372,967.442,1.23126197,3.652,-11.445,306.031,306.031
194.265,1.829,1.829,130.394,-0.83,-1.393,1.185,-0.026,-0.697,331.43,47.726,-10.388,967.433,1.23300362,3.623,-10.719,306.262,306.262
194.365,3.105,3.098,110.283,3.803,-2.906,1.074,0.206,0.125,331.93,44.979,-10.379,967.436,1.22929502,3.612,-10.381,306.561,306.561
194.465,4.685,4.638,89.135,-8.161,-4.637,-0.07,-0.665,0.442,332.122,43.861,-10.406,967.439,1.22787857,3.567,-10.673,306.763,306.763
194.565,2.345,2.341,86.592,-3.263,-2.337,-0.139,-0.133,0.142,331.94,44.866,-10.395,967.446,1.22923315,3.638,-11.449,305.955,305.955
194.665,0.437,0.344,220.146,38.123,0.222,0.263,0.27,0.108,331.92,45.016,-10.384,967.433,1.22936809,3.586,-11.864,305.935,305.935
194.765,0.218,0.216,340.958,6.928,0.07,-0.204,0.026,-0.52,331.538,47.066,-10.4,967.441,1.23221588,3.591,-11.489,306.438,306.438
194.865,3.102,3.102,118.373,-0.696,-2.729,1.474,-0.038,0.27,332.018,44.395,-10.411,967.44,1.22865462,3.789,-10.683,306.218,306.218
194.965,3.955,3.92,101.304,7.646,-3.844,0.768,0.526,0.839,332.364,42.715,-10.378,967.45,1.22611105,3.797,-10.321,305.984,305.984
195.066,2.578,2.578,93.514,0.0,-2.573,0.158,0.0,0.456,332.131,43.911,-10.379,967.446,1.22781968,3.744,-10.753,306.373,306.373
195.166,0.538,0.484,157.265,25.852,-0.187,0.446,0.234,0.326,332.052,44.29,-10.39,967.464,1.22843051,3.642,-11.489,306.724,306.724
195.266,0.644,0.444,275.291,46.382,0.442,-0.041,0.466,-0.26,331.696,46.24,-10.384,967.458,1.23106062,3.632,-12.041,306.265,306.265
195.366,0.926,0.822,82.449,27.405,-0.815,-0.108,0.426,-0.571,331.507,47.285,-10.388,967.454,1.2324574,3.629,-11.597,306.249,306.249
195.466,-99.53,-99.51,0.0,0.0,-99.4,-99.41,-99.42,-99.44,-99.43,31.947,-99.44,967.47,13.7003212,3.712,-10.661,306.667,306.667
195.566,4.244,4.2,87.367,-8.23,-4.196,-0.193,-0.608,0.251,332.007,44.553,-10.383,967.446,1.22874177,3.788,-10.233,306.258,306.258
195.666,20.975,14.781,126.345,-45.196,-11.905,8.76,-14.883,-24.308,316.744,100.0,-10.36,967.464,1.35003591,3.643,-10.736,306.606,306.606
195.766,1.105,1.048,309.431,18.476,0.809,-0.665,0.35,-0.083,331.804,45.645,-10.384,967.446,1.23024464,3.641,-11.697,307.317,307.317
195.866,1.854,1.693,309.305,-24.015,1.31,-1.073,-0.754,-0.721,331.416,47.934,-10.355,967.455,1.23313653,3.574,-12.133,307.005,307.005
195.966,1.385,1.373,100.049,-7.773,-1.352,0.239,-0.187,0.16,331.952,44.846,-10.384,967.459,1.22916734,3.566,-11.594,306.393,306.393
196.066,-99.53,-99.51,0.0,0.0,-99.4,-99.41,-99.42,-99.44,-99.43,31.99,-99.44,967.453,13.7000761,1.696,-10.646,305.977,305.977
196.166,3.187,3.17,83.668,-5.827,-3.151,-0.35,-0.324,0.097,331.913,45.014,-10.395,967.462,1.22945833,-5.249,-9.724,303.848,303.848
196.266,0.328,0.068,309.527,77.998,0.053,-0.043,0.32,0.028,331.871,45.348,-10.365,967.471,1.22977781,-6.616,-10.414,302.737,302.737
196.367,1.743,1.591,297.747,24.144,1.408,-0.741,0.713,-0.661,331.453,47.698,-10.362,967.445,1.23284948,5.19,-12.419,306.814,306.814
196.467,0.538,0.457,81.458,-31.851,-0.452,-0.068,-0.284,-0.267,331.691,46.193,-10.404,967.461,1.23109889,8.136,-13.079,309.803,309.803
196.567,3.292,3.292,86.76,0.0,-3.286,-0.186,0.0,0.825,332.355,42.759,-10.378,967.452,1.22617686,4.993,-11.795,308.029,308.029
196.667,3.417,3.407,79.999,-4.223,-3.356,-0.592,-0.252,0.094,331.912,45.124,-10.367,967.455,1.22945881,6.445,-10.389,307.337,307.337
196.767,20.447,13.983,128.505,-46.855,-10.942,8.705,-14.919,-24.453,316.651,100.0,-10.398,967.469,1.35083544,5.74,-10.153,306.752,306.752
196.867,0.704,0.597,279.753,31.99,0.589,-0.101,0.373,-0.239,331.709,46.169,-10.384,967.441,1.2309444,5.358,-11.003,306.948,306.948
196.967,0.23,0.228,289.175,6.941,0.215,-0.075,0.028,-0.692,331.434,47.815,-10.36,967.459,1.23301148,5.783,-12.008,306.795,306.795
197.067,-99.53,-99.51,0.0,0.0,-99.4,-99.41,-99.42,-99.44,-99.43,32.002,-99.44,967.453,13.70008183,5.341,-12.45,307.622,307.622
197.167,-99.53,-99.51,0.0,0.0,-99.4,-99.41,-99.42,-99.44,-99.43,32.016,-99.44,967.442,13.69991589,7.146,-11.811,307.751,307.751
197.267,1.748,1.742,80.938,-4.793,-1.72,-0.274,-0.146,-0.025,331.839,45.521,-10.365,967.463,1.23000431,7.17,-10.906,305.981,305.981
197.367,0.588,0.274,255.675,62.232,0.266,0.068,0.521,-0.088,331.801,45.624,-10.395,967.472,1.23030257,6.439,-9.772,306.484,306.484
197.467,1.45,1.449,313.031,1.524,1.059,-0.989,0.039,-0.933,331.287,48.597,-10.378,967.469,1.23411691,5.627,-10.244,306.768,306.768
197.567,1.312,1.258,100.376,-16.489,-1.238,0.227,-0.372,-0.312,331.665,46.454,-10.373,967.464,1.23129952,4.331,-11.099,306.485,306.485
197.668,-99.53,-99.51,0.0,0.0,-99.4,-99.41,-99.42,-99.44,-99.43,32.016,-99.44,967.474,13.70037651,2.553,-11.783,307.859,307.859
197.768,3.794,3.746,87.246,-9.113,-3.742,-0.18,-0.601,-0.152,331.762,46.001,-10.35,967.469,1.23058188,4.449,-11.816,307.985,307.985
197.868,0.592,0.514,59.652,29.857,-0.443,-0.259,0.295,-0.035,331.833,45.436,-10.398,967.472,1.23006427,1.227,-10.443,306.972,306.972
197.968,1.55,1.532,308.888,8.787,1.192,-0.962,0.237,-0.557,331.515,47.234,-10.39,967.458,1.2324034,2.248,-10.376,306.274,306.274
198.068,0.319,0.307,239.201,16.201,0.263,0.157,0.089,-0.549,331.521,47.213,-10.387,967.476,1.23238814,-1.949,-10.687,305.643,305.643
198.168,2.298,2.297,88.225,-1.448,-2.296,-0.071,-0.058,0.459,332.133,43.884,-10.384,967.461,1.22782886,0.02,-11.485,305.628,305.628
198.268,4.342,4.287,88.64,-9.068,-4.286,-0.102,-0.684,0.288,332.029,44.476,-10.372,967.453,1.22858632,7.651,-12.75,308.806,308.806
198.368,1.278,1.266,85.754,8.053,-1.262,-0.094,0.179,0.338,332.06,44.33,-10.367,967.465,1.22837353,3.033,-11.886,306.821,306.821
198.468,0.637,0.592,265.213,21.564,0.59,0.049,0.234,0.199,331.975,44.682,-10.395,967.469,1.22900832,2.017,-11.095,306.035,306.035
198.568,0.291,0.155,43.344,57.802,-0.106,-0.113,0.246,-0.589,331.497,47.446,-10.362,967.457,1.2325393,5.001,-11.024,307.211,307.211
198.668,1.978,1.977,117.215,-1.072,-1.758,0.904,-0.037,-0.3,331.672,46.433,-10.368,967.462,1.23124111,1.133,-10.905,305.972,305.972
198.768,-99.53,-99.51,0.0,0.0,-99.4,-99.41,-99.42,-99.44,-99.43,32.045,-99.44,967.462,13.7002039,4.937,-11.96,306.309,306.309
198.868,2.105,2.105,92.462,-0.853,-2.103,0.09,-0.031,0.25,332.006,44.52,-10.394,967.478,1.22879112,5.047,-12.092,306.608,306.608
198.969,0.378,0.086,248.201,76.765,0.08,0.032,0.368,0.192,331.971,44.799,-10.368,967.453,1.22901404,2.569,-11.677,305.215,305.215
199.069,0.964,0.898,302.445,21.268,0.758,-0.482,0.35,-0.601,331.49,47.551,-10.345,967.446,1.23257911,4.285,-11.092,306.436,306.436
199.169,1.555,1.555,104.672,1.112,-1.504,0.394,0.03,-0.355,331.638,46.61,-10.371,967.462,1.23149335,1.006,-10.504,305.135,305.135
199.269,2.692,2.69,100.414,1.93,-2.646,0.486,0.091,0.39,332.091,44.183,-10.362,967.457,1.22813118,3.549,-10.993,306.043,306.043
199.369,3.174,3.174,87.543,0.0,-3.171,-0.136,0.0,0.05,331.885,45.353,-10.344,967.45,1.22964978,5.678,-11.894,306.598,306.598
199.469,1.049,1.029,84.597,11.332,-1.024,-0.097,0.206,0.114,331.924,45.098,-10.356,967.464,1.22937727,2.469,-11.642,305.391,305.391
199.569,1.38,0.896,293.501,49.503,0.822,-0.357,1.049,-0.268,331.691,46.229,-10.394,967.465,1.23110473,4.103,-11.757,306.592,306.592
199.669,1.353,1.34,104.904,7.863,-1.295,0.345,0.185,-0.609,331.484,47.42,-10.387,967.457,1.23263454,2.829,-11.372,306.36,306.36
199.769,3.31,3.307,101.959,2.437,-3.236,0.685,0.141,0.296,332.034,44.566,-10.339,967.467,1.22856486,3.565,-10.772,306.141,306.141
199.869,-99.53,-99.51,0.0,0.0,-99.4,-99.41,-99.42,-99.44,-99.43,32.002,-99.44,967.45,13.70003796,5.803,-10.763,306.259,306.259
199.969,2.169,2.155,92.941,6.545,-2.152,0.111,0.247,-0.038,331.832,45.637,-10.345,967.461,1.23005712,1.313,-10.685,306.685,306.685
200.069,0.325,0.161,166.413,60.276,-0.038,0.157,0.283,-0.188,331.74,46.036,-10.373,967.469,1.23074615,5.601,-11.211,307.635,307.635
200.169,0.657,0.541,88.999,34.513,-0.541,-0.009,0.372,-0.81,331.362,48.286,-10.345,967.443,1.23352373,3.372,-11.513,307.455,307.455
200.27,2.252,2.219,121.472,9.816,-1.893,1.159,0.384,-0.83,331.35,48.311,-10.357,967.459,1.23363471,1.598,-10.714,306.61,306.61
200.37,-99.53,-99.51,0.0,0.0,-99.4,-99.41,-99.42,-99.44,-99.43,32.071,-99.44,967.45,13.70003033,6.056,-10.817,307.216,307.216
200.47,3.412,3.412,83.782,0.0,-3.392,-0.37,0.0,-0.307,331.669,46.563,-10.339,967.463,1.23127103,2.974,-10.201,306.124,306.124
200.57,1.047,1.037,93.468,-7.689,-1.035,0.063,-0.14,-4.909,328.859,65.546,-10.346,967.454,1.2523874,3.423,-10.552,305.966,305.966
200.67,0.862,0.789,26.88,23.814,-0.357,-0.703,0.348,-0.893,331.312,48.579,-10.346,967.448,1.23390591,5.234,-11.697,307.757,307.757
200.77,1.459,1.457,107.421,-2.496,-1.39,0.436,-0.064,-0.815,331.359,48.28,-10.352,967.465,1.23357522,2.294,-11.17,306.118,306.118
200.87,2.848,2.845,99.838,2.338,-2.804,0.486,0.116,0.057,331.89,45.4,-10.324,967.45,1.22961485,4.937,-10.889,306.906,306.906
200.97,3.648,3.648,88.409,0.0,-3.647,-0.101,0.0,-0.169,331.752,45.941,-10.382,967.45,1.23063803,3.532,-10.155,306.08,306.08
201.07,1.981,1.981,91.026,0.0,-1.98,0.035,0.0,-0.223,331.719,46.141,-10.377,967.453,1.230883,1.144,-9.701,305.355,305.355
201.17,0.644,0.215,334.228,70.52,0.093,-0.193,0.607,-0.31,331.667,46.549,-10.346,967.45,1.23126924,5.019,-10.95,306.818,306.818
201.27,0.973,0.614,104.49,50.922,-0.594,0.154,0.756,-0.875,331.323,48.456,-10.36,967.472,1.23385429,3.584,-11.553,306.921,306.921
201.37,2.807,2.805,100.997,2.288,-2.754,0.535,0.112,0.038,331.878,45.365,-10.352,967.453,1.22970879,1.866,-11.177,306.141,306.141
201.47,-99.53,-99.51,0.0,0.0,-99.4,-99.41,-99.42,-99.44,-99.43,32.057,-99.44,967.465,13.70024872,4.967,-10.997,307.309,307.309
201.571,2.942,2.941,84.924,-0.812,-2.93,-0.26,-0.042,-0.075,331.809,45.783,-10.339,967.468,1.23023307,3.829,-10.363,306.726,306.726
201.671,0.418,0.355,77.727,31.823,-0.347,-0.076,0.221,-0.116,331.784,45.814,-10.368,967.461,1.23041034,3.608,-10.525,306.038,306.038
201.771,1.22,1.205,313.512,8.95,0.874,-0.829,0.19,-0.72,331.417,48.029,-10.329,967.458,1.23313224,3.575,-10.899,306.113,306.113
201.871,0.915,0.91,189.694,-5.969,0.153,0.897,-0.095,-0.772,331.386,48.214,-10.329,967.454,1.23336351,2.968,-11.307,306.601,306.601
201.971,-99.53,-99.51,0.0,0.0,-99.4,-99.41,-99.42,-99.44,-99.43,32.098,-99.44,967.449,13.70002365,4.725,-11.914,307.048,307.048
202.071,2.631,2.622,86.051,-4.689,-2.616,-0.181,-0.215,-0.315,331.664,46.647,-10.324,967.444,1.23128259,3.492,-11.081,306.9,306.9
202.171,1.085,1.069,88.163,9.799,-1.069,-0.034,0.185,-0.292,331.677,46.467,-10.352,967.454,1.23119485,3.309,-10.468,305.761,305.761
202.271,1.3,0.944,296.199,43.451,0.847,-0.417,0.894,-0.703,331.427,47.869,-10.356,967.464,1.23306823,5.796,-10.614,307.643,307.643
202.371,1.091,1.084,318.075,-6.518,0.724,-0.806,-0.124,-1.162,331.148,49.469,-10.366,967.457,1.23513901,0.703,-10.744,305.823,305.823
202.471,2.092,2.092,99.496,0.0,-2.063,0.345,0.0,-0.228,331.716,46.274,-10.346,967.448,1.23090017,2.837,-10.896,306.37,306.37
202.571,-99.53,-99.51,0.0,0.0,-99.4,-99.41,-99.42,-99.44,-99.43,32.071,-99.44,967.445,13.69996548,5.62,-11.764,307.371,307.371
202.671,2.634,2.634,82.179,0.0,-2.61,-0.358,0.0,-0.2,331.733,46.263,-10.323,967.446,1.2307694,4.109,-11.282,306.987,306.987
202.771,0.751,0.049,123.311,86.275,-0.041,0.027,0.749,-0.163,331.756,46.059,-10.344,967.448,1.23060346,4.752,-10.688,307.655,307.655
202.872,0.729,0.565,99.456,39.246,-0.557,0.093,0.461,-0.819,331.357,48.317,-10.346,967.452,1.2335757,4.264,-10.519,306.933,306.933
202.972,3.337,3.32,112.879,5.745,-3.059,1.291,0.334,0.021,331.868,45.567,-10.311,967.446,1.22977054,3.421,-10.495,306.888,306.888
203.072,-99.53,-99.51,0.0,0.0,-99.4,-99.41,-99.42,-99.44,-99.43,32.112,-99.44,967.444,13.6999445,4.121,-11.179,307.367,307.367
203.172,3.315,3.311,97.72,2.639,-3.281,0.445,0.153,0.045,331.882,45.378,-10.341,967.444,1.22966003,3.126,-11.253,308.368,308.368
203.272,1.049,0.886,122.991,32.376,-0.743,0.482,0.562,0.084,331.906,45.383,-10.305,967.464,1.2295109,3.665,-10.893,307.209,307.209
203.372,0.604,0.596,157.229,9.248,-0.231,0.549,0.097,-0.419,331.6,46.984,-10.329,967.448,1.2317605,5.437,-10.186,307.261,307.261
203.472,2.196,2.195,124.385,0.181,-1.812,1.24,0.007,-0.706,331.426,48.004,-10.323,967.427,1.23302937,2.906,-9.809,306.298,306.298
203.572,-99.53,-99.51,0.0,0.0,-99.4,-99.41,-99.42,-99.44,-99.43,32.141,-99.44,967.433,13.69979191,4.546,-10.893,307.317,307.317
203.672,3.552,3.552,88.666,0.0,-3.551,-0.083,0.0,-0.219,331.722,46.241,-10.346,967.432,1.23083532,4.571,-11.663,307.77,307.77
203.772,1.828,1.828,93.058,0.0,-1.826,0.098,0.0,-0.202,331.732,46.213,-10.338,967.442,1.23077154,3.356,-11.351,306.599,306.599
203.872,0.304,0.265,152.002,29.319,-0.125,0.234,0.149,-0.491,331.557,47.174,-10.344,967.428,1.232059,3.786,-10.579,307.452,307.452
203.972,1.47,1.4,125.73,-17.646,-1.137,0.818,-0.445,-1.083,331.197,49.307,-10.333,967.43,1.2347405,2.527,-9.854,306.681,306.681
204.072,3.623,3.61,104.018,-4.905,-3.503,0.874,-0.31,-18.079,320.685,100.0,-10.307,967.449,1.31703866,4.374,-10.27,306.906,306.906
204.172,-99.53,-99.51,0.0,0.0,-99.4,-99.41,-99.42,-99.44,-99.43,32.144,-99.44,967.433,13.69979954,4.772,-10.85,307.144,307.144
204.273,3.271,3.263,85.831,-3.917,-3.255,-0.237,-0.223,-0.354,331.639,46.73,-10.338,967.437,1.23145378,4.965,-11.234,307.723,307.723
204.373,0.848,0.848,78.931,0.0,-0.832,-0.163,0.0,-0.343,331.646,46.669,-10.344,967.45,1.23141992,5.88,-10.539,307.485,307.485
204.473,1.057,1.04,115.169,-10.277,-0.941,0.442,-0.189,-0.919,331.296,48.678,-10.344,967.428,1.23399842,-0.654,-9.943,304.926,304.926
204.573,2.096,2.054,107.526,-11.45,-1.959,0.619,-0.416,-0.412,331.605,46.961,-10.329,967.44,1.23171675,-0.115,-10.934,306.175,306.175
204.673,3.791,3.791,88.488,-0.106,-3.79,-0.1,-0.007,0.527,332.175,43.899,-10.318,967.446,1.22749603,6.684,-10.956,306.597,306.597
204.773,3.603,3.603,86.208,0.0,-3.595,-0.238,0.0,-0.224,331.719,46.456,-10.292,967.438,1.23086286,1.88,-10.811,305.536,305.536
204.873,1.192,1.192,85.624,-1.531,-1.188,-0.091,-0.032,-0.178,331.746,46.043,-10.362,967.437,1.23066139,3.75,-11.133,306.521,306.521
204.973,0.718,0.296,302.966,65.66,0.248,-0.161,0.654,-0.4,331.612,46.94,-10.324,967.441,1.23166502,4.135,-10.563,306.367,306.367
205.073,0.813,0.812,197.33,-2.779,0.242,0.775,-0.039,-0.898,331.309,48.625,-10.338,967.438,1.23391378,3.575,-10.206,305.788,305.788
205.173,-99.53,-99.51,0.0,0.0,-99.4,-99.41,-99.42,-99.44,-99.43,32.167,-99.44,967.444,13.69995117,3.091,-10.244,306.342,306.342
205.273,-99.53,-99.51,0.0,0.0,-99.4,-99.41,-99.42,-99.44,-99.43,32.167,-99.44,967.447,13.69998932,4.001,-10.827,306.822,306.822
205.373,3.141,3.135,86.502,-3.582,-3.129,-0.191,-0.196,-0.58,331.502,47.546,-10.328,967.442,1.23247921,3.844,-11.062,306.679,306.679
205.473,26.722,18.1,131.368,-47.362,-13.584,11.962,-19.658,-33.041,311.137,100.0,-10.333,967.449,1.39911163,2.868,-10.579,305.94,305.94
205.574,0.475,0.465,276.434,-11.517,0.462,-0.052,-0.095,-1.209,331.12,49.803,-10.324,967.455,1.23534381,3.853,-10.681,305.688,305.688
205.674,2.514,2.475,97.401,-10.14,-2.454,0.319,-0.443,-0.479,331.564,47.157,-10.338,967.458,1.23204362,4.211,-10.456,305.674,305.674
205.774,-99.53,-99.51,0.0,0.0,-99.4,-99.41,-99.42,-99.44,-99.43,32.153,-99.44,967.451,13.70004463,3.503,-10.432,306.051,306.051
205.874,4.33,4.268,88.267,-9.738,-4.266,-0.129,-0.732,-0.56,331.515,47.49,-10.324,967.45,1.23239815,3.661,-10.784,305.748,305.748
205.974,1.187,1.186,85.18,-2.01,-1.182,-0.1,-0.042,-0.551,331.52,47.359,-10.35,967.468,1.23238266,4.215,-11.331,306.452,306.452
206.074,0.596,0.593,125.541,5.635,-0.483,0.345,0.059,-0.854,331.336,48.453,-10.342,967.453,1.23373449,3.683,-11.144,306.461,306.461
206.174,1.78,1.711,112.807,-16.032,-1.577,0.663,-0.492,-0.73,331.412,48.089,-10.323,967.442,1.23315418,3.917,-10.841,307.056,307.056
206.274,3.675,3.675,89.049,0.0,-3.675,-0.061,0.0,0.247,332.005,44.795,-10.319,967.454,1.22876322,3.746,-10.859,305.593,305.593
206.374,4.628,4.572,87.504,-8.931,-4.568,-0.199,-0.719,-0.401,331.612,46.979,-10.314,967.455,1.23168397,3.261,-10.607,306.061,306.061
206.474,21.143,14.917,126.579,-45.128,-11.979,8.89,-14.984,-24.888,316.375,100.0,-10.329,967.439,1.35315132,3.927,-10.818,306.431,306.431
206.574,0.32,0.313,325.988,11.906,0.175,-0.259,0.066,-0.584,331.5,47.54,-10.333,967.443,1.23250008,3.737,-10.975,305.437,305.437
206.674,0.755,0.75,174.071,-6.774,-0.077,0.746,-0.089,-0.994,331.251,49.029,-10.323,967.436,1.23434329,3.709,-10.875,305.735,305.735
206.775,-99.53,-99.51,0.0,0.0,-99.4,-99.41,-99.42,-99.44,-99.43,32.181,-99.44,967.453,13.70007324,3.871,-10.932,306.669,306.669
206.875,-99.53,-99.51,0.0,0.0,-99.4,-99.41,-99.42,-99.44,-99.43,32.14,-99.44,967.453,13.70008183,3.654,-10.79,306.122,306.122
206.975,3.089,3.083,86.899,-3.508,-3.079,-0.167,-0.189,-0.595,331.493,47.598,-10.328,967.444,1.23255014,3.886,-10.872,305.701,305.701
207.075,27.385,18.777,130.566,-46.711,-14.264,12.211,-19.934,-32.894,311.233,100.0,-10.308,967.453,1.39825773,3.341,-10.64,306.173,306.173
207.175,0.741,0.741,300.273,1.042,0.64,-0.374,0.013,-1.169,331.144,49.577,-10.345,967.462,1.23517692,3.568,-10.624,305.877,305.877
207.275,2.269,2.238,106.015,-9.408,-2.152,0.618,-0.371,-0.65,331.46,47.879,-10.304,967.455,1.23280942,4.131,-11.235,306.7,306.7
207.375,-99.53,-99.51,0.0,0.0,-99.4,-99.41,-99.42,-99.44,-99.43,32.191,-99.44,967.464,13.70023441,3.625,-11.223,305.259,305.259
207.475,3.668,3.668,87.288,0.0,-3.664,-0.174,0.0,-0.518,331.54,47.343,-10.324,967.457,1.23221517,3.672,-10.829,305.672,305.672
207.575,1.641,1.626,88.404,7.735,-1.626,-0.045,0.221,-0.393,331.616,46.953,-10.314,967.443,1.23163438,3.987,-10.619,305.436,305.436
207.675,0.571,0.498,300.941,29.227,0.427,-0.256,0.279,-0.799,331.37,48.346,-10.319,967.449,1.23347712,3.781,-10.715,306.43,306.43
207.775,0.431,0.39,238.798,-25.043,0.334,0.202,-0.182,-1.014,331.238,49.083,-10.328,967.452,1.2344588,3.73,-11.11,306.676,306.676
207.875,2.812,2.812,94.816,-0.108,-2.802,0.236,-0.005,0.026,331.871,45.581,-10.303,967.455,1.22976005,3.796,-11.476,306.509,306.509
207.975,-99.53,-99.51,0.0,0.0,-99.4,-99.41,-99.42,-99.44,-99.43,32.182,-99.44,967.469,13.70030403,3.739,-11.363,306.571,306.571
208.076,2.071,2.071,81.0,0.0,-2.046,-0.324,0.0,-0.287,331.681,46.572,-10.319,967.45,1.23116577,3.687,-10.793,305.976,305.976
208.176,0.406,0.362,344.208,27.117,0.098,-0.348,0.185,-0.389,331.619,46.885,-10.328,967.461,1.2316376,3.698,-10.598,306.078,306.078
208.276,0.756,0.722,270.698,17.22,0.722,-0.009,0.224,-1.09,331.193,49.41,-10.314,967.451,1.23479748,3.694,-10.557,306.711,306.711
208.376,0.82,0.769,161.955,-20.376,-0.238,0.731,-0.286,-0.868,331.328,48.592,-10.319,967.453,1.23379421,3.819,-10.835,306.556,306.556
208.476,-99.53,-99.51,0.0,0.0,-99.4,-99.41,-99.42,-99.44,-99.43,32.205,-99.44,967.45,13.70003033,3.451,-11.114,306.032,306.032
208.576,2.689,2.688,85.37,-1.824,-2.679,-0.217,-0.086,-0.467,331.571,47.144,-10.331,967.452,1.23198116,3.66,-11.097,306.628,306.628
208.676,0.815,0.761,97.321,20.994,-0.755,0.097,0.292,-0.424,331.597,46.958,-10.341,967.455,1.23179162,3.908,-10.943,306.661,306.661
208.776,0.644,0.457,164.661,44.76,-0.121,0.441,0.453,-1.015,331.238,49.16,-10.308,967.448,1.23445392,3.539,-10.403,305.528,305.528
208.876,2.806,2.806,121.485,0.353,-2.393,1.466,0.017,-0.742,331.404,48.085,-10.335,967.449,1.2332232,3.724,-10.439,306.353,306.353
208.976,3.958,3.946,100.709,4.38,-3.877,0.733,0.302,-0.005,331.852,45.663,-10.308,967.452,1.22989392,3.823,-10.983,306.732,306.732
209.076,3.78,3.78,94.681,-0.698,-3.768,0.308,-0.046,-0.283,331.683,46.545,-10.323,967.439,1.23113322,3.591,-11.109,306.541,306.541
209.176,1.645,1.636,94.665,6.052,-1.63,0.133,0.173,-0.359,331.637,46.873,-10.304,967.434,1.23146892,3.833,-11.064,306.475,306.475
209.277,0.366,0.257,186.911,45.415,0.031,0.255,0.261,-0.569,331.51,47.579,-10.308,967.434,1.23241436,3.646,-10.646,306.518,306.518
209.377,1.582,1.543,122.733,12.728,-1.298,0.834,0.349,-0.9,331.308,48.644,-10.335,967.441,1.23392761,3.767,-10.438,305.97,305.97
209.477,3.423,3.423,99.634,0.717,-3.375,0.573,0.043,0.109,331.922,45.285,-10.308,967.446,1.22937262,3.599,-10.519,305.555,305.555
209.577,-99.53,-99.51,0.0,0.0,-99.4,-99.41,-99.42,-99.44,-99.43,32.19,-99.44,967.439,13.69988632,3.747,-10.949,305.958,305.958
209.677,2.547,2.547,93.534,0.0,-2.542,0.157,0.0,-0.128,331.777,45.982,-10.333,967.442,1.23043823,3.829,-11.438,306.586,306.586
209.777,19.931,13.804,132.738,-46.165,-10.139,9.368,-14.377,-24.753,316.462,100.0,-10.304,967.431,1.35239744,3.566,-11.241,306.319,306.319
209.877,0.609,0.438,110.75,43.941,-0.41,0.155,0.423,-0.858,331.333,48.473,-10.341,967.445,1.23374283,3.674,-10.722,306.475,306.475
209.977,2.41,2.404,122.743,3.992,-2.022,1.3,0.168,-0.745,331.402,48.22,-10.303,967.436,1.23321664,3.927,-10.34,305.991,305.991
210.077,-99.53,-99.51,0.0,0.0,-99.4,-99.41,-99.42,-99.44,-99.43,32.19,-99.44,967.43,13.69975853,3.792,-10.403,306.257,306.257
210.178,3.382,3.382,99.642,-0.512,-3.334,0.566,-0.03,-0.403,331.611,47.043,-10.299,967.437,1.23166823,3.602,-10.858,306.369,306.369
210.278,1.261,1.233,104.06,12.048,-1.196,0.3,0.263,-5.004,328.802,66.236,-10.304,967.449,1.25281668,3.661,-11.243,306.249,306.249
210.378,0.598,0.083,273.329,82.047,0.083,-0.005,0.593,-0.822,331.355,48.364,-10.335,967.445,1.23357725,3.827,-11.07,306.427,306.427
210.478,2.635,2.629,133.264,3.933,-1.914,1.802,0.181,-0.85,331.338,48.551,-10.314,967.44,1.23369789,3.541,-10.519,306.657,306.657
210.578,4.384,4.378,104.322,2.986,-4.242,1.083,0.228,-0.009,331.849,45.659,-10.314,967.428,1.22988462,3.805,-10.394,305.827,305.827
210.678,4.173,4.173,104.283,-0.934,-4.044,1.03,-0.068,-0.088,331.802,46.011,-10.289,967.452,1.23026574,3.771,-10.751,306.284,306.284
210.778,2.095,2.07,98.912,8.886,-2.045,0.321,0.324,-0.264,331.695,46.553,-10.303,967.437,1.23104227,3.772,-10.88,305.278,305.278
210.878,0.628,0.628,185.545,0.0,0.061,0.625,0.0,-0.459,331.576,47.257,-10.293,967.432,1.23191679,3.62,-10.995,306.381,306.381
210.978,1.368,1.367,150.3,-2.637,-0.677,1.187,-0.063,-0.93,331.29,48.809,-10.32,967.44,1.2340579,3.684,-10.913,306.724,306.724
211.078,3.738,3.737,115.497,-0.805,-3.373,1.609,-0.053,-0.06,331.819,45.804,-10.32,967.455,1.23014736,3.759,-10.802,305.91,305.91
211.178,-99.53,-99.51,0.0,0.0,-99.4,-99.41,-99.42,-99.44,-99.43,32.231,-99.44,967.446,13.69997501,3.758,-10.666,306.072,306.072
211.278,2.872,2.871,95.544,-0.947,-2.858,0.277,-0.047,-0.172,331.75,46.14,-10.331,967.434,1.23062789,3.827,-10.805,306.056,306.056
211.378,0.596,0.579,108.632,13.719,-0.548,0.185,0.141,-0.193,331.738,46.209,-10.331,967.448,1.23073757,3.733,-11.183,306.587,306.587
211.479,0.419,0.237,19.203,55.639,-0.078,-0.224,0.346,-0.756,331.395,48.209,-10.316,967.441,1.23327386,3.676,-11.292,306.359,306.359
211.579,1.822,1.819,123.544,-3.169,-1.516,1.005,-0.101,-0.948,331.278,48.788,-10.342,967.453,1.23416185,3.695,-10.927,306.216,306.216
211.679,-99.53,-99.51,0.0,0.0,-99.4,-99.41,-99.42,-99.44,-99.43,32.204,-99.44,967.453,13.70007896,3.787,-10.569,306.598,306.598
211.779,3.308,3.308,86.922,0.0,-3.304,-0.178,0.0,-0.408,331.607,46.984,-10.319,967.455,1.23171651,3.815,-10.445,306.084,306.084
211.879,20.999,14.77,128.942,-45.304,-11.488,9.283,-14.927,-24.931,316.348,100.0,-10.314,967.446,1.35339427,3.663,-10.613,306.026,306.026
211.979,0.359,0.233,188.771,49.564,0.035,0.23,0.273,-0.793,331.374,48.403,-10.299,967.442,1.2334373,3.666,-11.097,306.498,306.498
212.079,1.251,1.186,123.978,-18.47,-0.984,0.663,-0.396,-1.169,331.144,49.603,-10.338,967.46,1.23517299,3.679,-11.437,306.584,306.584
212.179,2.376,2.368,109.095,-4.517,-2.238,0.775,-0.187,-0.271,331.691,46.575,-10.303,967.435,1.23106837,3.605,-11.11,306.676,306.676
212.279,-99.53,-99.51,0.0,0.0,-99.4,-99.41,-99.42,-99.44,-99.43,32.204,-99.44,967.445,13.69996834,3.654,-10.76,306.345,306.345
212.379,2.656,2.655,86.508,-2.106,-2.65,-0.162,-0.098,-0.395,331.615,47.0,-10.303,967.446,1.23164487,3.803,-10.655,306.309,306.309
212.479,0.184,0.157,352.992,31.586,0.019,-0.156,0.097,-0.426,331.596,47.078,-10.311,967.453,1.23179662,3.729,-10.857,306.24,306.24
212.579,0.265,0.208,41.467,38.333,-0.138,-0.156,0.164,-0.984,331.257,48.944,-10.335,967.445,1.23431349,3.639,-11.161,306.336,306.336
212.68,3.498,3.498,113.96,-0.322,-3.196,1.42,-0.02,-0.186,331.742,46.208,-10.325,967.445,1.23070502,3.736,-11.327,305.364,305.364
212.78,4.756,4.754,103.096,1.79,-4.63,1.077,0.149,0.351,332.068,44.411,-10.333,967.461,1.22830939,3.682,-11.11,306.567,306.567
212.88,2.789,2.789,106.054,-0.797,-2.68,0.771,-0.039,-0.157,331.76,46.128,-10.32,967.45,1.23057771,3.735,-10.846,307.12,307.12
212.98,0.873,0.773,150.428,27.687,-0.382,0.673,0.406,-0.086,331.803,45.923,-10.311,967.439,1.23024273,3.73,-10.826,306.427,306.427
213.08,0.505,0.176,251.264,69.591,0.167,0.057,0.474,-0.775,331.384,48.305,-10.308,967.46,1.23338234,3.677,-11.047,306.769,306.769
213.18,1.522,1.519,134.814,-3.939,-1.077,1.071,-0.105,-0.852,331.337,48.503,-10.327,967.438,1.23370385,3.703,-11.18,306.242,306.242
213.28,-99.53,-99.51,0.0,0.0,-99.4,-99.41,-99.42,-99.44,-99.43,32.204,-99.44,967.451,13.70004749,3.635,-11.246,306.429,306.429
213.38,3.431,3.424,102.572,-3.841,-3.342,0.745,-0.23,-0.19,331.739,46.221,-10.325,967.447,1.23072433,3.71,-11.183,306.269,306.269
213.48,1.592,1.592,115.667,-0.118,-1.435,0.69,-0.003,-0.335,331.651,46.675,-10.335,967.447,1.23138022,3.667,-11.087,306.404,306.404
213.58,0.678,0.661,203.787,12.94,0.267,0.605,0.152,-0.678,331.443,47.868,-10.333,967.451,1.23293281,3.65,-10.989,307.191,307.191
213.68,0.436,0.406,64.55,21.387,-0.367,-0.175,0.159,-1.152,331.155,49.629,-10.316,967.445,1.23507273,3.785,-10.942,305.983,305.983
213.78,3.452,3.451,112.736,-1.599,-3.183,1.334,-0.096,-0.232,331.714,46.444,-10.303,967.456,1.23092115,3.706,-11.046,306.323,306.323
213.88,-99.53,-99.51,0.0,0.0,-99.4,-99.41,-99.42,-99.44,-99.43,32.214,-99.44,967.445,13.69996548,3.768,-11.183,306.564,306.564
213.981,2.746,2.745,94.888,1.655,-2.735,0.234,0.079,-0.28,331.685,46.536,-10.323,967.449,1.23113358,3.688,-11.323,306.409,306.409
214.081,0.6,0.463,161.856,39.522,-0.144,0.44,0.382,-0.29,331.679,46.595,-10.316,967.454,1.23118377,3.737,-11.259,306.051,306.051
214.181,0.287,0.036,14.971,82.75,-0.009,-0.035,0.285,-0.839,331.345,48.465,-10.325,967.439,1.23364651,3.679,-10.937,306.984,306.984
214.281,2.6,2.599,111.837,1.68,-2.412,0.967,0.076,-0.462,331.575,47.182,-10.316,967.44,1.23194051,3.813,-10.716,306.619,306.619
214.381,4.62,4.617,104.32,2.058,-4.474,1.142,0.166,0.361,332.074,44.466,-10.308,967.453,1.22825146,3.698,-10.887,305.926,305.926
214.481,4.078,4.02,94.118,-9.647,-4.01,0.289,-0.683,-0.152,331.763,46.071,-10.331,967.447,1.23055112,3.741,-11.071,306.422,306.422
214.583,1.644,1.641,114.517,3.61,-1.493,0.681,0.104,-0.171,331.751,46.157,-10.325,967.447,1.23063874,3.728,-11.081,306.954,306.954
214.683,0.66,0.654,162.386,-7.994,-0.198,0.623,-0.092,-0.57,331.509,47.64,-10.293,967.421,1.23240185,3.674,-10.991,306.541,306.541
214.783,2.246,2.162,132.821,-15.759,-1.585,1.469,-0.61,-0.794,331.372,48.331,-10.319,967.438,1.23344195,3.789,-10.824,306.951,306.951
214.883,-99.53,-99.51,0.0,0.0,-99.4,-99.41,-99.42,-99.44,-99.43,32.228,-99.44,967.443,13.69993687,3.656,-10.79,306.537,306.537
214.984,-99.53,-99.51,0.0,0.0,-99.4,-99.41,-99.42,-99.44,-99.43,32.214,-99.44,967.449,13.70002365,3.671,-10.752,306.297,306.297
215.084,2.75,2.71,96.808,-9.814,-2.691,0.321,-0.469,-0.478,331.564,47.202,-10.325,967.446,1.23202395,3.695,-11.089,306.184,306.184
215.184,0.565,0.565,183.007,1.135,0.03,0.564,0.011,-0.613,331.482,47.606,-10.342,967.424,1.23260677,3.575,-11.512,306.575,306.575
215.284,1.302,1.141,143.01,-28.798,-0.686,0.911,-0.627,-1.112,331.179,49.492,-10.313,967.424,1.23486233,3.66,-11.373,306.552,306.552
215.384,3.237,3.224,97.405,-5.169,-3.197,0.415,-0.292,-0.152,331.763,46.144,-10.311,967.435,1.23053455,3.696,-10.495,306.616,306.616
215.484,-99.53,-99.51,0.0,0.0,-99.4,-99.41,-99.42,-99.44,-99.43,32.204,-99.44,967.419,13.69959259,3.775,-10.119,306.514,306.514
215.584,3.164,3.112,95.492,-10.337,-3.098,0.298,-0.568,-0.31,331.667,46.617,-10.327,967.427,1.23123682,3.652,-10.745,305.586,305.586
215.684,0.783,0.782,145.923,2.804,-0.438,0.647,0.038,-0.361,331.636,46.834,-10.316,967.425,1.23146319,3.694,-11.715,306.362,306.362
215.784,0.463,0.417,224.674,25.748,0.293,0.297,0.201,-0.841,331.344,48.464,-10.327,967.423,1.23363614,3.599,-11.802,306.379,306.379
215.884,2.091,1.765,114.155,-32.427,-1.61,0.722,-1.121,-0.663,331.452,47.881,-10.316,967.448,1.23285985,3.671,-11.319,307.121,307.121
215.985,2.889,2.882,95.711,-4.099,-2.868,0.287,-0.207,0.407,332.102,44.277,-10.32,967.438,1.22802711,3.821,-11.45,307.025,307.025
216.085,3.568,3.492,87.013,-11.9,-3.487,-0.182,-0.736,-0.195,331.737,46.26,-10.319,967.435,1.23073053,4.263,-9.449,305.835,305.835
216.185,1.212,1.192,69.688,-10.526,-1.118,-0.414,-0.222,-0.15,331.764,46.058,-10.333,967.438,1.23053443,4.082,-6.201,305.133,305.133
216.285,0.828,0.779,301.168,19.755,0.667,-0.403,0.28,-0.434,331.591,47.087,-10.316,967.447,1.23182476,3.822,-8.606,305.519,305.519
216.385,0.445,0.415,297.487,-21.03,0.369,-0.192,-0.16,-0.948,331.279,48.921,-10.308,967.437,1.23413622,3.189,-13.505,306.78,306.78
216.485,-99.53,-99.51,0.0,0.0,-99.4,-99.41,-99.42,-99.44,-99.43,32.214,-99.44,967.444,13.69995117,3.1,-15.078,308.361,308.361
216.585,5.672,5.603,88.295,-8.986,-5.6,-0.167,-0.886,-0.171,331.752,46.227,-10.306,967.429,1.23061085,3.625,-12.207,307.24,307.24
216.685,2.637,2.609,86.815,-8.408,-2.605,-0.145,-0.386,-0.537,331.528,47.407,-10.325,967.425,1.23226392,4.033,-8.78,305.994,305.994
216.786,0.088,0.087,209.507,-7.305,0.043,0.076,-0.011,-0.57,331.509,47.615,-10.3,967.421,1.23240435,4.01,-7.462,305.586,305.586
216.886,1.387,1.252,301.938,-25.5,1.062,-0.662,-0.597,-1.123,331.172,49.477,-10.327,967.427,1.23491859,3.883,-10.119,306.353,306.353
216.986,1.323,1.282,87.163,-14.181,-1.281,-0.063,-0.324,-0.539,331.528,47.515,-10.299,967.439,1.23228788,3.652,-13.518,306.929,306.929
217.086,-99.53,-99.51,0.0,0.0,-99.4,-99.41,-99.42,-99.44,-99.43,32.217,-99.44,967.436,13.69984055,3.292,-14.437,307.204,307.204
217.186,4.563,4.491,87.145,-10.17,-4.486,-0.224,-0.806,-0.404,331.61,46.991,-10.313,967.42,1.23165166,3.412,-13.501,307.006,307.006
217.286,1.264,1.26,69.002,4.415,-1.176,-0.451,0.097,-0.366,331.633,46.809,-10.327,967.438,1.23150551,7.211,-8.536,307.015,307.015
217.386,0.656,0.478,307.006,43.271,0.382,-0.288,0.45,-0.784,331.378,48.241,-10.333,967.425,1.23337948,3.238,-1.098,304.735,304.735
217.486,1.707,1.636,102.021,-16.606,-1.6,0.341,-0.488,-0.755,331.396,48.214,-10.314,967.409,1.23322749,3.374,-5.913,305.782,305.782
217.586,3.649,3.649,92.873,-0.609,-3.644,0.183,-0.039,0.258,332.012,44.748,-10.323,967.434,1.22869158,3.07,-16.043,307.01,307.01
217.686,5.886,5.835,87.332,-7.573,-5.828,-0.272,-0.776,-0.299,331.674,46.633,-10.313,967.425,1.23118532,2.721,-19.386,308.861,308.861
217.786,8.468,3.212,82.753,-67.705,-3.187,-0.405,-7.835,-24.76,316.457,100.0,-10.333,967.42,1.35242498,3.666,-13.392,307.399,307.399
217.887,0.512,0.496,67.257,14.472,-0.457,-0.192,0.128,-0.447,331.583,47.031,-10.342,967.449,1.23188734,4.879,-3.048,305.329,305.329
217.987,0.23,0.123,146.281,-57.522,-0.068,0.103,-0.194,-0.994,331.251,49.095,-10.306,967.43,1.23433435,5.311,0.469,304.849,304.849
218.087,-99.53,-99.51,0.0,0.0,-99.4,-99.41,-99.42,-99.44,-99.43,32.24,-99.44,967.438,13.69985771,3.934,-7.545,305.443,305.443
218.187,-99.53,-99.51,0.0,0.0,-99.4,-99.41,-99.42,-99.44,-99.43,32.214,-99.44,967.452,13.70005894,2.576,-17.156,308.536,308.536
218.287,3.863,3.819,87.523,-8.72,-3.815,-0.165,-0.586,-0.606,331.486,47.618,-10.333,967.439,1.23259413,2.789,-18.972,307.813,307.813
218.387,7.59,1.849,81.271,-75.897,-1.828,-0.281,-7.361,-24.95,316.336,100.0,-10.327,967.432,1.35347676,5.028,-11.153,307.127,307.127
218.487,0.517,0.493,129.26,-17.363,-0.382,0.312,-0.154,-1.158,331.151,49.506,-10.352,967.425,1.2350775,5.11,1.345,304.303,304.303
218.587,2.073,2.057,100.055,-7.219,-2.025,0.359,-0.261,-0.622,331.476,47.619,-10.347,967.423,1.23264813,4.56,-1.567,304.632,304.632
218.687,2.787,2.787,93.442,-0.502,-2.782,0.167,-0.024,-35.41,309.599,100.0,-10.311,967.423,1.41301346,4.853,-15.735,308.222,308.222
218.787,4.286,4.246,91.772,-7.755,-4.244,0.131,-0.578,-0.271,331.69,46.394,-10.353,967.426,1.2310667,3.276,-18.964,308.365,308.365
218.887,1.909,1.908,99.244,-2.132,-1.883,0.307,-0.071,-5.036,328.781,66.319,-10.32,967.436,1.25295544,3.262,-11.623,306.98,306.98
218.987,0.334,0.334,136.731,-0.57,-0.229,0.243,-0.003,-0.662,331.453,47.832,-10.327,967.419,1.23281837,4.523,-4.086,305.352,305.352
219.088,1.878,1.729,126.636,-22.984,-1.388,1.032,-0.733,-0.901,331.308,48.676,-10.327,967.431,1.23391581,4.386,-4.411,305.566,305.566
219.188,3.889,3.889,104.367,0.23,-3.767,0.965,0.016,0.1,331.915,45.229,-10.333,967.432,1.22940147,3.778,-11.758,307.048,307.048
219.288,-99.53,-99.51,0.0,0.0,-99.4,-99.41,-99.42,-99.44,-99.43,32.228,-99.44,967.442,13.69992733,3.414,-15.991,306.962,306.962
219.388,2.066,2.066,88.717,-0.383,-2.065,-0.046,-0.014,-0.128,331.777,45.913,-10.352,967.447,1.2304486,3.57,-11.885,305.865,305.865
219.488,0.453,0.083,291.477,79.413,0.077,-0.03,0.445,-0.283,331.683,46.526,-10.327,967.433,1.23112595,4.646,-6.341,305.587,305.587
219.588,0.399,0.332,93.027,33.579,-0.332,0.018,0.221,-0.909,331.302,48.665,-10.338,967.447,1.23397684,4.927,-6.488,306.177,306.177
219.688,1.938,1.919,120.284,-7.99,-1.657,0.968,-0.269,-0.731,331.411,48.12,-10.316,967.435,1.23315167,3.735,-11.497,307.391,307.391
219.788,-99.53,-99.51,0.0,0.0,-99.4,-99.41,-99.42,-99.44,-99.43,32.214,-99.44,967.452,13.7000618,3.959,-14.418,307.177,307.177
219.888,3.39,3.355,89.885,-8.245,-3.355,-0.007,-0.486,-0.463,331.574,47.123,-10.333,967.429,1.23193431,4.609,-10.658,306.055,306.055
219.988,0.77,0.729,96.469,18.743,-0.724,0.082,0.247,-0.454,331.579,47.056,-10.342,967.436,1.23190355,4.674,-6.037,304.745,304.745
220.088,0.273,0.216,6.723,37.602,-0.025,-0.215,0.167,-1.016,331.237,49.069,-10.333,967.433,1.23444176,4.843,-8.353,306.15,306.15
220.188,1.877,1.823,103.556,-13.707,-1.772,0.427,-0.445,-0.875,331.323,48.498,-10.35,967.438,1.23381007,3.715,-13.37,305.413,305.413
220.288,2.73,2.73,106.544,0.0,-2.617,0.777,0.0,-0.018,331.844,45.52,-10.359,967.439,1.22994065,4.507,-14.089,307.737,307.737
220.389,3.722,3.668,90.085,-9.811,-3.668,0.005,-0.634,-0.408,331.607,46.869,-10.35,967.446,1.23170757,3.975,-7.716,305.488,305.488
220.489,1.249,1.242,83.957,6.118,-1.235,-0.131,0.133,-0.258,331.698,46.403,-10.338,967.433,1.23101473,3.597,-6.305,305.083,305.083
220.589,0.684,0.573,290.801,33.104,0.535,-0.203,0.373,-0.531,331.532,47.378,-10.327,967.429,1.23224282,5.244,-12.535,307.045,307.045
220.689,0.651,0.607,266.876,21.104,0.606,0.033,0.234,-0.974,331.263,48.881,-10.342,967.442,1.2342639,2.954,-14.02,306.114,306.114
220.789,2.007,2.002,100.94,-4.191,-1.965,0.38,-0.147,-0.039,331.831,45.65,-10.342,967.446,1.23004162,3.847,-12.253,307.102,307.102
220.889,-99.53,-99.51,0.0,0.0,-99.4,-99.41,-99.42,-99.44,-99.43,32.237,-99.44,967.445,13.69996548,4.865,-7.488,305.684,305.684
220.989,1.887,1.887,83.828,0.0,-1.876,-0.203,0.0,-0.049,331.825,45.721,-10.333,967.448,1.23009145,3.92,-6.357,306.237,306.237
221.089,7.21,0.494,92.782,-86.07,-0.494,0.024,-7.193,-24.711,316.488,100.0,-10.365,967.444,1.352198,4.063,-12.146,306.485,306.485
221.189,0.395,0.311,341.503,37.99,0.099,-0.295,0.243,-0.839,331.344,48.362,-10.352,967.443,1.23365664,3.604,-15.721,307.264,307.264
221.289,1.768,1.757,122.971,-6.595,-1.474,0.956,-0.203,-0.807,331.365,48.362,-10.323,967.455,1.23352206,4.245,-12.51,306.916,306.916
221.389,-99.53,-99.51,0.0,0.0,-99.4,-99.41,-99.42,-99.44,-99.43,32.237,-99.44,967.435,13.6998167,4.746,-5.985,305.817,305.817
221.489,2.912,2.882,93.862,-8.217,-2.875,0.194,-0.416,-0.299,331.673,46.526,-10.342,967.446,1.23121524,4.892,-5.237,305.347,305.347
221.589,0.756,0.755,111.705,-2.667,-0.701,0.279,-0.035,-0.406,331.608,46.806,-10.365,967.441,1.23169446,4.28,-11.265,305.732,305.732
221.69,0.313,0.313,300.654,0.0,0.269,-0.159,0.0,-0.875,331.323,48.511,-10.347,967.444,1.23382008,3.748,-15.698,307.935,307.935
221.79,1.57,1.526,106.978,-13.578,-1.46,0.446,-0.369,-0.94,331.284,48.774,-10.338,967.42,1.23407936,3.555,-13.1,307.042,307.042
221.89,3.391,3.355,99.435,-8.285,-3.31,0.55,-0.489,-0.022,331.841,45.596,-10.342,967.46,1.229985,4.228,-7.24,305.315,305.315
221.99,3.94,3.9,89.201,-8.22,-3.899,-0.054,-0.563,-0.247,331.705,46.364,-10.338,967.452,1.23098803,4.052,-4.826,304.728,304.728
222.09,1.554,1.549,85.928,-4.682,-1.545,-0.11,-0.127,-0.253,331.701,46.425,-10.327,967.431,1.23098743,3.323,-8.719,305.952,305.952
222.19,0.444,0.393,287.021,27.825,0.375,-0.115,0.207,-0.488,331.558,47.09,-10.365,967.438,1.23206317,3.047,-14.981,307.235,307.235
222.29,0.349,0.343,48.662,-10.608,-0.258,-0.227,-0.064,-1.01,331.241,49.028,-10.338,967.433,1.23441601,3.45,-17.293,307.509,307.509
222.39,2.706,2.702,108.512,2.939,-2.562,0.858,0.139,-0.061,331.818,45.683,-10.354,967.428,1.23012173,4.024,-11.843,307.175,307.175
222.49,-99.53,-99.51,0.0,0.0,-99.4,-99.41,-99.42,-99.44,-99.43,32.227,-99.44,967.453,13.70007324,4.541,-4.303,305.971,305.971
222.59,1.937,1.937,85.063,0.0,-1.929,-0.167,0.0,-0.057,331.82,45.685,-10.35,967.443,1.23012114,4.302,-3.846,305.15,305.15
222.69,0.405,0.349,259.813,30.313,0.344,0.062,0.204,-0.031,331.835,45.545,-10.365,967.444,1.23000836,3.837,-12.053,305.992,305.992
222.79,0.633,0.633,316.97,0.0,0.432,-0.463,0.0,-0.746,331.401,47.976,-10.367,967.442,1.23323405,3.222,-18.119,307.561,307.561
222.89,1.251,0.872,42.575,45.839,-0.59,-0.642,0.898,-1.043,331.22,49.063,-10.359,967.438,1.23457396,3.505,-17.321,308.084,308.084
222.991,-99.53,-99.51,0.0,0.0,-99.4,-99.41,-99.42,-99.44,-99.43,32.237,-99.44,967.441,13.6999073,4.1,-10.537,307.002,307.002
223.091,2.237,2.235,98.037,2.111,-2.213,0.312,0.082,-0.128,331.776,45.869,-10.365,967.429,1.2304275,4.607,-4.164,305.128,305.128
223.191,0.681,0.67,107.53,10.12,-0.639,0.202,0.12,-0.161,331.757,45.996,-10.359,967.438,1.23058414,4.533,-4.859,305.385,305.385
223.291,0.603,0.554,243.683,23.267,0.497,0.246,0.238,-0.636,331.468,47.643,-10.354,967.429,1.23271954,3.799,-11.7,306.561,306.561
223.391,0.538,0.534,100.349,-7.062,-0.525,0.096,-0.066,-1.073,331.202,49.21,-10.35,967.441,1.23471403,3.161,-17.23,307.899,307.899
223.491,2.869,2.869,108.264,0.938,-2.724,0.899,0.047,-0.19,331.739,46.076,-10.365,967.442,1.23072338,2.872,-16.692,307.895,307.895
223.591,3.481,3.481,90.741,0.0,-3.48,0.045,0.0,0.096,331.913,45.197,-10.344,967.443,1.22943056,3.262,-10.349,306.404,306.404
223.691,1.804,1.798,97.425,4.722,-1.782,0.232,0.148,-0.097,331.795,45.761,-10.366,967.446,1.23030841,3.528,-4.843,305.496,305.496
223.791,0.505,0.43,219.777,31.708,0.275,0.33,0.265,-0.319,331.662,46.665,-10.323,967.438,1.23129249,3.751,-6.376,306.001,306.001
223.891,0.383,0.365,59.757,-17.283,-0.316,-0.184,-0.114,-0.96,331.271,48.719,-10.371,967.443,1.23420465,3.531,-12.548,307.044,307.044
223.991,2.014,1.997,104.916,-7.483,-1.93,0.514,-0.262,-0.178,331.747,46.059,-10.358,967.449,1.23067439,3.4,-16.543,307.96,307.96
224.091,3.42,3.419,96.796,-1.702,-3.395,0.405,-0.102,0.446,332.125,43.972,-10.371,967.437,1.22785604,3.601,-15.497,307.877,307.877
224.191,2.663,2.659,84.985,3.104,-2.648,-0.232,0.144,-0.067,331.814,45.664,-10.365,967.428,1.23014915,4.02,-10.224,306.115,306.115
224.291,0.409,0.222,136.633,57.116,-0.152,0.161,0.343,0.027,331.871,45.39,-10.354,967.427,1.22972119,4.366,-6.096,305.596,305.596
224.392,0.576,0.576,282.488,0.0,0.563,-0.125,0.0,-0.608,331.485,47.525,-10.359,967.441,1.23260903,4.351,-7.033,305.177,305.177
224.492,0.84,0.826,276.061,10.24,0.822,-0.087,0.149,-0.954,331.274,48.766,-10.354,967.436,1.23416889,3.993,-11.655,306.444,306.444
224.592,-99.53,-99.51,0.0,0.0,-99.4,-99.41,-99.42,-99.44,-99.43,32.227,-99.44,967.437,13.69984722,3.558,-15.442,307.058,307.058
224.692,2.548,2.548,86.578,0.0,-2.543,-0.152,0.0,-0.132,331.774,45.902,-10.359,967.443,1.23046267,3.607,-15.329,306.854,306.854
224.792,0.884,0.884,86.151,0.0,-0.882,-0.059,0.0,-0.166,331.754,46.035,-10.354,967.433,1.2306025,3.967,-11.466,306.237,306.237
224.892,0.711,0.711,261.513,0.0,0.704,0.105,0.0,-0.563,331.512,47.313,-10.374,967.431,1.23239303,3.889,-7.788,305.987,305.987
224.992,0.613,0.543,19.597,27.647,-0.182,-0.512,0.285,-1.142,331.16,49.373,-10.371,967.439,1.2350235,3.752,-7.657,305.624,305.624
225.092,1.741,1.739,113.249,-2.867,-1.598,0.686,-0.087,-0.192,331.738,46.102,-10.359,967.44,1.23072815,3.381,-11.179,306.754,306.754
225.192,-99.53,-99.51,0.0,0.0,-99.4,-99.41,-99.42,-99.44,-99.43,32.251,-99.44,967.427,13.69971561,3.092,-14.572,306.901,306.901
225.292,1.982,1.982,91.585,0.0,-1.981,0.055,0.0,-0.122,331.78,45.805,-10.376,967.45,1.23042774,3.103,-14.709,307.583,307.583
225.392,0.936,0.923,210.429,9.323,0.468,0.796,0.152,-0.164,331.755,46.029,-10.354,967.435,1.23059607,3.417,-11.768,306.603,306.603
225.492,0.283,0.253,259.175,-26.677,0.248,0.048,-0.127,-0.809,331.363,48.256,-10.352,967.431,1.23350513,3.929,-8.59,305.683,305.683
225.592,2.834,2.789,114.122,-10.188,-2.546,1.14,-0.501,-0.239,331.709,46.158,-10.387,967.443,1.2309444,3.984,-8.172,306.092,306.092
225.693,4.264,4.264,106.209,-0.503,-4.095,1.19,-0.037,0.596,332.217,43.57,-10.35,967.433,1.22717535,4.194,-11.116,306.34,306.34
225.793,3.437,3.39,93.633,-9.501,-3.384,0.215,-0.567,0.049,331.884,45.247,-10.374,967.437,1.22963905,4.205,-12.509,306.819,306.819
225.893,0.873,0.836,154.19,-16.729,-0.364,0.753,-0.251,-0.055,331.821,45.669,-10.352,967.433,1.2300998,4.065,-10.089,306.398,306.398
225.993,1.298,1.249,221.987,15.715,0.836,0.929,0.351,-0.412,331.605,46.966,-10.327,967.445,1.23172116,3.889,-8.316,306.249,306.249
226.093,1.057,0.814,125.733,-39.626,-0.661,0.476,-0.674,-0.865,331.329,48.427,-10.359,967.433,1.23376131,3.904,-9.849,306.255,306.255
226.193,-99.53,-99.51,0.0,0.0,-99.4,-99.41,-99.42,-99.44,-99.43,32.185,-99.44,967.434,13.6998024,4.408,-10.655,306.739,306.739
226.293,-99.53,-99.51,0.0,0.0,-99.4,-99.41,-99.42,-99.44,-99.43,32.213,-99.44,967.43,13.69975376,3.861,-9.437,305.273,305.273
226.393,1.67,1.644,100.799,-10.125,-1.615,0.308,-0.294,-0.273,331.689,46.453,-10.338,967.434,1.23108232,3.697,-9.962,306.175,306.175
226.493,10.161,10.142,181.477,3.432,0.261,10.139,0.608,-24.98,316.317,100.0,-10.347,967.441,1.35365713,3.399,-11.834,306.447,306.447
226.593,0.693,0.403,142.968,-54.476,-0.243,0.322,-0.564,-0.962,331.269,48.66,-10.388,967.425,1.23419273,3.46,-12.844,306.815,306.815
226.693,2.939,2.793,102.433,-18.166,-2.727,0.601,-0.916,-0.103,331.792,45.823,-10.354,967.435,1.23031914,3.507,-10.442,305.516,305.516
226.793,-99.53,-99.51,0.0,0.0,-99.4,-99.41,-99.42,-99.44,-99.43,32.185,-99.44,967.426,13.69969845,3.454,-7.887,305.601,305.601
226.893,2.998,2.904,87.034,-14.403,-2.9,-0.15,-0.746,-0.295,331.675,46.395,-10.374,967.421,1.23116803,4.018,-8.667,305.75,305.75
226.994,0.51,0.51,172.426,-2.718,-0.067,0.505,-0.024,-0.269,331.691,46.333,-10.367,967.422,1.23105443,4.182,-10.634,306.383,306.383
227.094,0.473,0.451,194.762,-17.689,0.115,0.436,-0.144,-0.79,331.374,48.075,-10.382,967.416,1.2334013,3.903,-11.044,306.655,306.655
227.194,2.786,2.738,119.522,-10.6,-2.383,1.349,-0.512,-0.328,331.655,46.468,-10.384,967.405,1.2312969,3.561,-10.08,305.941,305.941
227.294,4.689,4.686,102.553,-2.184,-4.574,1.018,-0.179,0.623,332.233,43.476,-10.352,967.41,1.22702551,3.814,-9.959,306.258,306.258
227.394,3.707,3.701,97.459,-3.301,-3.669,0.48,-0.213,-0.016,331.844,45.336,-10.409,967.407,1.22990024,4.178,-10.455,306.327,306.327
227.494,1.104,1.083,104.885,11.266,-1.046,0.278,0.216,0.033,331.875,45.448,-10.333,967.394,1.22965217,4.285,-9.179,306.407,306.407
227.594,0.588,0.095,249.463,80.691,0.089,0.033,0.58,-0.354,331.64,46.655,-10.358,967.414,1.23142374,3.939,-9.124,305.993,305.993
227.694,1.772,1.772,130.705,0.568,-1.343,1.156,0.018,-0.749,331.399,47.929,-10.382,967.418,1.23321664,3.725,-10.715,306.392,306.392
227.794,-99.53,-99.51,0.0,0.0,-99.4,-99.41,-99.42,-99.44,-99.43,32.237,-99.44,967.415,13.69954014,3.731,-12.06,306.96,306.96
227.894,-99.53,-99.51,0.0,0.0,-99.4,-99.41,-99.42,-99.44,-99.43,32.227,-99.44,967.42,13.69960499,3.861,-11.454,305.771,305.771
227.994,2.575,2.558,87.908,-6.5,-2.557,-0.093,-0.291,-0.298,331.673,46.45,-10.362,967.421,1.23118162,3.642,-9.025,305.953,305.953
228.094,26.883,18.201,131.683,-47.389,-13.593,12.103,-19.785,-32.822,311.278,100.0,-10.398,967.442,1.39783585,3.739,-7.841,305.723,305.723
228.194,0.254,0.18,43.741,44.934,-0.124,-0.13,0.179,-1.029,331.229,49.004,-10.362,967.427,1.23449719,3.341,-10.139,305.221,305.221
228.295,2.378,2.374,98.098,-2.974,-2.351,0.334,-0.123,-0.075,331.809,45.628,-10.382,967.423,1.23018003,3.373,-13.874,307.04,307.04
228.395,-99.53,-99.51,0.0,0.0,-99.4,-99.41,-99.42,-99.44,-99.43,32.213,-99.44,967.428,13.69972324,3.296,-14.423,307.36,307.36
228.495,3.744,3.704,87.198,-8.364,-3.7,-0.181,-0.545,-0.296,331.675,46.487,-10.35,967.424,1.23117435,3.712,-11.551,306.939,306.939
228.595,0.528,0.493,89.83,20.953,-0.493,-0.001,0.189,-0.196,331.735,46.093,-10.366,967.428,1.23073328,4.3,-7.841,305.967,305.967
228.695,0.391,0.295,320.175,41.183,0.189,-0.226,0.258,-0.749,331.399,47.941,-10.379,967.427,1.23322856,4.149,-7.474,306.052,306.052
228.795,2.049,2.045,132.62,3.932,-1.505,1.384,0.141,-0.459,331.575,46.881,-10.394,967.43,1.23192406,3.952,-10.943,306.47,306.47
228.895,4.188,4.182,108.92,2.973,-3.956,1.356,0.217,0.419,332.109,44.064,-10.37,967.428,1.22796631,3.514,-14.243,307.307,307.307
228.995,3.383,3.382,105.996,1.391,-3.251,0.932,0.082,0.181,331.964,44.83,-10.37,967.425,1.22902942,3.639,-14.267,307.227,307.227
229.095,1.094,1.094,122.242,0.0,-0.925,0.584,0.0,0.194,331.973,44.823,-10.359,967.415,1.22895467,3.758,-10.811,306.646,306.646
229.195,0.28,0.28,203.908,0.0,0.113,0.256,0.0,-0.068,331.813,45.665,-10.366,967.436,1.23016524,3.998,-7.812,305.533,305.533
229.295,1.081,1.081,133.141,-0.149,-0.789,0.739,-0.003,-0.739,331.405,47.917,-10.376,967.422,1.23317862,3.735,-8.499,305.982,305.982
229.395,-99.53,-99.51,0.0,0.0,-99.4,-99.41,-99.42,-99.44,-99.43,32.21,-99.44,967.417,13.69956112,3.748,-12.031,307.067,307.067
229.495,-99.53,-99.51,0.0,0.0,-99.4,-99.41,-99.42,-99.44,-99.43,32.199,-99.44,967.432,13.69977856,3.527,-13.956,306.792,306.792
229.596,2.652,2.651,106.24,-0.874,-2.546,0.741,-0.04,-0.133,331.774,45.881,-10.366,967.421,1.23043764,3.406,-12.651,307.372,307.372
229.696,1.278,1.278,172.058,0.0,-0.177,1.266,0.0,-0.327,331.656,46.513,-10.371,967.434,1.23132837,3.777,-9.976,306.197,306.197
229.796,0.752,0.746,180.693,-7.54,0.009,0.745,-0.099,-0.951,331.276,48.711,-10.365,967.435,1.23415279,3.646,-8.799,305.969,305.969
229.896,3.439,3.423,129.819,-5.566,-2.629,2.192,-0.334,-0.246,331.704,46.178,-10.388,967.43,1.23096347,3.5,-10.288,306.958,306.958
229.996,-99.53,-99.51,0.0,0.0,-99.4,-99.41,-99.42,-99.44,-99.43,32.185,-99.44,967.446,13.6999712,3.44,-12.476,307.034,307.034
230.096,3.073,3.059,105.511,-5.455,-2.948,0.818,-0.292,-0.219,331.722,46.211,-10.354,967.423,1.23082471,3.456,-13.099,306.942,306.942
230.196,1.283,1.277,168.108,5.36,-0.263,1.25,0.12,-0.171,331.751,46.029,-10.359,967.433,1.23062205,3.64,-11.827,305.995,305.995
230.296,1.32,1.317,192.039,3.884,0.275,1.288,0.089,-0.621,331.477,47.524,-10.371,967.414,1.23263264,3.987,-10.2,306.448,306.448
230.396,2.429,2.331,138.825,-16.291,-1.535,1.755,-0.681,-0.612,331.483,47.542,-10.358,967.427,1.2326057,4.095,-9.821,306.077,306.077
230.496,4.527,4.526,114.171,-1.268,-4.129,1.853,-0.1,0.355,332.07,44.267,-10.37,967.423,1.22824395,3.984,-11.089,306.77,306.77
230.596,3.595,3.58,99.06,-5.314,-3.535,0.564,-0.333,0.071,331.898,45.204,-10.366,967.42,1.22951698,3.727,-12.403,306.827,306.827
230.696,1.552,1.55,116.224,3.389,-1.39,0.685,0.092,0.087,331.907,45.093,-10.382,967.407,1.22943127,3.786,-12.262,306.886,306.886
230.796,0.829,0.829,201.872,0.0,0.309,0.769,0.0,-0.243,331.707,46.183,-10.384,967.435,1.23095345,3.786,-11.004,306.539,306.539
230.897,1.145,1.144,135.721,-2.803,-0.799,0.819,-0.056,-0.772,331.386,48.127,-10.351,967.428,1.2333312,3.712,-10.31,306.376,306.376
230.997,-99.53,-99.51,0.0,0.0,-99.4,-99.41,-99.42,-99.44,-99.43,32.227,-99.44,967.435,13.69981956,3.496,-10.828,306.386,306.386
231.097,-99.53,-99.51,0.0,0.0,-99.4,-99.41,-99.42,-99.44,-99.43,32.224,-99.44,967.438,13.69985771,3.567,-11.564,306.356,306.356
231.197,2.378,2.372,112.309,4.068,-2.195,0.9,0.169,-0.159,331.758,45.967,-10.366,967.44,1.23057926,3.438,-11.382,306.509,306.509
231.297,1.176,1.176,171.741,0.0,-0.169,1.164,0.0,-0.177,331.747,46.125,-10.339,967.438,1.23065472,3.568,-10.797,306.4,306.4
231.397,0.581,0.543,186.586,20.898,0.062,0.539,0.207,-0.812,331.361,48.195,-10.371,967.427,1.2335149,3.62,-10.752,306.912,306.912
231.497,3.118,3.07,129.09,-9.984,-2.383,1.936,-0.54,-0.429,331.594,46.883,-10.366,967.426,1.23178184,3.604,-11.348,305.613,305.613
231.597,4.383,4.383,111.187,0.0,-4.086,1.584,0.0,0.299,332.036,44.443,-10.371,967.418,1.2284919,3.673,-11.719,306.139,306.139
231.697,3.009,3.006,108.532,-2.33,-2.85,0.955,-0.122,-0.039,331.831,45.548,-10.371,967.424,1.23001826,3.707,-11.311,306.02,306.02
231.797,1.066,1.046,156.996,11.307,-0.409,0.962,0.209,0.012,331.862,45.3,-10.393,967.42,1.2297852,3.698,-10.584,306.568,306.568
231.897,0.91,0.845,227.338,21.752,0.622,0.573,0.337,-0.491,331.556,47.111,-10.362,967.432,1.23206758,3.904,-10.489,306.582,306.582
231.997,1.37,1.138,106.782,-33.874,-1.089,0.328,-0.764,-0.738,331.406,47.968,-10.362,967.418,1.23316443,3.61,-11.24,306.289,306.289
232.097,3.517,3.507,102.938,-4.254,-3.418,0.785,-0.261,0.313,332.044,44.418,-10.366,967.423,1.22843516,3.835,-12.065,307.029,307.029
232.198,3.904,3.853,89.725,-9.284,-3.853,-0.018,-0.63,0.054,331.887,45.241,-10.371,967.449,1.22963154,3.791,-12.073,306.761,306.761
232.298,2.009,2.004,92.758,-3.926,-2.001,0.096,-0.138,-0.061,331.818,45.649,-10.363,967.421,1.23011196,3.801,-11.136,306.08,306.08
232.398,0.477,0.381,232.828,36.894,0.304,0.23,0.286,-0.114,331.785,45.798,-10.371,967.437,1.23037291,4.008,-10.15,305.753,305.753
232.498,0.538,0.397,95.903,-42.374,-0.395,0.041,-0.362,-0.857,331.333,48.375,-10.366,967.42,1.23370993,3.774,-10.35,305.975,305.975
232.598,2.033,1.925,112.323,-18.744,-1.781,0.731,-0.653,-0.617,331.479,47.51,-10.371,967.428,1.23263228,3.541,-11.833,305.703,305.703
232.698,-99.53,-99.51,0.0,0.0,-99.4,-99.41,-99.42,-99.44,-99.43,32.227,-99.44,967.435,13.6998167,3.352,-12.997,306.432,306.432
232.798,2.539,2.516,92.84,-7.608,-2.513,0.125,-0.336,-0.311,331.666,46.523,-10.354,967.427,1.23124707,3.42,-12.321,307.065,307.065
232.898,0.314,0.312,118.039,5.885,-0.275,0.147,0.032,-0.25,331.702,46.191,-10.388,967.426,1.2309742,3.459,-10.373,306.011,306.011
232.998,0.466,0.466,284.982,0.0,0.45,-0.121,0.0,-0.766,331.389,48.031,-10.371,967.416,1.23329163,3.717,-9.456,305.254,305.254
233.098,1.971,1.889,106.93,-16.567,-1.807,0.55,-0.562,-0.666,331.449,47.702,-10.366,967.431,1.2328589,3.656,-10.799,305.921,305.921
233.198,3.796,3.784,103.544,-4.651,-3.678,0.886,-0.308,0.183,331.965,44.791,-10.379,967.436,1.2290355,3.543,-12.816,306.587,306.587
233.298,3.418,3.373,89.182,-9.266,-3.373,-0.048,-0.55,-0.122,331.781,45.896,-10.351,967.417,1.23038244,3.786,-13.244,305.666,305.666
233.398,0.993,0.993,85.91,0.0,-0.99,-0.071,0.0,-0.15,331.763,45.938,-10.366,967.439,1.23053885,3.747,-11.562,306.743,306.743
233.498,0.402,0.37,280.121,23.259,0.364,-0.065,0.159,-0.457,331.576,46.939,-10.376,967.438,1.23192453,3.853,-9.645,306.239,306.239
233.599,0.652,0.619,111.574,-18.254,-0.576,0.228,-0.204,-0.8,331.368,48.086,-10.388,967.426,1.23346007,3.971,-9.563,305.166,305.166
233.699,2.146,2.144,98.338,-2.482,-2.121,0.311,-0.093,0.185,331.967,44.871,-10.354,967.424,1.22900653,3.771,-11.357,306.581,306.581
233.799,-99.53,-99.51,0.0,0.0,-99.4,-99.41,-99.42,-99.44,-99.43,32.199,-99.44,967.436,13.69983387,3.605,-12.978,307.199,307.199
233.899,1.689,1.689,83.901,0.0,-1.679,-0.179,0.0,-0.08,331.806,45.718,-10.362,967.415,1.23018968,3.629,-12.964,307.401,307.401
233.999,0.495,0.416,223.155,32.881,0.284,0.303,0.269,-0.022,331.841,45.544,-10.357,967.408,1.22992063,3.735,-11.046,306.116,306.116
234.099,0.672,0.357,7.096,57.939,-0.044,-0.354,0.569,-0.745,331.401,47.894,-10.388,967.425,1.23321104,3.911,-9.188,305.684,305.684
234.199,1.725,1.719,141.119,-4.793,-1.079,1.338,-0.144,-0.87,331.325,48.295,-10.398,967.424,1.23377645,3.818,-9.527,305.534,305.534
234.299,-99.53,-99.51,0.0,0.0,-99.4,-99.41,-99.42,-99.44,-99.43,32.224,-99.44,967.41,13.69946766,3.564,-11.659,306.511,306.511
234.399,2.416,2.416,110.224,0.0,-2.267,0.835,0.0,-0.186,331.742,46.146,-10.342,967.433,1.23069012,3.347,-13.364,306.813,306.813
234.499,1.051,1.05,172.871,2.09,-0.13,1.042,0.038,-0.237,331.71,46.131,-10.393,967.415,1.23090279,3.42,-12.685,307.17,307.17
234.599,0.839,0.723,228.003,30.506,0.537,0.484,0.426,-0.884,331.317,48.42,-10.379,967.419,1.23383129,3.534,-10.313,306.151,306.151
234.699,1.405,1.384,112.654,-9.932,-1.277,0.533,-0.242,-0.72,331.416,47.768,-10.398,967.422,1.23309529,3.806,-8.944,306.284,306.284
234.799,2.624,2.607,98.96,-6.602,-2.575,0.406,-0.302,0.039,331.878,45.3,-10.368,967.418,1.22966003,3.788,-10.058,305.577,305.577
234.9,3.975,3.919,90.37,-9.649,-3.919,0.025,-0.666,-0.138,331.77,45.758,-10.404,967.411,1.23045063,3.736,-12.317,306.44,306.44
235.0,2.206,2.203,92.843,-2.999,-2.2,0.109,-0.115,-0.26,331.697,46.339,-10.357,967.416,1.2310015,3.757,-13.169,306.417,306.417
235.1,0.409,0.378,90.329,22.524,-0.377,0.002,0.157,-0.435,331.59,46.872,-10.374,967.411,1.23178828,3.696,-11.962,306.184,306.184
235.2,0.551,0.425,262.67,-39.62,0.421,0.054,-0.351,-0.81,331.362,48.102,-10.393,967.407,1.23348033,3.897,-10.239,306.442,306.442
235.3,2.608,2.607,99.2,-1.349,-2.574,0.417,-0.061,0.15,331.945,44.917,-10.374,967.405,1.22914553,4.035,-9.671,305.603,305.603
235.4,-99.53,-99.51,0.0,0.0,-99.4,-99.41,-99.42,-99.44,-99.43,32.224,-99.44,967.405,13.69939518,3.909,-10.657,306.468,306.468
235.5,2.362,2.362,94.952,-0.323,-2.353,0.204,-0.013,0.052,331.886,45.238,-10.374,967.413,1.2295965,3.717,-11.927,306.569,306.569
235.6,0.483,0.339,193.472,45.5,0.079,0.329,0.345,0.026,331.87,45.353,-10.366,967.417,1.22971737,3.556,-12.269,307.287,307.287
235.7,0.256,0.178,112.352,45.75,-0.165,0.068,0.183,-0.719,331.417,47.838,-10.378,967.405,1.23306477,3.583,-11.488,306.35,306.35
235.8,1.973,1.894,115.723,-16.297,-1.706,0.822,-0.554,-0.701,331.428,47.737,-10.388,967.42,1.23300254,3.613,-10.492,306.652,306.652
235.9,-99.53,-99.51,0.0,0.0,-99.4,-99.41,-99.42,-99.44,-99.43,32.196,-99.44,967.411,13.69948196,3.589,-10.447,306.68,306.68
236.0,3.924,3.876,87.268,-9.005,-3.872,-0.185,-0.614,-0.262,331.695,46.245,-10.384,967.419,1.23101819,3.567,-11.426,306.006,306.006
236.1,20.586,14.092,129.241,-46.799,-10.914,8.915,-15.006,-24.766,316.452,100.0,-10.415,967.421,1.35246921,3.568,-12.344,306.417,306.417
236.201,1.837,1.594,292.944,29.801,1.468,-0.621,0.913,-0.72,331.416,47.766,-10.398,967.434,1.23310816,3.637,-11.831,306.946,306.946
236.301,0.948,0.945,102.236,5.133,-0.923,0.2,0.085,-0.822,331.354,48.201,-10.379,967.434,1.23356998,3.752,-10.718,306.582,306.582
236.401,3.883,3.882,107.926,1.118,-3.694,1.195,0.076,0.065,331.894,45.193,-10.374,967.418,1.22954166,3.808,-10.084,305.716,305.716
236.501,3.568,3.567,96.069,-1.586,-3.547,0.377,-0.099,0.07,331.897,45.126,-10.388,967.439,1.22954822,3.762,-10.83,306.785,306.785
236.601,1.686,1.686,92.123,0.0,-1.685,0.062,0.0,-0.062,331.817,45.561,-10.388,967.427,1.23012686,3.62,-11.844,306.018,306.018
236.701,0.558,0.315,239.587,55.61,0.272,0.159,0.46,-0.224,331.718,46.004,-10.415,967.427,1.23086166,3.779,-11.979,307.058,307.058
236.801,0.611,0.515,107.171,32.582,-0.492,0.152,0.329,-0.723,331.415,47.933,-10.357,967.409,1.23308372,3.947,-11.164,306.356,306.356
236.901,3.463,3.462,112.678,0.965,-3.195,1.335,0.058,0.177,331.962,44.777,-10.388,967.419,1.22904098,3.9,-10.622,306.315,306.315
237.001,-99.53,-99.51,0.0,0.0,-99.4,-99.41,-99.42,-99.44,-99.43,32.21,-99.44,967.423,13.69965744,3.923,-10.928,306.341,306.341
237.101,2.133,2.127,89.95,4.057,-2.127,-0.002,0.151,0.115,331.924,44.89,-10.413,967.424,1.22932947,3.868,-11.38,305.635,305.635
237.201,0.6,0.508,196.853,32.261,0.147,0.486,0.32,0.072,331.898,45.066,-10.404,967.433,1.22953522,3.697,-11.539,305.993,305.993
237.301,0.895,0.681,283.313,40.473,0.663,-0.157,0.581,-0.618,331.479,47.431,-10.393,967.427,1.23263788,3.587,-11.528,306.454,306.454
237.401,0.721,0.721,122.38,0.986,-0.609,0.386,0.012,-0.711,331.422,47.81,-10.379,967.421,1.23305082,3.473,-11.244,306.305,306.305
237.502,-99.53,-99.51,0.0,0.0,-99.4,-99.41,-99.42,-99.44,-99.43,32.236,-99.44,967.426,13.69969463,3.502,-11.141,306.105,306.105
237.602,2.065,2.051,104.987,6.483,-1.982,0.53,0.233,-0.098,331.794,45.699,-10.384,967.43,1.23029602,3.574,-11.467,306.322,306.322
237.702,0.809,0.805,177.588,5.36,-0.034,0.805,0.076,-0.023,331.84,45.359,-10.409,967.424,1.22995186,3.577,-11.902,306.31,306.31
237.802,0.825,0.662,222.639,36.639,0.449,0.487,0.493,-0.555,331.517,47.331,-10.362,967.428,1.23235166,3.646,-11.636,306.081,306.081
237.902,1.138,1.133,125.28,5.701,-0.925,0.654,0.113,-0.914,331.298,48.452,-10.398,967.435,1.23399019,3.7,-11.115,306.282,306.282
238.002,3.438,3.437,117.965,1.585,-3.036,1.612,0.095,0.05,331.885,45.175,-10.393,967.411,1.22960246,3.901,-10.854,306.594,306.594
238.102,-99.53,-99.51,0.0,0.0,-99.4,-99.41,-99.42,-99.44,-99.43,32.246,-99.44,967.427,13.69970608,3.776,-11.097,307.117,307.117
238.202,1.455,1.421,115.19,12.319,-1.286,0.605,0.31,0.181,331.964,44.717,-10.401,967.421,1.22902644,3.718,-11.776,306.87,306.87
238.302,1.164,1.141,207.756,11.25,0.532,1.01,0.227,-0.169,331.751,45.858,-10.405,967.428,1.2306155,3.754,-11.936,306.265,306.265
238.402,0.467,0.332,117.053,44.698,-0.296,0.151,0.328,-0.678,331.442,47.609,-10.401,967.432,1.23291636,3.739,-11.357,306.743,306.743
238.502,2.556,2.551,109.142,3.448,-2.41,0.837,0.154,-0.022,331.841,45.429,-10.388,967.44,1.22996259,3.822,-10.701,306.484,306.484
238.602,-99.53,-99.51,0.0,0.0,-99.4,-99.41,-99.42,-99.44,-99.43,32.236,-99.44,967.44,13.69989586,3.882,-10.79,306.429,306.429
238.702,2.916,2.916,93.902,-0.419,-2.91,0.198,-0.021,0.033,331.874,45.264,-10.384,967.413,1.22968161,3.776,-11.322,305.945,305.945
238.803,0.657,0.539,154.774,34.934,-0.23,0.488,0.376,0.105,331.918,44.996,-10.393,967.4,1.22934318,3.66,-11.71,306.644,306.644
238.903,0.755,0.426,265.675,55.607,0.425,0.032,0.623,-0.449,331.582,46.939,-10.368,967.413,1.23185253,3.546,-11.299,306.398,306.398
239.003,1.722,1.671,132.845,14.073,-1.225,1.136,0.419,-0.584,331.499,47.368,-10.379,967.419,1.23247325,3.596,-10.769,306.254,306.254
239.103,-99.53,-99.51,0.0,0.0,-99.4,-99.41,-99.42,-99.44,-99.43,32.182,-99.44,967.422,13.69964314,3.733,-10.59,307.017,307.017
239.203,3.869,3.853,95.442,-5.198,-3.835,0.365,-0.35,-0.038,331.831,45.517,-10.379,967.405,1.22999048,3.571,-11.164,306.242,306.242
239.303,1.481,1.469,97.086,7.422,-1.457,0.181,0.191,-4.864,328.886,65.035,-10.401,967.416,1.25213325,3.568,-11.726,305.832,305.832
239.403,0.785,0.697,298.781,27.511,0.611,-0.335,0.363,-0.593,331.494,47.297,-10.405,967.423,1.23251951,3.628,-11.921,306.373,306.373
239.503,0.683,0.68,45.762,-5.132,-0.487,-0.475,-0.061,-1.012,331.239,48.896,-10.374,967.422,1.23441601,3.612,-11.338,305.714,305.714
239.603,3.205,3.205,111.976,0.0,-2.972,1.199,0.0,0.061,331.891,45.13,-10.396,967.433,1.22958255,3.714,-10.725,306.285,306.285
239.703,-99.53,-99.51,0.0,0.0,-99.4,-99.41,-99.42,-99.44,-99.43,32.236,-99.44,967.434,13.6998024,3.908,-10.726,306.679,306.679
239.803,2.129,2.128,81.931,2.04,-2.107,-0.299,0.076,-0.044,331.828,45.536,-10.379,967.433,1.2300514,3.85,-11.385,307.359,307.359
239.903,0.194,0.062,286.563,71.252,0.06,-0.018,0.184,-0.246,331.705,46.15,-10.396,967.437,1.23096979,3.702,-12.157,306.648,306.648
240.003,1.661,1.542,297.427,21.824,1.369,-0.71,0.617,-0.881,331.319,48.431,-10.373,967.431,1.23383307,3.717,-12.163,306.914,306.914
240.104,1.382,1.382,122.655,0.594,-1.164,0.746,0.014,-0.199,331.733,45.992,-10.396,967.42,1.23073757,3.728,-11.219,306.545,306.545
240.204,-99.53,-99.51,0.0,0.0,-99.4,-99.41,-99.42,-99.44,-99.43,32.236,-99.44,967.439,13.69987488,3.782,-10.347,306.65,306.65
240.304,2.226,2.226,78.439,0.0,-2.181,-0.446,0.0,0.018,331.865,45.313,-10.384,967.445,1.22978878,3.803,-10.686,305.91,305.91
240.404,0.451,0.433,85.761,16.367,-0.432,-0.032,0.127,0.127,331.931,44.977,-10.378,967.428,1.22928011,3.506,-11.709,306.649,306.649
240.504,1.699,1.444,295.029,31.804,1.308,-0.611,0.895,-0.383,331.621,46.695,-10.374,967.44,1.23159218,3.527,-12.136,306.338,306.338
240.604,0.842,0.794,297.399,19.409,0.705,-0.366,0.28,-0.783,331.379,48.12,-10.363,967.423,1.2333746,3.543,-11.474,306.506,306.506
240.704,-99.53,-99.51,0.0,0.0,-99.4,-99.41,-99.42,-99.44,-99.43,32.224,-99.44,967.435,13.69981956,3.598,-10.828,306.244,306.244
240.804,3.503,3.502,89.843,-0.977,-3.502,-0.01,-0.06,0.047,331.882,45.124,-10.41,967.437,1.22965097,3.644,-10.811,306.163,306.163
240.904,0.931,0.907,86.848,12.99,-0.905,-0.05,0.209,0.126,331.93,44.875,-10.407,967.435,1.22929335,3.628,-11.249,306.128,306.128
241.004,1.062,0.999,258.668,19.958,0.979,0.196,0.363,-0.384,331.621,46.719,-10.368,967.432,1.23158491,3.125,-11.703,306.183,306.183
241.104,0.478,0.478,101.53,-0.062,-0.468,0.095,-0.001,-0.929,331.289,48.467,-10.407,967.426,1.23404467,-5.695,-11.849,303.65,303.65
241.204,2.88,2.878,115.458,2.578,-2.598,1.237,0.13,-0.045,331.827,45.48,-10.396,967.433,1.23006165,-15.042,-10.221,299.893,299.893
241.304,2.941,2.941,82.033,0.0,-2.912,-0.408,0.0,0.436,332.119,43.976,-10.378,967.446,1.22791016,-20.66,-8.125,298.949,298.949
241.405,1.525,1.525,81.981,0.0,-1.51,-0.213,0.0,0.12,331.927,44.979,-10.384,967.443,1.22932923,-8.529,-8.746,303.544,303.544
241.505,1.076,0.997,193.639,22.118,0.235,0.969,0.405,-0.156,331.759,45.83,-10.401,967.434,1.230564,4.76,-10.97,308.068,308.068
241.605,1.032,0.726,212.865,45.246,0.394,0.61,0.733,-0.547,331.522,47.299,-10.363,967.427,1.23231471,16.386,-11.876,309.132,309.132
241.705,2.319,2.305,128.841,6.238,-1.795,1.446,0.252,-0.196,331.735,46.036,-10.381,967.428,1.23073483,1.127,-11.956,306.131,306.131
241.805,3.274,3.274,100.493,0.0,-3.219,0.596,0.0,0.626,332.234,43.376,-10.378,967.442,1.22705424,-2.992,-10.03,305.664,305.664
241.905,2.323,2.31,98.842,6.102,-2.282,0.355,0.247,0.347,332.065,44.279,-10.373,967.433,1.22829235,-1.13,-9.641,305.825,305.825
242.005,0.384,0.376,174.441,-11.671,-0.036,0.374,-0.078,0.103,331.917,45.108,-10.363,967.437,1.22939384,4.797,-10.782,306.951,306.951
242.105,2.058,2.056,210.136,2.468,1.032,1.779,0.089,-0.219,331.721,46.038,-10.401,967.441,1.23085296,14.489,-12.514,310.397,310.397
242.205,0.861,0.847,179.974,10.413,-0.0,0.847,0.156,-0.696,331.43,47.572,-10.428,967.441,1.23301399,22.965,-12.189,310.469,310.469
242.305,-99.53,-99.51,0.0,0.0,-99.4,-99.41,-99.42,-99.44,-99.43,32.246,-99.44,967.439,13.69987488,20.682,-11.211,310.007,310.007
242.405,-99.53,-99.51,0.0,0.0,-99.4,-99.41,-99.42,-99.44,-99.43,32.286,-99.44,967.449,13.70001793,9.126,-10.921,309.41,309.41
242.505,1.558,1.551,124.83,5.546,-1.273,0.886,0.151,-0.14,331.769,45.776,-10.401,967.442,1.23050094,9.85,-11.399,309.899,309.899
242.605,0.954,0.893,205.28,20.706,0.381,0.807,0.337,-0.266,331.693,46.259,-10.384,967.443,1.2310648,14.863,-13.339,309.129,309.129
242.706,0.306,0.286,102.429,-20.866,-0.28,0.062,-0.109,-0.868,331.327,48.341,-10.384,967.436,1.2337786,18.262,-13.152,310.139,310.139
242.806,1.607,1.606,105.904,-1.56,-1.545,0.44,-0.044,-0.128,331.776,45.736,-10.401,967.459,1.23046863,14.651,-12.202,309.098,309.098
242.906,3.806,3.806,85.204,0.0,-3.793,-0.318,0.0,0.343,332.063,44.311,-10.368,967.454,1.22833908,8.538,-10.551,307.989,307.989
243.006,2.868,2.865,86.818,-2.93,-2.86,-0.159,-0.147,-0.07,331.811,45.528,-10.405,967.428,1.23016798,10.913,-10.638,308.497,308.497
243.106,0.821,0.807,67.009,10.641,-0.743,-0.315,0.152,-0.081,331.805,45.598,-10.396,967.445,1.23023689,15.381,-11.872,309.042,309.042
243.206,0.167,0.167,312.593,-0.078,0.123,-0.113,-0.0,-0.643,331.463,47.507,-10.396,967.445,1.23277295,17.943,-13.393,310.475,310.475
243.306,1.18,1.174,109.794,5.586,-1.105,0.398,0.115,-0.311,331.665,46.454,-10.373,967.438,1.23126388,0.01,-12.185,305.644,305.644
243.406,3.537,3.535,89.434,-2.207,-3.535,-0.035,-0.136,0.541,332.183,43.662,-10.373,967.436,1.22742581,-28.515,-8.61,292.887,292.887
243.506,4.295,4.26,85.865,-7.366,-4.248,-0.307,-0.551,0.132,331.934,44.906,-10.393,967.447,1.22928011,-25.577,-7.828,295.598,295.598
243.606,1.193,1.188,68.088,5.197,-1.102,-0.443,0.108,0.212,331.983,44.675,-10.385,967.442,1.22891295,-18.883,-9.016,297.807,297.807
243.706,0.911,0.734,275.839,36.356,0.73,-0.075,0.54,-0.165,331.754,45.906,-10.388,967.437,1.23060453,-0.835,-12.155,305.956,305.956
243.806,0.359,0.337,354.698,20.299,0.031,-0.335,0.125,-0.555,331.517,47.267,-10.378,967.442,1.23237038,9.964,-12.661,307.788,307.788
243.906,-99.53,-99.51,0.0,0.0,-99.4,-99.41,-99.42,-99.44,-99.43,32.283,-99.44,967.434,13.6998024,2.777,-10.836,305.841,305.841
244.007,-99.53,-99.51,0.0,0.0,-99.4,-99.41,-99.42,-99.44,-99.43,32.274,-99.44,967.431,13.69976425,2.843,-10.467,306.236,306.236
244.107,0.529,0.526,76.302,-5.711,-0.511,-0.125,-0.053,0.176,331.961,44.792,-10.385,967.441,1.22907448,3.14,-10.666,305.88,305.88
244.207,1.296,1.296,226.713,0.0,0.943,0.888,0.0,-0.023,331.84,45.488,-10.373,967.429,1.22995424,4.715,-11.8,306.916,306.916
244.307,0.921,0.768,223.136,33.499,0.525,0.56,0.508,-0.748,331.4,47.998,-10.363,967.432,1.23322725,4.121,-12.592,306.589,306.589
244.407,1.948,1.948,121.622,0.644,-1.658,1.021,0.022,-0.241,331.708,46.133,-10.396,967.428,1.23093712,3.443,-11.825,305.937,305.937
244.507,-99.53,-99.51,0.0,0.0,-99.4,-99.41,-99.42,-99.44,-99.43,32.246,-99.44,967.438,13.69986439,3.95,-10.959,306.843,306.843
244.607,2.404,2.401,102.066,2.733,-2.348,0.502,0.115,0.052,331.885,45.112,-10.409,967.427,1.22961795,3.268,-10.565,306.172,306.172
244.707,0.807,0.772,183.171,16.953,0.043,0.771,0.235,-0.027,331.838,45.44,-10.39,967.426,1.22997117,3.943,-10.877,306.147,306.147
244.807,0.723,0.662,220.931,23.564,0.434,0.5,0.289,-0.684,331.438,47.586,-10.413,967.434,1.23294675,3.665,-11.056,304.959,304.959
244.908,2.052,2.04,137.343,6.122,-1.382,1.5,0.219,-0.571,331.507,47.268,-10.393,967.428,1.23242581,3.426,-11.373,306.176,306.176
245.008,3.658,3.658,112.395,0.0,-3.382,1.394,0.0,0.504,332.16,43.679,-10.403,967.441,1.2276051,3.673,-10.978,305.521,305.521
245.108,2.58,2.58,85.992,0.0,-2.574,-0.18,0.0,0.005,331.857,45.333,-10.39,967.442,1.22984433,3.068,-10.26,305.563,305.563
245.208,0.518,0.458,102.342,27.793,-0.448,0.098,0.241,0.214,331.984,44.626,-10.397,967.433,1.22889686,2.935,-10.466,305.169,305.169
245.309,1.131,0.897,247.572,37.559,0.829,0.342,0.69,0.121,331.928,44.971,-10.385,967.428,1.2293036,2.824,-11.199,306.151,306.151
245.408,0.673,0.597,168.494,27.405,-0.119,0.585,0.31,-0.676,331.443,47.643,-10.39,967.437,1.23291206,2.695,-11.815,306.186,306.186
245.508,-99.53,-99.51,0.0,0.0,-99.4,-99.41,-99.42,-99.44,-99.43,32.26,-99.44,967.421,13.69962597,3.155,-11.129,306.146,306.146
245.608,-99.53,-99.51,0.0,0.0,-99.4,-99.41,-99.42,-99.44,-99.43,32.283,-99.44,967.44,13.69988918,3.934,-10.462,306.0,306.0
245.709,1.398,1.382,121.383,8.496,-1.18,0.72,0.206,-0.113,331.785,45.745,-10.385,967.433,1.2303673,4.064,-10.655,305.455,305.455
245.809,1.402,1.335,208.676,-17.819,0.64,1.171,-0.429,-0.349,331.642,46.492,-10.397,967.426,1.23142135,3.698,-11.172,306.77,306.77
245.909,1.548,1.548,203.285,1.528,0.612,1.422,0.041,-1.001,331.246,48.8,-10.388,967.43,1.23437417,3.67,-11.909,306.568,306.568
246.009,2.948,2.945,129.132,2.372,-2.285,1.859,0.122,-0.471,331.568,46.922,-10.393,967.421,1.23196387,3.896,-11.921,306.202,306.202
246.109,-99.53,-99.51,0.0,0.0,-99.4,-99.41,-99.42,-99.44,-99.43,32.259,-99.44,967.412,13.69949436,3.739,-11.492,306.706,306.706
246.209,2.725,2.725,111.489,0.0,-2.535,0.998,0.0,-0.149,331.764,45.873,-10.382,967.433,1.23052657,3.842,-10.572,305.666,305.666
246.309,0.899,0.84,169.266,-20.908,-0.156,0.825,-0.321,-0.143,331.767,45.815,-10.393,967.424,1.23049164,4.097,-10.722,305.96,305.96
246.41,2.632,2.621,201.585,5.286,0.964,2.437,0.242,-0.715,331.419,47.77,-10.393,967.414,1.23306143,4.515,-11.236,306.573,306.573
246.51,2.103,2.09,146.62,6.171,-1.15,1.746,0.226,-0.706,331.425,47.701,-10.403,967.422,1.23303115,3.536,-11.368,305.744,305.744
246.61,3.831,3.784,106.482,8.927,-3.629,1.074,0.594,0.378,332.084,44.151,-10.381,967.422,1.22814047,3.664,-11.296,305.427,305.427
246.71,3.768,3.767,104.192,0.805,-3.652,0.924,0.053,0.034,331.875,45.26,-10.384,967.42,1.22968447,3.798,-10.892,305.692,305.692
246.81,1.404,1.373,113.585,12.046,-1.258,0.549,0.293,0.096,331.913,45.062,-10.382,967.418,1.2294035,3.306,-10.665,306.235,306.235
246.91,1.047,0.665,218.329,50.578,0.412,0.522,0.809,-0.175,331.748,45.92,-10.393,967.432,1.23064315,3.018,-11.043,305.422,305.422
247.01,1.539,1.536,146.284,3.608,-0.853,1.278,0.097,-0.89,331.313,48.369,-10.397,967.419,1.23385954,3.308,-11.282,305.864,305.864
247.11,-99.53,-99.51,0.0,0.0,-99.4,-99.41,-99.42,-99.44,-99.43,32.283,-99.44,967.419,13.69960213,3.642,-11.563,306.261,306.261
247.21,-99.53,-99.51,0.0,0.0,-99.4,-99.41,-99.42,-99.44,-99.43,32.31,-99.44,967.409,13.69945049,3.672,-10.967,306.086,306.086
247.31,1.968,1.936,116.042,10.306,-1.74,0.85,0.352,-0.077,331.807,45.594,-10.393,967.432,1.23020184,3.906,-10.259,306.264,306.264
247.41,1.116,1.098,192.067,10.338,0.229,1.073,0.2,-0.25,331.702,46.075,-10.419,967.439,1.23099291,4.28,-10.414,305.897,305.897
247.51,0.647,0.473,202.457,43.063,0.181,0.437,0.442,-0.78,331.38,47.97,-10.4,967.419,1.2333622,3.78,-11.19,306.042,306.042
247.61,3.135,3.134,126.555,1.28,-2.518,1.867,0.07,-0.471,331.568,46.965,-10.382,967.418,1.23196173,3.291,-11.952,306.43,306.43
247.711,4.47,4.47,106.764,0.0,-4.28,1.289,0.0,0.268,332.017,44.527,-10.376,967.416,1.22862983,3.696,-11.892,306.458,306.458
247.811,3.482,3.481,102.675,1.359,-3.396,0.764,0.083,-0.046,331.826,45.555,-10.376,967.401,1.23002255,3.974,-11.213,306.403,306.403
247.911,1.289,1.28,142.837,6.416,-0.773,1.02,0.144,-0.14,331.769,45.833,-10.385,967.432,1.23048449,3.833,-10.696,306.2,306.2
248.011,1.225,1.224,196.263,2.082,0.343,1.175,0.045,-0.488,331.558,47.022,-10.382,967.408,1.23202491,3.74,-10.493,306.128,306.128
248.111,2.224,2.224,144.655,-0.281,-1.286,1.814,-0.011,-0.77,331.386,48.143,-10.346,967.413,1.23330474,3.863,-11.148,306.459,306.459
248.211,4.341,4.335,117.184,3.09,-3.856,1.98,0.234,0.267,332.016,44.539,-10.373,967.42,1.22863853,3.664,-11.753,306.514,306.514
248.311,4.196,4.196,106.845,0.0,-4.016,1.216,0.0,0.08,331.903,45.131,-10.377,967.417,1.22947204,3.478,-11.789,306.086,306.086
248.411,2.246,2.214,116.908,9.634,-1.975,1.002,0.376,0.043,331.88,45.193,-10.395,967.415,1.22964191,3.493,-10.95,306.132,306.132
248.511,0.762,0.656,181.348,30.525,0.015,0.656,0.387,-0.013,331.846,45.27,-10.424,967.42,1.22990215,3.294,-10.464,306.595,306.595
248.611,1.171,1.106,141.108,19.172,-0.694,0.861,0.385,-0.684,331.438,47.602,-10.409,967.418,1.23292744,3.522,-10.985,305.654,305.654
248.711,2.219,2.219,127.228,-0.793,-1.767,1.343,-0.031,-0.452,331.58,46.943,-10.37,967.424,1.23188043,2.197,-11.516,306.113,306.113
248.811,-99.53,-99.51,0.0,0.0,-99.4,-99.41,-99.42,-99.44,-99.43,32.31,-99.44,967.42,13.69960785,-23.985,-9.956,296.048,296.048
248.911,2.968,2.968,116.205,0.087,-2.663,1.311,0.005,0.038,331.877,45.306,-10.368,967.421,1.22967029,-30.06,-8.028,293.105,293.105
249.012,1.655,1.655,175.86,-0.506,-0.119,1.65,-0.015,-0.352,331.64,46.517,-10.393,967.414,1.23141861,-26.619,-8.177,294.822,294.822
249.112,2.541,2.536,193.775,3.543,0.604,2.463,0.157,-0.764,331.389,47.914,-10.4,967.412,1.23328042,4.83,-11.003,306.887,306.887
249.212,2.887,2.873,148.77,-5.8,-1.489,2.456,-0.292,-0.588,331.496,47.322,-10.395,967.41,1.23248231,25.375,-11.289,309.923,309.923
249.312,3.85,3.841,113.891,-4.014,-3.511,1.555,-0.269,0.365,332.076,44.269,-10.36,967.42,1.22819805,25.476,-10.751,309.863,309.863
249.412,3.521,3.521,92.153,0.0,-3.519,0.132,0.0,0.118,331.926,45.001,-10.38,967.424,1.22931409,25.854,-11.702,310.115,310.115
249.512,1.907,1.903,78.73,-3.584,-1.867,-0.372,-0.119,-0.218,331.721,46.076,-10.39,967.431,1.23083878,16.78,-10.88,308.697,308.697
249.612,0.387,0.366,317.186,19.338,0.248,-0.268,0.128,-0.552,331.518,47.105,-10.419,967.443,1.23236454,1.468,-10.506,307.223,307.223
249.712,0.714,0.648,131.2,-24.909,-0.487,0.427,-0.301,-0.83,331.35,48.232,-10.377,967.428,1.23359716,4.898,-10.139,306.723,306.723
249.812,2.555,2.547,92.52,-4.614,-2.544,0.112,-0.206,0.168,331.956,44.817,-10.385,967.412,1.22907257,18.315,-10.716,309.73,309.73
249.912,4.851,4.817,87.023,-6.768,-4.811,-0.25,-0.572,0.211,331.982,44.609,-10.405,967.429,1.22890437,14.218,-11.381,309.506,309.506
250.012,2.67,2.657,80.943,-5.654,-2.624,-0.418,-0.263,-0.062,331.817,45.593,-10.38,967.44,1.23014259,4.942,-11.7,307.379,307.379
250.112,0.683,0.661,47.059,14.439,-0.484,-0.451,0.17,-0.171,331.75,45.851,-10.409,967.434,1.23063028,0.533,-10.823,307.128,307.128
250.212,0.993,0.982,309.943,8.578,0.753,-0.63,0.148,-0.645,331.462,47.545,-10.388,967.425,1.23275614,1.83,-11.398,305.716,305.716
250.313,0.284,0.161,85.941,-55.451,-0.161,-0.011,-0.234,-0.587,331.497,47.281,-10.405,967.422,1.23249376,5.082,-10.95,307.525,307.525
250.413,4.052,4.052,82.211,0.0,-4.015,-0.549,0.0,0.517,332.168,43.677,-10.39,967.446,1.22754812,4.186,-11.093,307.71,307.71
250.513,2.32,2.319,85.736,-1.503,-2.313,-0.172,-0.061,-0.003,331.853,45.411,-10.376,967.422,1.22985339,4.247,-10.802,307.128,307.128
250.613,0.185,0.136,341.605,-42.652,0.043,-0.129,-0.125,-0.094,331.797,45.627,-10.4,967.43,1.23027813,3.39,-10.949,307.984,307.984
250.713,0.634,0.593,230.057,20.61,0.455,0.381,0.223,-0.593,331.494,47.3,-10.405,967.432,1.23253155,0.484,-11.278,306.469,306.469
250.813,0.534,0.506,135.389,-18.855,-0.355,0.36,-0.173,-0.843,331.341,48.119,-10.419,967.441,1.23367941,-23.906,-9.948,296.845,296.845
250.913,2.684,2.682,98.143,-2.087,-2.655,0.38,-0.098,0.108,331.92,44.994,-10.39,967.44,1.22937977,-30.25,-8.343,292.781,292.781
251.013,4.127,4.127,101.243,0.881,-4.048,0.805,0.063,0.376,332.083,44.172,-10.377,967.417,1.22814369,-28.13,-9.067,294.034,294.034
251.113,2.008,1.986,113.44,8.487,-1.822,0.79,0.296,-0.057,331.82,45.611,-10.37,967.419,1.23009574,-1.728,-10.902,306.039,306.039
251.213,0.272,0.272,198.05,0.0,0.084,0.259,0.0,-0.098,331.795,45.731,-10.374,967.424,1.23028302,26.492,-10.377,309.369,309.369
251.313,0.501,0.496,93.095,8.496,-0.495,0.027,0.074,-0.482,331.562,47.054,-10.368,967.427,1.23201847,25.555,-10.556,309.285,309.285
251.413,2.211,2.207,90.848,3.39,-2.207,0.033,0.131,0.338,332.059,44.2,-10.405,967.429,1.22833526,26.342,-10.822,308.98,308.98
251.513,-99.53,-99.51,0.0,0.0,-99.4,-99.41,-99.42,-99.44,-99.43,32.295,-99.44,967.43,13.69975376,7.498,-11.603,308.448,308.448
251.614,2.669,2.662,88.226,-4.063,-2.661,-0.082,-0.189,-0.038,331.831,45.424,-10.405,967.433,1.23003018,-0.973,-10.962,304.945,304.945
251.714,0.486,0.232,81.393,61.461,-0.23,-0.035,0.427,0.016,331.864,45.281,-10.395,967.427,1.22977722,6.615,-11.051,308.338,308.338
251.814,0.965,0.963,307.478,3.151,0.764,-0.586,0.053,-0.648,331.461,47.585,-10.38,967.433,1.23277926,20.008,-10.274,309.716,309.716
251.914,0.688,0.533,145.305,-39.144,-0.304,0.439,-0.434,-0.652,331.458,47.653,-10.366,967.439,1.2328043,14.913,-11.238,310.037,310.037
252.014,4.393,4.393,85.876,0.0,-4.381,-0.316,0.0,0.332,332.056,44.254,-10.395,967.438,1.2283709,4.989,-11.788,307.335,307.335
252.114,3.762,3.724,86.699,-8.205,-3.718,-0.214,-0.537,-0.096,331.796,45.727,-10.374,967.444,1.23030305,-0.118,-11.071,306.29,306.29
252.214,1.032,1.03,77.483,3.572,-1.006,-0.223,0.064,-0.149,331.764,45.927,-10.368,967.445,1.23054111,2.13,-10.952,305.634,305.634
252.314,1.661,1.383,300.53,33.622,1.191,-0.703,0.92,-0.613,331.482,47.407,-10.395,967.435,1.23262477,4.61,-10.476,307.795,307.795
252.414,0.355,0.165,119.802,-62.23,-0.143,0.082,-0.314,-0.835,331.346,48.098,-10.417,967.444,1.23364258,4.215,-10.463,307.432,307.432
252.514,2.54,2.54,91.812,-0.837,-2.538,0.08,-0.037,-0.01,331.848,45.43,-10.377,967.433,1.22990167,4.087,-11.277,306.823,306.823
252.614,5.483,5.427,87.967,-8.166,-5.424,-0.193,-0.779,-0.012,331.846,45.324,-10.409,967.433,1.22991455,2.862,-10.64,307.306,307.306
252.714,2.647,2.629,84.275,-6.584,-2.616,-0.262,-0.303,-0.266,331.693,46.177,-10.406,967.434,1.23105681,-0.87,-11.591,306.722,306.722
252.814,0.105,0.105,165.839,0.0,-0.026,0.102,0.0,-0.334,331.651,46.485,-10.385,967.436,1.23136342,-25.729,-9.612,296.61,296.61
252.915,1.041,1.037,123.725,5.005,-0.863,0.576,0.091,-0.648,331.461,47.564,-10.385,967.429,1.2327739,-31.229,-7.777,293.105,293.105
253.015,3.832,3.824,121.264,3.602,-3.269,1.985,0.241,0.064,331.893,45.138,-10.39,967.443,1.22958088,-27.993,-8.155,295.503,295.503
253.115,5.119,5.118,108.146,0.898,-4.864,1.594,0.08,0.597,332.216,43.377,-10.405,967.428,1.22717023,3.841,-11.04,308.118,308.118
253.215,3.227,3.227,108.022,0.54,-3.068,0.998,0.03,0.168,331.956,44.765,-10.4,967.413,1.22907615,28.298,-11.084,309.697,309.697
253.315,0.613,0.557,143.531,24.506,-0.331,0.448,0.254,0.164,331.954,44.777,-10.4,967.434,1.22912085,25.534,-10.452,309.549,309.549
253.415,1.142,1.035,297.391,25.047,0.919,-0.476,0.484,-0.609,331.484,47.373,-10.4,967.453,1.23262966,21.985,-9.991,308.766,308.766
253.515,1.083,0.991,208.798,23.82,0.477,0.868,0.437,-0.757,331.393,47.792,-10.426,967.435,1.23328197,4.034,-11.824,306.418,306.418
253.615,-99.53,-99.51,0.0,0.0,-99.4,-99.41,-99.42,-99.44,-99.43,32.32,-99.44,967.434,13.69981384,1.969,-11.942,307.877,307.877
253.715,2.825,2.806,84.826,-6.655,-2.794,-0.253,-0.327,-0.136,331.772,45.839,-10.38,967.454,1.23049378,5.64,-11.837,308.21,308.21
253.815,1.324,1.324,84.858,0.0,-1.319,-0.119,0.0,-0.087,331.801,45.612,-10.397,967.44,1.23025787,19.32,-10.155,309.323,309.323
253.915,0.928,0.902,318.302,13.557,0.6,-0.674,0.218,-0.445,331.584,46.792,-10.405,967.442,1.23187613,14.792,-10.768,309.145,309.145
254.015,0.647,0.645,250.385,4.43,0.608,0.217,0.05,-0.909,331.301,48.382,-10.412,967.447,1.2339834,4.908,-10.991,307.06,307.06
254.115,1.924,1.902,101.103,-8.721,-1.866,0.366,-0.292,-0.062,331.817,45.519,-10.4,967.43,1.23013091,0.505,-11.537,306.433,306.433
254.216,4.694,4.694,78.149,0.0,-4.594,-0.964,0.0,-0.089,331.8,45.683,-10.379,967.442,1.23026824,1.071,-11.245,306.97,306.97
254.316,2.433,2.433,82.083,0.0,-2.41,-0.335,0.0,-0.044,331.827,45.481,-10.394,967.436,1.23006034,5.168,-11.33,308.565,308.565
254.416,0.406,0.327,330.921,36.246,0.159,-0.286,0.24,-0.1,331.793,45.666,-10.394,967.435,1.23030937,2.235,-9.721,306.314,306.314
254.516,0.976,0.854,293.719,28.994,0.781,-0.343,0.473,-0.717,331.418,47.771,-10.394,967.438,1.23310125,3.913,-10.344,306.115,306.115
254.616,1.501,1.495,96.161,-5.212,-1.486,0.16,-0.136,-0.008,331.849,45.311,-10.409,967.433,1.22989643,2.068,-10.873,307.613,307.613
254.716,4.271,4.271,85.635,0.0,-4.258,-0.325,0.0,0.536,332.179,43.556,-10.409,967.443,1.22746432,0.825,-12.306,306.186,306.186
254.816,3.017,3.017,89.544,-0.596,-3.017,-0.024,-0.031,0.062,331.892,45.139,-10.392,967.441,1.22958624,-22.652,-12.259,296.802,296.802
254.916,1.173,1.16,158.961,8.484,-0.417,1.083,0.173,0.12,331.927,45.045,-10.365,967.432,1.22931278,-32.432,-7.917,292.535,292.535
255.016,2.201,2.201,179.726,0.0,-0.011,2.201,0.0,-0.472,331.568,46.921,-10.394,967.446,1.23200011,-33.477,-5.678,291.885,291.885
255.116,3.338,3.338,154.265,0.495,-1.449,3.007,0.029,-0.664,331.451,47.573,-10.397,967.416,1.23282969,-29.071,-6.812,294.263,294.263
255.216,4.894,4.886,121.845,3.292,-4.151,2.578,0.281,0.244,332.002,44.557,-10.389,967.412,1.22873271,-22.578,-10.96,297.62,297.62
255.316,3.015,2.975,127.968,9.343,-2.345,1.83,0.489,0.111,331.921,45.005,-10.385,967.423,1.22934484,-14.038,-12.506,301.063,301.063
255.416,2.273,2.256,159.23,-7.052,-0.8,2.109,-0.279,-0.184,331.742,45.922,-10.401,967.412,1.23065877,-23.882,-8.397,296.818,296.818
255.517,1.954,1.951,180.172,-2.929,0.006,1.951,-0.1,-0.528,331.533,47.094,-10.4,967.402,1.23219919,-31.396,-6.408,293.419,293.419
255.617,4.735,4.735,163.955,0.0,-1.309,4.55,0.0,-0.683,331.439,47.727,-10.374,967.4,1.23289418,-26.064,-7.31,295.784,295.784
255.717,5.458,5.458,155.094,0.0,-2.298,4.95,0.0,-0.276,331.686,46.204,-10.409,967.418,1.23108578,-23.862,-9.942,295.986,295.986
255.817,6.043,6.035,156.692,2.956,-2.388,5.542,0.312,0.026,331.87,45.283,-10.385,967.405,1.22970343,-28.218,-8.241,293.595,293.595
255.917,7.226,7.134,162.591,9.164,-2.134,6.807,1.151,-0.06,331.818,45.554,-10.389,967.398,1.23008311,-33.804,-7.298,290.312,290.312
256.017,7.076,7.067,171.473,2.858,-1.048,6.989,0.353,-0.075,331.809,45.668,-10.371,967.417,1.23017001,-33.426,-7.558,292.179,292.179
256.117,7.676,7.643,171.915,5.281,-1.075,7.568,0.706,-0.204,331.73,45.995,-10.4,967.412,1.23075199,-16.01,-7.655,301.272,301.272
256.217,7.853,7.846,167.191,2.422,-1.74,7.651,0.332,-0.147,331.765,45.878,-10.379,967.419,1.2305007,9.397,-8.024,307.872,307.872
256.317,7.151,7.122,160.368,5.231,-2.393,6.708,0.652,-0.094,331.797,45.718,-10.374,967.428,1.23027098,12.359,5.181,304.741,304.741
256.417,6.843,6.814,166.615,5.243,-1.578,6.629,0.625,0.358,332.071,44.128,-10.406,967.438,1.22825348,7.023,-10.603,308.272,308.272
256.517,6.89,6.877,174.611,3.574,-0.646,6.846,0.43,-0.131,331.774,45.805,-10.385,967.444,1.230461,2.965,-8.512,306.532,306.532
256.617,7.25,7.25,173.833,0.0,-0.779,7.208,0.0,-0.282,331.683,46.275,-10.394,967.449,1.23114777,-1.473,-13.657,306.421,306.421
256.717,7.614,7.605,169.678,2.835,-1.363,7.482,0.377,-0.468,331.57,46.897,-10.397,967.472,1.23201728,-1.015,-11.563,306.289,306.289
256.818,8.023,8.023,162.76,0.0,-2.378,7.662,0.0,-0.034,331.834,45.423,-10.401,967.453,1.23003435,3.745,-10.106,307.694,307.694
256.918,7.579,7.579,163.174,0.0,-2.194,7.255,0.0,-0.36,331.636,46.633,-10.369,967.465,1.23151791,2.861,-11.266,308.749,308.749
257.018,7.032,7.032,164.537,0.0,-1.875,6.777,0.0,-0.213,331.725,46.079,-10.385,967.472,1.23086619,2.198,-11.894,308.39,308.39
257.118,7.35,7.35,169.178,0.0,-1.38,7.219,0.0,-0.644,331.463,47.565,-10.381,967.48,1.23282087,22.431,-11.767,310.658,310.658
257.218,7.776,7.776,164.796,0.0,-2.039,7.504,0.0,-0.691,331.434,47.77,-10.371,967.488,1.23304498,36.061,-10.251,309.76,309.76
257.318,7.389,7.388,153.51,0.739,-3.296,6.613,0.095,-0.241,331.708,46.186,-10.381,967.497,1.23102236,35.995,-12.231,311.552,311.552
257.418,7.037,7.032,146.417,2.187,-3.89,5.858,0.268,0.097,331.913,44.941,-10.415,967.515,1.22952831,-63.228,-3.325,273.986,273.986
257.518,6.41,6.365,160.74,6.771,-2.1,6.009,0.756,-0.087,331.801,45.47,-10.436,967.522,1.23036563,47.295,13.232,294.917,294.917
257.618,4.618,4.618,177.321,0.0,-0.216,4.613,0.0,-0.377,331.625,46.618,-10.389,967.526,1.23167527,48.65,2.268,302.416,302.416
257.718,3.369,3.369,171.361,0.0,-0.506,3.331,0.0,-0.74,331.404,47.909,-10.379,967.536,1.23332882,41.071,-22.204,316.437,316.437
257.818,5.097,5.097,137.908,0.284,-3.416,3.782,0.025,-0.249,331.703,46.173,-10.392,967.538,1.23111141,-30.262,-29.737,287.642,287.642
257.918,6.178,6.175,122.292,1.676,-5.22,3.299,0.181,0.407,332.101,44.024,-10.392,967.569,1.22820139,49.038,-7.866,307.06,307.06
258.018,4.057,4.057,111.605,0.0,-3.772,1.494,0.0,0.151,331.946,44.859,-10.389,967.582,1.22936702,49.536,7.712,297.876,297.876
258.119,1.252,1.241,138.362,7.609,-0.825,0.927,0.166,0.125,331.93,44.998,-10.374,967.584,1.22948647,1.394,9.948,305.138,305.138
258.219,0.129,0.129,17.274,0.0,-0.038,-0.124,0.0,-0.252,331.702,46.28,-10.365,967.591,1.23118889,32.167,-18.261,314.313,314.313
258.319,1.386,1.385,116.264,0.934,-1.242,0.613,0.023,-0.712,331.421,47.754,-10.394,967.594,1.23327684,-15.345,-36.472,303.844,303.844
258.419,-99.53,-99.51,0.0,0.0,-99.4,-99.41,-99.42,-99.44,-99.43,32.433,-99.44,967.606,13.70225048,2.598,-22.439,309.934,309.934
258.519,-99.53,-99.51,0.0,0.0,-99.4,-99.41,-99.42,-99.44,-99.43,32.396,-99.44,967.605,13.70223618,0.78,4.697,305.819,305.819
258.619,1.943,1.938,87.072,3.746,-1.936,-0.099,0.127,-0.134,331.773,45.78,-10.394,967.617,1.23069561,6.964,25.993,304.84,304.84
258.719,0.935,0.612,287.202,49.118,0.585,-0.181,0.707,-0.239,331.709,46.139,-10.392,967.615,1.23116326,3.63,-9.117,307.019,307.019
258.819,0.905,0.338,84.187,68.066,-0.336,-0.034,0.839,-0.911,331.3,48.552,-10.369,967.631,1.23422432,-28.346,-22.437,292.788,292.788
258.919,3.654,3.637,119.899,5.562,-3.153,1.813,0.354,-0.246,331.705,46.302,-10.355,967.642,1.23122978,-44.921,-1.765,287.687,287.687
259.019,3.664,3.664,114.086,0.0,-3.345,1.495,0.0,0.298,332.035,44.41,-10.381,967.637,1.22877419,-37.844,21.808,301.964,301.964
259.119,1.998,1.976,101.792,8.541,-1.934,0.404,0.297,0.028,331.871,45.2,-10.406,967.625,1.22997487,34.569,-10.815,310.363,310.363
259.219,0.711,0.646,261.13,24.569,0.639,0.1,0.295,-0.066,331.814,45.582,-10.387,967.643,1.23042119,41.973,-1.658,305.996,305.996
259.319,1.062,1.01,279.748,18.141,0.995,-0.171,0.331,-0.59,331.495,47.273,-10.409,967.659,1.23280847,23.174,-0.368,305.759,305.759
259.42,1.082,0.775,119.962,-44.221,-0.672,0.387,-0.755,-0.554,331.517,47.243,-10.384,967.678,1.23266757,20.356,-12.211,311.293,311.293
259.52,2.178,2.149,70.889,-9.394,-2.03,-0.703,-0.355,0.148,331.945,44.972,-10.36,967.688,1.2295115,25.81,-1.832,307.078,307.078
259.62,4.336,4.267,56.398,-10.255,-3.554,-2.361,-0.772,-0.029,331.837,45.554,-10.36,967.679,1.23029506,31.429,-12.0,311.381,311.381
259.72,3.739,3.362,44.323,-25.94,-2.349,-2.405,-1.635,-0.095,331.797,45.711,-10.377,967.646,1.23055291,32.491,-13.583,312.872,312.872
259.82,2.337,2.334,17.605,-2.777,-0.706,-2.225,-0.113,-0.342,331.647,46.587,-10.365,967.642,1.23166239,25.056,-3.327,307.778,307.778
259.92,2.014,2.014,15.382,1.251,-0.534,-1.942,0.044,-0.651,331.459,47.645,-10.367,967.613,1.23302293,-14.513,28.413,307.022,307.022
260.02,-99.53,-99.51,0.0,0.0,-99.4,-99.41,-99.42,-99.44,-99.43,32.446,-99.44,967.604,13.70220947,-53.761,9.268,290.364,290.364
260.12,4.332,4.332,83.716,0.0,-4.306,-0.474,0.0,0.475,332.143,43.926,-10.357,967.583,1.2279079,-56.577,-5.11,276.923,276.923
260.22,2.775,2.775,83.658,0.0,-2.758,-0.307,0.0,-0.338,331.649,46.567,-10.367,967.579,1.23156488,-13.35,-16.988,303.792,303.792
260.32,0.607,0.607,74.091,0.0,-0.584,-0.166,0.0,-0.354,331.64,46.62,-10.367,967.611,1.23167467,11.227,-5.711,308.293,308.293
260.42,0.696,0.644,293.345,22.24,0.592,-0.255,0.264,-0.745,331.402,47.954,-10.372,967.609,1.23344004,5.097,6.723,305.202,305.202
260.52,1.984,1.983,54.688,1.231,-1.618,-1.146,0.043,-0.34,331.648,46.545,-10.374,967.613,1.23161662,-1.647,-11.964,306.424,306.424
260.62,4.594,4.564,71.879,-6.535,-4.338,-1.42,-0.523,0.289,332.03,44.499,-10.364,967.632,1.2288084,-1.128,-10.981,307.481,307.481
260.721,4.762,4.757,63.263,-2.553,-4.249,-2.14,-0.212,-0.128,331.777,45.796,-10.384,967.633,1.23068631,-0.398,6.477,304.548,304.548
260.821,2.261,2.08,48.762,-23.073,-1.564,-1.371,-0.886,-0.147,331.765,45.905,-10.372,967.626,1.23076117,-22.938,-0.933,299.71,299.71
260.921,0.352,0.31,211.517,-28.248,0.162,0.264,-0.167,-0.608,331.484,47.41,-10.389,967.621,1.23284006,-36.014,-4.438,292.292,292.292
261.021,1.6,1.336,122.505,-33.377,-1.127,0.718,-0.88,-0.728,331.412,48.001,-10.344,967.623,1.23338294,-6.575,0.747,304.432,304.432
261.121,3.646,3.638,94.197,-3.731,-3.629,0.266,-0.237,0.447,332.126,44.026,-10.355,967.614,1.22807395,10.841,11.336,305.013,305.013
261.221,4.169,4.11,88.248,-9.648,-4.108,-0.126,-0.699,0.084,331.905,45.087,-10.387,967.603,1.22969639,4.808,7.851,306.396,306.396
261.321,8.469,2.568,81.751,-72.351,-2.541,-0.368,-8.07,-24.536,316.599,100.0,-10.363,967.62,1.35149097,13.887,-3.691,308.026,308.026
261.421,0.383,0.292,302.357,40.34,0.247,-0.156,0.248,-0.228,331.716,46.165,-10.374,967.608,1.23110378,23.043,-6.194,308.311,308.311
261.521,0.264,0.258,300.712,12.68,0.222,-0.132,0.058,-0.684,331.439,47.669,-10.39,967.614,1.23317289,18.469,-3.905,307.794,307.794
261.621,0.992,0.889,115.918,-26.419,-0.799,0.388,-0.441,-0.338,331.649,46.525,-10.379,967.607,1.23160183,0.837,0.403,305.161,305.161
261.721,4.175,4.175,83.46,0.0,-4.148,-0.476,0.0,0.524,332.173,43.797,-10.35,967.611,1.22772276,-4.73,-3.937,305.961,305.961
261.821,3.474,3.456,81.33,-5.986,-3.416,-0.521,-0.362,-0.145,331.766,45.925,-10.364,967.619,1.230744,-1.777,-11.454,306.771,306.771
261.921,0.478,0.448,67.317,20.353,-0.414,-0.173,0.166,-0.229,331.715,46.215,-10.363,967.617,1.23112166,12.327,-4.322,306.985,306.985
262.021,0.275,0.267,221.428,14.218,0.176,0.2,0.068,-0.824,331.354,48.319,-10.35,967.64,1.2338388,-2.053,-1.468,304.726,304.726
262.122,1.185,1.163,106.155,-11.002,-1.117,0.324,-0.226,-0.322,331.659,46.505,-10.369,967.627,1.2315551,-3.742,-9.554,304.98,304.98
262.222,-99.53,-99.51,0.0,0.0,-99.4,-99.41,-99.42,-99.44,-99.43,32.498,-99.44,967.636,13.70266819,-1.972,-11.725,306.299,306.299
262.322,3.736,3.729,87.478,-3.514,-3.725,-0.164,-0.229,-0.011,331.848,45.461,-10.369,967.615,1.23013318,2.582,-1.664,305.402,305.402
262.422,1.088,1.075,85.798,8.9,-1.072,-0.079,0.168,0.028,331.871,45.357,-10.363,967.635,1.229985,-4.558,-2.079,305.086,305.086
262.522,1.406,1.253,303.987,27.024,1.039,-0.7,0.639,-0.359,331.636,46.576,-10.384,967.626,1.23172176,-3.434,-6.456,303.103,303.103
262.622,0.243,0.143,276.205,53.812,0.142,-0.015,0.196,-0.619,331.478,47.533,-10.367,967.624,1.23289001,0.182,-8.156,307.034,307.034
262.722,2.498,2.497,98.279,-1.568,-2.471,0.36,-0.068,0.398,332.096,44.149,-10.364,967.63,1.22831547,-4.746,-4.498,305.162,305.162
262.822,3.923,3.886,88.457,-7.797,-3.885,-0.105,-0.532,0.231,331.995,44.765,-10.342,967.608,1.22903311,-8.219,-0.633,303.518,303.518
262.922,1.457,1.457,89.99,0.0,-1.457,-0.0,0.0,0.317,332.047,44.328,-10.387,967.613,1.22865844,-1.184,-2.067,306.134,306.134
263.022,0.274,0.274,211.185,0.0,0.142,0.234,0.0,0.046,331.882,45.248,-10.376,967.621,1.22988617,-2.541,-2.915,304.766,304.766
263.122,0.647,0.642,93.239,7.21,-0.641,0.036,0.081,-0.726,331.413,47.965,-10.352,967.626,1.23337889,-10.476,-4.678,304.043,304.043
263.222,2.393,2.392,117.97,0.632,-2.113,1.122,0.026,-0.578,331.503,47.42,-10.359,967.622,1.23270226,-4.05,-1.423,304.468,304.468
263.322,-99.53,-99.51,0.0,0.0,-99.4,-99.41,-99.42,-99.44,-99.43,32.506,-99.44,967.6,13.7021637,0.151,-1.242,305.268,305.268
263.423,2.925,2.915,102.768,-4.759,-2.843,0.644,-0.243,-0.071,331.811,45.655,-10.371,967.632,1.23042798,-8.998,-4.378,304.09,304.09
263.523,0.843,0.838,173.282,6.084,-0.098,0.833,0.089,-0.132,331.774,45.972,-10.34,967.617,1.23068213,-4.291,-5.543,304.84,304.84
263.623,0.661,0.629,222.472,17.964,0.425,0.464,0.204,-0.745,331.401,47.96,-10.371,967.631,1.23347342,-0.738,0.102,305.24,305.24
263.723,1.963,1.95,128.449,-6.642,-1.527,1.212,-0.227,-0.637,331.467,47.596,-10.367,967.625,1.23297298,6.933,-1.46,307.676,307.676
263.823,3.582,3.578,104.763,2.731,-3.46,0.912,0.171,0.397,332.096,44.1,-10.379,967.633,1.22832358,-6.068,-9.534,304.13,304.13
263.923,3.169,3.168,104.619,1.418,-3.066,0.8,0.078,0.238,331.999,44.663,-10.364,967.632,1.22903562,-3.2,-10.838,305.923,305.923
264.023,1.019,1.01,154.547,7.593,-0.434,0.912,0.135,-0.049,331.824,45.584,-10.371,967.613,1.23030674,1.975,-2.173,306.05,306.05
264.123,2.089,2.089,199.807,0.297,0.708,1.965,0.011,-0.484,331.56,47.012,-10.381,967.621,1.23227918,2.557,-3.359,306.306,306.306
264.223,1.386,1.379,164.551,5.954,-0.367,1.329,0.144,-0.58,331.502,47.382,-10.371,967.625,1.23271656,-3.397,-11.811,305.816,305.816
264.323,2.8,2.789,103.446,5.135,-2.713,0.649,0.251,0.377,332.083,44.175,-10.376,967.623,1.22840214,-1.866,-13.748,306.283,306.283
264.423,3.362,3.362,100.081,0.0,-3.31,0.588,0.0,0.546,332.186,43.689,-10.361,967.631,1.22765338,8.094,-1.995,306.994,306.994
264.523,1.694,1.678,120.767,7.894,-1.442,0.859,0.233,0.139,331.939,44.978,-10.367,967.613,1.22945726,0.962,-6.259,306.688,306.688
264.623,1.756,1.75,199.519,-4.821,0.585,1.65,-0.148,-0.114,331.785,45.779,-10.376,967.629,1.2306174,1.851,-11.979,307.48,307.48
264.724,1.489,1.489,181.905,0.094,0.049,1.488,0.002,-0.615,331.481,47.52,-10.367,967.624,1.23287284,3.154,-7.552,307.385,307.385
264.824,2.414,2.406,155.664,-4.683,-0.992,2.192,-0.197,-0.665,331.45,47.659,-10.376,967.622,1.2330991,6.877,3.232,306.371,306.371
264.924,-99.53,-99.51,0.0,0.0,-99.4,-99.41,-99.42,-99.44,-99.43,32.497,-99.44,967.635,13.70265484,8.019,-3.305,307.083,307.083
265.024,2.66,2.66,109.586,0.761,-2.506,0.892,0.035,0.009,331.86,45.455,-10.352,967.633,1.23006523,-5.945,-6.645,304.372,304.372
265.124,0.97,0.941,184.805,14.025,0.079,0.938,0.235,0.083,331.905,45.091,-10.386,967.635,1.22973824,8.925,5.092,305.37,305.37
265.224,1.458,1.171,235.954,36.582,0.97,0.656,0.869,-0.544,331.524,47.319,-10.355,967.631,1.23256063,7.047,5.837,304.921,304.921
265.324,0.381,0.343,162.274,26.021,-0.104,0.326,0.167,-0.662,331.452,47.647,-10.376,967.638,1.23310328,0.909,1.3,304.928,304.928
265.424,3.18,3.175,111.281,3.217,-2.958,1.152,0.178,0.164,331.954,44.88,-10.371,967.634,1.22937,-1.705,-0.915,304.553,304.553
265.524,3.258,3.25,123.117,-4.077,-2.722,1.775,-0.232,0.072,331.898,45.197,-10.367,967.64,1.22979343,1.486,8.102,304.6,304.6
265.624,1.905,1.899,175.696,-4.624,-0.142,1.893,-0.154,-0.081,331.805,45.724,-10.361,967.633,1.23047459,4.291,7.085,305.682,305.682
265.724,3.206,3.203,205.516,2.588,1.38,2.89,0.145,-0.417,331.601,46.784,-10.381,967.65,1.23201489,-2.394,-1.178,305.085,305.085
265.825,1.784,1.704,196.32,-17.2,0.479,1.636,-0.528,-0.891,331.312,48.434,-10.381,967.637,1.23414135,-0.521,4.611,304.457,304.457
265.924,3.708,3.707,145.263,-1.213,-2.112,3.047,-0.078,-0.017,331.844,45.529,-10.357,967.64,1.23019397,5.378,5.613,306.5,306.5
266.025,3.922,3.921,118.434,-0.311,-3.448,1.867,-0.021,0.425,332.113,44.094,-10.355,967.621,1.22818077,4.265,-0.09,305.553,305.553
266.125,1.754,1.735,136.264,8.443,-1.2,1.254,0.258,0.117,331.926,45.015,-10.376,967.644,1.22959554,28.115,-2.864,308.219,308.219
266.225,2.35,2.347,207.986,-2.828,1.101,2.072,-0.116,-0.065,331.815,45.617,-10.376,967.645,1.23041868,-2.02,2.065,303.389,303.389
266.325,1.952,1.952,208.34,0.0,0.927,1.718,0.0,-0.704,331.426,47.728,-10.393,967.629,1.2332834,-38.164,5.009,293.416,293.416
266.425,2.459,2.459,155.443,0.527,-1.022,2.236,0.023,-0.548,331.521,47.289,-10.367,967.629,1.23257804,-24.608,-5.009,297.42,297.42
266.525,4.299,4.299,114.635,0.0,-3.908,1.792,0.0,0.34,332.061,44.293,-10.376,967.64,1.2285893,8.333,-9.068,308.915,308.915
266.625,3.165,3.144,137.937,6.598,-2.106,2.334,0.364,-0.074,331.809,45.604,-10.388,967.614,1.23042011,5.957,0.668,306.396,306.396
266.725,2.199,2.197,169.174,2.469,-0.413,2.158,0.095,-0.362,331.634,46.616,-10.376,967.606,1.2317102,7.125,4.95,306.058,306.058
266.825,2.028,2.028,189.323,0.338,0.329,2.001,0.012,-0.763,331.391,47.946,-10.39,967.611,1.23352683,27.561,-6.684,310.153,310.153
266.925,3.067,3.055,153.845,-5.09,-1.347,2.742,-0.272,-0.896,331.31,48.472,-10.376,967.641,1.23416865,0.647,-7.203,306.328,306.328
267.025,4.803,4.803,129.076,0.32,-3.729,3.028,0.027,0.095,331.912,45.122,-10.367,967.632,1.22967994,-40.181,5.149,294.611,294.611
267.125,4.679,4.677,122.256,2.009,-3.955,2.496,0.164,0.194,331.972,44.85,-10.352,967.628,1.22922873,1.601,1.952,306.164,306.164
267.225,2.397,2.383,133.773,6.135,-1.721,1.648,0.256,-0.244,331.706,46.224,-10.374,967.627,1.23120081,43.423,-5.24,308.011,308.011
267.326,1.18,1.18,178.532,0.0,-0.03,1.18,0.0,-0.304,331.67,46.436,-10.371,967.635,1.23147953,36.291,-1.846,306.976,306.976
267.426,1.809,1.808,148.969,1.883,-0.932,1.549,0.059,-0.821,331.356,48.287,-10.355,967.625,1.23380458,-11.217,2.599,303.26,303.26
267.526,3.882,3.877,116.288,2.704,-3.476,1.717,0.183,0.098,331.914,45.201,-10.342,967.634,1.22966516,-0.742,-0.236,304.454,304.454
267.626,-99.53,-99.51,0.0,0.0,-99.4,-99.41,-99.42,-99.44,-99.43,32.506,-99.44,967.639,13.70271015,-0.151,-3.12,305.965,305.965
267.726,3.108,3.1,99.856,4.021,-3.054,0.531,0.218,0.046,331.882,45.188,-10.393,967.66,1.22993958,2.191,-2.385,304.94,304.94
267.826,0.786,0.736,155.981,20.487,-0.3,0.672,0.275,0.144,331.942,44.926,-10.376,967.638,1.22946537,1.605,-4.016,305.36,305.36
267.926,1.207,0.921,228.55,40.231,0.691,0.61,0.78,-0.597,331.491,47.432,-10.374,967.641,1.23281467,-0.639,-6.593,305.278,305.278
268.026,1.486,1.452,139.26,12.176,-0.948,1.1,0.313,-0.655,331.456,47.608,-10.38,967.648,1.23308635,0.929,-6.852,305.932,305.932
268.126,-99.53,-99.51,0.0,0.0,-99.4,-99.41,-99.42,-99.44,-99.43,32.556,-99.44,967.657,13.70296955,1.841,-3.712,305.289,305.289
268.226,1.686,1.686,94.784,0.0,-1.68,0.141,0.0,0.051,331.885,45.254,-10.371,967.663,1.22991991,1.079,-4.974,304.246,304.246
268.326,0.47,0.454,174.253,15.224,-0.045,0.451,0.123,-0.06,331.818,45.555,-10.388,967.637,1.23038375,1.133,-10.5,305.39,305.39
268.426,1.99,1.968,228.053,8.552,1.464,1.316,0.296,-0.499,331.551,46.991,-10.401,967.635,1.23236585,-0.194,-13.938,305.967,305.967
268.526,1.25,1.25,178.411,0.0,-0.035,1.25,0.0,-0.961,331.27,48.703,-10.376,967.659,1.23448479,0.587,-11.138,304.319,304.319
268.627,2.828,2.819,112.473,4.489,-2.605,1.078,0.221,-0.062,331.817,45.615,-10.374,967.654,1.23041618,0.507,-8.208,304.591,304.591
268.727,-99.53,-99.51,0.0,0.0,-99.4,-99.41,-99.42,-99.44,-99.43,32.57,-99.44,967.644,13.70278645,1.81,-13.956,305.848,305.848
268.827,2.027,2.023,117.98,3.603,-1.787,0.949,0.127,-0.016,331.844,45.483,-10.368,967.661,1.23021805,-0.945,-17.837,305.875,305.875
268.927,1.608,1.608,205.804,-0.453,0.7,1.448,-0.013,-0.123,331.78,45.78,-10.384,967.639,1.23067105,1.385,-15.729,305.663,305.663
269.027,0.995,0.967,188.057,-13.765,0.135,0.957,-0.237,-0.77,331.386,48.035,-10.374,967.668,1.23362994,0.763,-13.071,305.034,305.034
269.127,3.272,3.258,129.952,-5.397,-2.497,2.092,-0.308,-0.127,331.778,45.899,-10.355,967.661,1.23071361,0.984,-16.64,306.388,306.388
269.227,4.37,4.37,113.386,0.0,-4.011,1.734,0.0,0.627,332.234,43.315,-10.395,967.661,1.22733128,-0.071,-16.737,306.788,306.788
269.327,2.155,2.152,108.663,3.456,-2.038,0.689,0.13,0.137,331.938,44.998,-10.363,967.664,1.22953105,0.944,-13.75,307.115,307.115
269.427,1.087,1.085,200.974,-3.213,0.388,1.013,-0.061,0.113,331.923,45.002,-10.384,967.656,1.22963119,2.157,-14.058,306.867,306.867
269.527,1.49,1.423,222.217,17.191,0.956,1.054,0.44,-0.423,331.597,46.731,-10.401,967.661,1.23205602,1.548,-14.984,307.131,307.131
269.627,1.425,1.419,157.675,-5.208,-0.539,1.313,-0.129,-0.72,331.416,47.823,-10.384,967.647,1.23338091,-1.201,-9.476,306.02,306.02
269.727,-99.53,-99.51,0.0,0.0,-99.4,-99.41,-99.42,-99.44,-99.43,32.533,-99.44,967.674,13.70320892,2.411,-7.299,305.959,305.959
269.827,-99.53,-99.51,0.0,0.0,-99.4,-99.41,-99.42,-99.44,-99.43,32.506,-99.44,967.653,13.70290375,0.972,-9.503,306.23,306.23
269.928,2.02,2.02,138.965,-0.87,-1.326,1.523,-0.031,-0.339,331.648,46.508,-10.384,967.672,1.2316879,1.582,-4.413,305.288,305.288
270.028,1.895,1.894,190.662,-1.298,0.35,1.862,-0.043,-0.54,331.526,47.168,-10.391,967.651,1.23256958,0.364,-1.035,305.756,305.756
270.128,1.326,1.213,173.739,-23.838,-0.132,1.206,-0.536,-1.078,331.198,49.049,-10.395,967.652,1.23501158,0.903,-3.208,306.274,306.274
270.228,3.898,3.645,144.637,-20.735,-2.11,2.973,-1.38,-0.452,331.58,46.95,-10.368,967.646,1.23216307,1.139,-0.964,305.763,305.763
270.328,-99.53,-99.51,0.0,0.0,-99.4,-99.41,-99.42,-99.44,-99.43,32.516,-99.44,967.665,13.70307255,2.282,1.786,305.931,305.931
270.428,1.554,1.548,128.113,-5.097,-1.218,0.955,-0.138,-0.151,331.763,45.937,-10.367,967.647,1.23080623,1.373,-0.332,305.819,305.819
270.528,2.38,2.373,206.891,-4.27,1.073,2.117,-0.177,-0.212,331.726,46.136,-10.368,967.656,1.23109376,0.942,-1.186,305.733,305.733
270.628,1.462,1.446,215.767,8.427,0.845,1.173,0.214,-0.839,331.344,48.195,-10.395,967.661,1.23393655,1.889,0.579,305.73,305.73
270.728,2.497,2.424,145.772,-13.956,-1.363,2.004,-0.602,-0.456,331.577,46.957,-10.371,967.649,1.23218822,1.872,-0.043,306.564,306.564
270.828,4.02,3.964,117.503,-9.513,-3.516,1.831,-0.664,0.427,332.113,43.927,-10.401,967.657,1.22822225,1.332,-1.903,306.624,306.624
270.928,2.348,2.347,123.364,-1.339,-1.96,1.291,-0.055,0.125,331.93,44.956,-10.385,967.661,1.22958207,0.88,-2.144,306.351,306.351
271.028,1.544,1.542,176.573,-3.083,-0.092,1.539,-0.083,0.054,331.887,45.211,-10.379,967.649,1.2298857,0.967,-3.56,306.087,306.087
271.128,1.742,1.73,212.41,6.733,0.927,1.46,0.204,-0.4,331.611,46.673,-10.395,967.657,1.23194742,0.575,-5.152,306.679,306.679
271.229,1.25,1.224,161.063,-11.683,-0.397,1.158,-0.253,-0.797,331.37,48.091,-10.384,967.645,1.23372293,0.388,-4.126,306.565,306.565
271.329,-99.53,-99.51,0.0,0.0,-99.4,-99.41,-99.42,-99.44,-99.43,32.503,-99.44,967.663,13.70304585,0.875,-3.786,305.998,305.998
271.429,-99.53,-99.51,0.0,0.0,-99.4,-99.41,-99.42,-99.44,-99.43,32.57,-99.44,967.659,13.70299625,1.2,-6.458,306.681,306.681
271.529,2.34,2.338,122.85,2.027,-1.964,1.268,0.083,-0.248,331.704,46.174,-10.391,967.639,1.23123586,1.08,-6.954,306.148,306.148
271.629,1.39,1.39,183.733,0.0,0.09,1.387,0.0,-0.361,331.635,46.685,-10.356,967.652,1.23176098,1.411,-3.958,306.404,306.404
271.729,2.15,2.142,160.024,-4.985,-0.732,2.013,-0.187,-0.956,331.273,48.674,-10.379,967.657,1.23445988,0.702,-2.03,306.17,306.17
271.829,4.886,4.879,122.553,-2.908,-4.113,2.626,-0.248,0.01,331.86,45.341,-10.384,967.648,1.23008537,1.364,-4.419,306.332,306.332
271.929,-99.53,-99.51,0.0,0.0,-99.4,-99.41,-99.42,-99.44,-99.43,32.584,-99.44,967.646,13.70280361,1.196,-6.757,306.116,306.116
272.029,3.187,3.184,113.053,2.3,-2.93,1.247,0.128,-0.094,331.797,45.685,-10.384,967.652,1.23055768,0.783,-4.329,305.208,305.208
272.129,1.362,1.348,169.172,8.298,-0.253,1.324,0.197,-0.035,331.833,45.466,-10.39,967.64,1.23027754,0.585,-0.733,304.39,304.39
272.229,0.928,0.928,188.631,-0.22,0.139,0.918,-0.004,-0.554,331.518,47.272,-10.376,967.64,1.2326169,0.995,-0.843,304.37,304.37
272.329,2.675,2.61,129.704,-12.705,-2.008,1.667,-0.588,-0.484,331.56,46.997,-10.385,967.645,1.23231006,17.976,-5.405,308.073,308.073
272.429,3.877,3.877,94.667,-0.612,-3.864,0.315,-0.041,0.422,332.111,44.077,-10.363,967.657,1.22824228,32.102,-4.615,306.937,306.937
272.53,3.381,3.381,85.176,0.0,-3.369,-0.284,0.0,0.287,332.029,44.43,-10.385,967.653,1.22884357,28.967,-0.006,305.561,305.561
272.63,1.55,1.548,71.411,2.712,-1.467,-0.493,0.073,-0.081,331.806,45.759,-10.351,967.65,1.23049283,23.934,-2.295,306.908,306.908
272.73,0.534,0.532,6.32,5.292,-0.059,-0.529,0.049,-0.259,331.697,46.252,-10.38,967.658,1.23131156,16.944,-8.066,308.814,308.814
272.83,0.962,0.962,348.468,1.503,0.192,-0.943,0.025,-0.567,331.509,47.309,-10.379,967.656,1.23270035,17.03,-7.059,308.854,308.854
272.93,2.797,2.789,55.241,4.435,-2.291,-1.59,0.216,0.023,331.868,45.344,-10.371,967.653,1.23002994,20.377,-5.937,308.733,308.733
273.03,4.061,4.044,63.238,-5.294,-3.611,-1.821,-0.375,0.223,331.989,44.514,-10.42,967.64,1.22912037,9.371,-9.67,307.987,307.987
273.13,3.275,3.27,62.057,-3.339,-2.888,-1.532,-0.191,-0.086,331.802,45.572,-10.407,967.649,1.23051846,-8.662,-15.033,304.123,304.123
273.23,1.097,1.069,17.182,-12.863,-0.316,-1.022,-0.244,-0.259,331.697,46.213,-10.39,967.653,1.23130274,-8.682,-10.137,303.409,303.409
273.33,1.548,1.547,324.116,2.22,0.907,-1.253,0.06,-0.735,331.408,47.958,-10.361,967.644,1.23343897,-18.531,-7.816,299.197,299.197
273.431,1.141,1.105,49.794,-14.521,-0.844,-0.713,-0.286,-0.363,331.634,46.626,-10.374,967.642,1.23175657,0.573,-18.656,308.094,308.094
273.531,2.87,2.868,65.768,1.896,-2.615,-1.177,0.095,0.333,332.056,44.229,-10.401,967.647,1.22863269,-20.699,-13.37,297.935,297.935
273.631,2.757,2.734,84.921,-7.354,-2.723,-0.242,-0.353,0.002,331.855,45.381,-10.38,967.65,1.23012376,-19.017,-10.743,298.561,298.561
273.731,0.37,0.232,2.518,-51.1,-0.01,-0.232,-0.288,0.129,331.932,44.967,-10.379,967.624,1.22951901,26.653,-13.168,311.03,311.03
273.831,1.199,1.064,300.487,27.453,0.917,-0.54,0.553,-0.265,331.693,46.232,-10.391,967.634,1.23130643,31.371,-13.786,311.586,311.586
273.931,0.593,0.552,19.589,21.474,-0.185,-0.52,0.217,-0.174,331.749,45.925,-10.391,967.628,1.23088741,31.874,-13.189,311.168,311.168
274.031,3.215,3.211,77.265,-3.082,-3.132,-0.708,-0.173,0.535,332.179,43.638,-10.385,967.636,1.22770846,-18.493,-10.101,299.861,299.861
274.131,4.052,4.051,67.486,0.978,-3.743,-1.551,0.069,0.392,332.092,44.021,-10.406,967.635,1.22835314,-4.732,-11.889,304.536,304.536
274.231,1.764,1.752,61.789,6.536,-1.544,-0.828,0.201,0.074,331.899,45.07,-10.401,967.629,1.22977567,-19.867,-6.439,299.093,299.093
274.331,0.562,0.551,279.836,11.007,0.543,-0.094,0.107,-0.233,331.712,46.107,-10.395,967.63,1.23115814,-39.866,-2.514,289.203,289.203
274.432,1.146,1.133,289.367,8.596,1.069,-0.376,0.171,-0.696,331.431,47.711,-10.391,967.62,1.23323607,15.012,-6.24,307.934,307.934
274.532,0.593,0.525,126.987,-27.848,-0.419,0.316,-0.277,-0.355,331.639,46.59,-10.376,967.631,1.23170555,32.308,-1.542,305.697,305.697
274.632,3.526,3.504,80.21,-6.475,-3.453,-0.596,-0.398,0.589,332.212,43.397,-10.406,967.632,1.2274648,-13.51,-2.793,301.617,301.617
274.732,3.229,3.196,83.197,-8.167,-3.174,-0.379,-0.459,-0.125,331.778,45.781,-10.385,967.627,1.23066485,6.933,-1.873,305.61,305.61
274.832,0.649,0.605,32.686,-21.154,-0.327,-0.509,-0.234,-0.323,331.658,46.401,-10.398,967.608,1.23153758,28.698,5.192,304.766,304.766
274.932,1.506,1.506,345.834,1.127,0.369,-1.46,0.03,-0.793,331.372,48.05,-10.391,967.608,1.23365939,35.776,-4.574,306.933,306.933
275.033,1.907,1.907,21.041,0.0,-0.685,-1.779,0.0,-0.473,331.566,46.912,-10.398,967.591,1.23219359,25.861,-10.542,311.451,311.451
275.132,3.62,3.62,61.665,0.376,-3.187,-1.718,0.024,0.366,332.076,44.177,-10.385,967.592,1.22841191,-37.011,1.569,293.89,293.89
275.232,3.645,3.639,67.003,3.28,-3.35,-1.422,0.209,0.178,331.962,44.711,-10.406,967.588,1.22925568,4.877,15.969,305.523,305.523
275.333,1.645,1.618,50.273,10.437,-1.244,-1.034,0.298,-0.012,331.847,45.386,-10.391,967.579,1.23009431,31.378,2.709,305.236,305.236
275.433,1.899,1.897,332.942,2.669,0.863,-1.689,0.088,-0.248,331.704,46.212,-10.38,967.584,1.23116314,-11.801,-13.626,304.115,304.115
275.533,0.617,0.615,353.674,4.082,0.068,-0.611,0.044,-0.491,331.555,46.974,-10.398,967.585,1.23226643,14.647,-4.212,308.102,308.102
275.633,1.585,1.542,78.851,-13.423,-1.513,-0.298,-0.368,0.118,331.926,44.944,-10.395,967.591,1.22952759,-17.393,7.889,301.718,301.718
275.733,3.658,3.657,68.881,0.956,-3.412,-1.318,0.061,0.405,332.1,43.98,-10.406,967.589,1.22823632,-17.847,-8.661,300.186,300.186
275.833,1.878,1.874,69.586,3.695,-1.756,-0.654,0.121,0.005,331.857,45.29,-10.402,967.574,1.23001623,-0.768,-16.32,308.059,308.059
275.933,0.178,0.115,4.917,49.916,-0.01,-0.114,0.136,-0.211,331.726,46.088,-10.38,967.586,1.23099959,-22.864,4.74,299.802,299.802
276.033,0.251,0.238,97.618,18.364,-0.236,0.032,0.079,-0.635,331.468,47.52,-10.385,967.553,1.23287702,3.032,-3.552,307.38,307.38
276.133,1.36,1.316,96.941,-14.652,-1.306,0.159,-0.344,-0.563,331.512,47.204,-10.402,967.554,1.23255086,27.944,-16.714,313.711,313.711
276.233,3.789,3.789,78.439,0.0,-3.713,-0.759,0.0,0.509,332.163,43.739,-10.38,967.561,1.22773027,31.791,-7.988,309.647,309.647
276.334,2.777,2.753,68.346,7.444,-2.559,-1.016,0.36,-0.059,331.818,45.43,-10.422,967.565,1.23029327,15.739,3.75,305.6,305.6
276.434,0.601,0.534,23.109,-27.304,-0.21,-0.491,-0.276,-0.157,331.759,45.87,-10.39,967.545,1.23070455,14.225,-3.524,308.288,308.288
276.534,0.297,0.262,356.514,28.02,0.016,-0.262,0.14,-0.776,331.382,47.994,-10.39,967.535,1.23349059,2.046,-15.586,307.609,307.609
276.634,1.101,1.093,93.215,6.935,-1.091,0.061,0.133,-0.537,331.528,47.115,-10.402,967.557,1.23243797,-15.187,-6.505,300.931,300.931
276.734,2.996,2.996,76.927,0.0,-2.918,-0.678,0.0,0.17,331.957,44.757,-10.401,967.532,1.22922158,19.08,-3.737,307.827,307.827
276.834,3.448,3.435,72.409,-5.108,-3.274,-1.038,-0.307,0.148,331.944,44.785,-10.412,967.557,1.22935164,25.157,-4.208,308.748,308.748
276.934,1.67,1.581,67.763,-18.755,-1.464,-0.598,-0.537,0.026,331.87,45.183,-10.412,967.545,1.22988319,-8.011,-8.943,304.082,304.082
277.034,1.696,1.693,324.49,3.559,0.983,-1.378,0.105,-0.227,331.716,46.061,-10.402,967.543,1.23102057,-8.404,-10.372,303.563,303.563
277.134,1.53,1.53,339.023,-1.38,0.548,-1.428,-0.037,-0.443,331.585,46.839,-10.39,967.545,1.23199713,-17.134,-1.703,301.738,301.738
277.234,2.173,2.173,53.0,0.019,-1.736,-1.308,0.001,0.178,331.962,44.614,-10.433,967.531,1.2291826,4.032,-10.274,306.434,306.434
277.334,3.825,3.814,67.306,-4.264,-3.519,-1.472,-0.284,0.488,332.15,43.753,-10.395,967.546,1.227808,8.465,-10.904,308.319,308.319
277.434,2.615,2.602,69.688,-5.654,-2.441,-0.903,-0.258,0.278,332.023,44.399,-10.402,967.52,1.22871733,-6.232,-6.807,304.136,304.136
277.534,0.667,0.653,275.227,11.734,0.651,-0.06,0.136,0.302,332.037,44.287,-10.412,967.538,1.22863424,-25.587,-5.416,296.671,296.671
277.635,1.498,1.44,284.925,15.969,1.391,-0.371,0.412,-0.362,331.634,46.504,-10.406,967.527,1.2316103,10.996,-14.356,309.493,309.493
277.735,2.044,1.833,306.008,26.234,1.483,-1.078,0.903,-0.278,331.685,46.197,-10.412,967.529,1.2312361,20.067,-14.099,311.015,311.015
277.835,2.415,2.363,81.007,-11.978,-2.334,-0.369,-0.501,0.62,332.231,43.37,-10.385,967.516,1.2271744,23.371,-9.689,309.204,309.204
277.935,2.158,2.129,63.491,-9.429,-1.905,-0.95,-0.354,-0.032,331.834,45.329,-10.425,967.53,1.23012686,20.792,-11.611,310.443,310.443
278.035,0.941,0.902,23.365,-16.419,-0.358,-0.828,-0.266,0.095,331.912,45.037,-10.39,967.512,1.22952759,-5.211,-15.689,305.371,305.371
278.135,2.014,2.013,325.405,1.817,1.143,-1.657,0.064,-0.43,331.593,46.763,-10.398,967.516,1.23190045,20.947,-14.572,310.829,310.829
278.235,1.371,1.368,352.969,-3.76,0.167,-1.358,-0.09,-0.647,331.461,47.511,-10.398,967.527,1.23289621,4.789,-11.364,307.531,307.531
278.335,2.712,2.71,63.897,-2.339,-2.434,-1.192,-0.111,0.356,332.07,44.114,-10.412,967.502,1.22834659,1.854,-10.679,306.995,306.995
278.435,3.657,3.657,72.78,-0.161,-3.493,-1.083,-0.01,0.463,332.135,43.807,-10.402,967.495,1.22785473,-23.705,-11.603,295.807,295.807
278.535,1.313,1.311,72.604,-3.421,-1.251,-0.392,-0.078,0.022,331.867,45.239,-10.401,967.489,1.22982812,-39.895,-6.029,287.768,287.768
278.635,0.872,0.683,267.723,38.46,0.682,0.027,0.543,-0.08,331.805,45.542,-10.41,967.495,1.23029685,-3.751,-6.451,303.929,303.929
278.735,1.588,1.554,296.673,11.784,1.389,-0.698,0.324,-0.64,331.465,47.47,-10.402,967.498,1.23282754,14.298,-3.329,306.474,306.474
278.836,1.906,1.881,97.206,-9.199,-1.866,0.236,-0.305,0.041,331.879,45.172,-10.402,967.495,1.22975445,1.802,-6.561,305.866,305.866
278.936,3.152,3.152,86.555,0.0,-3.146,-0.189,0.0,0.695,332.276,43.06,-10.407,967.496,1.22681558,-24.624,-0.118,297.736,297.736
279.036,2.134,2.132,100.545,2.128,-2.096,0.39,0.079,0.303,332.038,44.264,-10.418,967.495,1.22857416,-22.923,2.165,298.364,298.364
279.136,1.446,1.446,208.148,-0.831,0.682,1.275,-0.021,0.211,331.982,44.649,-10.393,967.492,1.22898245,1.418,-0.554,304.826,304.826
279.236,1.269,1.209,219.835,17.69,0.774,0.928,0.386,-0.547,331.522,47.249,-10.376,967.473,1.23237419,5.071,-1.965,305.68,305.68
279.336,1.194,1.148,138.722,-15.904,-0.757,0.863,-0.327,-0.442,331.585,46.816,-10.395,967.484,1.23191559,8.064,0.797,305.744,305.744
279.436,-99.53,-99.51,0.0,0.0,-99.4,-99.41,-99.42,-99.44,-99.43,32.581,-99.44,967.473,13.70035934,6.337,0.548,305.561,305.561
279.536,2.326,2.324,104.165,-2.039,-2.254,0.569,-0.083,0.146,331.942,44.801,-10.41,967.465,1.22924411,4.122,-0.544,305.659,305.659
279.636,0.844,0.834,192.29,8.587,0.178,0.815,0.126,0.112,331.922,44.903,-10.412,967.485,1.22942126,6.369,-4.406,307.217,307.217
279.736,1.988,1.954,218.906,10.651,1.227,1.521,0.367,-0.474,331.566,46.915,-10.398,967.466,1.23203778,3.116,0.032,305.79,305.79
279.836,0.84,0.824,215.152,11.021,0.475,0.674,0.161,-0.96,331.27,48.657,-10.388,967.492,1.23427069,4.162,-1.744,306.491,306.491
279.936,3.031,3.031,124.026,0.624,-2.512,1.696,0.033,0.11,331.921,44.935,-10.405,967.481,1.22942269,4.194,-4.601,306.839,306.839
280.036,-99.53,-99.51,0.0,0.0,-99.4,-99.41,-99.42,-99.44,-99.43,32.529,-99.44,967.451,13.70005035,2.957,-5.928,306.689,306.689
280.136,1.389,1.386,125.337,-3.708,-1.131,0.802,-0.09,0.015,331.863,45.29,-10.393,967.49,1.22986007,4.707,-3.098,305.952,305.952
280.237,1.471,1.471,214.304,-0.131,0.829,1.215,-0.003,-0.13,331.775,45.752,-10.398,967.484,1.23050892,5.45,-5.113,306.482,306.482
280.337,0.6,0.505,237.899,32.696,0.428,0.268,0.324,-0.721,331.415,47.755,-10.402,967.483,1.23317814,6.033,-7.956,306.577,306.577
280.437,2.949,2.94,128.849,-4.262,-2.29,1.844,-0.219,0.018,331.865,45.218,-10.41,967.472,1.22982693,5.215,-8.738,307.274,307.274
280.537,-99.53,-99.51,0.0,0.0,-99.4,-99.41,-99.42,-99.44,-99.43,32.59,-99.44,967.478,13.70043182,4.424,-5.978,306.156,306.156
280.637,2.65,2.65,105.696,0.031,-2.551,0.717,0.001,0.352,332.067,44.103,-10.419,967.478,1.22833598,5.148,-7.007,306.303,306.303
280.737,1.006,0.905,190.034,25.875,0.158,0.891,0.439,0.374,332.081,44.032,-10.419,967.482,1.22824037,4.612,-9.076,306.513,306.513
280.837,0.847,0.626,262.318,42.371,0.62,0.084,0.571,-0.34,331.647,46.368,-10.422,967.495,1.23147106,3.501,-8.966,306.605,306.605
280.937,1.022,1.017,135.978,-5.601,-0.707,0.732,-0.1,-0.613,331.482,47.402,-10.396,967.482,1.23268533,4.372,-6.955,306.233,306.233
281.037,-99.53,-99.51,0.0,0.0,-99.4,-99.41,-99.42,-99.44,-99.43,32.588,-99.44,967.472,13.70034122,4.079,-7.435,306.436,306.436
281.137,-99.53,-99.51,0.0,0.0,-99.4,-99.41,-99.42,-99.44,-99.43,32.617,-99.44,967.489,13.70058346,4.112,-8.735,305.725,305.725
281.237,1.119,1.114,129.845,5.064,-0.856,0.714,0.099,-0.057,331.819,45.549,-10.388,967.478,1.2301718,4.65,-8.299,306.586,306.586
281.337,1.804,1.775,221.411,10.266,1.174,1.331,0.322,-0.302,331.671,46.367,-10.388,967.467,1.23125875,4.708,-6.655,306.141,306.141
281.437,0.328,0.301,238.092,-23.472,0.256,0.159,-0.131,-0.831,331.349,48.148,-10.4,967.483,1.23367214,4.372,-9.031,306.805,306.805
281.538,2.64,2.637,125.128,-2.898,-2.156,1.517,-0.133,-0.073,331.81,45.555,-10.4,967.463,1.23022282,4.473,-9.575,306.459,306.459
281.638,-99.53,-99.51,0.0,0.0,-99.4,-99.41,-99.42,-99.44,-99.43,32.64,-99.44,967.495,13.7006731,4.712,-8.874,306.149,306.149
281.738,1.679,1.675,105.449,4.106,-1.614,0.446,0.12,0.264,332.014,44.416,-10.41,967.477,1.22872591,4.597,-8.126,306.279,306.279
281.838,1.275,1.253,231.158,10.598,0.976,0.786,0.234,0.196,331.973,44.708,-10.391,967.491,1.2290498,4.009,-11.856,306.487,306.487
281.938,1.149,1.08,251.737,19.915,1.026,0.338,0.391,-0.552,331.519,47.182,-10.398,967.483,1.2324096,3.846,-11.714,307.109,307.109
282.038,1.558,1.482,121.924,-17.985,-1.258,0.783,-0.481,-0.376,331.626,46.62,-10.388,967.498,1.23163497,4.215,-9.6,306.636,306.636
282.138,3.534,3.534,110.161,0.0,-3.318,1.218,0.0,0.634,332.239,43.269,-10.402,967.486,1.22707832,4.541,-10.119,306.186,306.186
282.238,2.31,2.31,100.549,0.027,-2.271,0.423,0.001,0.383,332.086,44.02,-10.414,967.495,1.22821522,4.832,-12.172,307.287,307.287
282.338,0.63,0.617,206.84,-11.64,0.278,0.55,-0.127,0.441,332.122,43.912,-10.393,967.501,1.22796273,5.215,-11.366,307.582,307.582
282.438,1.257,1.257,260.988,0.0,1.241,0.197,0.0,-0.166,331.753,45.858,-10.402,967.485,1.23067403,5.108,-7.777,306.33,306.33
282.538,0.485,0.186,174.297,67.442,-0.019,0.185,0.448,-0.56,331.514,47.204,-10.4,967.485,1.23245084,4.928,-7.68,306.506,306.506
282.638,-99.53,-99.51,0.0,0.0,-99.4,-99.41,-99.42,-99.44,-99.43,32.629,-99.44,967.476,13.70040035,4.475,-9.141,306.431,306.431
282.738,-99.53,-99.51,0.0,0.0,-99.4,-99.41,-99.42,-99.44,-99.43,32.59,-99.44,967.506,13.70083332,4.543,-6.955,306.051,306.051
282.839,1.235,1.232,116.872,-3.646,-1.099,0.557,-0.079,0.112,331.922,44.999,-10.385,967.466,1.22939396,4.271,-4.245,305.115,305.115
282.939,1.741,1.726,216.506,7.59,1.027,1.387,0.23,-0.195,331.735,45.899,-10.417,967.491,1.23081052,4.113,-4.729,305.26,305.26
283.039,0.798,0.711,229.536,27.072,0.541,0.461,0.363,-0.905,331.304,48.468,-10.385,967.48,1.23400474,4.673,-4.174,305.481,305.481
283.139,3.069,2.981,125.058,-13.717,-2.44,1.712,-0.728,0.002,331.856,45.36,-10.385,967.488,1.22991467,5.086,-1.861,305.329,305.329
283.239,-99.53,-99.51,0.0,0.0,-99.4,-99.41,-99.42,-99.44,-99.43,32.603,-99.44,967.48,13.70046043,5.174,-1.142,305.039,305.039
283.339,1.614,1.607,94.966,5.223,-1.601,0.139,0.147,0.183,331.965,44.716,-10.4,967.487,1.22910368,4.794,-2.184,304.967,304.967
283.439,1.191,1.184,212.35,-5.857,0.634,1.001,-0.121,0.112,331.922,44.99,-10.388,967.475,1.22940361,4.991,-1.694,305.834,305.834
283.539,1.366,1.322,241.129,14.605,1.158,0.638,0.344,-0.429,331.594,46.851,-10.373,967.468,1.23183167,5.208,-0.018,304.883,304.883
283.639,1.094,1.076,131.324,10.322,-0.808,0.711,0.196,-0.447,331.583,46.861,-10.388,967.47,1.23191857,5.256,-0.167,305.38,305.38
283.739,3.481,3.481,111.313,0.0,-3.243,1.265,0.0,0.566,332.198,43.569,-10.378,967.481,1.22737503,4.808,-1.856,305.769,305.769
283.839,2.743,2.742,104.215,1.231,-2.659,0.673,0.059,0.558,332.193,43.529,-10.396,967.464,1.22738814,4.851,-2.162,305.3,305.3
283.939,0.817,0.802,160.464,11.056,-0.268,0.755,0.157,0.45,332.128,43.908,-10.385,967.465,1.22787356,4.635,-0.6,304.913,304.913
284.039,0.996,0.974,246.679,12.135,0.894,0.385,0.209,0.18,331.964,44.786,-10.383,967.471,1.22909403,4.648,-1.006,305.622,305.622
284.14,0.962,0.484,330.433,59.796,0.239,-0.421,0.831,-0.583,331.5,47.309,-10.393,967.486,1.23255312,4.245,-3.62,305.663,305.663
284.24,-99.53,-99.51,0.0,0.0,-99.4,-99.41,-99.42,-99.44,-99.43,32.64,-99.44,967.475,13.70039082,4.541,-4.139,306.846,306.846
284.34,-99.53,-99.51,0.0,0.0,-99.4,-99.41,-99.42,-99.44,-99.43,32.616,-99.44,967.469,13.70029736,4.742,-3.898,306.228,306.228
284.44,1.481,1.481,94.752,-1.178,-1.476,0.123,-0.03,0.159,331.951,44.765,-10.408,967.473,1.2291925,4.67,-4.404,305.878,305.878
284.54,0.684,0.527,239.913,39.568,0.456,0.264,0.436,0.11,331.921,44.91,-10.412,967.471,1.22941053,4.743,-6.521,306.222,306.222
284.64,0.875,0.837,291.465,16.915,0.779,-0.306,0.255,-0.691,331.434,47.676,-10.396,967.469,1.23302436,4.746,-7.018,306.465,306.465
284.74,2.127,2.126,120.29,-1.157,-1.836,1.072,-0.043,-0.293,331.676,46.329,-10.39,967.476,1.23123205,4.22,-7.043,306.474,306.474
284.84,3.524,3.524,112.306,0.0,-3.261,1.338,0.0,0.403,332.098,43.967,-10.412,967.482,1.22811162,4.05,-7.066,305.552,305.552
284.94,2.584,2.582,107.499,-2.143,-2.463,0.776,-0.097,-0.002,331.853,45.293,-10.408,967.462,1.22990394,4.276,-7.592,306.895,306.895
285.04,0.943,0.94,177.027,4.388,-0.049,0.939,0.072,0.056,331.888,45.121,-10.402,967.459,1.2296381,5.4,-7.074,306.78,306.78
285.14,1.27,1.169,239.38,23.076,1.006,0.595,0.498,-0.415,331.602,46.722,-10.396,967.481,1.23179018,1.587,-6.508,305.494,305.494
285.24,1.038,0.928,137.744,26.622,-0.624,0.687,0.465,-0.582,331.5,47.344,-10.383,967.482,1.2325449,5.427,-11.081,307.513,307.513
285.34,3.087,3.086,109.887,1.446,-2.902,1.05,0.078,0.436,332.119,43.946,-10.388,967.473,1.22794795,6.016,-6.368,305.755,305.755
285.441,-99.53,-99.51,0.0,0.0,-99.4,-99.41,-99.42,-99.44,-99.43,32.603,-99.44,967.481,13.70047283,4.623,-3.171,305.711,305.711
285.541,0.924,0.731,355.605,37.671,0.056,-0.729,0.565,0.498,332.156,43.596,-10.431,967.474,1.22767425,2.146,-6.749,305.303,305.303
285.641,1.263,1.26,262.12,4.317,1.248,0.173,0.095,0.261,332.012,44.385,-10.422,967.495,1.22876596,1.132,-10.656,305.576,305.576
285.741,0.623,0.56,277.266,25.968,0.555,-0.071,0.273,-0.544,331.523,47.195,-10.388,967.496,1.23239136,2.79,-14.307,307.17,307.17
285.841,1.359,1.359,144.088,0.0,-0.797,1.101,0.0,-0.359,331.636,46.53,-10.396,967.47,1.23152113,2.8,-8.924,305.951,305.951
285.941,-99.53,-99.51,0.0,0.0,-99.4,-99.41,-99.42,-99.44,-99.43,32.626,-99.44,967.471,13.7003355,4.662,-4.434,305.631,305.631
286.041,1.681,1.681,88.466,0.0,-1.681,-0.045,0.0,0.186,331.968,44.799,-10.373,967.47,1.22906387,4.248,-6.169,305.428,305.428
286.141,0.817,0.758,235.335,21.841,0.624,0.431,0.304,0.299,332.036,44.373,-10.391,967.466,1.22855341,3.643,-12.191,306.213,306.213
286.241,1.618,1.618,274.428,0.0,1.613,-0.125,0.0,-0.6,331.489,47.326,-10.405,967.472,1.23261642,3.438,-17.144,307.684,307.684
286.341,0.511,0.431,120.99,32.358,-0.37,0.222,0.273,-0.445,331.584,46.763,-10.412,967.458,1.23189616,3.679,-17.112,307.72,307.72
286.441,3.123,3.123,111.687,0.0,-2.902,1.154,0.0,0.352,332.068,44.255,-10.376,967.475,1.22832549,3.745,-12.336,306.691,306.691
286.541,3.113,3.113,69.418,0.407,-2.914,-1.094,0.022,-0.025,331.839,45.45,-10.385,967.45,1.22998989,4.398,-5.192,304.885,304.885
286.641,0.63,0.63,119.604,0.0,-0.548,0.311,0.0,0.332,332.056,44.207,-10.408,967.464,1.22840428,4.543,-4.594,305.568,305.568
286.742,1.434,1.354,274.332,19.237,1.35,-0.102,0.472,-0.033,331.834,45.459,-10.391,967.459,1.23003995,3.994,-9.624,306.149,306.149
286.842,0.689,0.301,55.957,64.086,-0.25,-0.169,0.62,-0.43,331.593,46.878,-10.368,967.467,1.23183882,2.652,-15.954,308.262,308.262
286.942,3.014,3.007,107.92,3.81,-2.861,0.925,0.2,0.619,332.23,43.332,-10.398,967.473,1.22712684,2.387,-16.822,307.508,307.508
287.042,-99.53,-99.51,0.0,0.0,-99.4,-99.41,-99.42,-99.44,-99.43,32.64,-99.44,967.453,13.7000761,2.298,-12.182,306.605,306.605
287.142,1.831,1.814,96.75,7.948,-1.801,0.213,0.253,0.398,332.096,43.996,-10.408,967.455,1.22809732,2.764,-6.491,305.685,305.685
287.242,0.898,0.879,232.957,11.676,0.702,0.53,0.182,0.348,332.065,44.124,-10.417,967.464,1.22833443,3.063,-5.631,304.835,304.835
287.342,0.551,0.406,291.701,42.499,0.377,-0.15,0.372,-0.418,331.6,46.726,-10.398,967.462,1.23178065,2.928,-10.863,306.497,306.497
287.442,1.732,1.728,135.944,-4.028,-1.202,1.242,-0.122,-0.326,331.656,46.413,-10.398,967.472,1.23137677,2.712,-15.377,307.468,307.468
287.542,-99.53,-99.51,0.0,0.0,-99.4,-99.41,-99.42,-99.44,-99.43,32.663,-99.44,967.472,13.70035267,2.801,-15.872,307.528,307.528
287.642,2.176,2.176,95.838,-0.939,-2.164,0.221,-0.036,0.011,331.861,45.332,-10.385,967.457,1.22983766,3.556,-11.32,306.938,306.938
287.742,0.443,0.392,167.101,27.777,-0.088,0.382,0.207,-0.041,331.829,45.458,-10.398,967.459,1.23007393,3.907,-6.127,306.163,306.163
287.842,0.846,0.846,246.13,0.0,0.774,0.342,0.0,-0.586,331.498,47.328,-10.391,967.461,1.23253512,3.845,-5.799,304.716,304.716
287.942,0.432,0.379,74.011,28.557,-0.365,-0.104,0.206,-0.742,331.403,47.808,-10.408,967.455,1.23323607,3.56,-11.576,305.88,305.88
288.042,2.167,2.167,104.08,-0.557,-2.102,0.527,-0.021,0.218,331.986,44.611,-10.398,967.451,1.22889996,3.391,-16.49,306.848,306.848
288.143,3.097,3.097,87.233,0.0,-3.093,-0.149,0.0,-0.094,331.797,45.626,-10.4,967.461,1.23031652,3.875,-16.3,307.744,307.744
288.243,1.228,1.214,93.834,8.889,-1.211,0.081,0.19,0.006,331.857,45.269,-10.408,967.467,1.22987652,3.918,-12.227,306.744,306.744
288.343,0.844,0.754,276.252,26.686,0.749,-0.082,0.379,-0.192,331.738,45.995,-10.388,967.45,1.23074174,-4.709,-7.179,303.433,303.433
288.443,0.532,0.451,346.173,31.909,0.108,-0.438,0.281,-0.775,331.383,47.943,-10.402,967.465,1.23339713,-10.125,-7.002,301.487,301.487
288.543,2.02,2.019,113.327,1.789,-1.854,0.799,0.063,0.236,331.997,44.448,-10.427,967.462,1.2288357,-7.215,-11.271,303.978,303.978
288.643,-99.53,-99.51,0.0,0.0,-99.4,-99.41,-99.42,-99.44,-99.43,32.639,-99.44,967.471,13.70033836,-4.697,-15.801,305.835,305.835
288.743,2.183,2.17,108.344,6.341,-2.059,0.683,0.241,0.316,332.046,44.32,-10.391,967.482,1.22849905,-5.684,-15.373,304.481,304.481
288.843,1.267,1.256,197.346,-7.666,0.374,1.199,-0.169,-0.026,331.839,45.472,-10.38,967.47,1.2300185,-2.635,-11.476,305.299,305.299
288.943,1.883,1.88,203.965,2.877,0.764,1.718,0.094,-0.705,331.426,47.771,-10.383,967.453,1.23306143,-4.37,-7.093,304.929,304.929
289.043,1.999,1.999,166.508,-0.364,-0.466,1.943,-0.013,-0.73,331.41,47.749,-10.412,967.455,1.23318064,-3.52,-6.728,304.573,304.573
289.143,3.192,3.187,120.256,3.248,-2.753,1.606,0.181,0.331,332.055,44.246,-10.398,967.448,1.22838771,-1.155,-11.463,306.253,306.253
289.243,2.047,2.015,121.489,10.177,-1.718,1.053,0.362,0.012,331.861,45.284,-10.398,967.47,1.22985125,-5.134,-15.036,305.121,305.121
289.343,1.019,0.987,184.921,-14.561,0.085,0.983,-0.256,-0.095,331.796,45.566,-10.417,967.466,1.23032761,-4.357,-15.774,305.974,305.974
289.444,2.99,2.99,205.53,-0.533,1.289,2.698,-0.028,-0.589,331.496,47.399,-10.375,967.477,1.23257017,0.574,-12.032,305.769,305.769
289.544,1.916,1.916,176.732,0.0,-0.109,1.913,0.0,-0.793,331.372,47.991,-10.406,967.455,1.23346746,3.095,-8.196,307.282,307.282
289.644,2.982,2.98,123.822,2.441,-2.475,1.658,0.127,0.114,331.923,44.967,-10.392,967.479,1.22940159,1.743,-6.562,306.817,306.817
289.744,3.226,3.221,96.786,3.135,-3.198,0.381,0.176,0.398,332.096,44.125,-10.371,967.463,1.22810519,12.68,-9.839,309.022,309.022
289.844,1.143,1.142,70.552,-2.056,-1.077,-0.38,-0.041,-0.038,331.831,45.448,-10.398,967.483,1.23009098,24.27,-13.565,311.19,311.19
289.944,1.102,1.102,220.946,0.73,0.722,0.832,0.014,-0.081,331.805,45.644,-10.383,967.492,1.23029554,26.942,-13.112,311.716,311.716
290.044,0.723,0.377,354.23,58.582,0.038,-0.375,0.617,-0.702,331.427,47.708,-10.398,967.491,1.23310232,27.048,-10.717,309.368,309.368
290.144,1.309,1.292,111.101,-9.219,-1.206,0.465,-0.21,-0.117,331.784,45.826,-10.366,967.494,1.23045802,20.132,-7.86,308.756,308.756
290.244,-99.53,-99.51,0.0,0.0,-99.4,-99.41,-99.42,-99.44,-99.43,32.677,-99.44,967.499,13.70072842,10.003,-6.894,307.574,307.574
290.344,3.869,3.835,87.336,-7.574,-3.831,-0.178,-0.51,0.013,331.862,45.265,-10.402,967.473,1.22985232,5.494,-10.135,307.584,307.584
290.444,0.858,0.844,65.348,10.388,-0.767,-0.352,0.155,0.019,331.865,45.245,-10.402,967.485,1.22983968,8.191,-13.646,308.922,308.922
290.544,0.5,0.456,319.745,24.24,0.295,-0.348,0.205,-0.545,331.523,47.142,-10.402,967.505,1.23240638,12.011,-13.784,310.455,310.455
290.644,0.896,0.894,125.013,4.434,-0.732,0.513,0.069,-0.577,331.504,47.307,-10.388,967.488,1.23252952,11.965,-10.887,309.5,309.5
290.745,3.431,3.431,83.729,0.0,-3.41,-0.375,0.0,0.364,332.075,44.174,-10.388,967.494,1.22829795,14.08,-7.473,307.438,307.438
290.845,3.758,3.758,73.045,0.317,-3.595,-1.096,0.021,0.249,332.006,44.589,-10.375,967.492,1.22880828,16.233,-7.356,307.83,307.83
290.945,2.064,2.034,65.287,9.803,-1.847,-0.85,0.351,0.022,331.867,45.304,-10.383,967.495,1.22983682,13.455,-10.625,309.242,309.242
291.045,0.623,0.502,310.439,36.268,0.382,-0.326,0.368,-0.18,331.745,45.858,-10.415,967.477,1.23072529,8.958,-14.927,308.593,308.593
291.145,0.42,0.219,297.683,58.519,0.194,-0.102,0.358,-0.751,331.398,47.935,-10.383,967.481,1.23330832,1.002,-15.746,307.291,307.291
291.245,2.264,2.264,73.28,0.0,-2.168,-0.651,0.0,-0.056,331.82,45.591,-10.375,967.488,1.23017859,0.376,-13.88,306.135,306.135
291.345,4.294,4.294,70.367,0.0,-4.044,-1.443,0.0,0.374,332.081,44.171,-10.38,967.5,1.22826004,2.091,-9.801,306.681,306.681
291.445,3.264,3.263,70.451,1.48,-3.075,-1.092,0.084,0.088,331.908,44.982,-10.412,967.473,1.22951233,-0.199,-8.424,305.635,305.635
291.545,0.524,0.523,249.181,2.884,0.489,0.186,0.026,-0.104,331.791,45.615,-10.412,967.485,1.23039258,-4.785,-10.993,305.004,305.004
291.645,0.795,0.795,265.416,0.0,0.792,0.063,0.0,-0.678,331.442,47.557,-10.415,967.478,1.23297632,-21.896,-13.144,298.106,298.106
291.745,0.763,0.752,121.4,-9.732,-0.642,0.392,-0.129,-0.342,331.646,46.566,-10.371,967.462,1.23143494,-20.332,-14.164,297.656,297.656
291.845,2.318,2.318,97.096,0.0,-2.3,0.286,0.0,0.615,332.227,43.345,-10.398,967.481,1.22715628,-18.3,-11.191,298.123,298.123
291.945,2.265,2.265,86.853,0.0,-2.262,-0.124,0.0,0.267,332.016,44.524,-10.378,967.465,1.22869599,-6.347,-7.738,303.898,303.898
292.046,0.364,0.322,116.761,27.729,-0.288,0.145,0.169,0.275,332.021,44.479,-10.383,967.455,1.22864771,7.957,-6.678,307.416,307.416
292.146,1.945,1.674,292.441,30.606,1.547,-0.639,0.99,-0.398,331.613,46.739,-10.375,967.47,1.23169458,3.091,-8.986,305.463,305.463
292.246,1.319,1.064,282.812,36.283,1.037,-0.236,0.781,-0.657,331.455,47.603,-10.383,967.476,1.23287404,2.534,-12.689,306.755,306.755
292.346,-99.53,-99.51,0.0,0.0,-99.4,-99.41,-99.42,-99.44,-99.43,32.704,-99.44,967.451,13.70005035,2.818,-14.471,306.999,306.999
292.446,-99.53,-99.51,0.0,0.0,-99.4,-99.41,-99.42,-99.44,-99.43,32.704,-99.44,967.479,13.70044231,2.731,-12.097,306.787,306.787
292.546,2.52,2.509,81.873,-5.334,-2.484,-0.355,-0.234,-0.073,331.81,45.637,-10.378,967.48,1.23024392,3.352,-8.905,306.411,306.411
292.646,10.884,0.838,56.57,-85.584,-0.699,-0.462,-10.851,-32.69,311.363,100.0,-10.398,967.475,1.39711702,3.255,-7.468,305.772,305.772
292.746,1.743,1.741,309.778,2.749,1.338,-1.114,0.084,-0.91,331.301,48.42,-10.402,967.469,1.23401356,2.978,-10.328,305.791,305.791
292.846,2.028,2.026,98.42,-2.2,-2.005,0.297,-0.078,0.143,331.941,44.854,-10.398,967.463,1.22925138,3.373,-13.265,306.86,306.86
292.946,-99.53,-99.51,0.0,0.0,-99.4,-99.41,-99.42,-99.44,-99.43,32.703,-99.44,967.477,13.70041752,3.346,-13.815,306.994,306.994
293.046,3.117,3.117,88.714,-0.156,-3.116,-0.07,-0.008,0.013,331.862,45.371,-10.372,967.467,1.22983778,2.765,-11.359,306.49,306.49
293.146,0.634,0.634,89.267,0.0,-0.634,-0.008,0.0,0.003,331.856,45.386,-10.378,967.465,1.22988355,3.124,-8.434,304.781,304.781
293.246,1.268,0.795,287.187,51.132,0.76,-0.235,0.987,-0.516,331.541,47.237,-10.35,967.472,1.23222792,2.934,-8.458,304.966,304.966
293.347,1.709,1.666,130.324,12.899,-1.27,1.078,0.382,-0.305,331.669,46.336,-10.399,967.471,1.23127913,2.653,-10.855,306.223,306.223
293.447,3.02,3.02,97.783,0.0,-2.993,0.409,0.0,0.622,332.232,43.322,-10.398,967.483,1.22712648,2.492,-13.677,306.955,306.955
293.547,4.118,4.118,88.389,0.0,-4.117,-0.116,0.0,0.277,332.023,44.522,-10.369,967.476,1.2286638,2.353,-12.971,306.696,306.696
293.647,1.704,1.704,88.862,0.0,-1.703,-0.034,0.0,0.157,331.949,44.862,-10.383,967.479,1.22920847,2.794,-10.895,306.125,306.125
293.747,1.195,0.13,259.75,83.739,0.128,0.023,1.188,0.006,331.858,45.376,-10.378,967.467,1.22987258,-2.763,-8.397,304.538,304.538
293.847,0.41,0.211,242.494,58.996,0.187,0.097,0.351,-0.562,331.513,47.339,-10.366,967.477,1.23244548,7.455,-8.085,306.92,306.92
293.947,-99.53,-99.51,0.0,0.0,-99.4,-99.41,-99.42,-99.44,-99.43,32.716,-99.44,967.455,13.70011044,4.498,-11.135,306.442,306.442
294.047,4.143,4.126,84.49,-5.179,-4.107,-0.396,-0.374,0.32,332.048,44.372,-10.372,967.478,1.2284745,4.83,-13.255,307.229,307.229
294.147,2.269,2.269,86.663,0.0,-2.265,-0.132,0.0,0.083,331.904,45.027,-10.404,967.471,1.22953224,3.046,-13.703,306.967,306.967
294.247,9.882,1.353,91.791,-82.131,-1.352,0.042,-9.789,-32.551,311.453,100.0,-10.404,967.465,1.39629376,2.909,-11.65,306.51,306.51
294.347,0.822,0.465,18.75,55.557,-0.149,-0.44,0.678,-0.828,331.351,48.279,-10.363,967.452,1.23361683,3.733,-9.892,306.033,306.033
294.447,2.248,2.245,116.555,-2.802,-2.008,1.004,-0.11,-0.328,331.655,46.43,-10.395,967.474,1.23138702,3.337,-9.26,306.168,306.168
294.547,-99.53,-99.51,0.0,0.0,-99.4,-99.41,-99.42,-99.44,-99.43,32.755,-99.44,967.47,13.70032406,2.866,-10.381,306.557,306.557
294.648,2.553,2.551,85.363,-2.664,-2.542,-0.206,-0.119,0.092,331.91,45.072,-10.383,967.477,1.22949529,3.121,-12.167,306.837,306.837
294.748,0.721,0.684,88.912,18.603,-0.684,-0.013,0.23,-0.011,331.848,45.462,-10.369,967.471,1.22995043,2.724,-12.762,306.797,306.797
294.848,0.434,0.352,324.444,35.836,0.205,-0.286,0.254,-0.407,331.607,46.706,-10.392,967.479,1.23174858,2.825,-11.879,306.32,306.32
294.948,1.907,1.883,118.696,9.168,-1.651,0.904,0.304,-0.516,331.541,47.136,-10.378,967.46,1.23221564,1.793,-10.795,305.816,305.816
295.048,3.47,3.47,103.558,0.0,-3.373,0.813,0.0,0.48,332.146,43.84,-10.378,967.467,1.22774124,34.929,-15.956,313.731,313.731
295.148,-99.53,-99.51,0.0,0.0,-99.4,-99.41,-99.42,-99.44,-99.43,32.704,-99.44,967.473,13.70035553,-3.376,6.5,302.934,302.934
295.248,1.828,1.828,99.265,0.0,-1.805,0.294,0.0,0.261,332.013,44.594,-10.363,967.486,1.2287488,-7.203,-5.373,302.787,302.787
295.348,0.408,0.408,186.833,0.0,0.049,0.405,0.0,-0.011,331.848,45.406,-10.385,967.479,1.22996306,7.846,-25.984,312.352,312.352
295.448,1.803,1.803,149.982,0.0,-0.902,1.561,0.0,-0.701,331.428,47.813,-10.369,967.473,1.23307061,2.86,-8.053,305.204,305.204
295.548,2.983,2.962,142.235,6.725,-1.814,2.342,0.349,-0.316,331.662,46.373,-10.399,967.445,1.23129463,4.46,7.568,303.218,303.218
295.648,-99.53,-99.51,0.0,0.0,-99.4,-99.41,-99.42,-99.44,-99.43,32.69,-99.44,967.486,13.70054531,4.568,-6.183,305.949,305.949
295.748,2.761,2.761,105.583,0.273,-2.659,0.742,0.013,0.117,331.925,45.044,-10.369,967.495,1.22940838,3.031,-18.523,308.1,308.1
295.848,0.803,0.783,143.106,12.775,-0.47,0.626,0.178,-0.071,331.811,45.612,-10.383,967.484,1.23024082,3.812,-7.756,305.719,305.719
295.949,0.374,0.374,177.65,0.0,-0.015,0.374,0.0,-0.634,331.469,47.546,-10.378,967.481,1.23277819,4.474,8.453,303.226,303.226
296.049,2.558,2.558,132.404,0.761,-1.889,1.725,0.034,-0.486,331.559,47.054,-10.372,967.486,1.23211575,5.494,-5.806,305.45,305.45
296.149,4.236,4.235,106.292,1.353,-4.065,1.188,0.1,0.3,332.036,44.372,-10.39,967.482,1.22856867,2.491,-14.882,307.169,307.169
296.249,4.146,4.085,94.342,-9.856,-4.073,0.309,-0.71,0.02,331.867,45.434,-10.348,967.472,1.22980988,4.214,-3.683,304.118,304.118
296.349,1.518,1.517,119.691,-1.163,-1.318,0.752,-0.031,-0.098,331.795,45.741,-10.372,967.488,1.23036695,5.599,6.949,303.765,303.765
296.449,1.411,1.411,196.786,0.0,0.407,1.351,0.0,-0.348,331.643,46.594,-10.369,967.475,1.23147583,4.618,-6.798,305.109,305.109
296.549,1.502,1.487,146.773,-8.079,-0.815,1.244,-0.211,-0.657,331.455,47.7,-10.358,967.486,1.23288846,3.533,-13.573,307.33,307.33
296.649,3.792,3.789,117.349,-2.186,-3.366,1.741,-0.145,0.27,332.019,44.563,-10.363,967.503,1.22872806,6.275,-4.093,305.259,305.259
296.749,-99.53,-99.51,0.0,0.0,-99.4,-99.41,-99.42,-99.44,-99.43,32.739,-99.44,967.479,13.70044613,6.431,4.618,304.701,304.701
296.849,1.612,1.588,116.247,9.873,-1.425,0.702,0.276,0.209,331.981,44.692,-10.383,967.487,1.22898436,5.6,-6.362,305.457,305.457
296.949,1.177,1.147,203.747,12.796,0.462,1.05,0.261,0.089,331.909,45.11,-10.375,967.491,1.2295264,4.699,-13.589,307.197,307.197
297.049,0.143,0.143,254.723,0.0,0.138,0.038,0.0,-0.612,331.483,47.501,-10.369,967.48,1.23267567,4.594,-3.331,305.026,305.026
297.149,2.138,2.109,141.012,-9.507,-1.327,1.639,-0.353,-0.43,331.593,46.862,-10.372,967.487,1.23186374,5.508,4.823,303.747,303.747
297.25,-99.53,-99.51,0.0,0.0,-99.4,-99.41,-99.42,-99.44,-99.43,32.764,-99.44,967.496,13.70068741,4.072,-6.831,305.438,305.438
297.35,2.651,2.651,86.621,0.0,-2.647,-0.156,0.0,-0.073,331.81,45.611,-10.385,967.504,1.23027468,3.369,-12.093,306.247,306.247
297.45,0.581,0.581,93.999,-0.834,-0.58,0.041,-0.008,0.014,331.862,45.34,-10.38,967.49,1.22986782,3.897,-0.013,304.59,304.59
297.55,0.84,0.499,296.889,53.592,0.445,-0.226,0.676,-0.522,331.537,47.112,-10.39,967.493,1.23228884,4.547,3.665,304.145,304.145
297.65,1.662,1.659,129.124,-3.435,-1.287,1.047,-0.1,-0.656,331.456,47.65,-10.37,967.476,1.23286855,3.757,-8.751,305.622,305.622
297.75,3.528,3.528,109.232,0.237,-3.331,1.162,0.015,0.177,331.962,44.846,-10.369,967.501,1.22914433,4.044,-9.428,306.149,306.149
297.85,3.817,3.805,101.902,-4.512,-3.723,0.785,-0.3,0.1,331.915,45.117,-10.363,967.508,1.22949874,6.136,4.029,304.347,304.347
297.95,1.802,1.794,108.405,5.318,-1.702,0.566,0.167,-0.021,331.842,45.438,-10.385,967.479,1.23000753,5.947,3.225,304.767,304.767
298.05,0.478,0.278,193.239,54.52,0.064,0.27,0.389,-0.132,331.774,45.808,-10.385,967.5,1.23053539,4.861,-9.527,306.918,306.918
298.15,1.146,1.146,119.489,1.026,-0.997,0.564,0.021,-0.578,331.503,47.36,-10.375,967.468,1.23250759,4.992,-7.148,306.078,306.078
298.25,3.382,3.379,103.674,2.198,-3.284,0.799,0.13,0.419,332.108,44.011,-10.385,967.489,1.22804511,6.125,5.867,304.361,304.361
298.35,-99.53,-99.51,0.0,0.0,-99.4,-99.41,-99.42,-99.44,-99.43,32.803,-99.44,967.481,13.70048046,5.207,1.494,304.15,304.15
298.45,3.451,3.428,85.449,-6.618,-3.417,-0.272,-0.398,0.049,331.885,45.292,-10.361,967.486,1.22969794,3.614,-10.938,306.725,306.725
298.551,0.789,0.789,88.632,0.0,-0.789,-0.019,0.0,0.097,331.913,45.075,-10.378,967.485,1.22948384,3.731,-5.322,304.985,304.985
298.651,1.074,0.492,321.013,62.721,0.31,-0.383,0.955,-0.479,331.564,47.041,-10.369,967.478,1.23207068,4.959,4.088,303.856,303.856
298.751,1.707,1.706,125.47,-0.622,-1.39,0.99,-0.019,-0.537,331.528,47.281,-10.358,967.485,1.23234093,3.929,-6.052,304.985,304.985
298.851,-99.53,-99.51,0.0,0.0,-99.4,-99.41,-99.42,-99.44,-99.43,32.777,-99.44,967.48,13.70046329,3.412,-13.37,307.307,307.307
298.951,3.729,3.708,86.88,-6.042,-3.703,-0.202,-0.392,0.074,331.899,45.117,-10.388,967.487,1.2295934,4.531,-4.077,305.999,305.999
299.051,20.656,14.273,128.961,-46.291,-11.098,8.975,-14.931,-24.52,316.61,100.0,-10.353,967.477,1.35120022,4.522,-0.421,303.808,303.808
299.151,0.997,0.995,321.227,3.868,0.623,-0.776,0.067,-0.479,331.563,46.984,-10.385,967.476,1.23207211,4.246,-12.022,306.774,306.774
299.251,0.818,0.798,198.566,12.837,0.254,0.756,0.182,-0.785,331.377,47.982,-10.402,967.498,1.23348689,4.146,-13.942,307.148,307.148
299.351,2.761,2.759,94.729,-2.587,-2.749,0.227,-0.125,0.017,331.865,45.37,-10.369,967.487,1.22984469,5.241,-4.175,305.085,305.085
299.451,5.635,5.565,87.198,-9.043,-5.559,-0.272,-0.886,0.04,331.879,45.316,-10.363,967.483,1.22973919,5.03,-3.348,305.072,305.072
299.551,3.787,3.754,85.392,-7.521,-3.742,-0.302,-0.496,-0.169,331.753,46.162,-10.322,967.48,1.23066998,4.684,-13.813,306.814,306.814
299.651,0.631,0.609,36.254,14.971,-0.36,-0.491,0.163,-0.249,331.704,46.386,-10.334,967.481,1.23103321,4.057,-13.324,306.209,306.209
299.751,0.831,0.831,316.44,-0.598,0.573,-0.602,-0.009,-0.58,331.502,47.411,-10.363,967.491,1.23254478,4.868,-4.993,305.42,305.42
299.852,1.621,1.601,86.542,-9.013,-1.598,-0.097,-0.254,0.0,331.854,45.385,-10.38,967.484,1.22991979,4.521,-6.466,304.739,304.739
299.952,-99.53,-99.51,0.0,0.0,-99.4,-99.41,-99.42,-99.44,-99.43,32.794,-99.44,967.503,13.70078754,3.682,-13.99,307.318,307.318
300.052,4.406,4.363,87.226,-7.983,-4.358,-0.211,-0.612,0.041,331.879,45.332,-10.358,967.49,1.22974253,3.82,-11.238,306.328,306.328
300.152,1.049,1.029,80.958,11.016,-1.017,-0.162,0.2,0.054,331.887,45.178,-10.389,967.501,1.22970164,4.454,-4.405,305.006,305.006
300.252,1.092,1.086,307.879,6.037,0.857,-0.667,0.115,-0.412,331.604,46.701,-10.399,967.506,1.2318083,4.116,-7.779,305.188,305.188
300.352,0.685,0.661,168.926,15.169,-0.127,0.649,0.179,-0.574,331.506,47.485,-10.339,967.494,1.23252153,3.548,-12.832,306.477,306.477
300.452,-99.53,-99.51,0.0,0.0,-99.4,-99.41,-99.42,-99.44,-99.43,32.777,-99.44,967.499,13.70073223,4.198,-7.424,305.618,305.618
300.552,5.634,5.539,88.469,-10.537,-5.537,-0.148,-1.03,-0.136,331.772,45.865,-10.372,967.499,1.23054886,4.728,-3.085,304.972,304.972
300.652,8.319,3.334,87.412,-66.379,-3.33,-0.151,-7.622,-24.699,316.495,100.0,-10.365,967.481,1.35218513,4.686,-8.285,305.537,305.537
300.752,0.348,0.26,99.852,41.733,-0.256,0.044,0.232,-0.431,331.593,46.989,-10.339,967.486,1.23186195,4.28,-10.724,306.264,306.264
300.852,0.927,0.927,202.367,0.0,0.353,0.857,0.0,-0.853,331.336,48.443,-10.344,967.483,1.23376882,5.093,-4.937,305.148,305.148
300.952,2.341,2.326,96.62,-6.309,-2.311,0.268,-0.257,0.011,331.861,45.362,-10.377,967.476,1.22986066,5.633,-2.2,305.396,305.396
301.052,-99.53,-99.51,0.0,0.0,-99.4,-99.41,-99.42,-99.44,-99.43,32.79,-99.44,967.487,13.70055294,5.209,-6.853,305.87,305.87
301.153,3.478,3.473,86.465,-3.011,-3.466,-0.214,-0.183,-0.171,331.75,45.929,-10.388,967.481,1.23068976,4.39,-9.647,306.143,306.143
301.253,0.747,0.747,82.598,0.0,-0.74,-0.096,0.0,-0.12,331.782,45.846,-10.363,967.485,1.23046041,4.545,-4.458,305.55,305.55
301.353,0.133,0.133,169.906,1.592,-0.023,0.131,0.004,-0.572,331.507,47.423,-10.353,967.494,1.23251116,4.727,-1.554,304.645,304.645
301.453,1.789,1.758,106.045,-10.761,-1.689,0.486,-0.334,-0.07,331.812,45.671,-10.365,967.464,1.23020649,3.834,-7.061,305.901,305.901
301.553,3.28,3.28,89.658,0.0,-3.28,-0.02,0.0,0.742,332.305,43.052,-10.368,967.485,1.22659028,3.601,-8.267,306.636,306.636
301.653,4.276,4.26,87.477,-4.875,-4.256,-0.188,-0.363,0.213,331.984,44.801,-10.348,967.47,1.22893906,4.52,-1.336,304.002,304.002
301.753,7.818,2.659,84.728,-70.113,-2.648,-0.244,-7.352,-24.539,316.597,100.0,-10.375,967.474,1.35130489,4.364,-1.502,304.472,304.472
301.853,0.662,0.661,101.321,2.579,-0.648,0.13,0.03,-0.394,331.616,46.862,-10.339,967.483,1.23168993,4.315,-6.851,306.016,306.016
301.953,1.194,1.164,110.776,-12.82,-1.088,0.413,-0.265,-0.621,331.477,47.546,-10.365,967.467,1.23269951,4.55,-4.585,304.76,304.76
302.053,-99.53,-99.51,0.0,0.0,-99.4,-99.41,-99.42,-99.44,-99.43,32.814,-99.44,967.479,13.70043945,5.539,0.729,305.15,305.15
302.153,-99.53,-99.51,0.0,0.0,-99.4,-99.41,-99.42,-99.44,-99.43,32.805,-99.44,967.481,13.70046997,5.062,-1.824,305.549,305.549
302.253,3.24,3.24,87.775,0.0,-3.237,-0.126,0.0,-0.143,331.768,45.951,-10.356,967.486,1.23056459,4.109,-6.585,306.095,306.095
302.353,0.741,0.619,105.983,33.274,-0.595,0.17,0.406,-0.239,331.709,46.246,-10.363,967.469,1.23097801,5.129,-4.381,306.316,306.316
302.454,0.956,0.916,206.13,16.564,0.404,0.823,0.273,-0.695,331.432,47.777,-10.373,967.48,1.23305368,5.346,0.139,304.728,304.728
302.554,2.326,2.324,106.298,-2.366,-2.231,0.652,-0.096,0.13,331.934,45.09,-10.344,967.457,1.22929883,5.146,-4.028,306.208,306.208
302.654,-99.53,-99.51,0.0,0.0,-99.4,-99.41,-99.42,-99.44,-99.43,32.828,-99.44,967.489,13.70058346,5.363,-9.086,306.493,306.493
302.754,2.831,2.826,100.277,3.152,-2.781,0.504,0.156,0.105,331.919,45.17,-10.344,967.478,1.22943521,4.625,-3.45,305.134,305.134
302.854,0.838,0.838,136.238,0.0,-0.579,0.605,0.0,0.142,331.941,44.972,-10.365,967.469,1.22925854,4.454,-0.287,303.605,303.605
302.954,0.728,0.322,107.88,63.726,-0.307,0.099,0.653,-0.403,331.61,46.873,-10.344,967.485,1.23173499,4.351,-4.183,305.231,305.231
303.054,2.166,2.143,120.231,8.281,-1.852,1.079,0.312,-0.119,331.782,45.8,-10.375,967.488,1.23045945,4.006,-6.594,305.606,305.606
303.154,3.26,3.26,86.614,0.0,-3.255,-0.193,0.0,0.758,332.314,42.959,-10.38,967.496,1.22653198,4.34,-2.536,304.273,304.273
303.254,3.483,3.483,93.192,0.0,-3.478,0.194,0.0,0.469,332.139,43.919,-10.365,967.494,1.22782457,5.17,-0.37,304.762,304.762
303.354,1.471,1.439,106.405,11.917,-1.381,0.406,0.304,0.334,332.058,44.383,-10.356,967.465,1.22839069,4.277,-4.633,305.291,305.291
303.454,0.287,0.287,210.867,0.0,0.147,0.246,0.0,0.066,331.895,45.356,-10.329,967.467,1.22959805,3.779,-7.392,306.325,306.325
303.555,1.121,1.106,124.749,9.312,-0.909,0.63,0.181,-0.516,331.541,47.154,-10.373,967.46,1.23221636,4.956,-2.435,304.881,304.881
303.655,-99.53,-99.51,0.0,0.0,-99.4,-99.41,-99.42,-99.44,-99.43,32.854,-99.44,967.484,13.70051861,6.108,-0.833,304.943,304.943
303.755,-99.53,-99.51,0.0,0.0,-99.4,-99.41,-99.42,-99.44,-99.43,32.828,-99.44,967.476,13.70040035,3.95,-6.932,305.735,305.735
303.855,2.198,2.198,98.105,0.0,-2.176,0.31,0.0,0.144,331.942,44.967,-10.365,967.482,1.22926939,4.344,-7.964,305.266,305.266
303.955,0.59,0.4,193.253,47.39,0.092,0.389,0.434,-0.076,331.808,45.727,-10.356,967.483,1.23026001,4.379,-2.618,304.284,304.284
304.055,0.302,0.298,62.1,8.599,-0.264,-0.14,0.045,-0.707,331.425,47.861,-10.361,967.484,1.2331084,4.709,-2.572,304.723,304.723
304.155,3.256,3.242,119.886,5.312,-2.811,1.615,0.301,-0.069,331.812,45.724,-10.35,967.491,1.23023951,4.136,-7.305,305.297,305.297
304.255,-99.53,-99.51,0.0,0.0,-99.4,-99.41,-99.42,-99.44,-99.43,32.892,-99.44,967.492,13.7006321,4.441,-7.2,306.724,306.724
304.355,3.463,3.463,106.44,0.422,-3.321,0.98,0.025,0.065,331.894,45.241,-10.361,967.478,1.2296195,4.34,-2.811,305.229,305.229
304.455,1.05,0.97,146.323,22.493,-0.538,0.808,0.402,0.134,331.936,44.938,-10.382,967.473,1.22930229,4.375,-3.785,305.394,305.394
304.556,0.281,0.246,189.007,28.897,0.039,0.243,0.136,-0.319,331.661,46.509,-10.365,967.485,1.23135781,4.093,-7.91,305.982,305.982
304.656,2.28,2.276,127.965,3.578,-1.794,1.4,0.142,-0.332,331.653,46.645,-10.34,967.492,1.2314229,4.586,-6.108,305.699,305.699
304.756,4.351,4.326,103.546,6.244,-4.205,1.013,0.473,0.687,332.272,43.32,-10.339,967.495,1.2268424,4.459,-1.412,305.582,305.582
304.856,4.118,4.118,96.641,0.0,-4.09,0.476,0.0,0.346,332.065,44.303,-10.368,967.466,1.22833955,4.903,-3.914,305.565,305.565
304.956,1.835,1.825,100.217,6.217,-1.796,0.324,0.199,0.25,332.006,44.615,-10.368,967.476,1.22878599,4.465,-7.063,306.239,306.239
305.056,0.443,0.443,176.798,0.0,-0.025,0.442,0.0,0.184,331.966,44.871,-10.356,967.485,1.22909272,4.762,-4.327,305.237,305.237
305.156,2.063,2.059,135.013,3.507,-1.456,1.457,0.126,-0.595,331.493,47.575,-10.334,967.482,1.23259938,4.938,-0.996,304.891,304.891
305.256,-99.53,-99.51,0.0,0.0,-99.4,-99.41,-99.42,-99.44,-99.43,32.817,-99.44,967.489,13.7005806,4.967,-3.505,305.489,305.489
305.356,-99.53,-99.51,0.0,0.0,-99.4,-99.41,-99.42,-99.44,-99.43,32.878,-99.44,967.479,13.70043945,5.001,-5.919,305.253,305.253
305.457,2.987,2.987,115.596,0.14,-2.694,1.29,0.007,-0.118,331.783,45.894,-10.348,967.494,1.23046136,4.243,-3.608,304.866,304.866
305.557,1.253,1.253,170.702,0.0,-0.202,1.236,0.0,-0.261,331.696,46.294,-10.371,967.477,1.23108804,5.734,-1.649,304.506,304.506
305.657,0.893,0.889,175.885,-5.39,-0.064,0.887,-0.084,-0.797,331.371,48.303,-10.329,967.482,1.23351097,4.365,-5.362,305.585,305.585
305.757,1.573,1.549,122.992,-9.873,-1.299,0.844,-0.27,-0.402,331.61,46.765,-10.373,967.495,1.23174787,4.38,-7.157,305.825,305.825
305.857,-99.53,-99.51,0.0,0.0,-99.4,-99.41,-99.42,-99.44,-99.43,32.854,-99.44,967.489,13.70058823,4.314,-5.075,305.126,305.126
305.957,4.982,4.906,89.062,-10.04,-4.905,-0.08,-0.869,-0.318,331.661,46.613,-10.336,967.498,1.23136854,4.824,-4.772,305.257,305.257
306.057,1.755,1.75,86.518,4.217,-1.747,-0.106,0.129,-0.254,331.701,46.378,-10.34,967.496,1.23107386,4.445,-8.051,305.696,305.696
306.157,0.692,0.692,134.544,2.715,-0.493,0.485,0.033,-0.431,331.592,46.804,-10.389,967.495,1.23188174,4.15,-8.481,306.63,306.63
306.257,2.723,2.615,122.791,-16.184,-2.198,1.416,-0.759,-0.57,331.508,47.479,-10.336,967.482,1.23248649,4.625,-6.15,305.765,305.765
306.357,4.605,4.605,108.141,-0.451,-4.376,1.434,-0.036,0.543,332.184,43.785,-10.336,967.495,1.2274915,4.549,-6.892,305.685,305.685
306.457,-99.53,-99.51,0.0,0.0,-99.4,-99.41,-99.42,-99.44,-99.43,32.878,-99.44,967.473,13.70036221,4.565,-9.313,306.17,306.17
306.558,3.818,3.818,86.316,0.0,-3.81,-0.245,0.0,-0.194,331.737,46.157,-10.346,967.47,1.23077202,4.31,-8.793,306.48,306.48
306.658,20.006,14.531,128.852,-43.421,-11.316,9.115,-13.751,-41.891,305.349,100.0,-10.359,967.481,1.45270216,4.862,-5.966,305.192,305.192
306.758,0.795,0.751,202.46,19.054,0.287,0.694,0.259,-0.677,331.443,47.743,-10.365,967.473,1.23296177,4.78,-6.807,306.311,306.311
306.858,0.989,0.782,123.542,-37.738,-0.652,0.432,-0.605,-0.508,331.546,47.237,-10.343,967.48,1.23220062,4.332,-9.215,305.821,305.821
306.958,-99.53,-99.51,0.0,0.0,-99.4,-99.41,-99.42,-99.44,-99.43,32.841,-99.44,967.484,13.70052147,4.254,-7.816,305.998,305.998
307.058,3.932,3.907,84.457,-6.502,-3.889,-0.377,-0.445,-0.135,331.773,46.061,-10.318,967.494,1.23053467,4.536,-5.505,304.759,304.759
307.158,20.597,14.164,129.223,-46.552,-10.973,8.957,-14.953,-24.622,316.545,100.0,-10.353,967.467,1.35174167,4.402,-6.842,305.11,305.11
307.258,1.294,0.818,329.687,50.766,0.413,-0.706,1.002,-0.562,331.514,47.47,-10.331,967.493,1.23246181,3.891,-8.501,305.75,305.75
307.358,2.699,2.697,118.754,2.356,-2.365,1.297,0.111,-0.455,331.578,46.971,-10.365,967.494,1.23198164,4.291,-6.605,305.469,305.469
307.458,4.31,4.31,108.865,0.0,-4.079,1.394,0.0,0.124,331.93,45.075,-10.353,967.483,1.22935987,4.359,-5.165,305.628,305.628
307.558,3.357,3.357,90.731,0.0,-3.356,0.043,0.0,0.169,331.957,44.956,-10.346,967.483,1.22915626,4.285,-7.163,306.076,306.076
307.658,1.196,1.136,105.053,18.265,-1.097,0.295,0.375,0.18,331.964,45.031,-10.315,967.51,1.22913826,4.23,-7.66,305.053,305.053
307.758,0.502,0.164,61.889,70.946,-0.145,-0.077,0.474,-0.241,331.708,46.346,-10.338,967.483,1.23100317,4.716,-5.583,306.124,306.124
307.859,0.691,0.575,180.773,33.715,0.008,0.575,0.384,-0.664,331.451,47.8,-10.338,967.478,1.23290586,4.78,-5.084,305.536,305.536
307.959,3.109,3.1,113.252,4.384,-2.848,1.224,0.238,0.416,332.108,44.224,-10.326,967.486,1.22804797,4.442,-7.751,306.344,306.344
308.059,-99.53,-99.51,0.0,0.0,-99.4,-99.41,-99.42,-99.44,-99.43,32.878,-99.44,967.5,13.70074272,4.258,-7.627,305.4,305.4
308.159,3.318,3.317,97.905,1.498,-3.285,0.456,0.087,0.005,331.858,45.503,-10.343,967.477,1.22988379,4.661,-4.605,305.318,305.318
308.259,27.21,19.17,130.538,-45.21,-14.569,12.459,-19.311,-32.638,311.398,100.0,-10.331,967.466,1.39679396,4.826,-5.023,305.846,305.846
308.359,0.751,0.748,164.418,-5.182,-0.201,0.721,-0.068,-0.853,331.336,48.512,-10.326,967.482,1.23376608,4.318,-7.532,306.087,306.087
308.459,3.52,3.519,119.383,-1.395,-3.066,1.727,-0.086,-0.674,331.445,47.849,-10.334,967.472,1.23294115,4.103,-6.703,305.432,305.432
308.559,-99.53,-99.51,0.0,0.0,-99.4,-99.41,-99.42,-99.44,-99.43,32.915,-99.44,967.472,13.70034981,4.736,-5.031,305.919,305.919
308.659,4.315,4.315,90.441,0.0,-4.314,0.033,0.0,-0.509,331.545,47.261,-10.338,967.471,1.23219752,4.708,-6.068,305.454,305.454
308.759,21.281,15.384,128.14,-43.704,-12.1,9.501,-14.704,-25.034,316.282,100.0,-10.334,967.475,1.35399771,4.471,-7.288,306.243,306.243
308.859,1.767,1.711,127.967,-14.367,-1.349,1.053,-0.438,-0.901,331.307,48.663,-10.331,967.445,1.23393583,4.333,-5.828,305.683,305.683
308.959,3.353,3.292,119.632,-10.982,-2.861,1.628,-0.639,-0.909,331.302,48.752,-10.316,967.466,1.23399806,4.388,-4.857,306.152,306.152
309.059,5.48,5.479,108.584,-0.326,-5.194,1.746,-0.031,0.003,331.857,45.602,-10.318,967.463,1.22987437,4.428,-5.792,306.271,306.271
309.16,5.951,5.89,91.425,-8.195,-5.889,0.146,-0.848,-0.474,331.567,47.09,-10.351,967.449,1.23200917,4.325,-6.135,305.7,305.7
309.26,3.578,3.577,97.44,-1.294,-3.547,0.463,-0.081,-0.568,331.51,47.5,-10.329,967.47,1.23246038,4.558,-3.972,305.812,305.812
309.36,1.585,1.573,120.356,7.028,-1.357,0.795,0.194,-0.617,331.48,47.635,-10.338,967.482,1.23269832,4.685,-4.177,304.737,304.737
309.46,3.139,3.11,117.538,-7.762,-2.757,1.438,-0.424,-0.987,331.255,48.942,-10.338,967.462,1.23434687,4.539,-5.068,306.01,306.01
309.56,4.709,4.709,106.457,-0.487,-4.516,1.334,-0.04,0.028,331.872,45.53,-10.315,967.451,1.22974455,4.573,-5.271,305.703,305.703
309.66,-99.53,-99.51,0.0,0.0,-99.4,-99.41,-99.42,-99.44,-99.43,32.901,-99.44,967.458,13.70014095,4.851,-4.082,304.921,304.921
309.76,3.754,3.754,88.83,-0.624,-3.753,-0.077,-0.041,-0.609,331.485,47.614,-10.336,967.456,1.23262787,4.921,-4.329,304.973,304.973
309.86,1.725,1.721,99.024,4.149,-1.7,0.27,0.125,-0.428,331.595,46.933,-10.351,967.448,1.23180234,4.655,-5.564,305.171,305.171
309.96,1.995,1.995,119.247,0.248,-1.74,0.975,0.009,-0.991,331.253,49.015,-10.323,967.473,1.23437846,4.551,-6.125,305.905,305.905
310.06,3.298,3.292,108.447,-3.336,-3.123,1.042,-0.192,-0.703,331.428,47.979,-10.326,967.461,1.23305798,4.142,-5.396,305.773,305.773
310.16,-99.53,-99.51,0.0,0.0,-99.4,-99.41,-99.42,-99.44,-99.43,32.878,-99.44,967.466,13.70025635,4.305,-6.395,305.543,305.543
310.26,4.867,4.867,87.796,0.0,-4.863,-0.187,0.0,-0.53,331.533,47.315,-10.343,967.462,1.23227942,4.184,-7.009,306.615,306.615
310.36,20.916,15.691,125.37,-41.393,-12.795,9.083,-13.83,-25.105,316.237,100.0,-10.338,967.463,1.35436702,4.233,-6.909,305.927,305.927
310.461,1.516,1.491,113.055,10.305,-1.372,0.584,0.271,-0.812,331.361,48.269,-10.351,967.451,1.23354101,4.378,-6.613,305.844,305.844
310.561,2.57,2.566,112.182,-3.414,-2.376,0.969,-0.153,-0.997,331.249,48.928,-10.351,967.47,1.23440349,4.269,-7.134,305.938,305.938
310.661,3.713,3.713,101.352,0.0,-3.641,0.731,0.0,-0.084,331.804,45.77,-10.351,967.46,1.23026466,4.903,-8.256,305.72,305.72
310.761,6.269,6.17,88.542,-10.2,-6.168,-0.157,-1.11,-0.207,331.729,46.254,-10.331,967.454,1.23080814,4.705,-7.44,306.158,306.158
310.861,3.974,3.963,88.903,-4.228,-3.962,-0.076,-0.293,-0.602,331.489,47.599,-10.334,967.439,1.23257625,4.891,-7.074,306.208,306.208
310.961,1.106,1.106,109.242,0.0,-1.044,0.364,0.0,-0.548,331.521,47.348,-10.351,967.475,1.23237979,4.662,-8.204,306.551,306.551
311.061,1.658,1.658,128.886,0.996,-1.291,1.041,0.029,-1.005,331.244,49.016,-10.336,967.465,1.2344346,3.901,-8.394,306.391,306.391
311.161,2.896,2.896,98.503,0.019,-2.864,0.428,0.001,-0.145,331.767,45.958,-10.355,967.462,1.23054278,4.238,-8.678,306.111,306.111
311.261,-99.53,-99.51,0.0,0.0,-99.4,-99.41,-99.42,-99.44,-99.43,32.904,-99.44,967.448,13.70000648,4.09,-7.646,306.748,306.748
311.361,4.146,4.145,88.107,-1.269,-4.143,-0.137,-0.092,-0.431,331.593,46.889,-10.365,967.458,1.23182726,4.462,-7.202,305.802,305.802
311.461,27.287,18.881,130.484,-46.215,-14.361,12.258,-19.7,-32.674,311.375,100.0,-10.316,967.464,1.39699781,4.505,-7.261,305.982,305.982
311.561,0.493,0.441,178.024,-26.581,-0.015,0.441,-0.221,-0.905,331.304,48.544,-10.365,967.468,1.23398483,4.707,-7.136,305.002,305.002
311.662,1.033,0.99,128.297,-16.608,-0.777,0.614,-0.295,-0.91,331.302,48.676,-10.336,967.458,1.23399436,4.656,-5.966,305.642,305.642
311.762,-99.53,-99.51,0.0,0.0,-99.4,-99.41,-99.42,-99.44,-99.43,32.878,-99.44,967.462,13.70020676,4.399,-5.678,305.09,305.09
311.862,6.234,6.143,88.33,-9.763,-6.141,-0.179,-1.057,-0.655,331.457,47.729,-10.348,967.458,1.23283982,4.267,-6.68,305.473,305.473
311.962,21.405,16.017,123.892,-41.559,-13.295,8.931,-14.2,-25.177,316.192,100.0,-10.321,967.465,1.35476077,4.525,-6.306,306.394,306.394
312.062,37.617,24.041,132.387,-50.275,-17.757,16.207,-28.932,-12.915,323.915,100.0,-10.343,967.455,1.29091418,4.346,-4.797,305.341,305.341
312.162,0.74,0.57,140.792,-39.653,-0.36,0.442,-0.472,-1.288,331.071,49.971,-10.355,967.465,1.23572206,4.205,-5.197,305.936,305.936
312.262,4.039,4.028,88.701,-4.218,-4.027,-0.091,-0.297,-0.251,331.702,46.278,-10.365,967.468,1.23102868,4.366,-7.082,306.371,306.371
312.362,5.57,5.57,87.602,0.0,-5.565,-0.233,0.0,-0.239,331.709,46.31,-10.346,967.48,1.23099113,4.488,-6.03,305.872,305.872
312.462,4.717,4.67,87.751,-8.053,-4.667,-0.183,-0.661,-0.715,331.42,47.918,-10.353,967.465,1.23311973,4.655,-4.144,305.708,305.708
312.562,1.452,1.452,92.431,0.0,-1.451,0.062,0.0,-0.613,331.482,47.503,-10.369,967.461,1.23265624,4.894,-5.877,306.327,306.327
312.662,1.698,1.681,113.664,-8.109,-1.539,0.675,-0.239,-1.001,331.246,49.032,-10.329,967.476,1.23443043,4.199,-6.796,306.425,306.425
312.762,3.085,3.071,96.749,-5.567,-3.049,0.361,-0.299,-0.284,331.682,46.46,-10.346,967.453,1.23115551,4.316,-5.431,305.874,305.874
312.862,4.49,4.49,88.473,0.0,-4.488,-0.12,0.0,0.439,332.122,44.122,-10.334,967.446,1.22789168,4.784,-4.897,305.728,305.728
312.962,5.226,5.209,88.198,-4.668,-5.206,-0.164,-0.425,-0.468,331.57,47.09,-10.346,967.456,1.23199224,4.467,-5.864,305.609,305.609
313.063,26.972,19.692,128.315,-43.106,-15.451,12.209,-18.431,-32.847,311.263,100.0,-10.334,967.463,1.39800203,4.511,-5.98,306.7,306.7
313.163,0.848,0.841,135.645,6.977,-0.588,0.602,0.103,-3.86,329.502,60.634,-10.329,967.444,1.24749327,4.526,-4.655,305.988,305.988
313.263,1.26,1.255,133.942,-5.081,-0.904,0.871,-0.112,-0.94,331.283,48.744,-10.346,967.461,1.2341336,4.564,-4.283,305.422,305.422
313.363,-99.53,-99.51,0.0,0.0,-99.4,-99.41,-99.42,-99.44,-99.43,32.892,-99.44,967.446,13.69998264,5.094,-4.635,305.198,305.198
313.463,6.061,5.996,88.602,-8.402,-5.994,-0.146,-0.886,-0.456,331.577,47.05,-10.346,967.442,1.23192263,4.037,-5.072,305.621,305.621
313.563,3.797,3.789,86.915,-3.66,-3.783,-0.204,-0.242,-0.716,331.42,47.943,-10.348,967.438,1.233091,4.449,-4.521,305.78,305.78
313.663,1.139,1.137,102.58,3.279,-1.11,0.248,0.065,-0.654,331.457,47.727,-10.348,967.463,1.23284316,5.178,-4.374,305.696,305.696
313.763,0.963,0.954,171.042,-7.86,-0.148,0.942,-0.132,-1.074,331.202,49.323,-10.321,967.443,1.23471558,4.165,-4.424,304.952,304.952
313.863,2.998,2.986,109.844,-4.953,-2.809,1.014,-0.259,-0.198,331.735,46.18,-10.343,967.454,1.2307682,4.226,-5.248,305.804,305.804
313.963,-99.53,-99.51,0.0,0.0,-99.4,-99.41,-99.42,-99.44,-99.43,32.892,-99.44,967.448,13.70000935,3.971,-4.528,305.849,305.849
314.063,4.303,4.274,87.416,-6.557,-4.27,-0.193,-0.491,-0.427,331.595,46.862,-10.369,967.456,1.23181033,3.449,-4.577,305.694,305.694
314.163,1.142,1.142,99.664,0.0,-1.126,0.192,0.0,-0.305,331.669,46.46,-10.365,967.463,1.23126638,4.655,-6.001,306.13,306.13
314.263,0.867,0.856,162.318,8.846,-0.26,0.816,0.133,-0.68,331.441,47.753,-10.365,967.437,1.23292887,4.156,-5.504,305.232,305.232
314.364,2.058,2.053,108.421,-3.854,-1.948,0.649,-0.138,-0.222,331.721,46.341,-10.321,967.449,1.23086798,4.331,-4.914,304.541,304.541
314.464,3.927,3.927,88.897,0.0,-3.927,-0.076,0.0,0.682,332.269,43.286,-10.353,967.447,1.22680616,5.163,-5.971,306.764,306.764
314.564,4.524,4.524,90.585,-0.717,-4.524,0.046,-0.057,-0.023,331.84,45.501,-10.369,967.438,1.22996366,3.958,-5.125,306.398,306.398
314.664,2.282,2.277,90.965,3.813,-2.277,0.038,0.152,-0.123,331.78,45.939,-10.341,967.465,1.23044562,4.728,-5.598,305.875,305.875
314.764,1.172,1.141,118.877,13.316,-0.999,0.551,0.27,-0.393,331.616,46.76,-10.365,967.472,1.23167551,5.143,-6.671,305.787,305.787
314.864,2.139,2.137,122.394,2.603,-1.805,1.145,0.097,-0.646,331.462,47.752,-10.334,967.465,1.23280764,4.197,-6.993,305.638,305.638
314.964,-99.53,-99.51,0.0,0.0,-99.4,-99.41,-99.42,-99.44,-99.43,32.901,-99.44,967.465,13.7002449,4.367,-6.341,306.117,306.117
315.064,-99.53,-99.51,0.0,0.0,-99.4,-99.41,-99.42,-99.44,-99.43,32.89,-99.44,967.452,13.70006466,4.095,-6.17,306.166,306.166
315.164,3.203,3.202,99.6,1.855,-3.157,0.534,0.104,-0.279,331.685,46.479,-10.336,967.451,1.23113036,3.804,-8.122,305.903,305.903
315.264,1.22,1.013,127.289,33.873,-0.806,0.614,0.68,-0.442,331.586,46.966,-10.355,967.453,1.23187244,3.776,-8.437,305.995,305.995
315.364,2.256,2.25,126.364,4.133,-1.812,1.334,0.163,-0.943,331.281,48.68,-10.365,967.459,1.23414695,3.604,-6.546,305.941,305.941
315.464,4.471,4.459,105.45,4.253,-4.298,1.188,0.332,0.07,331.897,45.229,-10.36,967.458,1.22957218,3.821,-6.46,305.967,305.967
315.564,-99.53,-99.51,0.0,0.0,-99.4,-99.41,-99.42,-99.44,-99.43,32.901,-99.44,967.452,13.70006847,4.951,-7.535,306.382,306.382
315.665,3.727,3.712,102.271,5.186,-3.627,0.789,0.337,-0.143,331.767,45.969,-10.351,967.461,1.23053432,4.457,-7.289,305.841,305.841
315.765,1.065,0.906,110.566,31.715,-0.848,0.318,0.56,-0.094,331.797,45.738,-10.369,967.446,1.23029494,4.274,-6.441,306.122,306.122
315.865,1.029,1.019,159.741,7.772,-0.353,0.956,0.139,-0.73,331.411,47.947,-10.36,967.484,1.2332139,4.959,-6.516,306.107,306.107
315.965,4.146,4.126,134.833,5.755,-2.926,2.909,0.416,-0.321,331.659,46.536,-10.36,967.465,1.23134196,5.029,-6.536,305.569,305.569
316.065,5.362,5.34,113.014,5.217,-4.915,2.088,0.488,0.544,332.185,43.739,-10.348,967.448,1.22742617,4.503,-6.16,306.082,306.082
316.165,3.917,3.916,102.706,1.311,-3.82,0.861,0.09,0.053,331.887,45.25,-10.369,967.464,1.22965515,5.186,-5.461,305.939,305.939
316.265,2.071,2.044,115.841,9.209,-1.84,0.891,0.331,-0.003,331.853,45.549,-10.338,967.455,1.22989452,4.58,-4.975,306.353,306.353
316.365,1.903,1.899,160.853,3.884,-0.623,1.794,0.129,-0.356,331.638,46.673,-10.355,967.443,1.23147297,3.856,-5.991,305.769,305.769
316.465,2.472,2.472,137.775,-1.198,-1.661,1.83,-0.052,-0.773,331.385,47.996,-10.386,967.458,1.23337722,3.865,-6.923,306.685,306.685
316.565,-99.53,-99.51,0.0,0.0,-99.4,-99.41,-99.42,-99.44,-99.43,32.84,-99.44,967.453,13.70008183,4.314,-6.251,305.878,305.878
316.665,4.901,4.863,95.057,-7.125,-4.844,0.429,-0.608,-0.026,331.838,45.441,-10.389,967.448,1.22999322,4.151,-6.14,306.651,306.651
316.766,2.65,2.643,114.768,4.13,-2.4,1.107,0.191,-0.121,331.781,45.826,-10.369,967.456,1.23042738,4.147,-5.979,306.272,306.272
316.866,1.529,1.529,168.901,0.0,-0.294,1.5,0.0,-0.24,331.709,46.222,-10.371,967.451,1.2309587,4.284,-6.177,305.794,305.794
316.966,2.666,2.665,155.929,-0.765,-1.087,2.434,-0.036,-0.938,331.284,48.628,-10.375,967.455,1.23412275,5.783,-7.336,306.627,306.627
317.066,5.236,5.235,120.429,-0.479,-4.514,2.652,-0.044,0.025,331.87,45.377,-10.36,967.458,1.22977364,4.665,-5.098,306.016,306.016
317.166,-99.53,-99.51,0.0,0.0,-99.4,-99.41,-99.42,-99.44,-99.43,32.863,-99.44,967.451,13.70004463,4.442,-3.895,304.956,304.956
317.266,4.394,4.392,107.86,-1.494,-4.18,1.347,-0.115,-0.133,331.774,45.901,-10.36,967.444,1.23046529,4.465,-6.459,305.603,305.603
317.366,2.071,2.015,120.454,13.308,-1.737,1.021,0.477,-0.176,331.748,46.078,-10.351,967.465,1.23068702,4.516,-7.016,306.15,306.15
317.466,2.076,2.076,147.699,0.0,-1.109,1.754,0.0,-0.503,331.549,47.081,-10.38,967.447,1.23214042,3.988,-4.216,305.6,305.6
317.566,4.121,4.103,125.342,-5.351,-3.347,2.374,-0.384,-0.33,331.654,46.571,-10.359,967.452,1.23136652,4.035,-3.84,305.469,305.469
317.666,5.479,5.479,108.871,0.0,-5.184,1.772,0.0,0.559,332.194,43.615,-10.371,967.447,1.22736239,5.192,-7.364,306.267,306.267
317.766,4.268,4.264,100.413,2.522,-4.194,0.771,0.188,0.089,331.908,45.094,-10.38,967.455,1.2294836,4.286,-6.411,305.717,305.717
317.866,2.545,2.545,107.143,0.604,-2.431,0.75,0.027,0.009,331.86,45.349,-10.382,967.46,1.22985065,3.48,-3.546,305.271,305.271
317.966,1.708,1.596,145.635,20.822,-0.901,1.318,0.607,-0.259,331.697,46.18,-10.399,967.458,1.23105717,4.815,-4.531,305.681,305.681
318.066,3.035,3.03,133.836,-3.097,-2.186,2.099,-0.164,-0.667,331.449,47.707,-10.365,967.458,1.23289728,3.961,-6.538,306.065,306.065
318.167,-99.53,-99.51,0.0,0.0,-99.4,-99.41,-99.42,-99.44,-99.43,32.812,-99.44,967.448,13.70000362,3.451,-5.183,305.619,305.619
318.267,-99.53,-99.51,0.0,0.0,-99.4,-99.41,-99.42,-99.44,-99.43,32.84,-99.44,967.455,13.70011044,4.013,-3.357,304.902,304.902
318.367,2.931,2.93,108.208,-1.287,-2.783,0.916,-0.066,-0.188,331.74,45.995,-10.385,967.472,1.23075545,4.862,-4.098,305.938,305.938
318.467,1.308,1.235,132.82,19.233,-0.906,0.839,0.431,-0.185,331.742,46.056,-10.365,967.463,1.23072553,4.753,-5.81,306.435,306.435
318.567,1.94,1.925,148.168,7.065,-1.015,1.635,0.239,-0.826,331.352,48.251,-10.369,967.468,1.23363066,4.644,-4.406,305.844,305.844
318.667,4.318,4.318,120.527,-0.682,-3.719,2.193,-0.051,-0.138,331.771,45.884,-10.369,967.465,1.23051703,5.003,-2.632,305.466,305.466
318.767,-99.53,-99.51,0.0,0.0,-99.4,-99.41,-99.42,-99.44,-99.43,32.887,-99.44,967.459,13.70015812,5.649,-3.705,305.236,305.236
318.867,4.197,4.195,107.796,1.944,-3.994,1.282,0.142,-0.245,331.705,46.205,-10.38,967.477,1.23101604,4.783,-5.635,305.945,305.945
318.967,2.109,2.077,140.809,9.985,-1.312,1.61,0.366,-0.08,331.806,45.69,-10.369,967.471,1.23026276,4.556,-5.391,305.644,305.644
319.067,2.341,2.339,172.149,2.433,-0.32,2.317,0.099,-0.528,331.534,47.261,-10.355,967.48,1.23229373,4.302,-4.197,305.651,305.651
319.167,3.711,3.692,141.228,-5.719,-2.312,2.879,-0.37,-0.468,331.57,46.943,-10.385,967.458,1.23199975,4.134,-5.485,306.157,306.157
319.267,5.484,5.48,117.206,-2.167,-4.874,2.505,-0.207,0.561,332.195,43.544,-10.389,967.481,1.22739625,3.33,-7.164,305.49,305.49
319.367,4.698,4.63,103.117,-9.76,-4.51,1.051,-0.796,0.148,331.944,44.901,-10.38,967.471,1.22923911,3.49,-7.139,305.864,305.864
319.468,2.765,2.764,118.875,-0.953,-2.42,1.335,-0.046,-0.032,331.835,45.473,-10.385,967.449,1.23002088,4.127,-6.49,306.227,306.227
319.568,2.205,2.196,170.166,5.202,-0.375,2.163,0.2,-0.205,331.729,45.99,-10.402,967.486,1.2308501,4.71,-6.92,306.399,306.399
319.668,2.702,2.66,149.602,-10.118,-1.346,2.294,-0.475,-0.654,331.457,47.581,-10.386,967.481,1.23286891,4.955,-7.446,305.937,305.937
319.768,4.138,3.988,129.51,-15.483,-3.077,2.537,-1.105,-0.281,331.683,46.307,-10.385,967.486,1.23119211,5.716,-6.995,306.413,306.413
319.868,-99.53,-99.51,0.0,0.0,-99.4,-99.41,-99.42,-99.44,-99.43,32.849,-99.44,967.466,13.70026207,5.839,-6.676,306.565,306.565
319.968,3.081,3.067,112.315,-5.547,-2.837,1.164,-0.298,-0.174,331.749,46.038,-10.36,967.48,1.23069572,5.102,-6.838,306.021,306.021
320.068,1.343,1.342,166.521,2.433,-0.313,1.305,0.057,-0.258,331.698,46.239,-10.382,967.472,1.23106825,4.931,-7.684,306.472,306.472
320.168,1.128,1.066,166.892,-19.066,-0.242,1.038,-0.368,-0.807,331.364,48.121,-10.385,967.472,1.23354852,4.794,-7.518,306.914,306.914
320.268,3.931,3.894,126.694,-7.954,-3.122,2.327,-0.544,-0.321,331.659,46.462,-10.38,967.475,1.23135829,4.477,-6.675,305.882,305.882
320.368,5.262,5.262,113.373,0.0,-4.83,2.087,0.0,0.306,332.04,44.356,-10.389,967.47,1.22852492,3.803,-7.423,306.435,306.435
320.468,4.018,3.968,98.002,-9.07,-3.93,0.552,-0.633,-0.03,331.836,45.506,-10.375,967.474,1.23004425,3.504,-8.153,306.625,306.625
320.568,1.972,1.97,134.028,2.641,-1.417,1.369,0.091,-0.142,331.768,45.833,-10.386,967.487,1.23056316,3.702,-7.205,306.308,306.308
320.668,0.884,0.883,179.987,2.964,-0.0,0.883,0.046,-0.467,331.57,46.907,-10.394,967.486,1.23203135,3.924,-6.385,306.074,306.074
320.769,1.864,1.858,124.548,-4.897,-1.53,1.053,-0.159,-0.589,331.496,47.327,-10.394,967.488,1.23258591,4.807,-7.08,305.268,305.268
320.869,4.356,4.356,111.311,-0.963,-4.058,1.583,-0.073,0.465,332.137,43.819,-10.397,967.493,1.22784173,3.981,-6.532,306.455,306.455
320.969,4.683,4.594,89.205,-11.165,-4.594,-0.064,-0.907,0.099,331.914,44.999,-10.397,967.494,1.22948754,5.183,-6.745,306.308,306.308
321.069,2.601,2.596,83.471,-3.484,-2.58,-0.295,-0.158,-0.024,331.84,45.555,-10.355,967.487,1.23002863,4.535,-6.381,306.437,306.437
321.169,0.558,0.454,342.89,35.632,0.133,-0.434,0.325,-0.171,331.75,45.912,-10.392,967.477,1.23068249,4.48,-6.341,305.89,305.89
321.269,1.581,1.572,128.423,6.165,-1.231,0.977,0.17,-0.758,331.393,47.905,-10.397,967.498,1.23336303,4.471,-6.129,305.383,305.383
321.369,2.869,2.869,121.734,0.623,-2.44,1.509,0.031,-0.507,331.546,47.052,-10.392,967.472,1.23219347,4.517,-5.853,306.328,306.328
321.469,-99.53,-99.51,0.0,0.0,-99.4,-99.41,-99.42,-99.44,-99.43,32.849,-99.44,967.471,13.70033836,4.523,-6.231,305.764,305.764
321.569,2.376,2.376,105.241,-0.373,-2.293,0.625,-0.015,-0.27,331.69,46.217,-10.399,967.463,1.2311132,4.434,-6.293,305.482,305.482
321.669,1.021,1.005,149.075,10.199,-0.517,0.862,0.181,-0.167,331.753,45.823,-10.412,967.477,1.23066616,4.518,-5.945,305.437,305.437
321.769,0.49,0.49,149.3,0.0,-0.25,0.421,0.0,-0.753,331.397,47.93,-10.385,967.473,1.23330605,4.461,-5.773,305.793,305.793
321.87,3.322,3.321,126.612,1.429,-2.666,1.981,0.083,-0.376,331.626,46.668,-10.375,967.468,1.23159599,3.968,-5.779,305.765,305.765
321.969,4.804,4.794,104.071,3.804,-4.65,1.165,0.319,0.294,332.033,44.419,-10.382,967.464,1.22857273,3.855,-5.313,305.253,305.253
322.07,3.68,3.68,104.156,0.028,-3.568,0.9,0.002,-0.025,331.839,45.409,-10.397,967.465,1.23001122,3.752,-4.681,305.14,305.14
322.17,1.282,1.227,101.51,16.84,-1.203,0.245,0.372,-0.023,331.84,45.365,-10.407,967.482,1.2300247,3.509,-4.773,305.473,305.473
322.27,0.234,0.087,198.694,68.239,0.028,0.082,0.218,-0.418,331.6,46.657,-10.416,967.477,1.23179948,4.023,-4.406,305.621,305.621
322.37,1.911,1.884,131.222,9.655,-1.417,1.242,0.321,-0.648,331.46,47.483,-10.407,967.495,1.23286307,4.286,-3.257,304.511,304.511
322.47,4.419,4.418,110.659,1.119,-4.134,1.559,0.086,0.334,332.056,44.181,-10.414,967.473,1.22840905,4.67,-3.141,305.349,305.349
322.57,-99.53,-99.51,0.0,0.0,-99.4,-99.41,-99.42,-99.44,-99.43,32.89,-99.44,967.494,13.70065594,4.665,-3.39,306.735,306.735
322.67,2.047,2.026,106.156,8.169,-1.946,0.564,0.291,0.047,331.882,45.074,-10.424,967.493,1.2297262,5.169,-3.185,305.367,305.367
322.77,0.616,0.508,148.807,34.448,-0.263,0.435,0.348,-0.085,331.802,45.58,-10.405,967.464,1.23028195,5.011,-2.276,305.386,305.386
322.87,1.837,1.834,141.351,3.54,-1.145,1.432,0.113,-0.716,331.419,47.73,-10.404,967.479,1.2331481,5.964,-3.081,306.068,306.068
322.97,3.466,3.452,133.502,5.121,-2.504,2.376,0.309,-0.424,331.597,46.791,-10.385,967.463,1.23180449,4.581,-2.37,304.99,304.99
323.07,-99.53,-99.51,0.0,0.0,-99.4,-99.41,-99.42,-99.44,-99.43,32.86,-99.44,967.461,13.70019627,4.733,-2.912,305.113,305.113
323.17,3.475,3.471,103.956,2.678,-3.369,0.837,0.162,-0.35,331.642,46.515,-10.392,967.461,1.23146868,3.678,-5.035,305.725,305.725
323.27,2.138,2.13,107.277,4.88,-2.034,0.633,0.182,-0.316,331.662,46.362,-10.402,967.468,1.23132491,3.675,-5.889,306.309,306.309
323.371,1.996,1.918,130.259,16.05,-1.464,1.239,0.552,-0.775,331.383,47.9,-10.414,967.47,1.23340416,4.213,-3.918,306.086,306.086
323.471,3.79,3.723,114.157,-10.829,-3.397,1.524,-0.712,-0.596,331.492,47.34,-10.397,967.461,1.23258376,4.174,-5.662,305.766,305.766
323.571,5.606,5.606,111.241,0.0,-5.226,2.031,0.0,0.186,331.967,44.709,-10.399,967.458,1.22905481,3.769,-8.505,305.34,305.34
323.671,4.074,4.016,103.095,-9.643,-3.912,0.91,-0.682,-0.103,331.791,45.588,-10.419,967.459,1.23035681,4.53,-7.881,305.848,305.848
323.771,2.043,2.042,118.009,1.637,-1.803,0.959,0.058,-0.215,331.723,46.0,-10.408,967.454,1.23085463,5.022,-5.721,305.431,305.431
323.871,1.202,1.2,162.19,3.33,-0.367,1.143,0.07,-0.384,331.621,46.641,-10.389,967.459,1.23162007,5.103,-6.856,306.502,306.502
323.971,2.404,2.348,136.934,-12.373,-1.603,1.715,-0.515,-0.703,331.427,47.756,-10.385,967.455,1.23305714,4.544,-9.256,306.93,306.93
324.071,4.483,4.481,111.738,-1.484,-4.162,1.66,-0.116,0.378,332.084,44.08,-10.402,967.457,1.2281878,5.091,-8.733,306.934,306.934
324.171,-99.53,-99.51,0.0,0.0,-99.4,-99.41,-99.42,-99.44,-99.43,32.849,-99.44,967.472,13.70034504,5.384,-6.106,306.17,306.17
324.271,2.437,2.435,120.867,2.674,-2.09,1.249,0.114,0.022,331.867,45.236,-10.402,967.471,1.22980773,4.961,-6.447,306.168,306.168
324.371,1.528,1.527,179.198,-1.389,-0.021,1.527,-0.037,-0.035,331.833,45.381,-10.414,967.469,1.2300632,4.216,-8.947,306.416,306.416
324.471,1.714,1.713,166.984,-1.999,-0.386,1.669,-0.06,-0.75,331.398,47.877,-10.397,967.465,1.23328567,4.589,-9.036,305.856,305.856
324.571,3.241,3.231,142.756,-4.607,-1.955,2.572,-0.26,-0.486,331.559,46.923,-10.407,967.475,1.23210299,3.775,-5.703,304.808,304.808
324.672,-99.53,-99.51,0.0,0.0,-99.4,-99.41,-99.42,-99.44,-99.43,32.849,-99.44,967.475,13.70039082,3.646,-7.05,305.491,305.491
324.772,2.913,2.912,118.095,1.234,-2.569,1.371,0.063,-0.103,331.791,45.607,-10.414,967.486,1.23039198,4.186,-9.638,307.325,307.325
324.872,1.355,1.295,153.468,-17.036,-0.579,1.159,-0.397,-0.219,331.721,45.955,-10.424,967.485,1.23091292,3.74,-7.803,306.448,306.448
324.972,1.549,1.549,185.664,0.0,0.153,1.542,0.0,-0.57,331.508,47.231,-10.402,967.482,1.2324909,4.524,-5.309,305.251,305.251
325.072,2.782,2.673,141.938,-16.13,-1.648,2.104,-0.773,-0.724,331.414,47.745,-10.407,967.479,1.2331841,4.105,-6.841,305.766,305.766
325.172,4.442,4.423,116.933,-5.228,-3.943,2.003,-0.405,0.187,331.967,44.672,-10.409,967.496,1.2290988,4.517,-9.469,306.493,306.493
325.272,3.789,3.783,105.828,-3.089,-3.64,1.032,-0.204,0.013,331.862,45.185,-10.424,967.497,1.22988307,4.321,-7.518,305.52,305.52
325.372,2.074,2.056,112.31,7.376,-1.903,0.781,0.266,-0.025,331.839,45.389,-10.402,967.479,1.23002636,4.983,-4.169,305.361,305.361
325.472,1.27,1.27,173.666,0.0,-0.14,1.262,0.0,-0.293,331.676,46.267,-10.407,967.488,1.23125029,4.597,-6.149,305.847,305.847
325.572,1.874,1.87,146.762,-3.628,-1.025,1.564,-0.119,-0.71,331.422,47.736,-10.397,967.482,1.23312509,4.593,-9.142,305.787,305.787
325.672,4.195,4.19,119.124,-2.793,-3.66,2.039,-0.204,0.221,331.987,44.451,-10.44,967.482,1.22893059,4.654,-6.43,305.877,305.877
325.772,-99.53,-99.51,0.0,0.0,-99.4,-99.41,-99.42,-99.44,-99.43,32.899,-99.44,967.492,13.70062923,4.362,-3.724,305.638,305.638
325.872,1.918,1.884,128.964,10.661,-1.465,1.185,0.355,0.131,331.933,44.747,-10.438,967.476,1.22932434,3.875,-7.069,305.632,305.632
325.973,1.956,1.948,179.815,4.905,-0.006,1.948,0.167,-0.006,331.85,45.213,-10.434,967.475,1.22994208,3.508,-8.667,306.192,306.192
326.073,1.414,1.412,179.466,-2.954,-0.013,1.412,-0.073,-0.675,331.443,47.552,-10.414,967.488,1.23297632,3.536,-5.458,305.775,305.775
326.173,3.481,3.45,153.653,-7.709,-1.531,3.092,-0.467,-0.59,331.495,47.256,-10.414,967.475,1.23257351,3.94,-3.107,305.173,305.173
326.273,-99.53,-99.51,0.0,0.0,-99.4,-99.41,-99.42,-99.44,-99.43,32.809,-99.44,967.477,13.70041084,3.96,-5.727,305.724,305.724
326.373,2.749,2.748,119.135,1.674,-2.4,1.338,0.08,-0.127,331.776,45.633,-10.428,967.488,1.23050344,3.928,-6.355,305.885,305.885
326.473,1.777,1.775,157.649,2.282,-0.675,1.642,0.071,-0.159,331.757,45.64,-10.455,967.476,1.23063433,4.518,-2.573,305.09,305.09
326.573,1.919,1.919,182.16,-0.03,0.072,1.918,-0.001,-0.679,331.441,47.49,-10.434,967.484,1.23299134,5.426,-1.094,304.796,304.796
326.673,4.291,4.135,147.651,-15.487,-2.213,3.493,-1.146,-0.609,331.484,47.302,-10.419,967.483,1.23267174,4.499,-4.321,304.898,304.898
326.773,5.144,5.086,120.055,-8.556,-4.402,2.547,-0.765,0.183,331.965,44.648,-10.419,967.482,1.2290982,5.037,-4.681,306.109,306.109
326.873,4.876,4.78,104.93,-11.381,-4.619,1.232,-0.962,0.089,331.908,44.954,-10.419,967.466,1.22950053,5.353,-1.234,305.754,305.754
326.974,2.914,2.913,125.71,-1.391,-2.365,1.7,-0.071,-0.115,331.783,45.488,-10.457,967.476,1.23043644,5.428,-1.089,305.096,305.096
327.073,2.063,2.056,180.766,4.522,0.027,2.056,0.163,-0.276,331.686,46.165,-10.419,967.476,1.23115718,4.94,-5.065,305.724,305.724
327.173,2.661,2.655,155.777,-3.975,-1.089,2.421,-0.184,-0.666,331.449,47.52,-10.414,967.468,1.23290884,4.693,-5.204,304.975,304.975
327.274,4.509,4.489,124.579,-5.504,-3.696,2.547,-0.433,0.249,332.005,44.351,-10.442,967.482,1.22880268,4.665,-2.32,305.676,305.676
327.374,5.483,5.47,115.273,-3.856,-4.947,2.336,-0.369,0.775,332.324,42.7,-10.44,967.472,1.22643054,4.123,-4.336,306.548,306.548
327.474,2.373,2.368,125.259,3.552,-1.934,1.367,0.147,0.064,331.893,45.056,-10.414,967.486,1.22963929,3.575,-7.813,305.843,305.843
327.574,1.791,1.784,168.345,5.347,-0.36,1.747,0.167,-0.07,331.811,45.363,-10.451,967.474,1.23023045,3.914,-6.251,306.425,306.425
327.674,2.188,2.185,171.295,-2.649,-0.331,2.16,-0.101,-0.543,331.523,46.967,-10.448,967.485,1.2323792,4.136,-4.342,304.741,304.741
327.774,3.679,3.65,150.831,-7.108,-1.779,3.187,-0.455,-0.602,331.488,47.223,-10.434,967.474,1.23263001,4.535,-7.675,305.589,305.589
327.874,-99.53,-99.51,0.0,0.0,-99.4,-99.41,-99.42,-99.44,-99.43,32.835,-99.44,967.491,13.70061779,4.797,-8.544,306.42,306.42
327.974,3.125,3.124,117.796,-1.651,-2.764,1.457,-0.09,-0.033,331.834,45.302,-10.434,967.478,1.23006558,5.033,-5.939,306.003,306.003
328.074,1.462,1.461,158.537,-2.189,-0.535,1.36,-0.056,-0.192,331.737,45.864,-10.424,967.471,1.23077309,5.339,-6.161,306.135,306.135
328.174,1.97,1.97,195.713,-0.481,0.534,1.897,-0.017,-0.639,331.465,47.334,-10.438,967.462,1.23278379,4.607,-8.525,305.933,305.933
328.274,2.053,2.051,155.5,-2.376,-0.851,1.867,-0.085,-0.771,331.385,47.809,-10.434,967.486,1.23340833,4.785,-8.999,305.842,305.842
328.374,4.043,4.04,124.693,-2.268,-3.321,2.299,-0.16,0.05,331.884,45.12,-10.408,967.482,1.22969556,4.82,-6.919,306.52,306.52
328.475,-99.53,-99.51,0.0,0.0,-99.4,-99.41,-99.42,-99.44,-99.43,32.849,-99.44,967.468,13.70028591,4.718,-6.551,306.112,306.112
328.575,2.152,2.152,132.114,-0.654,-1.596,1.443,-0.025,-0.05,331.823,45.34,-10.438,967.473,1.23013628,4.492,-8.726,305.969,305.969
328.675,2.278,2.277,192.088,-1.534,0.477,2.226,-0.061,-0.218,331.721,46.007,-10.409,967.464,1.23088002,3.964,-8.998,306.258,306.258
328.775,2.016,2.015,174.993,-1.327,-0.176,2.008,-0.047,-0.59,331.495,47.238,-10.419,967.491,1.23259842,3.609,-7.262,305.618,305.618
328.875,4.406,4.399,136.275,-3.344,-3.041,3.179,-0.257,0.116,331.924,44.847,-10.424,967.469,1.22938347,3.825,-7.248,305.646,305.646
328.975,5.108,5.107,119.538,0.619,-4.444,2.518,0.055,0.716,332.288,42.905,-10.433,967.467,1.22668791,3.853,-9.339,306.058,306.058
329.075,2.371,2.36,134.437,5.568,-1.685,1.652,0.23,0.145,331.942,44.753,-10.424,967.47,1.22925472,3.723,-9.078,305.633,305.633
329.175,2.175,2.175,181.262,0.493,0.048,2.174,0.019,0.007,331.857,45.14,-10.442,967.463,1.22987032,4.38,-6.82,305.572,305.572
329.275,2.176,2.174,178.999,2.585,-0.038,2.174,0.098,-0.559,331.513,47.076,-10.434,967.479,1.23244393,4.597,-7.165,306.023,306.023
329.375,3.479,3.467,151.489,-4.749,-1.655,3.047,-0.288,-0.58,331.501,47.129,-10.438,967.477,1.23253453,4.257,-9.36,306.59,306.59
329.475,-99.53,-99.51,0.0,0.0,-99.4,-99.41,-99.42,-99.44,-99.43,32.846,-99.44,967.486,13.70053864,4.524,-9.095,306.029,306.029
329.575,2.458,2.444,118.336,6.158,-2.151,1.16,0.264,0.035,331.874,45.029,-10.448,967.472,1.229756,4.768,-6.3,305.895,305.895
329.675,1.745,1.745,158.552,-1.776,-0.638,1.624,-0.054,-0.161,331.756,45.703,-10.44,967.478,1.2306447,4.755,-7.22,305.179,305.179
329.776,2.488,2.486,198.673,2.455,0.796,2.355,0.107,-0.612,331.481,47.147,-10.462,967.473,1.23267496,4.648,-9.418,306.362,306.362
329.876,2.432,2.432,169.609,-0.355,-0.439,2.392,-0.015,-0.974,331.261,48.504,-10.44,967.478,1.23432243,4.435,-7.689,305.615,305.615
329.976,3.718,3.718,126.161,0.012,-3.001,2.194,0.001,0.003,331.855,45.184,-10.434,967.461,1.22988486,4.641,-5.289,305.386,305.386
330.076,-99.53,-99.51,0.0,0.0,-99.4,-99.41,-99.42,-99.44,-99.43,32.832,-99.44,967.474,13.70037651,4.048,-6.428,305.402,305.402
330.176,2.145,2.14,120.1,3.756,-1.852,1.073,0.141,0.062,331.891,45.023,-10.424,967.477,1.22963619,3.815,-8.135,305.894,305.894
330.276,2.004,1.998,203.065,-4.291,0.783,1.838,-0.15,-0.236,331.71,45.961,-10.438,967.493,1.23100245,4.157,-5.948,306.384,306.384
330.376,2.122,2.121,185.663,2.174,0.209,2.11,0.081,-0.685,331.437,47.512,-10.434,967.479,1.23301446,4.387,-3.624,305.816,305.816
330.476,3.463,3.463,135.63,-0.642,-2.421,2.475,-0.039,0.017,331.863,45.097,-10.445,967.499,1.22987199,4.327,-5.357,306.343,306.343
330.576,4.382,4.382,114.08,0.0,-4.001,1.788,0.0,0.62,332.23,43.205,-10.433,967.473,1.2271266,4.439,-5.787,306.099,306.099
330.676,2.785,2.773,123.172,5.231,-2.321,1.517,0.254,0.075,331.899,44.947,-10.434,967.468,1.22956693,4.761,-3.245,305.695,305.695
330.776,1.697,1.696,179.673,-2.097,-0.01,1.696,-0.062,-0.001,331.853,45.196,-10.434,967.46,1.22989881,4.773,-2.928,306.131,306.131
330.876,2.363,2.348,190.045,6.461,0.41,2.312,0.266,-0.5,331.55,46.807,-10.451,967.471,1.23216546,4.649,-5.16,305.418,305.418
330.976,2.572,2.572,156.93,0.099,-1.008,2.366,0.004,-0.519,331.538,46.904,-10.442,967.482,1.23226488,4.685,-4.769,305.369,305.369
331.077,-99.53,-99.51,0.0,0.0,-99.4,-99.41,-99.42,-99.44,-99.43,32.808,-99.44,967.483,13.7005043,5.171,-3.578,305.886,305.886
331.177,-99.53,-99.51,0.0,0.0,-99.4,-99.41,-99.42,-99.44,-99.43,32.845,-99.44,967.486,13.70055008,4.933,-4.193,305.139,305.139
331.277,1.166,1.165,150.531,0.547,-0.573,1.015,0.011,-0.133,331.773,45.668,-10.424,967.488,1.23053038,4.772,-5.91,305.884,305.884
331.377,2.372,2.298,208.451,-14.34,1.095,2.021,-0.587,-0.463,331.572,46.713,-10.442,967.495,1.23202896,4.536,-6.201,306.007,306.007
331.477,1.69,1.685,187.437,4.171,0.218,1.671,0.123,-0.963,331.268,48.463,-10.44,967.473,1.23426414,4.479,-4.983,306.424,306.424
331.577,3.517,3.517,122.087,0.89,-2.979,1.868,0.055,0.144,331.941,44.645,-10.455,967.489,1.22928619,4.575,-5.187,305.816,305.816
331.677,-99.53,-99.51,0.0,0.0,-99.4,-99.41,-99.42,-99.44,-99.43,32.846,-99.44,967.481,13.7004776,4.167,-7.27,305.894,305.894
331.777,1.587,1.587,99.169,0.148,-1.567,0.253,0.004,0.067,331.894,44.914,-10.451,967.485,1.22962868,4.037,-7.413,306.124,306.124
331.877,1.529,1.526,215.442,-3.708,0.885,1.243,-0.099,-0.083,331.803,45.5,-10.424,967.48,1.23029208,4.42,-6.321,305.873,305.873
331.977,1.633,1.632,187.087,-1.556,0.201,1.62,-0.044,-0.709,331.422,47.562,-10.442,967.49,1.23313677,3.851,-6.621,305.608,305.608
332.078,3.917,3.899,132.363,-5.473,-2.881,2.627,-0.374,-0.208,331.727,45.867,-10.438,967.482,1.23086202,4.13,-8.65,306.507,306.507
332.177,5.194,5.191,116.999,-1.796,-4.625,2.357,-0.163,0.636,332.24,43.139,-10.438,967.481,1.22706592,4.305,-8.579,306.252,306.252
332.278,2.436,2.403,127.753,9.375,-1.9,1.471,0.397,-0.077,331.807,45.468,-10.428,967.486,1.23027635,4.623,-7.017,306.223,306.223
332.378,1.572,1.506,165.812,-16.675,-0.369,1.46,-0.451,-0.074,331.808,45.396,-10.445,967.493,1.23027325,4.359,-7.125,305.684,305.684
332.478,1.725,1.725,184.351,0.0,0.131,1.72,0.0,-0.457,331.575,46.682,-10.445,967.478,1.23198175,4.383,-9.148,306.762,306.762
332.578,2.897,2.885,149.776,-5.348,-1.452,2.493,-0.27,-0.802,331.366,47.835,-10.455,967.476,1.23353744,4.649,-8.922,306.085,306.085
332.678,-99.53,-99.51,0.0,0.0,-99.4,-99.41,-99.42,-99.44,-99.43,32.822,-99.44,967.484,13.70051098,4.912,-6.863,305.269,305.269
332.778,-99.53,-99.51,0.0,0.0,-99.4,-99.41,-99.42,-99.44,-99.43,32.835,-99.44,967.466,13.70026207,4.903,-6.903,306.017,306.017
332.878,1.323,1.323,129.839,0.0,-1.016,0.848,0.0,-0.158,331.757,45.665,-10.448,967.479,1.23063302,4.115,-8.488,305.7,305.7
332.978,1.519,1.516,203.691,3.567,0.609,1.388,0.094,-0.602,331.487,47.179,-10.445,967.498,1.23266351,3.737,-8.575,306.255,306.255
333.078,0.716,0.659,149.527,22.991,-0.334,0.568,0.28,-1.268,331.082,49.485,-10.459,967.496,1.23568058,4.058,-7.029,305.951,305.951
333.178,3.177,3.177,124.967,0.653,-2.603,1.821,0.036,-0.335,331.649,46.225,-10.457,967.501,1.23146188,3.993,-7.06,305.33,305.33
333.278,-99.53,-99.51,0.0,0.0,-99.4,-99.41,-99.42,-99.44,-99.43,32.822,-99.44,967.502,13.70077133,3.684,-8.142,305.415,305.415
333.379,2.178,2.161,119.292,7.212,-1.885,1.057,0.273,-0.226,331.716,45.822,-10.467,967.494,1.23096263,3.946,-7.478,305.413,305.413
333.479,1.806,1.803,194.692,-3.119,0.457,1.744,-0.098,-0.376,331.625,46.406,-10.445,967.498,1.23164093,4.505,-5.873,305.577,305.577
333.579,1.288,1.286,207.417,-3.339,0.592,1.141,-0.075,-0.909,331.301,48.238,-10.448,967.482,1.23402965,4.51,-6.194,305.858,305.858
333.679,2.599,2.544,138.06,-11.79,-1.7,1.892,-0.531,-0.535,331.528,46.803,-10.484,967.47,1.2323271,4.314,-7.191,306.643,306.643
333.779,4.106,4.106,117.4,-0.39,-3.645,1.889,-0.028,0.348,332.065,44.084,-10.428,967.495,1.2283746,4.61,-6.25,305.92,305.92
333.88,2.216,2.214,122.406,2.815,-1.869,1.186,0.109,-0.088,331.8,45.485,-10.434,967.472,1.23030865,4.933,-4.77,305.236,305.236
333.98,1.364,1.363,188.825,-2.873,0.209,1.347,-0.068,-0.113,331.785,45.523,-10.445,967.484,1.23043442,4.834,-5.563,304.997,304.997
334.08,2.043,2.03,215.967,6.457,1.192,1.643,0.23,-0.416,331.6,46.441,-10.472,967.49,1.23181379,4.61,-6.12,306.357,306.357
334.18,0.828,0.737,175.317,-27.125,-0.06,0.734,-0.377,-0.938,331.283,48.364,-10.442,967.5,1.23418307,4.829,-4.85,305.217,305.217
334.28,-99.53,-99.51,0.0,0.0,-99.4,-99.41,-99.42,-99.44,-99.43,32.858,-99.44,967.505,13.70080948,4.699,-3.987,305.24,305.24
334.38,-99.53,-99.51,0.0,0.0,-99.4,-99.41,-99.42,-99.44,-99.43,32.832,-99.44,967.497,13.70070171,4.577,-5.051,305.905,305.905
334.48,1.289,1.289,142.148,-1.7,-0.791,1.017,-0.038,-0.183,331.742,45.759,-10.445,967.5,1.23077452,4.524,-5.038,305.469,305.469
334.58,2.436,2.436,207.171,-0.438,1.113,2.167,-0.019,-0.372,331.627,46.38,-10.448,967.511,1.23163867,4.721,-3.945,305.563,305.563
334.68,1.119,1.116,198.856,-4.257,0.361,1.056,-0.083,-1.014,331.237,48.624,-10.445,967.497,1.23452628,4.712,-3.852,305.445,305.445
334.78,2.894,2.862,128.651,-8.444,-2.235,1.788,-0.425,-0.113,331.785,45.425,-10.472,967.482,1.23043418,4.444,-5.053,305.577,305.577
334.88,-99.53,-99.51,0.0,0.0,-99.4,-99.41,-99.42,-99.44,-99.43,32.796,-99.44,967.503,13.70078087,4.589,-4.96,306.089,306.089
334.981,1.822,1.821,123.017,1.058,-1.527,0.992,0.034,-0.255,331.698,45.98,-10.451,967.507,1.23110759,4.375,-4.101,305.863,305.863
335.081,1.689,1.673,206.457,-8.016,0.745,1.497,-0.236,-0.389,331.617,46.431,-10.451,967.49,1.23168969,4.465,-4.701,305.429,305.429
335.181,1.51,1.45,220.093,16.199,0.934,1.109,0.421,-0.99,331.251,48.473,-10.462,967.506,1.23443186,4.448,-5.654,305.589,305.589
335.281,2.427,2.402,146.383,-8.248,-1.33,2.0,-0.348,-0.774,331.382,47.694,-10.467,967.491,1.23343384,4.666,-5.384,306.08,306.08
335.381,4.016,4.015,120.379,-1.482,-3.463,2.03,-0.104,0.192,331.969,44.355,-10.494,967.489,1.22907579,4.934,-5.14,305.33,305.33
335.481,3.223,3.223,113.83,0.0,-2.948,1.302,0.0,-0.129,331.775,45.506,-10.465,967.509,1.23054135,5.002,-5.687,305.784,305.784
335.581,1.381,1.381,186.454,1.667,0.155,1.372,0.04,-0.131,331.773,45.543,-10.457,967.489,1.23052728,4.99,-6.491,307.042,307.042
335.681,2.419,2.394,214.503,8.184,1.356,1.973,0.344,-0.452,331.579,46.645,-10.451,967.48,1.23196244,4.73,-6.543,306.194,306.194
335.781,1.175,1.172,179.202,-3.865,-0.016,1.172,-0.079,-0.961,331.269,48.352,-10.467,967.508,1.23430312,4.555,-6.644,306.596,306.596
335.881,-99.53,-99.51,0.0,0.0,-99.4,-99.41,-99.42,-99.44,-99.43,32.805,-99.44,967.491,13.70061779,4.051,-7.201,306.068,306.068
335.981,-99.53,-99.51,0.0,0.0,-99.4,-99.41,-99.42,-99.44,-99.43,32.808,-99.44,967.5,13.70074654,3.97,-8.202,305.571,305.571
336.081,1.225,1.222,138.254,-3.693,-0.814,0.912,-0.079,-0.313,331.663,46.101,-10.47,967.486,1.23134267,3.909,-8.449,305.81,305.81
336.181,2.333,2.326,214.684,4.413,1.323,1.912,0.179,-0.574,331.504,47.048,-10.455,967.486,1.23252285,4.324,-8.156,305.442,305.442
336.282,1.32,1.262,224.071,17.065,0.878,0.907,0.387,-1.213,331.115,49.147,-10.495,967.5,1.23544002,4.347,-8.397,305.752,305.752
336.382,2.259,2.213,134.445,-11.489,-1.58,1.55,-0.45,-0.541,331.524,46.969,-10.445,967.501,1.23239136,4.049,-9.299,306.422,306.422
336.482,-99.53,-99.51,0.0,0.0,-99.4,-99.41,-99.42,-99.44,-99.43,32.808,-99.44,967.495,13.70066738,4.145,-9.284,306.204,306.204
336.582,1.836,1.83,114.772,4.729,-1.662,0.767,0.151,-0.24,331.707,45.911,-10.455,967.49,1.23101711,4.246,-8.676,306.442,306.442
336.682,1.823,1.801,210.275,-9.037,0.908,1.555,-0.286,-0.26,331.694,45.855,-10.489,967.5,1.23112679,4.376,-8.86,306.37,306.37
336.782,1.854,1.731,228.243,21.027,1.291,1.153,0.665,-0.838,331.344,47.988,-10.448,967.489,1.23371732,4.468,-9.314,305.962,305.962
336.882,1.198,1.159,153.964,-14.672,-0.509,1.042,-0.304,-0.729,331.41,47.554,-10.462,967.507,1.23324943,4.769,-8.664,306.512,306.512
336.982,3.287,3.275,123.662,-4.938,-2.726,1.815,-0.283,0.299,332.035,44.146,-10.455,967.492,1.2285924,4.658,-8.161,306.445,306.445
337.082,2.653,2.648,116.701,-3.263,-2.366,1.19,-0.151,0.154,331.947,44.559,-10.47,967.494,1.22924769,4.308,-8.466,306.097,306.097
337.182,1.609,1.593,192.458,-8.149,0.344,1.555,-0.228,0.053,331.884,44.768,-10.504,967.495,1.22971046,4.198,-8.733,306.414,306.414
337.282,2.681,2.624,220.652,11.933,1.709,1.99,0.554,-0.365,331.631,46.225,-10.484,967.491,1.23158574,4.439,-7.87,305.472,305.472
337.382,1.952,1.895,226.452,13.878,1.374,1.306,0.468,-1.117,331.173,48.822,-10.489,967.495,1.23499632,4.331,-7.374,306.286,306.286
337.482,-99.53,-99.51,0.0,0.0,-99.4,-99.41,-99.42,-99.44,-99.43,32.794,-99.44,967.489,13.7005806,4.383,-7.856,305.639,305.639
337.583,-99.53,-99.51,0.0,0.0,-99.4,-99.41,-99.42,-99.44,-99.43,32.822,-99.44,967.494,13.70065594,4.208,-7.592,305.821,305.821
337.683,1.138,1.025,183.932,-25.704,0.07,1.023,-0.494,-0.163,331.754,45.548,-10.484,967.49,1.230672,4.465,-6.566,305.82,305.82
337.783,2.605,2.593,221.705,5.437,1.725,1.936,0.247,-0.347,331.642,46.127,-10.495,967.505,1.23152471,4.418,-6.452,305.685,305.685
337.883,2.024,1.944,240.183,16.207,1.687,0.967,0.565,-1.163,331.146,49.008,-10.484,967.481,1.23518777,4.415,-6.766,305.881,305.881
337.983,2.073,2.039,146.306,-10.426,-1.131,1.696,-0.375,-0.626,331.472,47.15,-10.475,967.491,1.23276675,4.569,-6.287,305.866,305.866
338.083,-99.53,-99.51,0.0,0.0,-99.4,-99.41,-99.42,-99.44,-99.43,32.782,-99.44,967.495,13.7006731,4.777,-5.455,305.682,305.682
338.183,1.475,1.466,123.843,6.179,-1.218,0.817,0.159,-0.19,331.738,45.738,-10.457,967.489,1.2307924,4.907,-5.699,306.088,306.088
338.283,1.852,1.841,212.231,-6.225,0.982,1.557,-0.201,-0.213,331.723,45.696,-10.489,967.499,1.23091018,4.782,-5.78,306.506,306.506
338.383,2.119,1.973,235.387,21.361,1.624,1.121,0.772,-0.79,331.372,47.65,-10.494,967.499,1.23352098,4.747,-5.39,305.785,305.785
338.483,1.313,1.299,165.812,-8.499,-0.318,1.259,-0.194,-0.861,331.329,47.877,-10.499,967.502,1.23384476,4.921,-4.956,305.603,305.603
338.583,3.239,3.191,127.108,-9.85,-2.545,1.925,-0.554,0.087,331.905,44.694,-10.494,967.49,1.22954869,4.602,-5.332,306.037,306.037
338.683,-99.53,-99.51,0.0,0.0,-99.4,-99.41,-99.42,-99.44,-99.43,32.805,-99.44,967.484,13.70052147,4.489,-5.676,305.927,305.927
338.783,1.629,1.614,198.569,-7.707,0.514,1.53,-0.218,-0.062,331.815,45.162,-10.499,967.5,1.23023248,4.447,-5.13,305.801,305.801
338.884,2.277,2.204,225.422,14.557,1.57,1.547,0.572,-0.372,331.627,46.249,-10.484,967.493,1.23162091,4.525,-5.232,305.745,305.745
338.984,0.731,0.643,218.894,28.394,0.404,0.501,0.348,-0.992,331.25,48.338,-10.499,967.499,1.23443365,4.396,-5.898,306.584,306.584
339.084,2.345,2.327,153.996,-7.025,-1.02,2.092,-0.287,-0.63,331.47,47.163,-10.475,967.493,1.2327863,4.33,-5.872,305.588,305.588
339.184,-99.53,-99.51,0.0,0.0,-99.4,-99.41,-99.42,-99.44,-99.43,32.796,-99.44,967.486,13.70054531,4.438,-5.455,305.809,305.809
339.284,1.075,1.068,135.137,6.473,-0.754,0.757,0.121,-0.307,331.667,46.028,-10.484,967.503,1.23133719,4.35,-5.744,306.399,306.399
339.384,2.118,2.117,212.138,-1.487,1.126,1.793,-0.055,-0.389,331.617,46.306,-10.484,967.492,1.23169518,4.662,-6.245,304.908,304.908
339.484,1.593,1.543,231.669,14.321,1.21,0.957,0.394,-1.071,331.202,48.695,-10.479,967.486,1.23477423,4.451,-6.143,305.466,305.466
339.584,1.86,1.85,134.731,-5.82,-1.315,1.302,-0.189,-0.516,331.539,46.739,-10.484,967.499,1.23228002,4.573,-6.107,305.534,305.534
339.684,-99.53,-99.51,0.0,0.0,-99.4,-99.41,-99.42,-99.44,-99.43,32.755,-99.44,967.494,13.70065594,4.51,-6.609,305.94,305.94
339.784,2.024,2.024,110.19,0.0,-1.9,0.699,0.0,-0.264,331.692,45.939,-10.47,967.501,1.23114324,4.42,-7.227,305.508,305.508
339.884,0.942,0.915,213.116,-13.808,0.5,0.766,-0.225,-0.123,331.778,45.461,-10.472,967.487,1.23049021,4.243,-7.378,305.118,305.118
339.984,2.014,1.925,236.83,17.105,1.611,1.053,0.592,-0.636,331.466,47.253,-10.457,967.489,1.2328068,4.288,-7.452,305.649,305.649
340.084,0.821,0.762,207.402,21.822,0.351,0.677,0.305,-0.811,331.36,47.721,-10.494,967.504,1.23361933,4.278,-7.842,305.281,305.281
340.185,2.449,2.448,114.034,1.831,-2.236,0.997,0.078,0.303,332.037,43.961,-10.504,967.487,1.22857344,4.144,-8.313,305.86,305.86
340.285,-99.53,-99.51,0.0,0.0,-99.4,-99.41,-99.42,-99.44,-99.43,32.73,-99.44,967.488,13.70057106,4.124,-8.557,306.507,306.507
340.385,0.284,0.21,168.241,-42.303,-0.043,0.205,-0.191,0.094,331.91,44.668,-10.495,967.501,1.22953272,4.145,-8.368,306.233,306.233
340.485,2.338,2.314,232.101,8.179,1.826,1.421,0.333,-0.22,331.719,45.634,-10.513,967.495,1.23093998,4.275,-8.399,305.76,305.76
340.585,1.141,1.093,233.459,16.589,0.878,0.651,0.326,-0.944,331.279,48.205,-10.489,967.49,1.2342037,4.381,-8.864,306.55,306.55
340.685,1.494,1.489,158.98,-4.436,-0.534,1.39,-0.116,-0.617,331.478,47.104,-10.479,967.507,1.23274744,4.304,-8.872,307.234,307.234
340.785,-99.53,-99.51,0.0,0.0,-99.4,-99.41,-99.42,-99.44,-99.43,32.755,-99.44,967.502,13.70077133,4.382,-8.189,306.287,306.287
340.885,0.971,0.917,74.928,19.076,-0.886,-0.239,0.317,-0.101,331.791,45.28,-10.502,967.481,1.23038495,4.507,-8.212,305.545,305.545
340.985,1.25,1.23,239.036,-10.344,1.055,0.633,-0.224,-0.118,331.781,45.399,-10.484,967.493,1.2304728,4.592,-8.306,306.057,306.057
341.085,1.206,0.958,239.661,37.436,0.827,0.484,0.733,-0.836,331.344,47.864,-10.479,967.483,1.23370683,4.627,-7.941,305.644,305.644
341.185,2.062,2.054,130.401,5.104,-1.564,1.331,0.183,-0.514,331.54,46.765,-10.475,967.498,1.2322675,4.739,-7.467,305.564,305.564
341.285,3.791,3.791,111.147,0.0,-3.536,1.368,0.0,0.344,332.061,43.735,-10.531,967.484,1.22838831,4.455,-7.715,306.26,306.26
341.385,2.435,2.435,110.446,0.0,-2.281,0.851,0.0,0.009,331.858,44.981,-10.484,967.47,1.22987199,4.563,-7.645,306.57,306.57
341.486,0.817,0.807,147.818,-9.316,-0.43,0.683,-0.132,-0.142,331.766,45.33,-10.526,967.482,1.23057437,4.514,-6.945,305.743,305.743
341.586,2.459,2.455,205.714,3.476,1.065,2.212,0.149,-0.403,331.608,46.246,-10.513,967.473,1.23173618,4.501,-6.673,305.447,305.447
341.686,1.198,1.194,169.794,4.659,-0.212,1.175,0.097,-0.65,331.457,47.09,-10.513,967.483,1.23286808,4.458,-6.659,306.192,306.192
341.786,3.513,3.513,112.297,0.0,-3.25,1.333,0.0,0.445,332.123,43.543,-10.495,967.485,1.22793245,4.572,-6.317,306.414,306.414
341.886,-99.53,-99.51,0.0,0.0,-99.4,-99.41,-99.42,-99.44,-99.43,32.744,-99.44,967.489,13.70058823,4.657,-5.747,306.115,306.115
341.986,0.838,0.838,91.14,-0.912,-0.838,0.017,-0.013,0.19,331.968,44.342,-10.499,967.474,1.22906506,4.683,-5.67,305.75,305.75
342.086,1.164,0.82,251.943,45.186,0.78,0.254,0.826,0.048,331.882,44.855,-10.484,967.494,1.22972846,4.631,-5.74,306.056,306.056
342.186,0.657,0.656,174.503,-3.884,-0.063,0.653,-0.045,-0.724,331.412,47.295,-10.526,967.48,1.23319685,4.608,-5.217,305.622,305.622
342.286,3.233,3.224,156.968,-4.249,-1.261,2.967,-0.239,-0.471,331.567,46.618,-10.475,967.491,1.23206413,4.793,-5.02,306.341,306.341
342.386,-99.53,-99.51,0.0,0.0,-99.4,-99.41,-99.42,-99.44,-99.43,32.768,-99.44,967.484,13.70051098,4.526,-5.326,305.115,305.115
342.486,1.363,1.363,110.882,0.0,-1.273,0.486,0.0,-0.137,331.769,45.425,-10.495,967.481,1.23054552,4.547,-5.396,305.653,305.653
342.586,1.158,1.037,217.231,-26.335,0.628,0.826,-0.514,-0.218,331.72,45.686,-10.497,967.489,1.23092294,4.734,-4.73,306.097,306.097
342.687,1.882,1.878,219.572,3.438,1.197,1.448,0.113,-0.92,331.294,48.119,-10.489,967.493,1.23409808,4.629,-4.887,305.355,305.355
342.787,2.271,2.271,149.152,1.036,-1.164,1.95,0.041,-0.66,331.451,47.104,-10.518,967.487,1.23291695,4.336,-5.157,306.001,306.001
342.887,3.312,3.312,111.49,0.0,-3.082,1.213,0.0,0.247,332.002,44.179,-10.494,967.474,1.22881079,4.291,-4.815,305.459,305.459
342.987,2.608,2.608,93.69,0.0,-2.602,0.168,0.0,-0.043,331.826,45.134,-10.489,967.482,1.23012352,4.49,-4.558,305.699,305.699
343.087,1.118,1.106,140.281,8.606,-0.706,0.85,0.167,-0.061,331.816,45.178,-10.494,967.477,1.23019755,4.26,-4.683,305.289,305.289
343.187,1.468,1.468,194.226,0.0,0.361,1.423,0.0,-0.351,331.639,46.062,-10.516,967.481,1.23151505,4.313,-5.088,305.437,305.437
343.287,1.731,1.718,150.442,6.861,-0.848,1.495,0.207,-0.69,331.433,47.279,-10.499,967.464,1.23302042,4.432,-4.998,305.341,305.341
343.387,3.672,3.653,118.037,5.803,-3.224,1.717,0.371,0.334,332.055,43.847,-10.509,967.469,1.22841465,4.153,-5.016,305.45,305.45
343.487,-99.53,-99.51,0.0,0.0,-99.4,-99.41,-99.42,-99.44,-99.43,32.767,-99.44,967.489,13.70058823,4.262,-5.979,305.986,305.986
343.587,1.973,1.912,115.797,14.289,-1.722,0.832,0.487,0.174,331.958,44.394,-10.499,967.481,1.22914696,4.681,-6.085,305.965,305.965
343.687,1.947,1.947,205.52,0.0,0.839,1.757,0.0,-0.125,331.777,45.369,-10.499,967.483,1.23049307,4.702,-5.009,305.895,305.895
343.787,1.257,1.185,221.202,19.461,0.781,0.892,0.419,-0.696,331.43,47.317,-10.495,967.464,1.23304784,4.58,-5.47,305.668,305.668
343.887,0.967,0.967,173.498,0.0,-0.109,0.96,0.0,-0.686,331.436,47.164,-10.526,967.475,1.23301923,4.366,-7.051,305.767,305.767
343.988,-99.53,-99.51,0.0,0.0,-99.4,-99.41,-99.42,-99.44,-99.43,32.796,-99.44,967.482,13.70048332,4.522,-6.738,306.187,306.187
344.088,2.13,2.13,109.892,0.0,-2.003,0.725,0.0,0.014,331.861,44.824,-10.524,967.483,1.22987103,4.517,-5.502,306.495,306.495
344.188,0.933,0.924,186.024,8.102,0.097,0.919,0.132,-0.033,331.832,45.068,-10.499,967.48,1.23007762,4.426,-5.831,304.969,304.969
344.288,0.321,0.321,259.449,0.0,0.316,0.059,0.0,-0.862,331.328,47.827,-10.513,967.479,1.23382235,4.06,-7.393,306.024,306.024
344.388,1.223,1.193,94.748,-12.598,-1.189,0.099,-0.267,-0.763,331.389,47.496,-10.509,967.493,1.23338878,4.25,-7.309,305.759,305.759
344.488,2.308,2.287,107.293,-7.85,-2.183,0.68,-0.315,0.14,331.938,44.483,-10.504,967.476,1.22929072,4.448,-6.037,305.727,305.727
344.588,3.988,3.955,87.875,-7.389,-3.952,-0.147,-0.513,-0.106,331.788,45.288,-10.504,967.495,1.23042488,4.457,-6.437,305.997,305.997
344.688,2.758,2.756,80.591,-2.14,-2.719,-0.451,-0.103,-0.17,331.749,45.499,-10.504,967.491,1.23070705,4.416,-7.605,306.856,306.856
344.788,0.517,0.517,6.469,0.0,-0.058,-0.514,0.0,-0.36,331.634,46.118,-10.509,967.48,1.23155344,4.421,-7.436,306.139,306.139
344.888,0.262,0.255,265.004,-12.845,0.254,0.022,-0.058,-0.703,331.425,47.223,-10.526,967.484,1.23310864,4.581,-6.183,305.492,305.492
344.988,2.491,2.488,78.475,-3.015,-2.438,-0.497,-0.131,0.172,331.957,44.33,-10.518,967.489,1.22916591,4.621,-6.513,306.286,306.286
345.088,-99.53,-99.51,0.0,0.0,-99.4,-99.41,-99.42,-99.44,-99.43,32.727,-99.44,967.491,13.7006216,4.508,-7.796,306.573,306.573
345.188,3.37,3.361,82.101,-4.31,-3.329,-0.462,-0.253,-0.003,331.85,44.888,-10.521,967.484,1.22994792,4.6,-7.515,306.283,306.283
345.289,0.39,0.317,63.27,35.763,-0.283,-0.143,0.228,0.081,331.901,44.521,-10.548,967.506,1.22960305,4.698,-6.328,306.16,306.16
345.389,0.984,0.893,285.471,24.817,0.861,-0.238,0.413,-0.665,331.448,47.073,-10.531,967.49,1.23294449,4.573,-6.961,306.02,306.02
345.489,0.581,0.567,178.588,-12.494,-0.014,0.567,-0.126,-0.606,331.484,47.028,-10.489,967.485,1.23266971,4.939,-8.16,305.986,305.986
345.589,-99.53,-99.51,0.0,0.0,-99.4,-99.41,-99.42,-99.44,-99.43,32.716,-99.44,967.51,13.70088482,4.95,-7.213,306.27,306.27
345.689,2.572,2.572,86.8,0.0,-2.568,-0.144,0.0,-0.117,331.781,45.158,-10.55,967.51,1.23049724,4.824,-5.737,305.699,305.699
345.789,0.698,0.681,126.219,12.679,-0.549,0.402,0.153,-0.106,331.787,45.115,-10.552,967.486,1.23041904,4.78,-7.098,307.019,307.019
345.889,0.529,0.529,286.6,0.0,0.507,-0.151,0.0,-0.602,331.486,46.831,-10.538,967.489,1.23265898,4.18,-8.251,306.115,306.115
345.989,1.335,1.335,114.267,-2.037,-1.217,0.549,-0.047,-0.765,331.388,47.487,-10.513,967.487,1.23339105,4.106,-6.785,306.458,306.458
346.089,3.742,3.74,103.485,1.821,-3.637,0.872,0.119,0.109,331.919,44.507,-10.526,967.49,1.2294513,4.028,-5.741,305.724,305.724
346.189,3.811,3.775,91.147,-7.943,-3.774,0.076,-0.527,0.037,331.875,44.757,-10.521,967.479,1.22976077,4.097,-7.271,305.419,305.419
346.289,1.387,1.375,94.845,7.545,-1.37,0.116,0.182,-0.05,331.822,45.103,-10.504,967.465,1.23013306,4.298,-7.577,305.898,305.898
346.389,0.655,0.611,240.731,21.102,0.533,0.299,0.236,-0.267,331.69,45.824,-10.504,967.49,1.23114645,4.509,-5.852,305.46,305.46
346.489,0.069,0.063,100.176,-24.141,-0.062,0.011,-0.028,-0.814,331.357,47.629,-10.521,967.503,1.23363757,4.628,-5.41,305.552,305.552
346.59,3.011,2.982,105.031,-7.934,-2.88,0.773,-0.416,0.106,331.917,44.646,-10.489,967.484,1.22945428,4.661,-6.875,305.294,305.294
346.69,-99.53,-99.51,0.0,0.0,-99.4,-99.41,-99.42,-99.44,-99.43,32.767,-99.44,967.498,13.70071411,4.602,-6.99,305.697,305.697
346.79,2.113,2.113,87.54,0.0,-2.111,-0.091,0.0,0.091,331.907,44.547,-10.531,967.492,1.22953629,4.8,-5.392,305.755,305.755
346.89,0.385,0.365,229.869,18.5,0.279,0.236,0.122,0.075,331.897,44.611,-10.528,967.482,1.22959757,4.595,-5.417,305.694,305.694
346.99,0.546,0.464,289.14,31.795,0.438,-0.152,0.288,-0.562,331.511,46.713,-10.533,967.508,1.23250198,4.298,-6.982,305.182,305.182
347.09,0.579,0.524,82.955,-25.195,-0.52,-0.064,-0.246,-0.766,331.387,47.442,-10.526,967.495,1.23340726,4.173,-7.04,306.369,306.369
347.19,-99.53,-99.51,0.0,0.0,-99.4,-99.41,-99.42,-99.44,-99.43,32.753,-99.44,967.501,13.70075703,4.469,-5.774,306.069,306.069
347.29,2.447,2.447,114.893,0.0,-2.22,1.03,0.0,-0.028,331.835,44.936,-10.531,967.494,1.23007751,4.327,-6.081,306.03,306.03
347.39,0.982,0.941,153.694,16.627,-0.417,0.843,0.281,-0.099,331.792,45.205,-10.521,967.492,1.23039377,4.262,-7.498,306.583,306.583
347.49,0.809,0.761,232.558,19.867,0.604,0.463,0.275,-0.405,331.606,46.124,-10.548,967.498,1.23178196,4.211,-7.367,305.508,305.508
347.59,0.886,0.876,120.479,8.479,-0.755,0.444,0.131,-0.788,331.373,47.601,-10.504,967.489,1.23349869,4.428,-6.182,305.826,305.826
347.69,3.268,3.268,107.44,0.265,-3.117,0.979,0.015,0.121,331.926,44.503,-10.516,967.492,1.22939861,4.343,-6.501,306.271,306.271
347.79,3.469,3.466,89.391,-2.198,-3.466,-0.037,-0.133,0.117,331.923,44.423,-10.543,967.495,1.22942662,4.154,-7.858,306.639,306.639
347.891,1.528,1.527,95.018,2.087,-1.521,0.134,0.056,0.021,331.865,44.795,-10.526,967.482,1.22984004,4.315,-7.412,305.933,305.933
347.991,0.733,0.625,250.395,31.581,0.589,0.21,0.384,-0.096,331.794,45.232,-10.511,967.499,1.23038566,4.428,-6.122,305.332,305.332
348.091,0.26,0.192,95.387,42.151,-0.192,0.018,0.174,-0.689,331.434,47.184,-10.524,967.494,1.23305833,4.476,-6.57,305.789,305.789
348.191,3.344,3.337,113.069,3.641,-3.07,1.308,0.212,0.21,331.98,44.256,-10.505,967.502,1.22901416,4.614,-7.467,305.925,305.925
348.291,-99.53,-99.51,0.0,0.0,-99.4,-99.41,-99.42,-99.44,-99.43,32.741,-99.44,967.487,13.70055676,4.816,-6.581,306.219,306.219
348.391,1.828,1.828,95.837,0.0,-1.819,0.186,0.0,0.328,332.052,43.84,-10.516,967.492,1.22846913,4.908,-5.96,305.236,305.236
348.491,0.901,0.79,219.436,28.688,0.502,0.61,0.432,0.275,332.019,44.035,-10.509,967.496,1.22871375,4.679,-6.827,306.699,306.699
348.591,1.097,1.053,251.227,16.19,0.997,0.339,0.306,-0.423,331.595,46.232,-10.535,967.488,1.23184872,4.735,-7.686,305.26,305.26
348.691,0.623,0.623,177.436,0.0,-0.028,0.622,0.0,-0.735,331.406,47.418,-10.504,967.496,1.23326862,4.715,-6.639,306.092,306.092
348.791,-99.53,-99.51,0.0,0.0,-99.4,-99.41,-99.42,-99.44,-99.43,32.767,-99.44,967.51,13.70087719,4.496,-6.055,305.367,305.367
348.891,2.652,2.652,108.136,0.0,-2.521,0.826,0.0,-0.012,331.845,44.918,-10.521,967.491,1.22999835,4.388,-7.481,306.305,306.305
348.991,1.217,1.206,146.98,7.727,-0.657,1.011,0.164,-0.163,331.754,45.443,-10.513,967.485,1.2306689,4.003,-7.623,306.026,306.026
349.091,1.181,0.964,216.528,35.336,0.574,0.774,0.683,-0.634,331.467,46.974,-10.529,967.505,1.2328229,4.202,-6.403,306.755,306.755
349.192,0.82,0.819,146.747,-1.079,-0.449,0.685,-0.015,-1.101,331.183,48.683,-10.511,967.497,1.2349298,4.244,-6.703,305.613,305.613
349.292,3.693,3.691,122.689,1.484,-3.107,1.994,0.096,-0.288,331.677,45.862,-10.513,967.488,1.23123932,4.265,-7.739,306.239,306.239
349.392,3.459,3.459,86.618,0.0,-3.453,-0.204,0.0,-0.564,331.509,46.785,-10.516,967.491,1.23249018,4.545,-7.206,305.818,305.818
349.492,2.032,2.028,110.75,3.727,-1.896,0.718,0.132,-0.24,331.707,45.732,-10.504,967.485,1.23101497,4.892,-6.129,305.761,305.761
349.592,0.859,0.825,204.976,16.298,0.348,0.748,0.241,-0.383,331.619,46.106,-10.533,967.489,1.23166883,4.654,-6.76,306.296,306.296
349.692,0.554,0.17,152.898,72.132,-0.077,0.151,0.527,-0.992,331.249,48.274,-10.516,967.487,1.23442233,4.464,-7.783,306.664,306.664
349.792,3.281,3.28,124.85,0.646,-2.692,1.874,0.037,-0.283,331.68,45.853,-10.511,967.491,1.23121929,4.526,-7.103,306.307,306.307
349.892,-99.53,-99.51,0.0,0.0,-99.4,-99.41,-99.42,-99.44,-99.43,32.755,-99.44,967.48,13.70046616,4.512,-5.864,305.902,305.902
349.992,2.68,2.68,106.147,0.332,-2.574,0.745,0.016,0.067,331.893,44.66,-10.521,967.485,1.22963369,4.157,-6.546,305.764,305.764
350.092,0.823,0.804,175.536,12.401,-0.063,0.802,0.177,0.032,331.872,44.874,-10.494,967.49,1.22979689,4.147,-7.574,305.655,305.655
350.192,0.907,0.849,218.113,20.615,0.524,0.668,0.319,-0.572,331.505,46.85,-10.505,967.499,1.23253345,4.267,-6.534,306.617,306.617
350.292,1.575,1.575,140.974,-1.363,-0.992,1.223,-0.037,-0.827,331.35,47.627,-10.533,967.499,1.23368931,4.412,-5.199,305.482,305.482
350.392,-99.53,-99.51,0.0,0.0,-99.4,-99.41,-99.42,-99.44,-99.43,32.767,-99.44,967.472,13.70034981,4.453,-5.957,305.337,305.337
350.493,2.996,2.996,95.916,0.0,-2.98,0.309,0.0,-0.221,331.718,45.627,-10.516,967.479,1.23092437,4.273,-6.7,305.819,305.819
350.593,1.164,1.156,104.817,6.632,-1.117,0.296,0.134,-0.195,331.734,45.493,-10.529,967.498,1.23083282,4.321,-5.417,306.103,306.103
350.693,0.553,0.42,234.028,40.585,0.34,0.247,0.36,-0.655,331.454,47.047,-10.529,967.477,1.23288298,4.232,-4.47,305.658,305.658
350.793,1.18,1.111,105.233,19.698,-1.072,0.292,0.398,-1.213,331.115,49.118,-10.502,967.492,1.23542929,4.253,-5.617,305.143,305.143
350.893,2.14,2.138,108.771,-2.475,-2.025,0.688,-0.092,-0.334,331.649,45.976,-10.524,967.487,1.23144519,4.299,-6.342,305.637,305.637
350.993,-99.53,-99.51,0.0,0.0,-99.4,-99.41,-99.42,-99.44,-99.43,32.819,-99.44,967.478,13.70042515,4.429,-4.831,305.351,305.351
351.093,2.249,2.232,108.483,7.025,-2.117,0.708,0.275,-0.27,331.688,45.816,-10.509,967.487,1.23115456,4.686,-4.442,305.749,305.749
351.193,2.002,2.0,198.411,2.51,0.632,1.897,0.088,-0.231,331.712,45.631,-10.524,967.476,1.2309649,4.76,-5.989,306.806,306.806
351.293,1.287,1.282,190.434,4.896,0.232,1.261,0.11,-0.855,331.332,47.756,-10.525,967.488,1.23380435,4.514,-6.138,305.55,305.55
351.393,3.001,2.995,127.68,-3.799,-2.37,1.83,-0.199,-0.369,331.629,46.159,-10.505,967.482,1.23159266,4.87,-4.863,304.671,304.671
351.493,4.196,4.196,111.675,0.0,-3.9,1.55,0.0,0.518,332.167,43.266,-10.508,967.49,1.22761226,4.89,-4.858,305.774,305.774
351.593,2.835,2.829,103.01,3.878,-2.756,0.637,0.192,-0.078,331.805,45.102,-10.53,967.493,1.23029852,4.55,-5.992,306.111,306.111
351.693,0.88,0.86,147.354,12.327,-0.464,0.724,0.188,-0.08,331.803,45.021,-10.555,967.48,1.23029578,4.475,-6.336,305.655,305.655
351.794,1.253,0.669,230.002,57.751,0.512,0.43,1.06,-0.719,331.415,47.358,-10.505,967.482,1.23317802,4.397,-5.309,305.822,305.822
351.894,1.256,1.252,141.167,-4.347,-0.785,0.975,-0.095,-0.894,331.308,47.863,-10.533,967.493,1.2339884,4.451,-5.776,305.712,305.712
351.994,-99.53,-99.51,0.0,0.0,-99.4,-99.41,-99.42,-99.44,-99.43,32.803,-99.44,967.484,13.70051575,4.317,-6.834,306.137,306.137
352.094,3.264,3.261,98.782,-2.611,-3.223,0.498,-0.149,-0.04,331.828,45.068,-10.505,967.497,1.2301327,4.325,-6.606,306.662,306.662
352.194,1.267,1.256,116.605,7.366,-1.123,0.563,0.162,-0.2,331.731,45.564,-10.514,967.493,1.23084509,4.458,-5.692,305.054,305.054
352.294,1.064,0.798,232.17,41.404,0.63,0.489,0.704,-0.537,331.526,46.643,-10.529,967.496,1.232373,4.489,-6.394,305.966,305.966
352.394,0.672,0.504,153.057,41.39,-0.228,0.449,0.444,-1.096,331.186,48.624,-10.521,967.498,1.2349093,4.481,-6.967,305.741,305.741
352.494,3.521,3.521,118.276,-0.726,-3.101,1.668,-0.045,-0.044,331.826,45.06,-10.511,967.484,1.23013163,4.738,-6.395,306.1,306.1
352.594,-99.53,-99.51,0.0,0.0,-99.4,-99.41,-99.42,-99.44,-99.43,32.777,-99.44,967.499,13.70072842,4.633,-5.765,306.008,306.008
352.694,1.306,1.267,87.554,14.001,-1.266,-0.054,0.316,0.132,331.932,44.442,-10.524,967.488,1.22934747,4.911,-6.666,306.106,306.106
352.794,0.461,0.385,249.498,33.225,0.361,0.135,0.252,-0.034,331.831,44.975,-10.525,967.5,1.23010933,4.58,-7.01,306.362,306.362
352.894,0.736,0.429,345.174,54.353,0.11,-0.415,0.598,-0.71,331.421,47.203,-10.538,967.499,1.23316073,4.398,-6.499,305.645,305.645
352.994,2.129,2.128,120.732,1.095,-1.83,1.088,0.041,-0.372,331.626,46.196,-10.499,967.485,1.23161244,4.521,-6.511,306.309,306.309
353.095,3.368,3.328,99.14,8.865,-3.285,0.529,0.519,0.496,332.153,43.278,-10.525,967.496,1.22772324,4.239,-7.398,306.143,306.143
353.195,2.724,2.719,101.608,3.35,-2.663,0.547,0.159,0.199,331.973,44.262,-10.514,967.497,1.22905707,4.302,-7.801,305.924,305.924
353.295,0.552,0.509,170.114,22.766,-0.087,0.502,0.214,0.192,331.969,44.215,-10.533,967.502,1.22909427,4.416,-7.393,306.144,306.144
353.395,1.017,0.896,263.315,28.169,0.89,0.104,0.48,-0.415,331.6,46.259,-10.521,967.497,1.23182499,4.345,-7.261,305.578,305.578
353.495,0.551,0.42,93.191,40.39,-0.419,0.023,0.357,-0.79,331.373,47.627,-10.499,967.486,1.23350072,4.325,-8.114,306.412,306.412
353.595,-99.53,-99.51,0.0,0.0,-99.4,-99.41,-99.42,-99.44,-99.43,32.764,-99.44,967.497,13.70070457,4.064,-8.304,305.206,305.206
353.695,-99.53,-99.51,0.0,0.0,-99.4,-99.41,-99.42,-99.44,-99.43,32.739,-99.44,967.487,13.70055294,4.04,-7.635,306.32,306.32
353.795,1.422,1.422,90.291,0.0,-1.422,0.007,0.0,-0.167,331.751,45.385,-10.533,967.483,1.23068762,4.375,-7.698,306.367,306.367
353.895,0.582,0.374,269.443,50.071,0.374,0.004,0.446,-0.535,331.527,46.592,-10.541,967.49,1.23235726,4.247,-7.938,305.759,305.759
353.995,1.12,1.044,279.296,21.294,1.03,-0.169,0.407,-1.212,331.115,49.128,-10.499,967.488,1.23542178,4.597,-7.647,305.877,305.877
354.095,1.666,1.665,108.342,-0.575,-1.581,0.524,-0.017,-0.423,331.596,46.323,-10.511,967.491,1.23184919,4.497,-7.21,306.374,306.374
354.195,-99.53,-99.51,0.0,0.0,-99.4,-99.41,-99.42,-99.44,-99.43,32.817,-99.44,967.483,13.7005043,4.391,-7.281,305.816,305.816
354.296,2.724,2.722,84.076,-2.245,-2.707,-0.281,-0.107,-0.327,331.653,45.933,-10.529,967.499,1.23143017,4.553,-7.245,305.611,305.611
354.396,0.643,0.289,106.805,63.258,-0.277,0.084,0.574,-0.291,331.676,45.83,-10.524,967.477,1.2312355,4.46,-6.558,305.742,305.742
354.496,0.516,0.469,296.019,24.52,0.422,-0.206,0.214,-0.817,331.355,47.593,-10.533,967.475,1.23361492,4.539,-6.514,305.809,305.809
354.596,1.396,1.39,122.584,-5.456,-1.171,0.748,-0.133,-0.618,331.477,46.915,-10.53,967.485,1.23272514,4.35,-6.799,305.821,305.821
354.696,2.881,2.881,89.249,0.0,-2.88,-0.038,0.0,0.337,332.056,43.693,-10.55,967.486,1.2284261,4.286,-6.552,305.855,305.855
354.796,3.771,3.771,82.508,0.0,-3.739,-0.492,0.0,-0.111,331.785,45.262,-10.516,967.509,1.23046696,4.925,-5.49,305.773,305.773
354.896,20.52,14.202,130.512,-46.204,-10.797,9.225,-14.811,-24.552,316.587,100.0,-10.529,967.496,1.35142088,0.838,-5.236,304.553,304.553
354.996,0.481,0.481,251.04,0.0,0.455,0.156,0.0,-0.396,331.611,46.142,-10.535,967.485,1.23172474,-1.411,-7.221,304.901,304.901
355.096,1.389,1.35,121.547,-13.648,-1.15,0.706,-0.328,-0.869,331.324,47.71,-10.55,967.495,1.23387671,1.566,-13.482,307.159,307.159
355.196,-99.53,-99.51,0.0,0.0,-99.4,-99.41,-99.42,-99.44,-99.43,32.777,-99.44,967.499,13.70072556,5.053,-16.143,308.368,308.368
355.296,-99.53,-99.51,0.0,0.0,-99.4,-99.41,-99.42,-99.44,-99.43,32.777,-99.44,967.482,13.70048714,4.799,-13.358,307.641,307.641
355.396,1.761,1.761,82.02,0.0,-1.744,-0.244,0.0,-0.274,331.685,45.725,-10.538,967.464,1.23114765,6.007,-9.903,307.284,307.284
355.496,26.71,17.984,132.713,-47.678,-13.214,12.199,-19.749,-32.831,311.271,100.0,-10.535,967.471,1.3979435,6.738,-7.492,306.15,306.15
355.597,0.358,0.357,9.169,1.947,-0.057,-0.353,0.012,-1.02,331.232,48.257,-10.546,967.474,1.23453438,4.741,-7.487,305.598,305.598
355.697,2.143,2.14,108.65,2.882,-2.028,0.684,0.108,-0.201,331.73,45.587,-10.508,967.459,1.23080719,4.215,-10.715,306.728,306.728
355.797,-99.53,-99.51,0.0,0.0,-99.4,-99.41,-99.42,-99.44,-99.43,32.764,-99.44,967.447,13.69998932,3.727,-13.97,307.649,307.649
355.897,3.385,3.385,78.342,0.0,-3.316,-0.684,0.0,-0.38,331.621,46.033,-10.55,967.465,1.23162651,3.424,-13.718,307.567,307.567
355.997,1.122,1.117,69.835,5.683,-1.048,-0.385,0.111,-0.271,331.688,45.702,-10.541,967.454,1.23111904,3.36,-11.001,306.528,306.528
356.097,1.425,1.423,320.472,2.834,0.906,-1.098,0.07,-0.769,331.385,47.396,-10.541,967.472,1.23339391,3.095,-8.162,305.512,305.512
356.197,0.628,0.625,122.132,6.075,-0.529,0.332,0.066,-0.626,331.471,46.884,-10.546,967.463,1.23273742,2.637,-8.734,305.337,305.337
356.297,3.123,3.123,78.747,0.0,-3.063,-0.609,0.0,0.466,332.135,43.395,-10.518,967.471,1.2278235,1.818,-10.99,306.315,306.315
356.397,4.751,4.676,86.383,-10.183,-4.667,-0.295,-0.84,-0.209,331.725,45.47,-10.548,967.465,1.23085713,1.664,-13.4,306.948,306.948
356.497,1.496,1.494,73.675,3.241,-1.434,-0.42,0.085,-0.053,331.82,45.022,-10.53,967.487,1.23018098,1.701,-13.288,306.621,306.621
356.597,0.513,0.413,275.952,36.436,0.411,-0.043,0.305,-0.218,331.719,45.571,-10.529,967.481,1.2309159,2.264,-11.137,306.439,306.439
356.697,0.659,0.27,216.532,65.778,0.161,0.217,0.601,-0.711,331.42,47.196,-10.541,967.483,1.233145,3.08,-8.522,306.642,306.642
356.797,-99.53,-99.51,0.0,0.0,-99.4,-99.41,-99.42,-99.44,-99.43,32.764,-99.44,967.485,13.70052528,3.376,-8.385,306.322,306.322
356.898,-99.53,-99.51,0.0,0.0,-99.4,-99.41,-99.42,-99.44,-99.43,32.75,-99.44,967.475,13.70038223,-4.58,-10.633,304.276,304.276
356.998,2.225,2.223,91.592,2.362,-2.222,0.062,0.092,-0.31,331.664,45.922,-10.516,967.467,1.23130858,-2.379,-13.428,305.298,305.298
357.098,0.178,0.059,269.559,70.646,0.059,0.0,0.168,-0.482,331.559,46.485,-10.521,967.46,1.23207974,22.311,-14.022,311.107,311.107
357.198,0.589,0.572,326.328,13.706,0.317,-0.476,0.139,-1.049,331.215,48.495,-10.511,967.464,1.23464859,16.244,-11.725,309.928,309.928
357.298,1.234,1.228,117.216,-5.419,-1.092,0.562,-0.117,-0.44,331.585,46.325,-10.525,967.471,1.231902,1.708,-7.687,306.072,306.072
357.398,-99.53,-99.51,0.0,0.0,-99.4,-99.41,-99.42,-99.44,-99.43,32.777,-99.44,967.47,13.70031738,-23.523,-6.0,296.414,296.414
357.498,2.732,2.732,83.422,0.0,-2.714,-0.313,0.0,-0.187,331.738,45.337,-10.564,967.462,1.23075259,5.996,-10.212,307.846,307.846
357.598,0.372,0.267,30.41,44.071,-0.135,-0.23,0.259,-0.069,331.81,45.015,-10.546,967.463,1.23022139,9.56,-13.572,307.803,307.803
357.698,1.756,1.674,291.05,17.594,1.562,-0.601,0.531,-0.592,331.492,46.753,-10.55,967.469,1.23259103,0.598,-12.851,306.202,306.202
357.798,0.946,0.913,300.087,15.244,0.79,-0.458,0.249,-0.849,331.336,47.565,-10.57,967.49,1.23378229,-0.869,-12.252,304.573,304.573
357.898,2.263,2.263,97.721,-0.325,-2.243,0.304,-0.013,0.28,332.022,43.856,-10.555,967.479,1.22867143,0.123,-9.439,305.212,305.212
357.998,3.28,3.28,86.119,0.0,-3.273,-0.222,0.0,0.009,331.858,44.834,-10.525,967.48,1.22988963,1.74,-9.02,305.432,305.432
358.098,1.227,1.227,87.18,0.0,-1.226,-0.06,0.0,-0.087,331.799,45.112,-10.535,967.485,1.23032808,3.157,-10.989,305.384,305.384
358.199,0.931,0.931,230.912,0.0,0.723,0.587,0.0,-0.24,331.706,45.581,-10.546,967.465,1.23099601,3.238,-13.66,306.639,306.639
358.299,0.51,0.51,112.504,1.12,-0.471,0.195,0.01,-0.909,331.299,47.866,-10.546,967.475,1.23403418,4.294,-13.758,306.675,306.675
358.399,-99.53,-99.51,0.0,0.0,-99.4,-99.41,-99.42,-99.44,-99.43,32.764,-99.44,967.473,13.70036221,4.917,-11.262,306.366,306.366
358.499,-99.53,-99.51,0.0,0.0,-99.4,-99.41,-99.42,-99.44,-99.43,32.817,-99.44,967.472,13.70034122,5.093,-8.884,307.047,307.047
358.599,1.779,1.779,83.198,0.0,-1.767,-0.211,0.0,-0.187,331.738,45.406,-10.546,967.468,1.23076224,4.268,-8.309,306.704,306.704
358.699,0.442,0.247,331.702,56.057,0.117,-0.217,0.366,-0.332,331.65,45.886,-10.546,967.465,1.23140907,3.861,-10.777,305.564,305.564
358.799,1.247,1.145,311.173,23.238,0.862,-0.754,0.492,-1.032,331.224,48.246,-10.56,967.445,1.23455381,3.369,-13.197,305.208,305.208
358.899,1.871,1.869,115.945,2.663,-1.681,0.818,0.087,-0.529,331.53,46.538,-10.55,967.45,1.232283,3.722,-13.659,306.699,306.699
358.999,-99.53,-99.51,0.0,0.0,-99.4,-99.41,-99.42,-99.44,-99.43,32.777,-99.44,967.462,13.70020103,3.701,-11.32,305.56,305.56
359.099,3.143,3.143,85.339,0.0,-3.133,-0.255,0.0,-0.293,331.674,45.762,-10.545,967.461,1.23122966,3.787,-8.499,305.664,305.664
359.199,0.685,0.685,93.132,0.0,-0.684,0.037,0.0,-0.102,331.79,45.204,-10.524,967.458,1.23036075,2.848,-8.432,305.406,305.406
359.299,1.007,0.857,303.709,31.656,0.713,-0.475,0.528,-0.688,331.434,47.098,-10.546,967.472,1.23302948,2.35,-10.497,306.261,306.261
359.399,1.615,1.611,117.131,3.959,-1.434,0.735,0.112,-0.806,331.362,47.452,-10.56,967.482,1.2335763,1.542,-13.357,306.774,306.774
359.5,2.445,2.445,100.294,0.0,-2.405,0.437,0.0,0.231,331.992,44.151,-10.516,967.484,1.22889662,1.747,-13.426,306.32,306.32
359.6,3.122,3.122,89.011,0.0,-3.121,-0.054,0.0,0.061,331.889,44.577,-10.55,967.484,1.22966313,2.221,-11.418,305.808,305.808
359.7,1.487,1.487,81.269,0.0,-1.47,-0.226,0.0,0.006,331.856,44.817,-10.533,967.477,1.22989964,3.126,-9.083,306.572,306.572
359.8,0.83,0.789,273.273,18.084,0.788,-0.045,0.258,-0.311,331.663,45.801,-10.55,967.493,1.23134959,3.176,-9.327,305.888,305.888
359.9,1.498,1.175,283.189,38.325,1.144,-0.268,0.929,-0.911,331.298,47.912,-10.535,967.465,1.23402679,3.66,-11.384,306.549,306.549
360.0,-99.53,-99.51,0.0,0.0,-99.4,-99.41,-99.42,-99.44,-99.43,32.764,-99.44,967.468,13.70028973,3.786,-13.403,306.913,306.913
360.1,-99.53,-99.51,0.0,0.0,-99.4,-99.41,-99.42,-99.44,-99.43,32.817,-99.44,967.476,13.70039654,3.841,-13.192,306.513,306.513
360.2,2.758,2.752,81.004,-3.791,-2.718,-0.43,-0.182,-0.276,331.684,45.731,-10.538,967.464,1.23115611,4.359,-10.906,307.567,307.567
360.3,0.63,0.629,64.67,-2.871,-0.569,-0.269,-0.032,-6.462,327.903,72.823,-10.514,967.466,1.2597146,4.478,-7.823,306.478,306.478
360.4,1.607,1.563,304.184,13.332,1.293,-0.878,0.371,-0.992,331.249,48.179,-10.541,967.465,1.23439622,4.358,-7.062,304.903,304.903
360.5,0.831,0.762,65.537,-23.493,-0.694,-0.316,-0.331,-0.56,331.512,46.721,-10.529,967.455,1.23242509,4.012,-10.894,305.641,305.641
360.6,2.895,2.895,86.08,0.0,-2.888,-0.198,0.0,0.226,331.989,44.134,-10.525,967.47,1.22890222,2.916,-14.146,307.087,307.087
360.7,3.536,3.533,83.608,-2.216,-3.511,-0.393,-0.137,-0.229,331.713,45.504,-10.557,967.46,1.23093939,2.043,-14.453,306.781,306.781
360.801,1.069,1.069,74.415,0.0,-1.029,-0.287,0.0,-0.162,331.754,45.298,-10.553,967.484,1.23066664,1.874,-11.56,305.93,305.93
360.901,0.872,0.47,300.955,57.369,0.403,-0.242,0.734,-0.593,331.492,46.791,-10.541,967.458,1.2325803,1.54,-7.8,305.26,305.26
361.001,1.433,1.4,106.346,12.213,-1.344,0.394,0.303,-0.809,331.36,47.555,-10.535,967.477,1.23357987,1.809,-8.469,306.027,306.027
361.101,3.957,3.954,108.424,2.232,-3.752,1.25,0.154,0.256,332.008,44.077,-10.514,967.487,1.22878456,2.305,-11.74,306.25,306.25
361.201,-99.53,-99.51,0.0,0.0,-99.4,-99.41,-99.42,-99.44,-99.43,32.803,-99.44,967.467,13.70027161,3.118,-14.339,307.061,307.061
361.301,1.018,1.018,93.561,0.0,-1.016,0.063,0.0,0.075,331.898,44.652,-10.516,967.464,1.22956979,3.644,-13.678,307.404,307.404
361.401,1.067,0.632,264.029,53.653,0.629,0.066,0.859,-0.056,331.818,45.02,-10.533,967.468,1.23016751,4.059,-10.512,306.21,306.21
361.501,0.619,0.444,29.82,44.144,-0.221,-0.386,0.431,-0.866,331.326,47.799,-10.524,967.472,1.23383152,4.369,-8.19,305.714,305.714
361.601,1.896,1.894,134.029,2.779,-1.362,1.316,0.092,-0.554,331.515,46.604,-10.555,967.48,1.23243308,3.993,-8.424,305.294,305.294
361.701,-99.53,-99.51,0.0,0.0,-99.4,-99.41,-99.42,-99.44,-99.43,32.777,-99.44,967.448,13.70001316,3.787,-11.521,306.934,306.934
361.801,1.776,1.759,92.799,7.81,-1.757,0.086,0.241,-0.126,331.776,45.207,-10.545,967.453,1.23046505,3.538,-14.018,306.793,306.793
361.901,0.318,0.283,177.519,27.264,-0.012,0.282,0.146,-0.249,331.701,45.671,-10.529,967.454,1.23101819,3.605,-13.9,306.885,306.885
362.002,0.684,0.575,284.844,32.807,0.556,-0.147,0.371,-0.829,331.348,47.605,-10.541,967.452,1.23364019,3.864,-11.232,306.029,306.029
362.102,1.039,1.03,122.356,7.562,-0.87,0.551,0.137,-0.743,331.401,47.306,-10.541,967.473,1.23327661,3.823,-8.668,305.585,305.585
362.202,2.496,2.469,106.428,8.385,-2.368,0.698,0.364,0.115,331.922,44.403,-10.55,967.471,1.22940469,3.201,-8.236,306.464,306.464
362.302,2.762,2.758,85.871,-2.949,-2.751,-0.199,-0.142,-0.068,331.81,45.033,-10.541,967.477,1.23023593,2.087,-10.81,306.125,306.125
362.402,0.645,0.645,80.151,0.0,-0.636,-0.11,0.0,-0.036,331.831,45.006,-10.518,967.476,1.23008525,1.965,-13.646,306.143,306.143
362.502,0.648,0.617,260.478,17.896,0.608,0.102,0.199,-0.54,331.524,46.694,-10.518,967.464,1.2323482,1.473,-13.553,306.067,306.067
362.602,1.055,0.987,116.716,20.614,-0.882,0.444,0.371,-0.889,331.312,47.95,-10.505,967.465,1.23392546,1.885,-11.079,306.082,306.082
362.702,3.148,3.146,108.886,2.039,-2.977,1.018,0.112,-0.004,331.85,44.861,-10.53,967.487,1.22995913,2.847,-8.839,306.433,306.433
362.802,-99.53,-99.51,0.0,0.0,-99.4,-99.41,-99.42,-99.44,-99.43,32.814,-99.44,967.467,13.70026875,2.862,-9.721,306.588,306.588
362.902,1.264,1.212,103.883,16.508,-1.177,0.291,0.359,0.067,331.893,44.592,-10.541,967.477,1.22962737,13.705,-15.313,309.611,309.611
363.002,0.974,0.814,232.159,33.3,0.643,0.5,0.535,-0.115,331.782,45.186,-10.541,967.464,1.23042941,1.411,-12.513,306.202,306.202
363.103,0.87,0.422,10.63,60.986,-0.078,-0.415,0.761,-0.948,331.276,48.043,-10.535,967.455,1.23418331,3.029,-13.066,307.59,307.59
363.203,1.576,1.576,132.412,-0.264,-1.163,1.063,-0.007,-0.896,331.307,47.826,-10.545,967.462,1.23395908,2.774,-12.082,306.453,306.453
363.303,-99.53,-99.51,0.0,0.0,-99.4,-99.41,-99.42,-99.44,-99.43,32.79,-99.44,967.461,13.70019627,2.704,-11.135,306.431,306.431
363.403,2.171,2.171,83.957,0.0,-2.159,-0.229,0.0,-0.286,331.679,45.871,-10.508,967.464,1.23119831,3.756,-9.141,305.711,305.711
363.503,0.224,0.165,64.898,42.727,-0.149,-0.07,0.152,-0.236,331.709,45.586,-10.541,967.462,1.23097336,3.998,-10.251,305.907,305.907
363.604,0.887,0.837,285.021,19.383,0.809,-0.217,0.295,-0.754,331.394,47.418,-10.521,967.479,1.23333395,3.392,-11.273,306.504,306.504
363.704,0.632,0.467,238.724,42.305,0.399,0.243,0.425,-0.96,331.269,48.169,-10.514,967.47,1.23425472,2.719,-13.471,306.877,306.877
363.804,2.056,2.052,106.576,-3.274,-1.967,0.586,-0.117,-0.113,331.783,45.105,-10.562,967.464,1.23042512,2.444,-12.428,305.375,305.375
363.904,3.038,3.038,95.416,0.0,-3.025,0.287,0.0,-0.1,331.792,45.234,-10.514,967.477,1.23037493,2.127,-10.497,306.12,306.12
364.004,1.48,1.459,101.427,9.756,-1.43,0.289,0.251,-0.151,331.761,45.342,-10.53,967.472,1.23059988,2.326,-9.146,305.434,305.434
364.104,0.682,0.486,228.31,44.5,0.363,0.324,0.478,-0.449,331.579,46.364,-10.524,967.47,1.23194373,2.64,-9.933,306.335,306.335
364.204,1.007,1.007,134.04,-0.957,-0.724,0.7,-0.017,-0.86,331.329,47.713,-10.541,967.458,1.23378778,2.993,-12.644,306.653,306.653
364.304,2.713,2.709,111.471,3.299,-2.521,0.992,0.156,0.089,331.906,44.52,-10.541,967.464,1.22951066,3.623,-13.22,306.848,306.848
364.404,-99.53,-99.51,0.0,0.0,-99.4,-99.41,-99.42,-99.44,-99.43,32.776,-99.44,967.47,13.70032406,4.599,-12.885,306.826,306.826
364.504,2.134,2.126,108.95,4.889,-2.011,0.691,0.182,0.125,331.928,44.465,-10.524,967.463,1.22934759,4.218,-6.862,305.633,305.633
364.604,1.02,0.987,206.124,14.542,0.435,0.887,0.256,-0.007,331.848,44.892,-10.524,967.455,1.22992849,2.814,-6.04,305.432,305.432
364.705,0.422,0.421,166.937,4.308,-0.095,0.41,0.032,-0.725,331.411,47.285,-10.53,967.468,1.23318863,3.111,-10.83,306.229,306.229
364.805,2.365,2.363,153.217,2.393,-1.065,2.109,0.099,-0.84,331.341,47.711,-10.524,967.458,1.23369873,2.64,-15.562,307.339,307.339
364.905,-99.53,-99.51,0.0,0.0,-99.4,-99.41,-99.42,-99.44,-99.43,32.776,-99.44,967.452,13.70005894,2.905,-15.292,307.088,307.088
365.005,3.238,3.233,102.878,-3.348,-3.152,0.721,-0.189,-0.304,331.667,45.833,-10.535,967.458,1.23127484,3.646,-10.545,306.876,306.876
365.105,1.1,1.032,117.708,20.268,-0.913,0.48,0.381,-0.272,331.686,45.672,-10.55,967.476,1.2311542,3.462,-6.494,305.075,305.075
365.205,0.485,0.337,285.285,45.928,0.325,-0.089,0.348,-0.798,331.367,47.437,-10.557,967.458,1.23350918,3.704,-6.675,306.617,306.617
365.305,0.957,0.956,111.618,2.253,-0.889,0.352,0.038,-0.955,331.272,48.17,-10.508,967.455,1.23420954,2.83,-12.142,306.084,306.084
365.405,2.146,2.146,112.121,0.0,-1.988,0.808,0.0,-0.103,331.789,45.128,-10.546,967.46,1.23037183,2.132,-15.184,306.755,306.755
365.505,3.603,3.603,92.429,0.0,-3.6,0.153,0.0,-0.199,331.731,45.463,-10.541,967.451,1.2307924,2.458,-15.074,307.763,307.763
365.605,1.911,1.911,97.814,-0.161,-1.893,0.26,-0.005,-0.217,331.72,45.509,-10.545,967.465,1.23089266,4.121,-9.739,305.936,305.936
365.705,0.906,0.686,278.767,40.778,0.678,-0.105,0.592,-0.409,331.603,46.186,-10.535,967.459,1.2317512,3.718,-4.484,305.06,305.06
365.805,0.399,0.391,109.086,11.609,-0.37,0.128,0.08,-0.901,331.304,47.842,-10.545,967.469,1.23398852,3.585,-7.297,305.827,305.827
365.905,1.907,1.906,96.743,1.907,-1.893,0.224,0.063,-0.035,331.831,44.942,-10.535,967.46,1.23006356,3.48,-14.355,307.303,307.303
366.006,-99.53,-99.51,0.0,0.0,-99.4,-99.41,-99.42,-99.44,-99.43,32.776,-99.44,967.461,13.70019245,3.042,-16.644,307.75,307.75
366.106,2.871,2.871,88.264,0.0,-2.87,-0.087,0.0,-0.095,331.794,45.037,-10.564,967.474,1.23035669,2.867,-11.481,306.057,306.057
366.206,0.532,0.509,130.519,16.871,-0.387,0.331,0.154,-0.182,331.741,45.355,-10.555,967.481,1.23075259,3.885,-7.154,305.397,305.397
366.306,0.395,0.211,113.059,57.659,-0.194,0.083,0.334,-0.739,331.402,47.279,-10.545,967.459,1.23324394,4.491,-7.496,306.427,306.427
366.406,1.704,1.703,123.179,-1.989,-1.425,0.932,-0.059,-0.712,331.419,47.285,-10.518,967.47,1.23313284,3.559,-12.285,306.847,306.847
366.506,-99.53,-99.51,0.0,0.0,-99.4,-99.41,-99.42,-99.44,-99.43,32.828,-99.44,967.482,13.70049286,3.093,-15.12,306.713,306.713
366.606,2.669,2.669,92.266,0.0,-2.667,0.106,0.0,-0.236,331.709,45.604,-10.535,967.468,1.23097897,3.915,-14.076,307.263,307.263
366.706,0.656,0.636,154.486,14.199,-0.274,0.574,0.161,-0.193,331.734,45.41,-10.55,967.48,1.23080325,3.926,-9.867,306.453,306.453
366.806,0.966,0.807,281.732,33.38,0.79,-0.164,0.531,-0.716,331.417,47.198,-10.545,967.487,1.23317409,2.817,-8.588,305.273,305.273
366.906,0.657,0.61,67.576,21.96,-0.564,-0.233,0.246,-0.945,331.277,48.1,-10.518,967.472,1.23419201,2.986,-13.154,306.82,306.82
367.006,2.222,2.222,98.398,-0.577,-2.198,0.324,-0.022,0.062,331.889,44.583,-10.548,967.488,1.22966433,2.854,-15.626,307.27,307.27
367.106,3.49,3.49,88.854,0.0,-3.489,-0.07,0.0,-0.201,331.73,45.55,-10.518,967.474,1.2308265,3.548,-14.241,307.543,307.543
367.206,1.557,1.557,97.793,0.0,-1.543,0.211,0.0,-0.161,331.755,45.418,-10.518,967.472,1.23064542,4.636,-10.535,306.697,306.697
367.307,0.677,0.663,201.378,11.806,0.242,0.617,0.139,-4.948,328.832,64.707,-10.545,967.473,1.25261605,3.548,-11.079,306.979,306.979
367.407,0.778,0.723,131.483,21.66,-0.542,0.479,0.287,-0.887,331.313,47.733,-10.56,967.472,1.23392868,4.496,-14.155,307.366,307.366
367.507,3.359,3.357,109.915,1.992,-3.156,1.143,0.117,0.079,331.9,44.518,-10.55,967.466,1.22955823,4.609,-16.166,307.707,307.707
367.607,-99.53,-99.51,0.0,0.0,-99.4,-99.41,-99.42,-99.44,-99.43,32.75,-99.44,967.465,13.70025158,3.858,-12.194,305.992,305.992
367.707,2.055,2.051,100.047,3.604,-2.019,0.358,0.129,0.018,331.863,44.716,-10.55,967.466,1.22983289,3.121,-10.9,305.642,305.642
367.807,0.85,0.835,187.477,10.947,0.109,0.828,0.161,0.007,331.856,44.691,-10.567,967.48,1.22990215,2.881,-12.394,306.316,306.316
367.907,0.844,0.763,221.553,25.258,0.506,0.571,0.36,-0.67,331.445,47.155,-10.514,967.458,1.23292434,3.515,-14.693,306.753,306.753
368.007,1.231,1.225,129.919,-5.509,-0.94,0.786,-0.118,-0.689,331.433,47.101,-10.546,967.456,1.23301303,3.67,-12.569,306.263,306.263
368.107,-99.53,-99.51,0.0,0.0,-99.4,-99.41,-99.42,-99.44,-99.43,32.776,-99.44,967.475,13.70039082,4.466,-10.595,305.763,305.763
368.207,2.201,2.186,103.896,6.804,-2.122,0.525,0.261,0.105,331.915,44.374,-10.567,967.481,1.22946393,3.655,-11.18,306.312,306.312
368.307,0.89,0.89,169.18,-2.174,-0.167,0.874,-0.034,-0.088,331.799,45.096,-10.541,967.484,1.23033118,3.003,-12.907,306.537,306.537
368.407,1.252,1.252,207.203,0.0,0.572,1.114,0.0,-0.651,331.456,46.973,-10.545,967.467,1.23285401,3.179,-14.777,306.828,306.828
368.507,1.677,1.673,149.477,4.067,-0.85,1.441,0.119,-0.907,331.301,47.899,-10.535,967.461,1.23400521,3.034,-12.325,307.271,307.271
368.608,2.937,2.937,111.659,0.0,-2.729,1.084,0.0,-0.143,331.765,45.298,-10.535,967.451,1.23053944,3.373,-10.602,305.658,305.658
368.708,3.543,3.54,93.641,-2.337,-3.533,0.225,-0.144,-0.079,331.804,45.107,-10.53,967.461,1.23026359,3.716,-10.985,305.779,305.779
368.808,1.704,1.695,95.978,5.759,-1.686,0.177,0.171,-0.081,331.803,45.04,-10.55,967.469,1.23028362,3.618,-14.841,307.291,307.291
368.908,1.041,0.69,275.672,48.513,0.686,-0.068,0.78,-0.211,331.724,45.522,-10.535,967.46,1.23085666,3.427,-15.445,307.004,307.004
369.008,1.058,0.865,326.473,35.097,0.478,-0.721,0.608,-0.745,331.399,47.28,-10.55,967.476,1.23329365,3.911,-13.039,306.599,306.599
369.108,1.666,1.659,108.594,5.267,-1.572,0.529,0.153,0.154,331.945,44.278,-10.55,967.465,1.22922254,3.444,-9.792,306.664,306.664
369.208,-99.53,-99.51,0.0,0.0,-99.4,-99.41,-99.42,-99.44,-99.43,32.762,-99.44,967.466,13.70025921,4.059,-11.265,306.59,306.59
369.308,2.168,2.168,85.452,0.0,-2.161,-0.172,0.0,0.074,331.897,44.512,-10.557,967.459,1.22957408,2.776,-14.99,307.347,307.347
369.408,0.407,0.076,148.837,79.262,-0.039,0.065,0.4,0.092,331.908,44.459,-10.555,967.475,1.2295115,2.056,-15.48,306.914,306.914
369.508,0.694,0.571,286.086,34.634,0.548,-0.158,0.394,-0.708,331.422,47.186,-10.541,967.461,1.23310423,5.603,-13.483,307.064,307.064
369.608,0.964,0.955,122.579,7.822,-0.805,0.514,0.131,-0.689,331.433,47.121,-10.541,967.461,1.23301911,2.294,-7.339,305.803,305.803
369.708,-99.53,-99.51,0.0,0.0,-99.4,-99.41,-99.42,-99.44,-99.43,32.776,-99.44,967.474,13.70037651,3.181,-9.775,306.288,306.288
369.808,2.657,2.657,95.42,0.0,-2.645,0.251,0.0,0.015,331.861,44.728,-10.55,967.486,1.22987449,5.254,-15.3,308.172,308.172
369.909,0.916,0.868,105.866,18.677,-0.835,0.237,0.293,-0.131,331.772,45.183,-10.557,967.47,1.2305131,1.881,-15.337,307.069,307.069
370.009,1.064,0.588,272.075,56.416,0.588,-0.021,0.886,-0.58,331.499,46.711,-10.55,967.468,1.23253512,3.278,-12.637,306.634,306.634
370.109,0.365,0.196,318.504,57.544,0.13,-0.147,0.308,-1.018,331.233,48.113,-10.581,967.481,1.23453748,4.747,-9.491,306.2,306.2
370.209,2.939,2.939,110.415,0.0,-2.754,1.025,0.0,-0.114,331.783,45.131,-10.555,967.476,1.23044169,2.775,-8.832,305.678,305.678
370.309,3.251,3.249,100.032,-1.536,-3.2,0.566,-0.087,0.043,331.878,44.555,-10.572,967.477,1.2297374,4.521,-14.357,307.852,307.852
370.409,1.598,1.593,109.094,4.277,-1.506,0.521,0.119,-0.03,331.833,44.744,-10.587,967.472,1.23006427,3.255,-15.703,306.99,306.99
370.509,1.797,1.792,207.639,4.292,0.831,1.587,0.134,-0.183,331.74,45.386,-10.548,967.476,1.23075473,3.078,-12.794,305.773,305.773
370.609,0.671,0.654,216.517,13.011,0.389,0.526,0.151,-0.885,331.314,47.875,-10.521,967.473,1.23391879,4.222,-9.925,305.672,305.672
370.709,2.852,2.832,128.507,-6.783,-2.216,1.763,-0.337,-0.115,331.782,45.17,-10.545,967.474,1.23044109,3.079,-9.29,306.201,306.201
370.809,-99.53,-99.51,0.0,0.0,-99.4,-99.41,-99.42,-99.44,-99.43,32.812,-99.44,967.472,13.70034122,3.713,-14.122,307.193,307.193
370.909,2.298,2.289,87.102,-5.131,-2.286,-0.116,-0.206,0.216,331.983,44.018,-10.567,967.484,1.22896814,3.389,-16.051,308.225,308.225
371.009,26.956,18.408,132.485,-46.93,-13.575,12.433,-19.692,-32.36,311.575,100.0,-10.545,967.461,1.39519536,3.194,-13.528,306.39,306.39
371.109,1.465,1.357,295.662,22.099,1.223,-0.588,0.551,-0.575,331.503,46.768,-10.53,967.486,1.23253286,4.418,-9.366,306.502,306.502
371.21,0.663,0.442,46.948,48.244,-0.323,-0.301,0.495,-0.726,331.41,47.279,-10.533,967.472,1.23320103,3.535,-10.551,306.015,306.015
371.31,-99.53,-99.51,0.0,0.0,-99.4,-99.41,-99.42,-99.44,-99.43,32.748,-99.44,967.49,13.70059776,3.614,-14.88,306.932,306.932
371.41,2.408,2.398,99.217,-5.1,-2.367,0.384,-0.214,-0.008,331.847,44.82,-10.545,967.481,1.22996902,3.394,-16.223,307.174,307.174
371.51,0.839,0.838,143.784,-3.262,-0.495,0.676,-0.048,-0.155,331.758,45.319,-10.541,967.483,1.23063648,3.348,-12.516,307.67,307.67
371.61,1.129,1.129,242.204,0.0,0.999,0.527,0.0,-0.603,331.485,46.744,-10.562,967.477,1.23264968,4.049,-10.474,306.297,306.297
371.71,0.533,0.266,227.638,-60.124,0.196,0.179,-0.462,-1.13,331.164,48.625,-10.553,967.476,1.23503935,3.837,-12.348,306.67,306.67
371.81,3.083,3.03,120.356,-10.673,-2.614,1.531,-0.571,-0.109,331.785,45.11,-10.557,967.487,1.23043561,3.725,-15.27,307.582,307.582
371.91,-99.53,-99.51,0.0,0.0,-99.4,-99.41,-99.42,-99.44,-99.43,32.79,-99.44,967.481,13.70048046,3.421,-14.568,306.423,306.423
372.01,1.716,1.705,109.523,-6.551,-1.607,0.57,-0.196,-0.139,331.768,45.285,-10.535,967.476,1.23055398,3.628,-11.377,307.533,307.533
372.11,1.72,1.719,212.424,1.988,0.922,1.451,0.06,-0.319,331.658,45.787,-10.562,967.49,1.23138785,3.749,-10.486,306.71,306.71
372.21,0.967,0.943,214.677,12.866,0.536,0.775,0.215,-0.969,331.263,48.08,-10.545,967.469,1.2342962,3.689,-12.466,305.668,305.668
372.31,2.848,2.78,127.812,-12.576,-2.196,1.704,-0.62,-0.443,331.583,46.192,-10.564,967.462,1.23190749,3.631,-14.504,306.731,306.731
372.41,4.139,4.139,114.72,0.0,-3.76,1.731,0.0,0.357,332.068,43.631,-10.55,967.483,1.22833359,3.644,-13.125,307.293,307.293
372.511,2.833,2.831,113.402,-2.271,-2.598,1.125,-0.112,-0.021,331.839,44.853,-10.548,967.468,1.23001277,3.859,-10.973,306.472,306.472
372.611,1.732,1.732,188.612,0.21,0.259,1.712,0.006,-0.04,331.827,44.907,-10.55,967.472,1.23010349,4.109,-10.845,306.432,306.432
372.711,1.698,1.691,214.592,5.182,0.96,1.392,0.153,-0.608,331.483,46.814,-10.548,967.47,1.23266244,3.774,-13.501,306.926,306.926
372.811,1.866,1.843,164.383,-9.134,-0.496,1.775,-0.296,-0.87,331.323,47.674,-10.56,967.468,1.23384762,3.685,-14.46,307.371,307.371
372.911,-99.53,-99.51,0.0,0.0,-99.4,-99.41,-99.42,-99.44,-99.43,32.79,-99.44,967.485,13.70053577,3.597,-12.423,307.056,307.056
373.011,-99.53,-99.51,0.0,0.0,-99.4,-99.41,-99.42,-99.44,-99.43,32.79,-99.44,967.463,13.70021343,3.821,-11.017,306.503,306.503
373.111,1.198,1.197,158.526,1.799,-0.438,1.114,0.038,-0.39,331.615,46.087,-10.545,967.485,1.23169887,3.877,-12.862,306.617,306.617
373.211,2.136,2.134,210.469,2.336,1.082,1.839,0.087,-0.804,331.363,47.483,-10.55,967.466,1.23354566,3.725,-14.553,307.253,307.253
373.311,1.6,1.553,166.84,-13.925,-0.353,1.512,-0.385,-1.302,331.06,49.243,-10.553,967.462,1.23580265,3.844,-13.827,307.355,307.355
373.411,3.56,3.447,131.165,-14.476,-2.595,2.269,-0.89,-0.431,331.59,46.18,-10.557,967.47,1.23186362,3.661,-11.972,306.401,306.401
373.511,-99.53,-99.51,0.0,0.0,-99.4,-99.41,-99.42,-99.44,-99.43,32.79,-99.44,967.471,13.70033169,3.839,-12.163,307.046,307.046
373.611,2.003,1.998,122.25,-4.148,-1.69,1.066,-0.145,-0.298,331.67,45.674,-10.574,967.458,1.23125243,3.444,-14.332,307.293,307.293
373.711,1.685,1.487,191.417,-28.066,0.294,1.457,-0.793,-5.075,328.754,65.294,-10.553,967.493,1.25323606,3.593,-14.744,307.701,307.701
373.812,1.035,1.03,212.182,-5.531,0.549,0.872,-0.1,-0.949,331.274,47.927,-10.567,967.468,1.2342099,3.796,-12.939,306.543,306.543
373.912,2.82,2.695,131.642,-17.161,-2.014,1.791,-0.832,-0.472,331.565,46.319,-10.557,967.478,1.23205972,4.06,-11.901,307.752,307.752
374.012,4.082,4.077,108.185,-2.708,-3.873,1.272,-0.193,0.444,332.122,43.405,-10.535,967.478,1.22793162,3.785,-13.72,307.092,307.092
374.112,2.627,2.584,97.822,-10.36,-2.56,0.352,-0.472,-0.04,331.828,44.939,-10.541,967.479,1.23010981,3.647,-14.557,307.547,307.547
374.212,0.966,0.966,184.465,2.441,0.075,0.963,0.041,-0.021,331.839,44.774,-10.57,967.459,1.23000264,3.842,-13.61,306.886,306.886
374.312,1.499,1.434,222.192,16.928,0.963,1.062,0.436,-0.475,331.563,46.354,-10.55,967.466,1.23205733,4.308,-11.756,305.78,305.78
374.412,1.39,1.362,162.555,-11.524,-0.408,1.299,-0.278,-0.938,331.282,47.942,-10.553,967.47,1.2341578,3.581,-12.036,306.619,306.619
374.512,-99.53,-99.51,0.0,0.0,-99.4,-99.41,-99.42,-99.44,-99.43,32.764,-99.44,967.468,13.70028305,3.802,-14.084,306.643,306.643
374.612,-99.53,-99.51,0.0,0.0,-99.4,-99.41,-99.42,-99.44,-99.43,32.722,-99.44,967.479,13.70045185,3.627,-14.04,306.583,306.583
374.712,1.168,1.168,137.542,-2.212,-0.788,0.861,-0.045,-0.346,331.642,45.875,-10.562,967.465,1.23147321,3.985,-11.919,306.309,306.309
374.812,1.651,1.644,210.969,5.104,0.846,1.41,0.147,-0.624,331.473,46.796,-10.567,967.476,1.23274446,4.05,-11.086,307.011,307.011
374.912,0.74,0.633,172.179,-31.143,-0.086,0.627,-0.383,-1.224,331.107,48.829,-10.587,967.467,1.23545849,3.852,-12.771,306.756,306.756
375.012,3.235,3.202,121.74,-8.135,-2.723,1.684,-0.458,-0.19,331.737,45.382,-10.555,967.48,1.23078907,3.821,-14.178,307.05,307.05
375.113,-99.53,-99.51,0.0,0.0,-99.4,-99.41,-99.42,-99.44,-99.43,32.75,-99.44,967.481,13.70046997,3.56,-13.328,306.857,306.857
375.213,2.194,2.173,103.948,-7.89,-2.109,0.524,-0.301,-0.207,331.726,45.474,-10.545,967.473,1.23085451,4.217,-11.737,306.492,306.492
375.313,1.076,1.067,212.556,-7.372,0.574,0.899,-0.138,-0.297,331.671,45.791,-10.541,967.479,1.23127139,3.844,-12.082,307.093,307.093
375.413,0.853,0.809,246.958,18.494,0.745,0.317,0.271,-0.905,331.302,47.798,-10.56,967.483,1.23402536,3.871,-14.263,307.209,307.209
375.513,1.443,1.385,107.758,-16.37,-1.319,0.422,-0.407,-0.495,331.551,46.379,-10.562,967.467,1.23215175,3.602,-15.022,306.738,306.738
375.613,3.447,3.447,109.209,-0.054,-3.255,1.134,-0.003,0.414,332.103,43.501,-10.535,967.482,1.22807395,4.001,-13.014,306.817,306.817
375.713,1.904,1.898,99.736,-4.424,-1.871,0.321,-0.147,-0.053,331.819,44.853,-10.577,967.472,1.23016548,4.36,-12.377,307.029,307.029
375.813,1.388,1.377,213.729,-7.019,0.765,1.145,-0.17,-0.01,331.846,44.91,-10.521,967.476,1.22996891,4.013,-14.018,307.274,307.274
375.913,2.014,2.011,245.223,3.318,1.826,0.843,0.117,-0.61,331.481,46.74,-10.57,967.48,1.23268652,3.625,-15.123,307.589,307.589
376.013,1.35,1.35,249.291,0.0,1.262,0.477,0.0,-1.057,331.209,48.285,-10.572,967.48,1.23471212,3.828,-13.669,307.079,307.079
376.113,-99.53,-99.51,0.0,0.0,-99.4,-99.41,-99.42,-99.44,-99.43,32.762,-99.44,967.483,13.70050716,3.849,-12.226,305.995,305.995
376.213,-99.53,-99.51,0.0,0.0,-99.4,-99.41,-99.42,-99.44,-99.43,32.776,-99.44,967.491,13.70061779,3.811,-12.614,307.107,307.107
376.313,1.801,1.748,204.938,-13.853,0.737,1.585,-0.431,-0.092,331.796,45.04,-10.56,967.48,1.23034716,3.086,-13.555,306.683,306.683
376.414,2.867,2.858,237.022,4.628,2.397,1.556,0.231,-0.585,331.496,46.719,-10.553,967.47,1.23256147,3.998,-13.632,306.467,306.467
376.514,1.81,1.804,248.713,4.59,1.681,0.655,0.145,-1.248,331.092,48.872,-10.597,967.48,1.23558259,4.167,-12.078,306.88,306.88
376.614,1.416,1.312,133.038,-22.096,-0.959,0.895,-0.533,-0.397,331.611,46.046,-10.562,967.478,1.23172092,3.938,-11.819,306.378,306.378
376.714,-99.53,-99.51,0.0,0.0,-99.4,-99.41,-99.42,-99.44,-99.43,32.727,-99.44,967.481,13.70047283,3.618,-12.764,306.758,306.758
376.814,1.446,1.399,196.142,-14.677,0.389,1.344,-0.366,0.079,331.9,44.502,-10.555,967.457,1.22954762,3.747,-13.061,307.623,307.623
376.914,2.848,2.847,230.936,1.047,2.211,1.794,0.052,-0.116,331.781,45.134,-10.557,967.47,1.23044562,3.889,-12.442,307.066,307.066
377.014,2.377,2.354,257.373,7.956,2.297,0.515,0.329,-0.814,331.357,47.409,-10.579,967.47,1.23360002,3.912,-12.135,306.362,306.362
377.114,0.466,0.415,184.53,-26.999,0.033,0.414,-0.212,-0.557,331.513,46.607,-10.557,967.471,1.23243392,3.785,-11.757,306.132,306.132
377.214,2.216,2.216,119.261,-0.47,-1.933,1.083,-0.018,0.388,332.087,43.509,-10.557,967.472,1.22817981,3.897,-12.762,307.198,307.198
377.314,1.232,1.232,102.528,0.0,-1.203,0.267,0.0,0.388,332.087,43.496,-10.56,967.463,1.22816777,3.646,-12.662,307.479,307.479
377.414,1.38,1.348,233.077,-12.388,1.078,0.81,-0.296,0.396,332.092,43.456,-10.564,967.476,1.22814798,3.37,-12.383,306.946,306.946
377.514,2.289,2.282,247.863,4.494,2.114,0.86,0.179,-0.271,331.687,45.569,-10.577,967.479,1.2311542,4.036,-12.056,306.708,306.708
377.614,1.152,1.04,251.998,25.412,0.989,0.322,0.494,-0.842,331.34,47.592,-10.557,967.492,1.2337538,2.149,-11.757,306.275,306.275
377.715,-99.53,-99.51,0.0,0.0,-99.4,-99.41,-99.42,-99.44,-99.43,32.75,-99.44,967.472,13.70035267,3.751,-13.101,307.036,307.036
377.815,-99.53,-99.51,0.0,0.0,-99.4,-99.41,-99.42,-99.44,-99.43,32.762,-99.44,967.484,13.70051098,3.143,-12.529,307.24,307.24
377.915,0.409,0.2,129.596,-60.771,-0.154,0.127,-0.357,-0.071,331.808,44.859,-10.592,967.479,1.23025823,3.316,-12.813,306.538,306.538
378.015,16.627,15.346,222.485,-22.632,10.365,11.317,-6.398,-24.817,316.417,100.0,-10.584,967.472,1.35284102,5.245,-13.243,307.992,307.992
378.115,1.053,1.003,237.936,17.729,0.85,0.532,0.321,-1.017,331.233,48.192,-10.56,967.473,1.23452115,3.123,-12.964,306.787,306.787
378.215,1.625,1.625,118.028,-0.466,-1.435,0.764,-0.013,-0.155,331.758,45.26,-10.557,967.477,1.23062718,2.765,-13.149,306.773,306.773
378.315,-99.53,-99.51,0.0,0.0,-99.4,-99.41,-99.42,-99.44,-99.43,32.776,-99.44,967.475,13.700387,4.01,-14.199,307.553,307.553
378.415,0.852,0.787,86.741,-22.425,-0.786,-0.045,-0.325,0.093,331.908,44.509,-10.541,967.5,1.22954166,3.687,-12.266,306.615,306.615
378.515,1.972,1.962,232.187,-5.836,1.55,1.203,-0.2,0.076,331.898,44.478,-10.564,967.479,1.2295891,3.356,-11.653,306.258,306.258
378.615,1.78,1.769,250.601,6.29,1.669,0.588,0.195,-0.663,331.449,46.911,-10.572,967.472,1.23291671,2.761,-11.739,306.847,306.847
378.715,0.734,0.734,129.302,-1.352,-0.568,0.465,-0.017,-0.377,331.622,45.962,-10.567,967.474,1.23162842,3.211,-13.154,306.84,306.84
378.815,2.185,2.175,97.807,5.654,-2.154,0.295,0.215,0.69,332.271,42.472,-10.584,967.49,1.22684872,4.637,-13.023,307.36,307.36
378.915,1.508,1.505,97.722,3.566,-1.491,0.202,0.094,0.353,332.066,43.625,-10.555,967.474,1.22833824,2.893,-10.245,305.904,305.904
379.016,1.265,1.25,204.837,-8.825,0.525,1.135,-0.194,0.191,331.968,44.116,-10.562,967.477,1.22906935,2.725,-10.569,305.369,305.369
379.116,1.972,1.968,242.295,4.023,1.742,0.915,0.138,-0.271,331.687,45.605,-10.567,967.475,1.23114848,4.387,-13.74,307.134,307.134
379.216,0.72,0.716,249.914,5.755,0.672,0.246,0.072,-0.837,331.343,47.468,-10.584,967.464,1.23369515,3.835,-13.921,307.811,307.811
379.316,-99.53,-99.51,0.0,0.0,-99.4,-99.41,-99.42,-99.44,-99.43,32.726,-99.44,967.483,13.7005043,2.323,-11.071,306.265,306.265
379.416,-99.53,-99.51,0.0,0.0,-99.4,-99.41,-99.42,-99.44,-99.43,32.776,-99.44,967.475,13.70038223,3.632,-12.056,306.811,306.811
379.516,0.684,0.557,137.448,-35.471,-0.377,0.41,-0.397,-0.018,331.84,44.775,-10.567,967.484,1.2300235,4.241,-11.82,306.952,306.952
379.616,16.5,15.221,222.716,-22.71,10.325,11.183,-6.37,-24.739,316.467,100.0,-10.587,967.482,1.35242724,2.718,-11.92,306.098,306.098
379.716,1.273,1.259,244.564,8.626,1.137,0.541,0.191,-1.024,331.228,48.062,-10.601,967.478,1.23456502,3.202,-13.326,306.448,306.448
379.816,2.137,2.003,130.373,-20.404,-1.526,1.297,-0.745,-0.426,331.592,46.103,-10.574,967.472,1.23184907,3.961,-13.781,306.993,306.993
379.916,-99.53,-99.51,0.0,0.0,-99.4,-99.41,-99.42,-99.44,-99.43,32.764,-99.44,967.454,13.70009613,3.214,-11.006,306.429,306.429
380.016,1.479,1.479,105.329,-1.261,-1.426,0.391,-0.033,-0.041,331.827,44.786,-10.584,967.478,1.2301178,3.148,-10.717,306.662,306.662
380.116,1.831,1.828,220.891,-3.366,1.197,1.382,-0.108,-0.053,331.819,44.853,-10.577,967.473,1.23016679,3.4,-12.878,306.47,306.47
380.216,1.792,1.786,249.433,4.412,1.672,0.628,0.138,-0.724,331.411,47.098,-10.579,967.473,1.23319733,3.195,-13.887,307.613,307.613
380.317,0.86,0.737,160.879,-30.969,-0.242,0.697,-0.443,-0.756,331.392,47.208,-10.579,967.489,1.23336124,3.461,-13.389,306.87,306.87
380.417,2.709,2.653,124.013,-11.637,-2.199,1.484,-0.546,0.071,331.895,44.503,-10.562,967.49,1.22962677,3.296,-11.385,306.532,306.532
380.517,2.373,2.373,114.654,0.0,-2.156,0.99,0.0,0.031,331.871,44.651,-10.557,967.464,1.22977328,3.524,-12.11,306.641,306.641
380.617,1.224,1.188,188.738,-13.923,0.18,1.174,-0.295,0.051,331.882,44.528,-10.574,967.459,1.22968197,3.546,-13.06,306.879,306.879
380.717,2.118,2.043,228.367,15.233,1.527,1.357,0.556,-0.497,331.549,46.378,-10.564,967.474,1.23217082,3.567,-14.088,307.259,307.259
380.817,0.606,0.592,204.307,12.444,0.244,0.539,0.131,-0.952,331.273,47.911,-10.574,967.474,1.2342304,3.565,-12.575,307.449,307.449
380.917,-99.53,-99.51,0.0,0.0,-99.4,-99.41,-99.42,-99.44,-99.43,32.75,-99.44,967.454,13.70009613,3.696,-11.978,307.134,307.134
381.017,-99.53,-99.51,0.0,0.0,-99.4,-99.41,-99.42,-99.44,-99.43,32.776,-99.44,967.469,13.70030022,3.775,-11.388,307.451,307.451
381.117,0.77,0.751,144.576,-12.755,-0.435,0.612,-0.17,-0.139,331.767,45.17,-10.567,967.466,1.23054338,3.761,-13.035,306.616,306.616
381.217,2.371,2.369,220.665,2.382,1.544,1.797,0.099,-0.372,331.625,45.825,-10.6,967.462,1.23159194,4.288,-13.335,307.003,307.003
381.317,1.535,1.434,243.112,20.928,1.279,0.648,0.548,-1.072,331.2,48.387,-10.56,967.473,1.23477113,2.25,-11.781,306.414,306.414
381.417,1.51,1.508,125.716,-3.03,-1.225,0.88,-0.08,-0.391,331.614,46.008,-10.567,967.479,1.23169661,4.574,-12.196,306.028,306.028
381.517,-99.53,-99.51,0.0,0.0,-99.4,-99.41,-99.42,-99.44,-99.43,32.776,-99.44,967.483,13.70050144,3.592,-11.006,305.522,305.522
381.618,1.232,1.073,59.992,-29.426,-0.929,-0.537,-0.605,0.093,331.907,44.287,-10.603,967.468,1.22950578,4.071,-11.446,306.642,306.642
381.718,1.018,1.009,263.544,-7.419,1.003,0.113,-0.131,0.08,331.9,44.338,-10.601,967.474,1.22957265,2.6,-11.96,305.613,305.613
381.818,1.459,1.43,246.105,11.365,1.308,0.579,0.287,-0.586,331.495,46.631,-10.577,967.48,1.23257983,2.911,-14.022,306.75,306.75
381.918,0.701,0.674,148.551,-15.953,-0.352,0.575,-0.193,-0.74,331.401,47.107,-10.591,967.465,1.23326099,3.991,-13.457,307.969,307.969
382.018,3.371,3.371,114.653,-0.576,-3.064,1.406,-0.034,0.355,332.068,43.599,-10.56,967.476,1.22833109,4.199,-12.602,306.953,306.953
382.118,2.599,2.599,108.836,0.0,-2.459,0.839,0.0,0.08,331.9,44.377,-10.589,967.481,1.22957671,2.864,-12.507,307.388,307.388
382.218,1.029,0.589,182.56,-55.091,0.026,0.588,-0.844,0.066,331.891,44.451,-10.581,967.47,1.22962797,5.276,-15.986,308.176,308.176
382.318,1.805,1.746,223.306,14.718,1.197,1.27,0.459,-0.279,331.682,45.554,-10.589,967.472,1.23118544,3.004,-14.63,307.419,307.419
382.418,0.551,0.479,168.599,-29.546,-0.095,0.47,-0.272,-0.891,331.31,47.703,-10.572,967.472,1.23395097,3.571,-14.842,307.169,307.169
382.518,-99.53,-99.51,0.0,0.0,-99.4,-99.41,-99.42,-99.44,-99.43,32.736,-99.44,967.471,13.70033836,3.113,-13.063,307.062,307.062
382.618,-99.53,-99.51,0.0,0.0,-99.4,-99.41,-99.42,-99.44,-99.43,32.762,-99.44,967.478,13.70042801,5.568,-14.607,307.061,307.061
382.718,1.157,1.151,119.868,5.897,-0.998,0.573,0.119,-0.183,331.741,45.324,-10.564,967.471,1.23074639,2.478,-14.216,307.197,307.197
382.818,10.85,10.826,183.02,-3.879,0.57,10.811,-0.734,-24.778,316.442,100.0,-10.572,967.467,1.35261869,4.814,-16.44,307.242,307.242
382.919,1.216,0.994,235.113,35.198,0.815,0.568,0.701,-0.994,331.248,48.102,-10.562,967.456,1.23439324,3.295,-13.935,306.249,306.249
383.019,1.676,1.647,114.381,10.586,-1.5,0.68,0.308,-0.417,331.598,46.073,-10.574,967.468,1.23180294,2.978,-12.057,306.745,306.745
383.119,-99.53,-99.51,0.0,0.0,-99.4,-99.41,-99.42,-99.44,-99.43,32.75,-99.44,967.467,13.70027637,3.726,-13.616,307.071,307.071
383.219,2.767,2.764,101.833,-2.794,-2.705,0.567,-0.135,0.001,331.852,44.605,-10.597,967.466,1.22991645,5.087,-16.163,308.094,308.094
383.319,1.314,1.29,193.365,10.947,0.298,1.255,0.25,0.125,331.928,44.282,-10.575,967.469,1.229357,1.317,-14.7,306.252,306.252
383.419,1.177,1.1,249.902,20.88,1.033,0.378,0.42,-0.56,331.511,46.516,-10.584,967.475,1.2324574,5.01,-14.331,307.722,307.722
383.519,0.927,0.926,145.982,2.273,-0.518,0.768,0.037,-0.69,331.432,47.006,-10.572,967.469,1.23303711,3.347,-13.185,306.304,306.304
383.619,3.098,3.094,111.109,2.615,-2.887,1.114,0.141,0.398,332.093,43.366,-10.589,967.452,1.22811329,2.96,-15.169,307.334,307.334
383.719,-99.53,-99.51,0.0,0.0,-99.4,-99.41,-99.42,-99.44,-99.43,32.748,-99.44,967.478,13.70043468,4.443,-16.825,308.325,308.325
383.819,0.719,0.535,235.865,-41.979,0.443,0.3,-0.481,0.123,331.927,44.326,-10.564,967.449,1.22934031,2.825,-14.589,306.817,306.817
383.919,2.241,2.231,229.367,5.2,1.693,1.453,0.203,-0.158,331.755,45.136,-10.594,967.472,1.23064184,4.255,-14.104,306.783,306.783
384.019,0.828,0.745,248.331,25.884,0.692,0.275,0.362,-0.836,331.343,47.54,-10.565,967.468,1.23369634,3.861,-14.985,306.351,306.351
384.119,-99.53,-99.51,0.0,0.0,-99.4,-99.41,-99.42,-99.44,-99.43,32.791,-99.44,967.48,13.70046329,3.819,-15.464,306.873,306.873
384.22,-99.53,-99.51,0.0,0.0,-99.4,-99.41,-99.42,-99.44,-99.43,32.748,-99.44,967.471,13.7003355,4.099,-15.602,307.309,307.309
384.32,1.108,1.108,115.275,-0.939,-1.002,0.473,-0.018,-0.06,331.815,44.876,-10.577,967.476,1.23020196,3.373,-14.543,307.632,307.632
384.42,1.663,1.66,215.843,-3.336,0.972,1.346,-0.097,-0.232,331.711,45.496,-10.562,967.465,1.23096013,3.585,-14.627,306.885,306.885
384.52,1.325,1.286,241.064,13.87,1.125,0.622,0.318,-1.007,331.239,48.036,-10.591,967.471,1.23447609,3.845,-15.226,307.068,307.068
384.62,1.797,1.743,131.7,-14.135,-1.301,1.16,-0.439,-0.622,331.473,46.771,-10.572,967.488,1.23275268,3.404,-15.694,307.095,307.095
384.72,3.424,3.424,115.176,0.0,-3.098,1.456,0.0,0.268,332.014,43.759,-10.594,967.473,1.22872484,3.961,-15.898,307.504,307.504
384.82,2.319,2.31,103.022,-5.075,-2.251,0.521,-0.205,-0.137,331.768,45.092,-10.587,967.479,1.2305516,3.572,-15.03,307.426,307.426
384.92,0.849,0.847,197.637,3.472,0.257,0.807,0.051,-0.079,331.803,44.974,-10.567,967.463,1.23027086,3.937,-14.924,307.5,307.5
385.02,1.415,1.361,261.037,15.911,1.344,0.212,0.388,-0.516,331.538,46.31,-10.6,967.475,1.23225904,3.853,-15.655,307.403,307.403
385.12,0.489,0.212,79.384,64.329,-0.208,-0.039,0.441,-0.662,331.449,46.836,-10.592,967.472,1.23291671,3.352,-16.691,307.314,307.314
385.22,1.868,1.868,106.017,1.381,-1.795,0.515,0.045,0.441,332.119,43.231,-10.589,967.478,1.22795284,3.974,-15.585,307.155,307.155
385.32,3.715,3.674,67.363,8.547,-3.391,-1.414,0.552,-0.236,331.708,45.412,-10.589,967.48,1.23100221,3.274,-14.579,306.951,306.951
385.42,0.52,0.503,130.825,-14.496,-0.381,0.329,-0.13,0.304,332.036,43.68,-10.584,967.473,1.22856283,4.434,-16.029,307.669,307.669
385.521,1.441,1.437,261.903,3.941,1.423,0.202,0.099,-0.028,331.834,44.765,-10.579,967.486,1.23007119,3.322,-16.922,307.393,307.393
385.621,1.134,1.067,306.683,19.767,0.855,-0.637,0.383,-0.823,331.351,47.337,-10.606,967.474,1.23364723,4.692,-15.841,307.326,307.326
385.721,1.576,1.545,315.997,-11.317,1.073,-1.112,-0.309,-0.612,331.479,46.693,-10.584,967.48,1.23269856,3.549,-13.726,307.549,307.549
385.821,-99.53,-99.51,0.0,0.0,-99.4,-99.41,-99.42,-99.44,-99.43,32.722,-99.44,967.484,13.70052147,3.722,-14.708,307.044,307.044
385.921,0.796,0.717,92.83,25.756,-0.716,0.035,0.346,-0.028,331.835,44.744,-10.584,967.457,1.23003244,4.169,-16.652,307.114,307.114
386.021,1.717,1.664,224.184,-14.371,1.159,1.193,-0.426,-0.08,331.802,44.891,-10.591,967.491,1.23031414,3.475,-15.762,307.34,307.34
386.121,1.936,1.933,242.776,2.874,1.719,0.884,0.097,-0.899,331.305,47.742,-10.57,967.481,1.23399949,4.267,-14.389,306.989,306.989
386.221,1.009,1.007,144.386,-3.399,-0.586,0.818,-0.06,-0.591,331.492,46.657,-10.575,967.497,1.2326256,3.197,-14.242,306.254,306.254
386.321,2.75,2.75,111.99,0.0,-2.55,1.03,0.0,0.174,331.957,44.112,-10.579,967.466,1.22913647,4.387,-16.568,307.811,307.811
386.421,2.396,2.396,96.391,0.08,-2.381,0.267,0.003,-0.034,331.831,44.763,-10.584,967.476,1.23008275,3.943,-16.089,307.254,307.254
386.521,0.734,0.733,199.707,-1.897,0.247,0.69,-0.024,0.071,331.895,44.398,-10.591,967.488,1.22962749,4.51,-15.387,307.948,307.948
386.621,1.557,1.512,250.619,13.845,1.426,0.502,0.373,-0.403,331.607,46.057,-10.564,967.474,1.23174286,3.549,-15.319,307.313,307.313
386.721,0.195,0.126,116.314,49.844,-0.113,0.056,0.149,-0.736,331.404,47.145,-10.577,967.479,1.23325753,4.12,-16.218,308.496,308.496
386.822,2.122,2.121,116.369,2.031,-1.9,0.942,0.075,0.182,331.961,43.992,-10.606,967.473,1.22911334,3.76,-16.155,307.553,307.553
386.922,-99.53,-99.51,0.0,0.0,-99.4,-99.41,-99.42,-99.44,-99.43,32.736,-99.44,967.468,13.70029449,3.658,-15.839,307.172,307.172
387.022,1.377,1.377,76.388,-1.634,-1.338,-0.324,-0.039,0.091,331.907,44.421,-10.567,967.491,1.22954011,3.699,-15.605,307.023,307.023
387.122,1.359,1.335,251.584,10.769,1.266,0.422,0.254,0.021,331.864,44.53,-10.6,967.492,1.22985673,3.967,-15.519,307.081,307.081
387.222,0.949,0.85,305.813,26.392,0.689,-0.497,0.422,-0.863,331.327,47.588,-10.577,967.48,1.23383677,3.676,-15.712,306.679,306.679
387.322,1.331,1.142,312.246,-30.913,0.845,-0.768,-0.684,-0.662,331.449,46.846,-10.589,967.481,1.23292696,3.962,-16.671,306.842,306.842
387.422,-99.53,-99.51,0.0,0.0,-99.4,-99.41,-99.42,-99.44,-99.43,32.764,-99.44,967.481,13.70046997,3.691,-15.988,306.782,306.782
387.522,1.119,1.119,93.051,0.0,-1.118,0.06,0.0,-0.021,331.838,44.688,-10.594,967.493,1.2300508,4.144,-15.725,307.733,307.733
387.622,1.09,1.038,209.06,17.731,0.504,0.908,0.332,-0.051,331.82,44.855,-10.575,967.476,1.23016262,3.694,-15.79,307.582,307.582
387.722,1.232,1.08,253.924,28.709,1.038,0.299,0.592,-0.834,331.345,47.484,-10.577,967.484,1.23370695,3.882,-16.77,307.542,307.542
387.822,1.491,1.476,118.946,-8.174,-1.291,0.714,-0.212,-0.619,331.475,46.668,-10.597,967.468,1.23271561,3.867,-16.121,307.846,307.846
387.922,3.186,3.186,111.237,0.0,-2.969,1.154,0.0,0.198,331.972,43.961,-10.6,967.496,1.22906685,4.244,-15.181,307.706,307.706
388.022,2.268,2.268,99.177,-0.86,-2.239,0.362,-0.034,0.048,331.881,44.596,-10.557,967.486,1.22972548,3.97,-15.726,306.715,306.715
388.123,0.425,0.421,172.255,7.645,-0.057,0.417,0.057,0.063,331.89,44.491,-10.572,967.478,1.22964835,3.838,-17.079,307.957,307.957
388.223,1.148,1.054,269.606,23.426,1.054,0.007,0.457,-0.309,331.663,45.675,-10.584,967.485,1.23133874,4.003,-15.869,308.128,308.128
388.323,0.277,0.17,66.749,52.073,-0.156,-0.067,0.218,-0.795,331.368,47.294,-10.592,967.481,1.23352933,3.917,-14.731,307.089,307.089
388.423,1.99,1.99,109.356,0.299,-1.877,0.659,0.01,0.229,331.99,43.823,-10.611,967.466,1.22889352,3.767,-15.637,306.98,306.98
388.523,-99.53,-99.51,0.0,0.0,-99.4,-99.41,-99.42,-99.44,-99.43,32.726,-99.44,967.48,13.70046043,3.971,-17.026,307.644,307.644
388.623,1.175,1.165,91.103,7.317,-1.165,0.022,0.15,0.275,332.019,43.874,-10.555,967.487,1.22870684,3.766,-15.707,306.768,306.768
388.723,0.965,0.953,262.318,8.976,0.944,0.127,0.15,0.052,331.883,44.512,-10.577,967.476,1.22969878,4.284,-15.474,307.739,307.739
388.823,1.257,1.096,307.779,29.384,0.866,-0.671,0.617,-0.728,331.409,47.074,-10.589,967.468,1.23320925,3.853,-16.464,307.527,307.527
388.923,1.288,1.034,38.868,36.586,-0.649,-0.805,0.768,-0.688,331.433,46.955,-10.584,967.489,1.23305583,4.04,-17.431,308.305,308.305
389.023,-99.53,-99.51,0.0,0.0,-99.4,-99.41,-99.42,-99.44,-99.43,32.709,-99.44,967.471,13.7003355,3.942,-16.317,307.408,307.408
389.123,1.541,1.541,74.172,0.0,-1.483,-0.42,0.0,-0.016,331.842,44.768,-10.567,967.478,1.2300055,4.186,-16.203,307.409,307.409
389.223,0.565,0.505,240.278,26.67,0.438,0.25,0.254,-0.025,331.837,44.787,-10.57,967.488,1.23005652,3.858,-16.656,308.199,308.199
389.323,1.133,1.129,293.206,-4.729,1.038,-0.445,-0.093,-0.836,331.343,47.438,-10.591,967.478,1.23370945,4.176,-16.956,306.952,306.952
389.424,0.568,0.164,344.749,-73.27,0.043,-0.158,-0.544,-0.776,331.38,47.257,-10.584,967.482,1.23344338,4.02,-15.819,307.3,307.3
389.524,2.029,1.965,95.133,-14.458,-1.957,0.176,-0.507,0.005,331.854,44.579,-10.601,967.476,1.22991014,3.872,-16.075,307.483,307.483
389.624,2.594,2.571,86.686,-7.597,-2.567,-0.149,-0.343,-0.004,331.849,44.58,-10.608,967.464,1.22993469,4.153,-16.606,306.67,306.67
389.724,0.614,0.614,74.862,0.001,-0.592,-0.16,0.0,-0.021,331.839,44.774,-10.57,967.489,1.23003983,3.924,-15.913,308.142,308.142
389.824,1.597,1.557,284.069,12.926,1.51,-0.378,0.357,-0.38,331.621,46.016,-10.555,967.486,1.23165452,4.029,-15.427,306.865,306.865
389.924,1.365,1.321,280.258,14.583,1.3,-0.235,0.344,-0.931,331.285,47.816,-10.58,967.477,1.2341404,3.699,-15.83,307.661,307.661
390.024,1.654,1.651,92.322,-2.86,-1.65,0.067,-0.083,0.179,331.96,44.022,-10.6,967.477,1.22912717,4.124,-15.924,307.92,307.92
390.124,-99.53,-99.51,0.0,0.0,-99.4,-99.41,-99.42,-99.44,-99.43,32.759,-99.44,967.485,13.70052814,3.896,-15.597,307.417,307.417
390.224,1.334,1.331,83.367,-4.17,-1.322,-0.154,-0.097,0.047,331.88,44.389,-10.615,967.479,1.22972465,4.113,-15.922,308.584,308.584
390.324,1.093,1.089,224.392,4.949,0.762,0.778,0.094,-0.033,331.832,44.76,-10.584,967.47,1.23007166,3.764,-16.142,307.46,307.46
390.424,0.665,0.665,253.67,0.0,0.639,0.187,0.0,-0.801,331.364,47.327,-10.589,967.476,1.23354971,4.186,-16.073,306.77,306.77
390.524,1.113,0.358,59.02,-71.223,-0.307,-0.184,-1.054,-0.865,331.326,47.63,-10.567,967.481,1.23384166,4.098,-15.759,308.067,308.067
390.624,-99.53,-99.51,0.0,0.0,-99.4,-99.41,-99.42,-99.44,-99.43,32.748,-99.44,967.478,13.70043468,4.187,-16.158,307.583,307.583
390.725,2.758,2.705,90.703,-11.267,-2.705,0.033,-0.539,-0.241,331.705,45.409,-10.594,967.473,1.23101628,4.047,-16.245,307.338,307.338
390.825,0.584,0.504,178.479,30.328,-0.013,0.504,0.295,-0.195,331.733,45.265,-10.592,967.482,1.23081923,3.981,-15.698,307.594,307.594
390.925,0.817,0.746,294.86,24.085,0.677,-0.314,0.334,-0.816,331.355,47.368,-10.592,967.475,1.23361826,4.351,-15.717,306.91,306.91
391.025,1.118,1.072,89.477,16.512,-1.072,-0.01,0.318,-0.834,331.345,47.493,-10.575,967.478,1.23369896,3.734,-16.421,307.111,307.111
391.125,2.15,2.15,110.202,0.0,-2.018,0.742,0.0,0.007,331.856,44.553,-10.606,967.474,1.22989774,4.044,-16.331,307.715,307.715
391.225,2.953,2.952,97.818,-0.695,-2.925,0.402,-0.036,-0.064,331.812,44.846,-10.589,967.478,1.23022294,4.062,-15.662,306.152,306.152
391.325,0.943,0.912,106.538,14.735,-0.874,0.26,0.24,-0.023,331.837,44.669,-10.601,967.474,1.23003376,4.033,-16.046,307.666,307.666
391.425,0.833,0.833,249.075,0.0,0.778,0.298,0.0,-0.266,331.69,45.58,-10.57,967.475,1.23112655,4.028,-16.779,307.889,307.889
391.525,0.763,0.152,101.788,78.476,-0.149,0.031,0.748,-0.754,331.393,47.163,-10.589,967.466,1.23332357,4.206,-16.125,307.341,307.341
391.625,2.471,2.469,112.184,2.479,-2.286,0.932,0.107,0.115,331.921,44.216,-10.603,967.485,1.22942793,4.011,-15.764,307.089,307.089
391.725,-99.53,-99.51,0.0,0.0,-99.4,-99.41,-99.42,-99.44,-99.43,32.722,-99.44,967.487,13.70056248,4.517,-16.58,308.077,308.077
391.825,1.495,1.494,99.192,-2.159,-1.475,0.239,-0.056,0.273,332.017,43.819,-10.572,967.485,1.22871637,3.647,-16.61,307.006,307.006
391.926,1.196,1.18,229.764,9.248,0.901,0.762,0.192,0.124,331.927,44.236,-10.589,967.47,1.22936583,4.526,-16.041,307.784,307.784
392.026,1.01,1.01,249.292,0.0,0.945,0.357,0.0,-0.672,331.443,46.91,-10.581,967.479,1.23296964,3.783,-15.41,306.862,306.862
392.126,1.176,1.065,145.801,-25.087,-0.598,0.881,-0.498,-0.695,331.429,46.96,-10.589,967.47,1.2330631,4.245,-15.901,306.877,306.877
392.226,-99.53,-99.51,0.0,0.0,-99.4,-99.41,-99.42,-99.44,-99.43,32.762,-99.44,967.476,13.70040512,3.502,-15.715,307.728,307.728
392.326,1.964,1.964,94.502,0.0,-1.958,0.154,0.0,-0.089,331.797,44.908,-10.594,967.474,1.23033035,3.845,-14.598,307.392,307.392
392.426,0.348,0.348,162.475,0.0,-0.105,0.332,0.0,-0.082,331.802,44.931,-10.581,967.479,1.23030376,4.564,-14.733,307.141,307.141
392.526,0.835,0.786,249.111,19.703,0.734,0.28,0.281,-0.788,331.373,47.342,-10.572,967.474,1.23348463,3.718,-14.622,306.433,306.433
392.626,0.81,0.775,98.466,-17.017,-0.767,0.114,-0.237,-0.822,331.352,47.407,-10.587,967.466,1.23363066,3.699,-14.569,306.743,306.743
392.726,2.608,2.605,94.347,-2.441,-2.598,0.197,-0.111,-0.102,331.79,45.012,-10.577,967.467,1.23037803,3.264,-13.685,306.854,306.854
392.827,5.198,5.198,77.801,0.0,-5.081,-1.098,0.0,-0.666,331.446,46.89,-10.581,967.455,1.2329129,4.022,-13.806,307.036,307.036
392.927,2.072,2.071,92.296,1.427,-2.069,0.083,0.052,-0.25,331.699,45.397,-10.606,967.446,1.23102295,3.901,-13.602,306.931,306.931
393.027,0.399,0.385,207.903,15.193,0.18,0.34,0.105,-0.375,331.624,45.916,-10.577,967.46,1.23159909,3.267,-12.755,306.472,306.472
393.127,0.469,0.421,113.355,-26.219,-0.386,0.167,-0.207,-0.919,331.293,47.841,-10.562,967.477,1.23408425,3.507,-12.171,306.272,306.272
393.227,2.698,2.689,91.422,-4.456,-2.689,0.067,-0.21,0.062,331.889,44.477,-10.577,967.441,1.22960591,3.085,-11.289,307.348,307.348
393.327,-99.53,-99.51,0.0,0.0,-99.4,-99.41,-99.42,-99.44,-99.43,32.776,-99.44,967.453,13.70007896,2.652,-10.975,307.081,307.081
393.427,3.047,3.047,75.167,0.0,-2.946,-0.78,0.0,-0.349,331.639,45.748,-10.6,967.46,1.23148584,4.246,-11.86,306.866,306.866
393.527,0.369,0.357,76.789,14.332,-0.348,-0.082,0.091,-0.123,331.776,45.083,-10.577,967.455,1.230461,3.877,-11.157,307.211,307.211
393.627,1.102,1.047,316.942,-18.135,0.715,-0.765,-0.343,-0.708,331.421,47.006,-10.589,967.466,1.23311675,5.255,-11.401,306.89,306.89
393.728,1.132,1.106,353.038,-12.33,0.134,-1.098,-0.242,-0.843,331.339,47.48,-10.587,967.451,1.23370779,3.859,-10.651,307.108,307.108
393.828,-99.53,-99.51,0.0,0.0,-99.4,-99.41,-99.42,-99.44,-99.43,32.748,-99.44,967.439,13.69987488,4.026,-11.773,307.188,307.188
393.928,4.136,4.015,83.916,-13.863,-3.993,-0.426,-0.991,-0.318,331.658,45.713,-10.581,967.445,1.23132706,3.704,-12.302,307.561,307.561
394.028,16.896,3.619,73.875,-77.633,-3.476,-1.005,-16.504,-48.115,301.209,100.0,-10.584,967.439,1.49284554,3.455,-12.593,307.322,307.322
394.128,11.035,0.818,344.727,-85.749,0.215,-0.789,-11.004,-12.588,324.115,100.0,-10.55,967.446,1.28930628,3.434,-11.545,306.376,306.376
394.228,1.134,0.959,334.968,-32.233,0.406,-0.869,-0.605,-0.997,331.245,48.04,-10.581,967.44,1.23439133,3.941,-11.38,306.568,306.568
394.328,2.367,2.321,63.358,-11.311,-2.074,-1.041,-0.464,-0.107,331.786,45.085,-10.562,967.46,1.23039234,3.025,-11.274,306.263,306.263
394.428,-99.53,-99.51,0.0,0.0,-99.4,-99.41,-99.42,-99.44,-99.43,32.759,-99.44,967.453,13.70008183,3.786,-12.344,307.245,307.245
394.528,2.349,2.336,83.555,-6.052,-2.321,-0.262,-0.248,-0.394,331.612,45.875,-10.606,967.448,1.23167455,3.264,-10.164,305.889,305.889
394.628,0.524,0.458,306.005,29.107,0.371,-0.269,0.255,-0.456,331.575,46.202,-10.574,967.438,1.23193729,4.189,-9.166,306.08,306.08
394.728,0.225,0.199,272.086,27.804,0.199,-0.007,0.105,-0.932,331.285,47.782,-10.589,967.452,1.2341125,4.015,-8.533,305.543,305.543
394.828,2.633,2.632,103.4,-1.569,-2.561,0.61,-0.072,-0.057,331.817,44.832,-10.587,967.449,1.23015523,3.602,-9.805,306.31,306.31
394.929,-99.53,-99.51,0.0,0.0,-99.4,-99.41,-99.42,-99.44,-99.43,32.726,-99.44,967.457,13.70013428,4.388,-9.812,306.054,306.054
395.029,2.155,2.152,80.961,-2.754,-2.126,-0.338,-0.104,0.155,331.946,44.274,-10.55,967.463,1.22921431,4.16,-7.886,305.905,305.905
395.129,0.866,0.849,248.613,-11.269,0.791,0.31,-0.169,0.156,331.947,44.19,-10.572,967.47,1.22921932,4.672,-7.055,306.082,306.082
395.229,2.388,2.362,290.84,8.404,2.207,-0.84,0.349,-0.503,331.546,46.396,-10.564,967.466,1.2321856,4.242,-8.642,306.367,306.367
395.329,2.136,2.024,299.835,18.656,1.755,-1.007,0.683,-0.721,331.413,47.143,-10.564,967.481,1.2331928,4.858,-9.009,307.065,307.065
395.429,-99.53,-99.51,0.0,0.0,-99.4,-99.41,-99.42,-99.44,-99.43,32.776,-99.44,967.469,13.70030022,4.659,-8.472,305.939,305.939
395.529,1.931,1.931,67.491,-0.016,-1.784,-0.739,-0.001,0.028,331.868,44.582,-10.579,967.485,1.22981703,4.107,-8.497,306.231,306.231
395.629,8.065,0.576,71.875,-85.907,-0.547,-0.179,-8.044,-24.423,316.668,100.0,-10.572,967.465,1.35068524,4.218,-10.307,305.917,305.917
395.729,2.568,2.361,295.873,23.168,2.124,-1.03,1.01,-0.65,331.456,46.741,-10.606,967.471,1.23285997,3.921,-10.705,306.039,306.039
395.829,2.356,2.211,300.312,20.195,1.909,-1.116,0.813,-1.077,331.196,48.334,-10.579,967.472,1.23479664,4.057,-11.219,306.236,306.236
395.929,1.938,1.938,109.434,0.59,-1.827,0.645,0.02,-0.026,331.836,44.749,-10.581,967.483,1.23005724,3.354,-11.4,307.048,307.048
396.029,-99.53,-99.51,0.0,0.0,-99.4,-99.41,-99.42,-99.44,-99.43,32.745,-99.44,967.482,13.70049286,4.142,-12.62,307.544,307.544
396.129,0.616,0.611,74.552,-7.301,-0.589,-0.163,-0.078,0.184,331.963,44.147,-10.56,967.481,1.22910953,4.132,-13.111,306.804,306.804
396.23,2.317,2.281,228.253,10.034,1.702,1.519,0.404,-0.026,331.836,44.757,-10.579,967.467,1.23003662,2.84,-11.947,306.711,306.711
396.33,1.072,1.007,249.504,20.077,0.943,0.353,0.368,-0.757,331.391,47.172,-10.589,967.465,1.23333454,4.298,-12.592,307.575,307.575
396.43,1.776,1.775,111.579,1.641,-1.65,0.653,0.051,0.092,331.907,44.357,-10.584,967.482,1.22952688,3.919,-11.426,307.158,307.158
396.53,-99.53,-99.51,0.0,0.0,-99.4,-99.41,-99.42,-99.44,-99.43,32.748,-99.44,967.488,13.70057678,3.445,-11.808,307.482,307.482
396.63,0.931,0.931,79.857,0.0,-0.916,-0.164,0.0,0.379,332.082,43.578,-10.545,967.478,1.22822559,4.499,-12.623,307.506,307.506
396.73,1.345,1.345,240.287,0.252,1.168,0.666,0.006,0.253,332.005,43.839,-10.584,967.465,1.22877872,4.826,-12.298,307.158,307.158
396.83,1.883,1.828,248.257,13.922,1.698,0.677,0.453,-0.45,331.579,46.251,-10.555,967.467,1.23194504,4.359,-10.911,306.948,306.948
396.93,0.668,0.567,250.846,32.002,0.535,0.186,0.354,-0.779,331.378,47.248,-10.589,967.478,1.23345006,4.21,-11.9,307.003,307.003
397.03,-99.53,-99.51,0.0,0.0,-99.4,-99.41,-99.42,-99.44,-99.43,32.736,-99.44,967.477,13.70042229,3.237,-11.652,306.577,306.577
397.13,1.472,1.392,59.308,18.925,-1.197,-0.711,0.477,0.08,331.9,44.438,-10.572,967.464,1.22955692,4.357,-11.672,306.923,306.923
397.23,0.982,0.523,282.889,-57.781,0.51,-0.117,-0.831,0.099,331.912,44.411,-10.562,967.466,1.22946942,3.68,-9.44,305.635,305.635
397.33,1.662,1.646,263.562,8.065,1.635,0.185,0.233,-0.298,331.67,45.635,-10.584,967.481,1.23128283,4.034,-10.127,306.445,306.445
397.43,0.971,0.971,282.877,0.0,0.946,-0.216,0.0,-0.983,331.254,48.025,-10.572,967.467,1.23436224,3.605,-9.905,306.513,306.513
397.531,1.209,1.209,98.437,0.0,-1.196,0.177,0.0,-0.054,331.819,44.927,-10.557,967.47,1.23016286,3.984,-10.724,306.508,306.508
397.631,-99.53,-99.51,0.0,0.0,-99.4,-99.41,-99.42,-99.44,-99.43,32.748,-99.44,967.469,13.70031166,3.926,-9.566,305.925,305.925
397.731,0.768,0.698,65.176,-24.781,-0.633,-0.293,-0.322,0.177,331.959,44.169,-10.56,967.485,1.22914553,4.507,-9.788,306.436,306.436
397.831,1.755,1.751,235.482,3.731,1.443,0.992,0.114,-0.048,331.822,44.88,-10.565,967.479,1.2301507,4.12,-10.204,306.398,306.398
397.931,1.417,1.409,260.279,6.265,1.388,0.238,0.155,-0.776,331.38,47.342,-10.562,967.495,1.23345792,4.216,-10.769,305.937,305.937
398.031,0.961,0.938,98.845,12.631,-0.926,0.144,0.21,-0.088,331.798,44.913,-10.592,967.489,1.23034477,4.074,-11.056,306.39,306.39
398.131,-99.53,-99.51,0.0,0.0,-99.4,-99.41,-99.42,-99.44,-99.43,32.745,-99.44,967.495,13.7006731,4.034,-11.114,306.04,306.04
398.231,1.631,1.631,86.877,0.0,-1.629,-0.089,0.0,0.249,332.003,43.87,-10.579,967.494,1.22883177,3.216,-11.493,306.175,306.175
398.331,0.874,0.782,242.874,26.508,0.696,0.356,0.39,0.209,331.978,44.0,-10.579,967.493,1.22901404,4.453,-13.181,306.926,306.926
398.431,1.34,1.303,269.977,13.436,1.303,0.001,0.311,-0.253,331.697,45.486,-10.584,967.482,1.23108077,3.053,-12.05,306.421,306.421
398.531,0.347,0.202,90.211,54.375,-0.202,0.001,0.282,-0.538,331.524,46.395,-10.597,967.469,1.23235333,5.141,-12.745,308.105,308.105
398.631,-99.53,-99.51,0.0,0.0,-99.4,-99.41,-99.42,-99.44,-99.43,32.776,-99.44,967.477,13.70042229,3.39,-11.862,306.579,306.579
398.732,2.607,2.607,87.077,0.0,-2.603,-0.133,0.0,-0.154,331.758,45.176,-10.579,967.473,1.23062098,4.949,-13.437,306.976,306.976
398.832,0.51,0.509,118.167,-3.572,-0.449,0.24,-0.032,-0.001,331.851,44.649,-10.587,967.484,1.22994721,3.761,-12.527,306.557,306.557
398.932,1.28,1.165,278.487,24.464,1.152,-0.172,0.53,-0.51,331.542,46.365,-10.579,967.493,1.23225379,4.335,-12.309,306.094,306.094
399.032,0.79,0.79,357.364,-0.88,0.036,-0.789,-0.012,-0.988,331.251,48.091,-10.56,967.479,1.23439693,4.519,-12.233,306.914,306.914
399.132,1.356,1.355,112.425,-1.345,-1.253,0.517,-0.032,-0.064,331.813,45.005,-10.545,967.48,1.23022223,3.73,-12.517,307.132,307.132
399.232,-99.53,-99.51,0.0,0.0,-99.4,-99.41,-99.42,-99.44,-99.43,32.748,-99.44,967.482,13.70048332,4.518,-12.827,307.238,307.238
399.332,1.74,1.735,87.177,4.65,-1.732,-0.085,0.141,0.032,331.871,44.568,-10.579,967.484,1.22979569,4.002,-11.366,307.283,307.283
399.432,0.847,0.811,241.739,16.97,0.714,0.384,0.247,-0.122,331.777,45.134,-10.562,967.489,1.23049748,4.432,-10.972,307.067,307.067
399.532,1.136,1.018,304.792,26.343,0.836,-0.581,0.504,-0.76,331.39,47.246,-10.572,967.492,1.23338246,4.278,-11.463,306.798,306.798
399.632,0.946,0.899,108.127,-18.254,-0.854,0.28,-0.296,-0.196,331.733,45.411,-10.553,967.474,1.23080969,4.301,-11.127,306.593,306.593
399.732,-99.53,-99.51,0.0,0.0,-99.4,-99.41,-99.42,-99.44,-99.43,32.776,-99.44,967.484,13.70051861,4.201,-9.778,305.934,305.934
399.832,2.227,2.227,84.734,0.0,-2.218,-0.204,0.0,0.143,331.938,44.23,-10.574,967.492,1.22930825,4.386,-9.723,306.548,306.548
399.932,0.138,0.138,237.928,0.0,0.117,0.073,0.0,0.254,332.006,43.958,-10.55,967.498,1.22881544,4.014,-10.816,305.309,305.309
400.033,1.092,1.001,294.595,23.443,0.911,-0.417,0.434,-0.291,331.675,45.673,-10.567,967.489,1.23125756,4.068,-10.867,307.026,307.026
400.133,0.229,0.226,346.663,9.469,0.052,-0.22,0.038,-0.736,331.404,47.183,-10.567,967.487,1.23326683,3.979,-9.833,306.575,306.575
400.233,-99.53,-99.51,0.0,0.0,-99.4,-99.41,-99.42,-99.44,-99.43,32.799,-99.44,967.49,13.70060349,4.519,-10.662,306.402,306.402
400.333,3.72,3.669,87.275,-9.536,-3.665,-0.174,-0.616,-0.102,331.79,45.068,-10.562,967.497,1.23041737,3.881,-11.739,306.615,306.615
400.433,8.497,2.029,81.487,-76.181,-2.007,-0.3,-8.251,-24.678,316.506,100.0,-10.562,967.499,1.35211861,4.458,-12.048,306.725,306.725
400.533,0.851,0.699,293.403,34.788,0.641,-0.278,0.486,-0.509,331.542,46.405,-10.567,967.481,1.23223126,4.31,-11.28,307.013,307.013
400.633,0.908,0.894,285.108,10.313,0.863,-0.233,0.163,-1.092,331.188,48.41,-10.572,967.491,1.23488522,4.517,-11.865,306.613,306.613
400.733,1.962,1.87,102.989,-17.589,-1.822,0.42,-0.593,-0.151,331.76,45.13,-10.589,967.49,1.23062873,4.413,-12.819,307.315,307.315
400.833,-99.53,-99.51,0.0,0.0,-99.4,-99.41,-99.42,-99.44,-99.43,32.762,-99.44,967.478,13.70042801,4.46,-12.728,307.243,307.243
400.933,2.614,2.614,79.802,-0.273,-2.573,-0.463,-0.012,-0.272,331.686,45.611,-10.567,967.498,1.23118591,4.308,-12.152,306.625,306.625
401.033,0.412,0.395,97.36,16.557,-0.392,0.051,0.117,-0.288,331.677,45.724,-10.55,967.465,1.2312113,3.985,-12.435,307.331,307.331
401.133,0.651,0.651,289.279,1.06,0.615,-0.215,0.012,-0.813,331.358,47.47,-10.562,967.469,1.23359132,4.066,-13.21,307.762,307.762
401.233,1.399,1.369,113.074,-11.941,-1.259,0.536,-0.289,-0.304,331.667,45.654,-10.584,967.47,1.23129463,3.833,-12.469,307.413,307.413
401.334,3.309,3.309,87.651,0.0,-3.306,-0.136,0.0,0.546,332.183,42.956,-10.574,967.482,1.22748673,3.92,-11.924,307.053,307.053
401.434,4.04,4.021,87.634,-5.625,-4.017,-0.166,-0.396,-0.136,331.769,45.136,-10.574,967.477,1.23054481,4.168,-12.147,306.898,306.898
401.534,7.733,2.388,84.362,-72.014,-2.376,-0.235,-7.355,-24.756,316.456,100.0,-10.56,967.462,1.35249186,4.276,-12.374,306.594,306.594
401.634,0.284,0.273,315.432,16.365,0.191,-0.194,0.08,-0.365,331.63,45.974,-10.553,967.465,1.23155916,4.169,-11.718,307.464,307.464
401.734,0.315,0.285,231.98,-25.425,0.224,0.175,-0.135,-0.76,331.39,47.244,-10.573,967.492,1.23338056,4.64,-11.476,306.822,306.822
401.834,-99.53,-99.51,0.0,0.0,-99.4,-99.41,-99.42,-99.44,-99.43,32.759,-99.44,967.483,13.70049763,4.023,-11.076,306.391,306.391
401.934,-99.53,-99.51,0.0,0.0,-99.4,-99.41,-99.42,-99.44,-99.43,32.787,-99.44,967.476,13.70040512,4.438,-11.275,307.06,307.06
402.034,8.28,2.685,83.811,-71.08,-2.669,-0.289,-7.832,-24.744,316.464,100.0,-10.565,967.477,1.35244393,4.072,-11.114,306.725,306.725
402.134,0.976,0.575,297.729,53.92,0.509,-0.267,0.789,-0.378,331.622,45.945,-10.572,967.48,1.23163962,4.673,-10.67,306.578,306.578
402.234,0.854,0.631,349.472,42.338,0.115,-0.621,0.575,-0.971,331.261,48.011,-10.565,967.469,1.234308,4.429,-9.917,306.302,306.302
402.334,3.014,3.008,108.056,3.492,-2.86,0.932,0.184,0.052,331.883,44.555,-10.565,967.48,1.22970176,4.329,-10.426,306.461,306.461
402.434,-99.53,-99.51,0.0,0.0,-99.4,-99.41,-99.42,-99.44,-99.43,32.776,-99.44,967.491,13.7006216,4.258,-11.059,307.436,307.436
402.534,2.702,2.701,104.496,1.974,-2.615,0.676,0.093,-0.024,331.837,44.776,-10.572,967.48,1.23004639,3.814,-10.316,306.511,306.511
402.635,0.52,0.345,185.652,48.492,0.034,0.343,0.39,-0.059,331.816,44.872,-10.577,967.479,1.23019934,4.217,-10.203,306.062,306.062
402.735,0.533,0.157,308.909,72.859,0.122,-0.099,0.509,-0.758,331.391,47.344,-10.545,967.489,1.23336756,3.993,-11.049,306.457,306.457
402.835,2.32,2.319,122.817,1.268,-1.949,1.257,0.051,-0.393,331.613,46.023,-10.565,967.482,1.231709,3.992,-11.899,307.038,307.038
402.935,3.317,3.311,97.452,3.413,-3.283,0.429,0.197,0.455,332.128,43.299,-10.557,967.484,1.22789526,4.687,-10.708,306.401,306.401
403.035,3.318,3.318,90.858,0.0,-3.318,0.05,0.0,-0.085,331.8,45.087,-10.541,967.484,1.23031986,1.13,-9.852,305.828,305.828
403.135,0.741,0.702,101.818,18.629,-0.688,0.144,0.237,-0.038,331.828,44.848,-10.565,967.484,1.23011208,9.602,-15.83,309.35,309.35
403.235,0.55,0.44,275.306,36.932,0.438,-0.041,0.331,-0.582,331.498,46.645,-10.57,967.49,1.23257434,4.19,-11.078,306.867,306.867
403.335,0.553,0.446,102.674,36.332,-0.435,0.098,0.328,-0.966,331.264,47.986,-10.567,967.478,1.23429883,2.489,-9.125,305.819,305.819
403.435,-99.53,-99.51,0.0,0.0,-99.4,-99.41,-99.42,-99.44,-99.43,32.8,-99.44,967.484,13.70051098,3.342,-11.753,307.227,307.227
403.535,-99.53,-99.51,0.0,0.0,-99.4,-99.41,-99.42,-99.44,-99.43,32.8,-99.44,967.477,13.70041752,-1.762,-10.02,304.798,304.798
403.635,1.927,1.927,102.48,-0.005,-1.881,0.416,-0.0,-0.34,331.645,45.874,-10.557,967.482,1.23146808,-7.042,-11.206,303.224,303.224
403.735,0.16,0.126,177.442,38.205,-0.006,0.126,0.099,-0.533,331.528,46.54,-10.553,967.47,1.23232353,40.122,-14.038,311.482,311.482
403.835,0.28,0.27,155.845,-15.728,-0.11,0.246,-0.076,-1.141,331.158,48.633,-10.56,967.474,1.23508406,-0.462,3.274,303.406,303.406
403.936,3.243,3.243,104.611,-0.345,-3.138,0.818,-0.02,-0.216,331.721,45.468,-10.555,967.475,1.23089981,1.042,-3.619,304.064,304.064
404.036,-99.53,-99.51,0.0,0.0,-99.4,-99.41,-99.42,-99.44,-99.43,32.776,-99.44,967.466,13.70026207,-2.572,-18.141,305.778,305.778
404.136,3.15,3.15,88.264,0.0,-3.149,-0.095,0.0,-0.451,331.578,46.309,-10.541,967.464,1.23194861,-5.089,-23.923,306.029,306.029
404.236,0.715,0.714,111.279,1.964,-0.666,0.259,0.024,-5.059,328.764,65.225,-10.55,967.475,1.25313604,4.275,-18.58,309.185,309.185
404.336,0.254,0.086,91.822,70.207,-0.086,0.003,0.239,-0.899,331.305,47.748,-10.567,967.464,1.23397422,8.047,-5.035,307.877,307.877
404.436,2.377,2.377,122.5,0.314,-2.004,1.277,0.013,-0.66,331.451,46.911,-10.57,967.458,1.23288405,-3.694,4.838,304.795,304.795
404.536,3.012,2.995,105.051,6.16,-2.892,0.778,0.323,0.215,331.983,44.065,-10.554,967.443,1.22891748,9.899,-3.649,306.991,306.991
404.636,-99.53,-99.51,0.0,0.0,-99.4,-99.41,-99.42,-99.44,-99.43,32.8,-99.44,967.46,13.70018387,10.018,-15.398,309.169,309.169
404.736,1.229,1.229,89.716,0.0,-1.229,-0.006,0.0,-0.133,331.771,45.177,-10.56,967.465,1.23051429,4.693,-21.471,310.012,310.012
404.836,0.722,0.587,298.907,35.719,0.513,-0.284,0.422,-0.366,331.629,45.915,-10.57,967.468,1.23157012,3.066,-17.164,308.408,308.408
404.936,0.618,0.593,128.926,-16.476,-0.461,0.373,-0.175,-0.976,331.258,48.143,-10.535,967.454,1.23431063,6.827,-6.172,306.479,306.479
405.036,-99.53,-99.51,0.0,0.0,-99.4,-99.41,-99.42,-99.44,-99.43,32.851,-99.44,967.465,13.70024204,5.595,-1.244,304.689,304.689
405.136,-99.53,-99.51,0.0,0.0,-99.4,-99.41,-99.42,-99.44,-99.43,32.8,-99.44,967.477,13.70041752,5.287,-5.524,307.493,307.493
405.237,2.228,2.228,86.38,0.0,-2.223,-0.141,0.0,-0.321,331.657,45.8,-10.56,967.473,1.23137105,4.093,-16.805,309.374,309.374
405.337,0.317,0.102,81.76,71.172,-0.101,-0.015,0.3,-0.474,331.564,46.352,-10.55,967.478,1.23207092,2.416,-19.095,309.466,309.466
405.437,0.634,0.612,132.802,15.054,-0.449,0.416,0.165,-0.888,331.312,47.785,-10.548,967.458,1.23391664,1.14,-15.969,307.425,307.425
405.537,2.502,2.502,102.926,-1.537,-2.438,0.56,-0.067,0.042,331.877,44.682,-10.538,967.464,1.22972345,6.001,-7.674,306.759,306.759
405.637,-99.53,-99.51,0.0,0.0,-99.4,-99.41,-99.42,-99.44,-99.43,32.826,-99.44,967.473,13.70036221,-14.862,-1.816,300.431,300.431
405.737,3.885,3.885,96.308,0.732,-3.861,0.427,0.05,-0.18,331.742,45.383,-10.546,967.456,1.23071539,1.071,-5.662,305.244,305.244
405.837,1.023,0.949,110.146,21.889,-0.891,0.327,0.381,-4.881,328.874,64.362,-10.548,967.457,1.25228095,5.11,-13.528,307.034,307.034
405.937,1.022,0.603,118.076,53.877,-0.532,0.284,0.826,-0.683,331.437,47.092,-10.543,967.459,1.23298848,3.567,-18.707,308.333,308.333
406.037,3.015,3.013,120.659,1.963,-2.592,1.536,0.103,-0.551,331.517,46.656,-10.538,967.449,1.23237896,4.27,-16.478,307.664,307.664
406.137,4.135,4.123,98.502,4.431,-4.077,0.61,0.319,0.507,332.16,43.226,-10.53,967.453,1.22761858,4.102,-10.061,305.928,305.928
406.237,3.475,3.475,97.533,0.0,-3.445,0.456,0.0,0.013,331.86,44.7,-10.56,967.452,1.2298404,4.419,-2.525,304.716,304.716
406.337,1.722,1.621,106.337,19.743,-1.556,0.456,0.582,0.031,331.87,44.703,-10.543,967.442,1.22974706,4.221,-4.006,305.152,305.152
406.438,0.126,0.126,185.335,0.0,0.012,0.125,0.0,-0.298,331.671,45.786,-10.543,967.45,1.23123693,2.687,-11.247,305.535,305.535
406.538,1.882,1.877,135.849,4.425,-1.307,1.347,0.145,-0.737,331.404,47.251,-10.55,967.43,1.23319805,2.438,-17.949,307.772,307.772
406.638,-99.53,-99.51,0.0,0.0,-99.4,-99.41,-99.42,-99.44,-99.43,32.812,-99.44,967.448,13.70000362,2.051,-18.285,307.991,307.991
406.738,-99.53,-99.51,0.0,0.0,-99.4,-99.41,-99.42,-99.44,-99.43,32.837,-99.44,967.452,13.70006466,2.742,-10.53,305.827,305.827
406.838,1.971,1.971,104.273,0.0,-1.911,0.486,0.0,-0.215,331.721,45.518,-10.541,967.444,1.23085654,3.203,-3.822,304.752,304.752
406.938,0.662,0.662,190.223,0.0,0.118,0.652,0.0,-0.327,331.653,45.885,-10.543,967.469,1.23139465,3.062,-3.202,305.136,305.136
407.038,0.87,0.818,159.725,19.905,-0.283,0.767,0.296,-0.948,331.276,47.97,-10.554,967.438,1.23416197,2.529,-12.262,306.45,306.45
407.138,3.705,3.701,116.152,2.732,-3.322,1.631,0.177,-0.059,331.816,45.022,-10.535,967.461,1.23017204,0.277,-18.518,307.391,307.391
407.238,-99.53,-99.51,0.0,0.0,-99.4,-99.41,-99.42,-99.44,-99.43,32.851,-99.44,967.463,13.70022106,-8.908,-17.146,303.173,303.173
407.338,2.361,2.318,112.741,11.021,-2.138,0.896,0.451,0.071,331.895,44.598,-10.535,967.434,1.22955167,-20.864,-7.271,297.34,297.34
407.438,2.32,2.308,166.845,5.962,-0.525,2.247,0.241,-0.19,331.736,45.329,-10.57,967.447,1.23074794,-20.484,0.318,299.878,299.878
407.538,2.301,2.301,175.993,0.334,-0.161,2.296,0.013,-0.693,331.431,47.185,-10.527,967.453,1.23302317,-17.962,-0.742,300.31,300.31
407.638,3.946,3.943,149.874,-2.165,-1.979,3.41,-0.149,-0.515,331.539,46.596,-10.521,967.433,1.23219347,-1.384,-11.061,306.027,306.027
407.739,5.092,5.09,124.205,-1.64,-4.21,2.862,-0.146,0.258,332.009,43.929,-10.554,967.428,1.22870731,8.24,-20.173,311.15,311.15
407.839,4.759,4.758,117.919,-0.846,-4.205,2.228,-0.07,0.175,331.958,44.235,-10.543,967.438,1.22909009,8.175,-16.953,310.234,310.234
407.939,2.675,2.669,140.222,3.897,-1.707,2.051,0.182,-0.199,331.731,45.437,-10.548,967.431,1.23076642,-0.117,-8.565,306.07,306.07
408.039,2.473,2.473,172.934,0.0,-0.304,2.454,0.0,-0.471,331.566,46.304,-10.56,967.441,1.2320081,-1.203,-1.488,305.117,305.117
408.139,3.693,3.69,155.174,-2.034,-1.549,3.349,-0.131,-0.725,331.411,47.311,-10.523,967.443,1.23315692,1.2,-3.913,305.593,305.593
408.239,4.376,4.317,134.249,-9.415,-3.093,3.013,-0.716,-0.394,331.612,46.081,-10.55,967.432,1.23165095,7.651,-14.692,309.762,309.762
408.339,4.919,4.918,115.315,-0.901,-4.446,2.103,-0.077,0.263,332.012,44.027,-10.521,967.468,1.22873008,1.263,-19.737,308.684,308.684
408.439,3.215,3.212,127.171,2.677,-2.559,1.94,0.15,-0.239,331.707,45.635,-10.53,967.464,1.23098874,7.457,-17.561,311.056,311.056
408.539,2.048,2.048,176.884,0.0,-0.111,2.045,0.0,-0.41,331.603,46.164,-10.543,967.463,1.23176193,18.117,-7.569,308.958,308.958
408.639,1.524,1.507,182.754,-8.701,0.072,1.505,-0.231,-0.936,331.283,48.01,-10.533,967.449,1.23412168,21.063,-2.677,307.527,307.527
408.739,4.306,4.059,140.615,-19.488,-2.576,3.137,-1.437,-0.444,331.582,46.356,-10.521,967.47,1.23192191,26.098,-5.94,308.299,308.299
408.839,-99.53,-99.51,0.0,0.0,-99.4,-99.41,-99.42,-99.44,-99.43,32.787,-99.44,967.466,13.70026207,24.2,-14.054,312.403,312.403
408.94,3.737,3.674,90.726,-10.589,-3.673,0.047,-0.687,-0.392,331.614,46.091,-10.546,967.451,1.23166394,13.727,-18.926,312.912,312.912
409.04,1.599,1.598,141.517,2.374,-0.994,1.251,0.066,-0.276,331.685,45.828,-10.511,967.463,1.23115027,15.965,-16.493,311.701,311.701
409.14,1.119,1.118,164.227,-2.802,-0.304,1.076,-0.055,-0.568,331.507,46.744,-10.53,967.468,1.23247898,21.467,-9.149,310.605,310.605
409.24,2.085,1.941,133.417,-21.402,-1.41,1.334,-0.761,-0.525,331.533,46.508,-10.554,967.46,1.23227787,19.451,-4.553,307.605,307.605
409.34,3.601,3.542,99.324,-10.396,-3.495,0.574,-0.65,0.37,332.077,43.646,-10.533,967.463,1.2282449,16.846,-6.85,307.913,307.913
409.44,3.562,3.524,88.74,-8.308,-3.523,-0.077,-0.515,0.253,332.006,44.099,-10.511,967.464,1.2287724,14.317,-13.38,309.98,309.98
409.54,1.199,1.199,95.756,-0.725,-1.193,0.12,-0.015,0.009,331.858,44.826,-10.528,967.471,1.22987878,12.687,-18.009,311.144,311.144
409.64,0.696,0.673,257.417,-14.57,0.657,0.147,-0.175,-0.253,331.698,45.624,-10.546,967.463,1.23104942,11.24,-16.688,310.186,310.186
409.74,0.499,0.389,320.721,-38.64,0.247,-0.301,-0.311,-0.667,331.446,47.074,-10.533,967.459,1.23291779,9.629,-10.523,308.747,308.747
409.84,1.157,1.146,207.053,7.818,0.521,1.021,0.157,-0.327,331.653,45.84,-10.554,967.477,1.23140347,5.758,-4.288,306.811,306.811
409.94,3.556,3.471,91.601,-12.55,-3.469,0.097,-0.773,0.297,332.033,43.927,-10.519,967.48,1.22859335,-2.433,-6.818,304.678,304.678
410.04,2.645,2.576,96.723,-13.159,-2.558,0.302,-0.602,-0.272,331.687,45.715,-10.538,967.474,1.23115182,-24.327,-11.7,295.748,295.748
410.14,0.898,0.896,166.318,2.723,-0.212,0.871,0.043,-0.321,331.657,45.819,-10.554,967.472,1.23136914,-22.382,-15.93,296.392,296.392
410.24,1.422,1.103,171.428,-39.169,-0.164,1.09,-0.898,-0.887,331.312,47.783,-10.548,967.461,1.23391807,-20.966,-15.445,296.007,296.007
410.341,4.575,4.336,136.386,-18.617,-2.991,3.139,-1.461,-0.424,331.594,46.282,-10.523,967.45,1.23180676,-22.112,-8.412,297.62,297.62
410.441,-99.53,-99.51,0.0,0.0,-99.4,-99.41,-99.42,-99.44,-99.43,32.851,-99.44,967.435,13.6998167,-1.098,-4.164,305.237,305.237
410.541,2.677,2.658,123.33,-6.966,-2.221,1.46,-0.325,-0.238,331.707,45.568,-10.548,967.43,1.23094356,6.887,-5.312,306.451,306.451
410.641,1.711,1.708,180.54,-3.553,0.016,1.708,-0.106,-0.231,331.711,45.521,-10.554,967.453,1.23094094,2.076,-12.721,306.528,306.528
410.741,1.541,1.54,199.225,2.836,0.507,1.454,0.076,-0.724,331.412,47.249,-10.538,967.438,1.23314571,2.116,-17.985,308.151,308.151
410.841,2.194,2.179,134.551,-6.739,-1.553,1.529,-0.257,-0.663,331.449,47.08,-10.528,967.459,1.23289895,2.241,-17.026,307.292,307.292
410.941,4.488,4.487,113.648,-1.035,-4.11,1.8,-0.081,0.448,332.124,43.45,-10.519,967.444,1.22787094,4.216,-9.842,305.544,305.544
411.041,3.581,3.554,96.819,-7.084,-3.529,0.422,-0.442,0.059,331.888,44.656,-10.53,967.448,1.22962713,3.851,-3.567,304.689,304.689
411.141,1.323,1.307,118.579,8.91,-1.148,0.625,0.205,0.048,331.881,44.672,-10.535,967.456,1.22968328,3.605,-4.968,304.552,304.552
411.241,0.923,0.6,220.65,49.507,0.391,0.455,0.702,-0.189,331.737,45.425,-10.543,967.438,1.23073256,3.199,-13.049,306.603,306.603
411.341,0.798,0.798,108.229,0.508,-0.758,0.249,0.007,-0.812,331.358,47.556,-10.538,967.454,1.2335676,2.388,-18.817,308.176,308.176
411.441,-99.53,-99.51,0.0,0.0,-99.4,-99.41,-99.42,-99.44,-99.43,32.851,-99.44,967.471,13.7003355,3.202,-17.009,307.669,307.669
411.541,-99.53,-99.51,0.0,0.0,-99.4,-99.41,-99.42,-99.44,-99.43,32.826,-99.44,967.451,13.70005512,3.758,-9.588,305.925,305.925
411.642,2.203,2.197,93.286,3.964,-2.194,0.126,0.152,-0.061,331.815,44.93,-10.563,967.438,1.23015487,3.822,-3.382,305.6,305.6
411.742,0.41,0.351,228.572,30.947,0.263,0.232,0.211,-0.127,331.775,45.305,-10.519,967.457,1.23047459,3.802,-5.497,305.816,305.816
411.842,0.397,0.261,313.923,49.047,0.188,-0.181,0.3,-0.825,331.35,47.63,-10.531,967.449,1.23361874,3.262,-13.441,306.646,306.646
411.942,2.203,2.185,108.91,7.436,-2.067,0.708,0.285,-0.032,331.833,45.001,-10.516,967.451,1.23003662,2.693,-18.045,307.475,307.475
412.042,-99.53,-99.51,0.0,0.0,-99.4,-99.41,-99.42,-99.44,-99.43,32.877,-99.44,967.455,13.70009995,3.064,-15.568,306.956,306.956
412.142,4.222,4.158,88.368,-9.989,-4.156,-0.118,-0.732,-0.251,331.7,45.644,-10.538,967.439,1.23101068,3.026,-7.832,305.301,305.301
412.242,1.317,1.317,80.097,-1.119,-1.298,-0.227,-0.026,-0.064,331.813,44.985,-10.55,967.447,1.23018003,3.923,-3.142,304.902,304.902
412.342,1.533,1.522,322.836,6.866,0.92,-1.213,0.183,-0.521,331.535,46.539,-10.543,967.466,1.23226607,3.137,-6.078,304.874,304.874
412.442,0.326,0.229,60.431,-45.297,-0.199,-0.113,-0.231,-0.62,331.475,46.92,-10.531,967.459,1.2327038,2.666,-13.403,306.14,306.14
412.542,2.704,2.704,88.807,0.0,-2.703,-0.056,0.0,0.384,332.086,43.697,-10.506,967.45,1.2281642,2.234,-17.721,307.193,307.193
412.642,-99.53,-99.51,0.0,0.0,-99.4,-99.41,-99.42,-99.44,-99.43,32.878,-99.44,967.456,13.70012379,2.986,-15.241,307.021,307.021
412.742,1.659,1.659,87.032,-0.143,-1.657,-0.086,-0.004,0.05,331.882,44.654,-10.538,967.46,1.22968066,3.311,-8.598,305.393,305.393
412.842,0.808,0.756,326.569,20.599,0.417,-0.631,0.284,-0.194,331.734,45.475,-10.533,967.458,1.2307781,4.116,-4.105,304.991,304.991
412.942,0.38,0.366,285.17,15.673,0.353,-0.096,0.103,-0.781,331.377,47.339,-10.567,967.467,1.23344612,3.618,-6.912,305.418,305.418
413.043,-99.53,-99.51,0.0,0.0,-99.4,-99.41,-99.42,-99.44,-99.43,32.89,-99.44,967.459,13.70016956,3.452,-13.031,306.333,306.333
413.143,-99.53,-99.51,0.0,0.0,-99.4,-99.41,-99.42,-99.44,-99.43,32.837,-99.44,967.458,13.70014095,2.952,-16.745,306.886,306.886
413.243,2.489,2.485,119.496,3.069,-2.163,1.224,0.133,-0.234,331.71,45.608,-10.533,967.46,1.23096168,2.879,-15.017,307.215,307.215
413.343,0.851,0.833,155.746,11.99,-0.342,0.759,0.177,-0.277,331.684,45.83,-10.512,967.441,1.23112881,2.949,-9.74,306.005,306.005
413.443,0.266,0.24,62.007,25.751,-0.212,-0.113,0.116,-0.972,331.261,48.175,-10.523,967.463,1.23430204,3.251,-5.986,305.565,305.565
413.543,3.13,3.13,124.756,0.222,-2.572,1.785,0.012,-0.416,331.6,46.253,-10.523,967.447,1.23176265,3.238,-7.278,305.213,305.213
413.643,-99.53,-99.51,0.0,0.0,-99.4,-99.41,-99.42,-99.44,-99.43,32.89,-99.44,967.46,13.70018387,3.181,-12.052,305.753,305.753
413.743,3.948,3.948,108.218,-0.845,-3.75,1.234,-0.058,-0.093,331.796,45.141,-10.533,967.457,1.23032165,2.709,-15.076,307.591,307.591
413.843,1.702,1.653,126.841,13.793,-1.323,0.991,0.406,-0.103,331.79,45.224,-10.519,967.448,1.23035395,3.071,-14.644,307.146,307.146
413.943,0.76,0.748,156.298,10.431,-0.301,0.685,0.138,-0.575,331.503,46.785,-10.526,967.436,1.23246837,3.036,-10.396,306.41,306.41
414.043,2.705,2.696,136.033,4.722,-1.872,1.941,0.223,-0.693,331.431,47.137,-10.54,967.463,1.23304057,3.235,-6.187,305.602,305.602
414.143,4.798,4.784,108.424,4.463,-4.539,1.512,0.373,0.319,332.046,43.783,-10.54,967.447,1.22845423,3.009,-6.449,305.491,305.491
414.243,4.158,4.158,104.163,0.309,-4.032,1.017,0.022,-0.107,331.787,45.169,-10.538,967.441,1.23036695,2.833,-10.766,306.227,306.227
414.344,2.107,2.093,111.906,6.614,-1.942,0.781,0.243,-0.041,331.827,44.989,-10.528,967.449,1.23007572,2.419,-15.036,306.395,306.395
414.444,0.551,0.551,169.209,0.0,-0.103,0.541,0.0,-0.242,331.705,45.66,-10.526,967.449,1.23098052,2.638,-14.812,308.041,308.041
414.544,1.417,1.407,130.612,6.675,-1.068,0.916,0.165,-0.844,331.339,47.658,-10.54,967.452,1.23370683,3.08,-10.549,307.314,307.314
414.644,-99.53,-99.51,0.0,0.0,-99.4,-99.41,-99.42,-99.44,-99.43,32.904,-99.44,967.459,13.70016575,3.53,-5.92,305.48,305.48
414.744,-99.53,-99.51,0.0,0.0,-99.4,-99.41,-99.42,-99.44,-99.43,32.863,-99.44,967.431,13.69976139,3.62,-6.047,305.409,305.409
414.844,2.883,2.873,111.034,4.727,-2.682,1.031,0.238,-0.154,331.759,45.41,-10.514,967.434,1.23056233,3.489,-10.734,306.339,306.339
414.944,1.241,1.212,153.142,12.575,-0.547,1.081,0.27,-0.117,331.781,45.255,-10.523,967.435,1.23039901,2.948,-15.198,306.598,306.598
415.044,0.622,0.61,145.619,11.306,-0.344,0.503,0.122,-0.891,331.31,47.741,-10.563,967.451,1.23392487,2.921,-15.456,307.65,307.65
415.144,3.599,3.588,127.306,4.382,-2.854,2.175,0.275,-0.44,331.585,46.35,-10.519,967.445,1.23187017,3.258,-11.094,306.334,306.334
415.244,-99.53,-99.51,0.0,0.0,-99.4,-99.41,-99.42,-99.44,-99.43,32.877,-99.44,967.442,13.69992733,3.484,-5.996,306.071,306.071
415.344,3.71,3.71,101.354,-0.445,-3.637,0.73,-0.029,-0.081,331.803,45.172,-10.514,967.457,1.23026621,3.428,-5.435,305.699,305.699
415.444,1.559,1.53,108.981,11.025,-1.447,0.498,0.298,-0.022,331.839,44.84,-10.552,967.453,1.2299974,3.048,-10.698,307.072,307.072
415.544,0.495,0.355,110.003,44.16,-0.334,0.121,0.345,-0.379,331.622,46.11,-10.528,967.448,1.23159754,2.643,-15.468,307.111,307.111
415.645,2.807,2.793,127.87,5.627,-2.205,1.715,0.275,-0.647,331.459,47.067,-10.516,967.437,1.23279405,2.427,-15.135,306.669,306.669
415.745,4.978,4.96,103.949,4.838,-4.814,1.196,0.42,0.434,332.116,43.445,-10.533,967.434,1.22792161,3.079,-10.067,306.367,306.367
415.845,4.5,4.5,100.405,0.21,-4.426,0.813,0.016,0.07,331.895,44.678,-10.514,967.448,1.22957456,3.396,-5.47,305.598,305.598
415.945,2.507,2.507,106.865,0.537,-2.399,0.727,0.023,0.013,331.86,44.788,-10.535,967.44,1.22982299,3.487,-6.438,305.52,305.52
416.045,0.766,0.727,138.966,18.191,-0.477,0.549,0.239,-0.056,331.818,45.04,-10.527,967.421,1.2301085,3.224,-11.586,306.221,306.221
416.145,1.867,1.849,138.787,7.875,-1.218,1.391,0.256,-0.715,331.417,47.231,-10.535,967.449,1.23312008,2.892,-15.643,308.086,308.086
416.245,3.111,3.083,122.66,7.73,-2.595,1.663,0.418,-0.505,331.545,46.511,-10.535,967.441,1.23215842,2.971,-14.409,307.658,307.658
416.345,-99.53,-99.51,0.0,0.0,-99.4,-99.41,-99.42,-99.44,-99.43,32.849,-99.44,967.444,13.6999445,3.273,-9.559,306.176,306.176
416.445,3.601,3.601,105.878,1.01,-3.463,0.985,0.063,-0.166,331.751,45.402,-10.528,967.453,1.23064613,3.433,-5.455,305.182,305.182
416.545,1.057,0.954,129.717,25.562,-0.734,0.609,0.456,-0.219,331.719,45.583,-10.526,967.455,1.23088419,3.399,-6.768,305.59,305.59
416.645,0.916,0.818,140.372,26.702,-0.522,0.63,0.412,-0.87,331.323,47.739,-10.543,967.445,1.2338171,3.17,-11.971,306.344,306.344
416.745,3.4,3.39,120.359,4.239,-2.925,1.714,0.251,-0.573,331.504,46.852,-10.506,967.446,1.23247159,2.916,-15.463,307.074,307.074
416.845,4.823,4.808,103.131,4.509,-4.682,1.092,0.379,0.099,331.913,44.601,-10.509,967.457,1.22945285,3.046,-14.044,306.96,306.96
416.946,3.836,3.836,95.738,-0.645,-3.817,0.384,-0.043,-0.13,331.773,45.334,-10.514,967.443,1.23047054,3.383,-8.907,306.891,306.891
417.046,1.801,1.789,103.188,6.625,-1.742,0.408,0.208,-5.058,328.766,65.408,-10.514,967.463,1.25311017,3.6,-5.832,306.103,306.103
417.146,0.499,0.478,171.92,16.494,-0.067,0.474,0.142,-0.64,331.463,46.961,-10.538,967.454,1.23278654,3.186,-7.488,306.092,306.092
417.246,2.24,2.238,128.844,2.608,-1.743,1.404,0.102,-0.808,331.361,47.58,-10.528,967.456,1.23354828,2.851,-12.352,306.451,306.451
417.346,4.641,4.641,107.985,0.0,-4.414,1.433,0.0,0.507,332.16,43.251,-10.523,967.458,1.22762585,2.731,-15.136,307.397,307.397
417.446,-99.53,-99.51,0.0,0.0,-99.4,-99.41,-99.42,-99.44,-99.43,32.887,-99.44,967.447,13.6999855,2.824,-13.706,307.13,307.13
417.546,2.532,2.519,114.6,5.805,-2.291,1.049,0.256,0.087,331.905,44.581,-10.526,967.462,1.22951663,3.333,-9.397,305.97,305.97
417.646,0.942,0.942,166.545,0.0,-0.219,0.916,0.0,-0.296,331.673,45.865,-10.519,967.455,1.23123205,3.624,-6.552,305.535,305.535
417.746,1.175,1.175,144.45,-1.657,-0.683,0.956,-0.034,-0.951,331.274,48.101,-10.523,967.452,1.23419225,3.515,-7.842,306.668,306.668
417.846,3.044,3.036,138.733,-4.371,-2.002,2.282,-0.232,-0.844,331.339,47.739,-10.519,967.452,1.23370469,3.285,-11.867,307.626,307.626
417.946,-99.53,-99.51,0.0,0.0,-99.4,-99.41,-99.42,-99.44,-99.43,32.904,-99.44,967.456,13.70011425,2.939,-14.74,307.312,307.312
418.046,3.099,3.099,93.38,0.0,-3.094,0.183,0.0,-0.376,331.623,46.013,-10.552,967.463,1.2316072,2.915,-13.73,306.705,306.705
418.146,0.865,0.797,108.061,22.923,-0.758,0.247,0.337,-0.343,331.644,45.953,-10.538,967.445,1.23143339,3.164,-10.056,306.774,306.774
418.246,0.596,0.596,146.164,-1.73,-0.332,0.495,-0.018,-0.973,331.261,48.209,-10.516,967.461,1.23430371,3.409,-7.22,306.201,306.201
418.347,2.848,2.847,117.62,-1.56,-2.523,1.32,-0.078,-0.669,331.446,47.153,-10.514,967.455,1.23291719,3.264,-8.009,306.014,306.014
418.447,4.548,4.543,103.747,2.577,-4.413,1.08,0.204,0.136,331.935,44.445,-10.519,967.441,1.22926795,3.062,-11.366,306.39,306.39
418.547,3.571,3.571,89.472,0.0,-3.571,-0.033,0.0,-0.171,331.749,45.53,-10.497,967.465,1.23067844,2.995,-14.183,307.075,307.075
418.647,1.256,1.241,89.722,8.919,-1.241,-0.006,0.195,-0.143,331.765,45.3,-10.535,967.47,1.23056459,3.018,-14.034,307.319,307.319
418.747,0.265,0.117,243.567,63.744,0.105,0.052,0.238,-0.443,331.583,46.3,-10.535,967.456,1.231897,3.101,-10.767,306.116,306.116
418.847,1.22,1.176,118.698,15.41,-1.032,0.565,0.324,-0.719,331.415,47.325,-10.514,967.456,1.23314428,3.326,-7.882,305.477,305.477
418.947,3.249,3.236,111.176,5.045,-3.018,1.169,0.286,0.247,332.002,44.08,-10.521,967.462,1.22879517,3.311,-8.183,306.232,306.232
419.047,-99.53,-99.51,0.0,0.0,-99.4,-99.41,-99.42,-99.44,-99.43,32.901,-99.44,967.467,13.70027637,2.114,-11.392,306.367,306.367
419.147,1.752,1.733,111.601,8.537,-1.611,0.638,0.26,0.079,331.9,44.564,-10.538,967.464,1.22955823,-21.671,-13.234,296.7,296.7
419.247,1.436,1.436,204.856,-0.132,0.603,1.303,-0.003,-0.187,331.739,45.453,-10.533,967.467,1.23075747,-24.973,-11.639,295.216,295.216
419.347,1.919,1.919,179.856,0.0,-0.005,1.919,0.0,-0.653,331.455,47.072,-10.521,967.458,1.23285091,-27.253,-8.333,296.038,296.038
419.447,2.353,2.343,141.14,5.147,-1.47,1.825,0.211,-0.284,331.68,45.843,-10.514,967.454,1.23117411,5.744,-8.019,306.766,306.766
419.548,-99.53,-99.51,0.0,0.0,-99.4,-99.41,-99.42,-99.44,-99.43,32.904,-99.44,967.442,13.69992447,29.109,-8.505,309.518,309.518
419.648,1.513,1.513,91.979,0.0,-1.513,0.052,0.0,-0.108,331.787,45.217,-10.526,967.465,1.23039746,25.521,-10.486,309.391,309.391
419.748,0.887,0.881,225.745,6.569,0.631,0.615,0.101,-0.141,331.766,45.25,-10.547,967.478,1.23056543,24.213,-13.699,312.125,312.125
419.848,0.803,0.803,276.458,0.0,0.798,-0.09,0.0,-0.915,331.296,47.964,-10.526,967.473,1.23405457,15.852,-14.491,310.272,310.272
419.948,1.076,1.072,116.561,-4.916,-0.959,0.479,-0.092,-0.789,331.372,47.534,-10.523,967.478,1.23349273,0.547,-11.96,307.184,307.184
420.048,3.091,3.091,111.568,0.0,-2.875,1.136,0.0,0.023,331.866,44.812,-10.519,967.474,1.22981858,5.845,-8.458,306.363,306.363
420.148,2.94,2.94,86.248,0.0,-2.933,-0.192,0.0,0.038,331.875,44.82,-10.503,967.479,1.22975802,17.36,-8.363,308.527,308.527
420.248,1.069,1.069,74.22,1.448,-1.028,-0.291,0.027,-0.109,331.786,45.222,-10.526,967.493,1.23044026,10.621,-10.929,308.847,308.847
420.348,1.482,1.411,285.344,17.8,1.361,-0.373,0.453,-0.45,331.578,46.342,-10.531,967.47,1.23194993,2.99,-14.631,306.892,306.892
420.448,0.984,0.954,293.618,14.095,0.874,-0.382,0.24,-0.824,331.351,47.712,-10.509,967.493,1.23366928,2.153,-15.1,308.681,308.681
420.548,1.446,1.446,102.808,-0.037,-1.41,0.321,-0.001,0.063,331.89,44.72,-10.509,967.489,1.22965837,4.352,-12.085,307.704,307.704
420.648,3.099,3.099,89.022,0.0,-3.099,-0.053,0.0,0.376,332.081,43.703,-10.512,967.483,1.22824311,7.401,-8.494,307.59,307.59
420.748,1.191,1.17,77.518,10.588,-1.143,-0.253,0.219,0.151,331.944,44.495,-10.492,967.473,1.22924054,0.253,-7.352,306.37,306.37
420.849,0.92,0.861,278.827,20.528,0.851,-0.132,0.323,-0.047,331.824,45.078,-10.509,967.474,1.23013186,-0.395,-10.285,305.738,305.738
420.949,1.076,1.038,308.33,15.31,0.814,-0.644,0.284,-0.787,331.374,47.571,-10.512,967.471,1.2334739,2.048,-14.428,308.78,308.78
421.049,1.348,0.917,41.966,47.117,-0.613,-0.682,0.987,-0.647,331.459,46.986,-10.538,967.487,1.23286068,3.226,-15.439,307.662,307.662
421.149,-99.53,-99.51,0.0,0.0,-99.4,-99.41,-99.42,-99.44,-99.43,32.915,-99.44,967.48,13.70046043,-26.68,-10.296,294.706,294.706
421.249,1.74,1.736,103.867,3.74,-1.685,0.416,0.113,0.088,331.906,44.575,-10.526,967.479,1.22953141,-30.424,-5.18,293.515,293.515
421.349,1.298,1.277,202.456,-10.34,0.488,1.18,-0.233,-0.164,331.753,45.401,-10.526,967.469,1.23065376,-31.426,-4.621,293.826,293.826
421.449,2.386,2.378,200.566,4.85,0.835,2.226,0.202,-0.695,331.43,47.283,-10.503,967.469,1.23305213,6.041,-12.577,307.576,307.576
421.549,1.433,1.428,142.584,4.743,-0.868,1.134,0.118,-0.649,331.458,46.938,-10.552,967.473,1.23285151,34.611,-14.28,312.232,312.232
421.649,3.467,3.467,113.66,0.0,-3.175,1.391,0.0,0.216,331.983,44.121,-10.538,967.468,1.2289443,26.112,-13.32,311.862,311.862
421.749,2.834,2.834,93.75,0.0,-2.828,0.185,0.0,0.066,331.892,44.746,-10.499,967.491,1.22964597,17.455,-9.562,308.545,308.545
421.849,0.716,0.715,157.986,-2.938,-0.268,0.662,-0.037,0.094,331.909,44.533,-10.533,967.472,1.22949946,1.93,-7.822,305.941,305.941
421.95,1.662,1.662,199.842,0.0,0.564,1.563,0.0,-0.392,331.614,46.247,-10.503,967.469,1.23168385,5.961,-9.079,307.462,307.462
422.05,1.733,1.731,160.006,-2.8,-0.592,1.627,-0.085,-0.751,331.396,47.417,-10.519,967.485,1.23332739,4.501,-11.577,307.513,307.513
422.15,3.935,3.925,123.304,-4.062,-3.28,2.155,-0.279,0.158,331.948,44.307,-10.538,967.485,1.22922719,12.591,-13.026,309.244,309.244
422.25,3.653,3.62,94.874,-7.66,-3.607,0.308,-0.487,0.316,332.044,43.845,-10.526,967.453,1.22847676,12.685,-14.224,310.467,310.467
422.35,1.88,1.879,110.293,0.56,-1.763,0.652,0.018,0.035,331.873,44.731,-10.531,967.479,1.22977412,6.566,-12.262,308.002,308.002
422.45,1.35,1.331,217.309,9.456,0.807,1.059,0.222,-0.017,331.842,44.805,-10.557,967.479,1.23000813,3.418,-8.7,307.358,307.358
422.55,1.168,1.054,232.711,25.506,0.839,0.639,0.503,-0.649,331.458,47.057,-10.521,967.495,1.23287952,3.7,-8.845,306.357,306.357
422.65,0.387,0.379,127.407,11.82,-0.301,0.23,0.079,-0.766,331.387,47.545,-10.499,967.488,1.23339522,4.895,-11.297,307.969,307.969
422.75,-99.53,-99.51,0.0,0.0,-99.4,-99.41,-99.42,-99.44,-99.43,32.913,-99.44,967.472,13.70034981,-1.345,-12.93,306.683,306.683
422.851,2.048,2.046,97.554,2.446,-2.028,0.269,0.087,0.057,331.887,44.678,-10.526,967.476,1.22966945,0.407,-12.177,305.14,305.14
422.951,0.693,0.648,207.154,20.758,0.296,0.577,0.246,0.011,331.859,44.843,-10.521,967.483,1.22988224,5.479,-12.313,308.424,308.424
423.051,0.8,0.8,260.579,0.0,0.789,0.131,0.0,-0.742,331.401,47.279,-10.547,967.483,1.23328543,5.031,-10.299,307.452,307.452
423.151,1.386,1.32,140.441,-17.716,-0.841,1.018,-0.422,-0.743,331.401,47.38,-10.521,967.471,1.23327208,-29.365,-6.0,295.899,295.899
423.251,4.142,4.14,119.237,-1.627,-3.613,2.022,-0.118,0.185,331.964,44.24,-10.533,967.492,1.22911584,-34.402,-5.836,291.286,291.286
423.351,3.32,3.319,122.985,1.501,-2.784,1.807,0.087,0.124,331.927,44.469,-10.523,967.476,1.22936809,-25.83,-11.565,296.458,296.458
423.452,1.514,1.36,163.788,-26.047,-0.38,1.306,-0.665,-0.073,331.808,45.075,-10.533,967.479,1.23025644,10.687,-16.762,310.715,310.715
423.552,2.336,2.333,200.4,2.961,0.813,2.187,0.121,-0.458,331.574,46.405,-10.521,967.479,1.23199689,33.742,-12.207,311.432,311.432
423.652,1.378,1.376,168.766,-2.781,-0.268,1.35,-0.067,-0.691,331.432,47.236,-10.512,967.462,1.2330246,22.122,-7.939,308.261,308.261
423.752,4.015,4.011,120.053,-2.497,-3.472,2.009,-0.175,0.204,331.976,44.159,-10.538,967.471,1.22900319,19.432,-7.214,308.017,308.017
423.852,-99.53,-99.51,0.0,0.0,-99.4,-99.41,-99.42,-99.44,-99.43,32.927,-99.44,967.482,13.70048714,7.087,-12.152,308.225,308.225
423.952,1.972,1.968,120.69,3.655,-1.692,1.004,0.126,0.131,331.932,44.437,-10.526,967.459,1.22931314,5.526,-15.218,309.256,309.256
424.052,1.333,1.333,208.886,-0.329,0.644,1.167,-0.008,-0.033,331.833,45.068,-10.499,967.469,1.23006153,2.366,-13.617,308.185,308.185
424.152,0.392,0.122,173.324,71.856,-0.014,0.121,0.373,-0.683,331.437,47.078,-10.547,967.471,1.23300624,13.329,-11.099,309.841,309.841
424.252,1.728,1.719,143.109,-5.85,-1.032,1.375,-0.176,-0.813,331.358,47.635,-10.518,967.483,1.23360431,16.421,-9.626,309.58,309.58
424.352,-99.53,-99.51,0.0,0.0,-99.4,-99.41,-99.42,-99.44,-99.43,32.915,-99.44,967.474,13.70037937,5.743,-10.105,307.624,307.624
424.452,2.499,2.499,97.061,-0.281,-2.48,0.307,-0.012,-0.003,331.851,44.951,-10.503,967.469,1.22992563,-0.38,-11.152,306.307,306.307
424.552,0.506,0.464,148.688,23.246,-0.241,0.397,0.2,-0.136,331.77,45.407,-10.499,967.467,1.23052406,3.52,-14.785,308.528,308.528
424.653,0.809,0.72,290.843,27.238,0.673,-0.256,0.37,-0.668,331.447,47.205,-10.499,967.476,1.23293698,5.205,-14.405,308.555,308.555
424.753,0.773,0.737,37.649,17.508,-0.45,-0.583,0.232,-1.001,331.244,48.277,-10.523,967.494,1.23447335,0.766,-11.865,306.52,306.52
424.853,3.26,3.259,111.754,-1.534,-3.026,1.208,-0.087,-0.028,331.835,44.992,-10.516,967.468,1.23004162,2.176,-8.822,305.712,305.712
424.953,3.811,3.793,98.975,-5.598,-3.746,0.592,-0.372,0.087,331.905,44.562,-10.531,967.45,1.22950268,5.926,-9.616,308.209,308.209
425.053,1.209,1.209,121.387,-1.228,-1.032,0.629,-0.026,0.01,331.858,44.763,-10.545,967.47,1.22987509,-0.988,-11.559,305.566,305.566
425.153,2.045,2.036,198.984,5.455,0.662,1.925,0.194,-0.371,331.627,46.154,-10.509,967.467,1.23158348,-29.109,-9.998,293.952,293.952
425.253,1.833,1.833,165.655,-0.674,-0.454,1.776,-0.022,-0.861,331.328,47.77,-10.527,967.46,1.23379648,-29.824,-9.627,292.588,292.588
425.353,3.58,3.58,134.155,-0.058,-2.569,2.494,-0.004,-0.024,331.838,44.959,-10.521,967.462,1.23001575,-23.801,-9.593,297.016,297.016
425.453,4.245,4.243,121.846,1.621,-3.604,2.239,0.12,0.284,332.024,43.886,-10.543,967.461,1.22863102,-23.797,-8.833,297.836,297.836
425.553,2.84,2.831,148.934,4.373,-1.461,2.425,0.217,0.001,331.853,44.92,-10.509,967.451,1.22988641,-27.894,-6.599,294.196,294.196
425.653,3.253,3.253,178.147,0.0,-0.105,3.251,0.0,-0.146,331.764,45.378,-10.516,967.449,1.23054647,-31.418,-7.251,293.237,293.237
425.753,4.591,4.577,174.212,4.549,-0.462,4.554,0.364,-0.296,331.673,45.941,-10.499,967.435,1.23120546,-30.521,-9.062,293.758,293.758
425.853,5.894,5.894,164.264,0.0,-1.599,5.673,0.0,-0.002,331.851,44.911,-10.514,967.452,1.22990131,-31.941,-10.568,291.552,291.552
425.954,6.605,6.599,158.146,2.388,-2.456,6.125,0.275,-0.09,331.797,45.152,-10.527,967.444,1.23029125,-33.545,-9.408,290.405,290.405
426.054,6.405,6.405,165.824,0.0,-1.568,6.21,0.0,-0.352,331.638,46.028,-10.526,967.438,1.23146284,-31.915,-6.275,293.982,293.982
426.154,7.375,7.366,174.689,2.836,-0.682,7.335,0.365,-0.37,331.627,46.083,-10.527,967.441,1.23154962,-33.134,-4.621,293.496,293.496
426.254,7.611,7.601,172.728,2.935,-0.962,7.54,0.39,-0.459,331.573,46.409,-10.521,967.434,1.23194373,-26.661,-8.543,294.683,294.683
426.354,7.674,7.674,163.615,0.35,-2.165,7.362,0.047,-0.44,331.585,46.377,-10.512,967.451,1.23187578,-22.562,-10.509,297.358,297.358
426.454,8.39,8.39,161.494,0.645,-2.663,7.956,0.094,-0.504,331.546,46.581,-10.516,967.434,1.23214626,-13.12,-12.382,301.22,301.22
426.554,7.94,7.939,161.971,0.632,-2.457,7.55,0.088,-0.638,331.465,47.092,-10.501,967.451,1.23276925,-3.911,-11.075,305.294,305.294
426.654,7.112,7.112,168.41,0.0,-1.429,6.967,0.0,-0.175,331.746,45.43,-10.527,967.456,1.23068607,0.426,-9.419,306.427,306.427
426.754,7.869,7.869,168.71,0.0,-1.54,7.716,0.0,-0.262,331.693,45.684,-10.538,967.473,1.23110509,1.947,-5.342,305.628,305.628
426.854,8.309,8.309,173.699,0.0,-0.912,8.259,0.0,-0.521,331.535,46.568,-10.535,967.461,1.23225975,0.767,-12.123,307.272,307.272
426.954,8.096,8.059,174.803,5.506,-0.73,8.026,0.777,-0.205,331.728,45.546,-10.523,967.486,1.23086035,-0.468,-15.155,306.765,306.765
427.054,8.108,8.077,170.807,5.028,-1.29,7.973,0.711,0.111,331.92,44.604,-10.497,967.485,1.22943342,-3.534,-14.325,306.011,306.011
427.155,7.635,7.625,173.191,2.874,-0.904,7.571,0.383,-0.135,331.77,45.289,-10.531,967.488,1.23055124,-2.298,-11.435,305.923,305.923
427.255,7.598,7.598,175.03,0.0,-0.658,7.57,0.0,-0.221,331.718,45.545,-10.538,967.496,1.23094654,-4.494,-9.052,304.895,304.895
427.355,8.681,8.667,173.731,3.216,-0.946,8.615,0.487,-0.183,331.741,45.421,-10.538,967.495,1.23077643,-1.52,-8.17,305.509,305.509
427.455,8.826,8.826,168.855,0.0,-1.706,8.659,0.0,-0.445,331.582,46.387,-10.514,967.515,1.23198235,2.37,-11.126,306.272,306.272
427.555,8.734,8.734,165.789,0.0,-2.144,8.467,0.0,-0.292,331.675,45.802,-10.533,967.507,1.2312814,2.795,-12.756,308.22,308.22
427.655,8.12,8.119,166.686,0.742,-1.87,7.901,0.105,-0.399,331.61,46.271,-10.503,967.516,1.23177528,3.548,-11.815,307.4,307.4
427.755,7.513,7.505,175.154,2.742,-0.634,7.478,0.359,-0.33,331.652,45.977,-10.519,967.532,1.23148227,12.787,-13.726,309.812,309.812
427.855,7.661,7.64,176.532,4.269,-0.462,7.626,0.57,-0.632,331.468,46.955,-10.533,967.541,1.23286235,12.354,-5.851,307.846,307.846
427.955,7.622,7.621,169.141,0.873,-1.436,7.484,0.116,-0.416,331.6,46.326,-10.503,967.557,1.23190093,12.797,-4.689,307.085,307.085
428.055,8.022,8.021,164.421,0.983,-2.154,7.726,0.138,-0.411,331.603,46.245,-10.521,967.554,1.23187745,-14.994,-11.888,301.619,301.619
428.155,8.421,8.405,166.158,3.486,-2.011,8.161,0.512,-0.399,331.61,46.18,-10.527,967.574,1.23184943,-8.716,-12.293,304.8,304.8
428.255,9.201,9.057,168.3,10.144,-1.837,8.869,1.621,0.137,331.936,44.435,-10.521,967.57,1.22942781,-9.856,-10.897,303.303,303.303
428.355,8.262,8.255,166.208,2.379,-1.968,8.017,0.343,-0.038,331.829,44.953,-10.535,967.568,1.23021388,-9.646,-9.594,304.298,304.298
428.456,7.951,7.944,167.886,2.334,-1.667,7.767,0.324,-0.171,331.748,45.462,-10.516,967.574,1.23082101,-11.103,-8.65,302.499,302.499
428.556,7.968,7.968,165.824,0.0,-1.952,7.726,0.0,-0.009,331.847,44.865,-10.533,967.588,1.23010743,-9.879,-10.544,303.156,303.156
428.656,7.993,7.992,166.727,0.797,-1.835,7.778,0.111,-0.049,331.822,44.998,-10.533,967.588,1.23028898,-3.536,-13.153,305.946,305.946
428.756,7.839,7.839,177.866,0.0,-0.292,7.834,0.0,-0.393,331.613,46.122,-10.538,967.597,1.23185349,-1.762,-11.758,305.782,305.782
428.856,8.294,8.289,179.604,1.965,-0.057,8.289,0.284,-0.456,331.575,46.362,-10.531,967.559,1.23209035,4.945,-11.597,308.124,308.124
428.956,7.793,7.792,178.718,0.794,-0.174,7.79,0.108,-0.479,331.561,46.359,-10.552,967.555,1.23218846,14.279,-10.239,309.275,309.275
429.056,7.773,7.769,178.684,1.998,-0.178,7.767,0.271,-0.279,331.683,45.758,-10.533,967.564,1.23129511,7.686,-11.161,309.05,309.05
429.156,8.013,8.004,178.515,2.654,-0.207,8.001,0.371,-0.281,331.681,45.747,-10.538,967.551,1.2312901,-3.362,-11.764,306.899,306.899
429.256,7.803,7.79,174.544,3.368,-0.741,7.754,0.458,-0.182,331.742,45.533,-10.506,967.584,1.23088276,-1.962,-11.729,306.311,306.311
429.356,7.809,7.809,172.241,0.0,-1.054,7.738,0.0,-0.363,331.631,46.041,-10.533,967.583,1.23170102,-2.333,-12.496,306.291,306.291
429.456,7.879,7.872,172.666,2.521,-1.005,7.807,0.347,-0.228,331.714,45.606,-10.528,967.611,1.23112297,-1.331,-13.043,306.338,306.338
429.556,8.428,8.427,169.545,0.818,-1.529,8.287,0.12,-0.341,331.645,46.054,-10.509,967.595,1.23161244,-1.184,-13.319,307.731,307.731
429.656,8.526,8.526,171.895,0.0,-1.202,8.441,0.0,-0.489,331.555,46.447,-10.538,967.568,1.23225081,-0.539,-11.975,307.057,307.057
429.757,8.24,8.24,173.121,0.0,-0.987,8.181,0.0,-0.579,331.5,46.828,-10.518,967.588,1.2326808,-1.542,-8.61,305.489,305.489
429.857,7.619,7.604,172.361,3.614,-1.011,7.536,0.48,-0.254,331.698,45.746,-10.513,967.621,1.2312547,0.015,-10.478,307.273,307.273
429.957,7.234,7.228,180.034,2.275,0.004,7.228,0.287,-0.532,331.529,46.674,-10.516,967.617,1.23250306,30.221,-12.577,311.68,311.68
430.057,7.447,7.438,174.024,2.826,-0.774,7.397,0.367,-0.527,331.531,46.494,-10.56,967.609,1.23247659,39.712,-11.821,311.03,311.03
430.157,6.463,6.463,164.242,0.894,-1.755,6.22,0.101,-0.116,331.782,45.28,-10.516,967.648,1.230667,38.939,-10.692,309.6,309.6
430.257,5.068,5.065,155.516,2.017,-2.099,4.61,0.178,0.3,332.034,43.889,-10.528,967.657,1.2288065,38.102,-11.236,310.766,310.766
430.357,3.896,3.874,166.924,6.019,-0.877,3.774,0.409,0.239,331.997,44.038,-10.541,967.675,1.22910559,36.816,-9.954,310.209,310.209
430.457,4.443,4.438,195.885,2.715,1.215,4.268,0.21,-0.095,331.795,45.167,-10.527,967.702,1.23063958,36.532,-10.116,310.65,310.65
430.557,2.846,2.846,196.524,0.0,0.809,2.728,0.0,-0.708,331.422,47.177,-10.543,967.717,1.23342931,-21.692,-46.919,302.313,302.313
430.657,5.408,5.408,171.091,0.0,-0.838,5.343,0.0,-0.697,331.429,47.323,-10.495,967.722,1.23338437,-137.334,133.373,223.386,223.386
430.757,-99.53,-99.51,0.0,0.0,-99.4,-99.41,-99.42,-99.44,-99.43,32.927,-99.44,967.689,13.70342159,38.889,39.128,289.604,289.604
430.857,2.102,2.097,181.684,-4.061,0.062,2.096,-0.149,0.189,331.967,44.258,-10.523,967.704,1.22936416,56.434,-9.561,308.873,308.873
430.957,2.685,2.681,209.797,-2.822,1.332,2.327,-0.132,-0.051,331.821,45.081,-10.512,967.746,1.23049808,34.1,-40.269,329.346,329.346
431.058,1.326,1.207,244.173,24.444,1.086,0.526,0.548,-0.864,331.327,47.794,-10.523,967.769,1.23420334,6.52,-51.932,330.156,330.156
431.158,0.508,0.161,149.764,-71.55,-0.081,0.139,-0.482,-1.069,331.202,48.52,-10.523,967.75,1.23510981,-24.093,21.545,304.185,304.185
431.258,1.398,1.397,159.783,-1.869,-0.483,1.311,-0.046,-0.496,331.551,46.575,-10.509,967.736,1.23249137,-156.718,118.011,216.293,216.293
431.358,1.867,1.756,93.024,-19.833,-1.754,0.093,-0.633,0.175,331.959,44.373,-10.504,967.764,1.22950399,40.037,26.698,293.438,293.438
431.458,0.33,0.328,203.224,-5.27,0.129,0.302,-0.03,0.314,332.043,43.893,-10.513,967.779,1.22889686,-9.507,-40.117,312.15,312.15
431.558,1.843,1.843,200.259,0.831,0.638,1.729,0.027,0.123,331.926,44.379,-10.55,967.777,1.22975969,-42.51,-39.011,268.246,268.246
431.658,2.279,2.277,166.178,2.832,-0.544,2.211,0.113,-0.668,331.447,47.164,-10.509,967.749,1.23328531,-140.091,155.658,236.08,236.08
431.758,2.156,2.129,135.593,9.082,-1.49,1.521,0.34,-0.051,331.821,45.074,-10.513,967.756,1.23051047,15.298,74.203,312.453,312.453
431.858,-99.53,-99.51,0.0,0.0,-99.4,-99.41,-99.42,-99.44,-99.43,32.974,-99.44,967.792,13.70487785,21.835,-58.132,341.968,341.968
431.958,2.743,2.73,108.513,5.513,-2.589,0.867,0.263,0.031,331.871,44.737,-10.533,967.791,1.23018837,29.293,-10.591,311.132,311.132
432.058,1.7,1.688,218.641,6.859,1.054,1.319,0.203,-0.097,331.793,45.146,-10.536,967.801,1.23077965,23.565,40.852,298.93,298.93
432.158,0.288,0.286,247.893,-6.037,0.265,0.108,-0.03,-0.623,331.474,46.974,-10.519,967.823,1.23317671,17.241,-39.12,324.174,324.174
432.259,1.464,1.117,94.616,-40.279,-1.114,0.09,-0.947,-0.291,331.675,45.854,-10.518,967.798,1.23164904,25.282,-22.52,317.32,317.32
432.359,3.629,3.545,58.443,-12.355,-3.021,-1.855,-0.776,0.186,331.965,44.224,-10.536,967.783,1.22947979,23.63,35.312,298.859,298.859
432.459,3.936,3.793,56.223,-15.479,-3.153,-2.109,-1.05,-0.175,331.746,45.445,-10.523,967.781,1.23109996,8.974,-7.993,308.597,308.597
432.559,2.639,2.346,40.844,-27.236,-1.535,-1.775,-1.208,-0.32,331.658,45.966,-10.514,967.784,1.23176014,-28.638,-36.095,290.642,290.642
432.659,1.427,1.401,338.006,10.913,0.525,-1.299,0.27,-0.605,331.484,46.826,-10.542,967.745,1.23300171,-57.952,-8.584,275.391,275.391
432.759,0.413,0.173,348.432,65.206,0.035,-0.17,0.375,-0.742,331.401,47.323,-10.536,967.745,1.2336216,-50.897,29.519,304.973,304.973
432.859,2.161,2.161,86.521,0.9,-2.157,-0.131,0.034,0.217,331.984,44.223,-10.508,967.74,1.22928584,2.906,19.935,304.951,304.951
432.959,2.938,2.917,87.365,-6.83,-2.914,-0.134,-0.349,0.229,331.991,44.132,-10.523,967.767,1.22926712,16.492,-25.025,316.808,316.808
433.059,0.685,0.666,109.449,-13.719,-0.628,0.222,-0.163,0.116,331.923,44.6,-10.494,967.756,1.22975576,-2.735,-10.445,306.594,306.594
433.159,2.307,2.142,293.049,21.834,1.971,-0.838,0.858,-0.09,331.797,45.088,-10.545,967.761,1.23069453,-4.938,12.117,304.381,304.381
433.259,2.329,2.286,305.041,11.04,1.871,-1.312,0.446,-0.579,331.5,46.845,-10.514,967.769,1.23291326,-0.15,-2.785,305.591,305.591
433.359,0.614,0.503,105.144,-34.943,-0.486,0.131,-0.352,0.111,331.92,44.465,-10.536,967.793,1.22982895,-1.729,-4.261,305.474,305.474
433.459,3.017,3.003,62.867,-5.416,-2.673,-1.37,-0.285,0.456,332.129,43.442,-10.514,967.797,1.22828126,2.041,7.081,304.358,304.358
433.56,1.906,1.664,58.286,-29.221,-1.415,-0.875,-0.931,0.196,331.972,44.27,-10.514,967.807,1.22946119,-25.893,-17.272,294.987,294.987
433.66,2.147,2.12,237.596,9.131,1.789,1.136,0.341,0.062,331.89,44.703,-10.514,967.813,1.23007214,-26.973,-10.111,294.851,294.851
433.76,2.446,2.327,281.823,17.963,2.278,-0.477,0.754,-0.718,331.416,47.34,-10.509,967.804,1.23358536,-0.844,17.126,305.166,305.166
433.86,4.623,4.44,298.292,16.169,3.91,-2.105,1.287,-1.017,331.234,48.449,-10.494,967.797,1.23492992,-3.47,-13.2,306.339,306.339
433.96,-99.53,-99.51,0.0,0.0,-99.4,-99.41,-99.42,-99.44,-99.43,33.025,-99.44,967.817,13.70523453,3.33,-39.728,318.413,318.413
434.06,2.809,2.358,69.437,-32.915,-2.208,-0.828,-1.526,-0.096,331.794,45.199,-10.52,967.787,1.23075569,1.279,-23.753,310.09,310.09
434.16,9.114,1.528,55.147,-80.349,-1.254,-0.873,-8.985,-24.623,316.541,100.0,-10.536,967.78,1.35220957,29.291,21.011,299.552,299.552
434.26,2.602,2.536,294.881,12.962,2.301,-1.067,0.584,-0.455,331.576,46.377,-10.525,967.782,1.23236668,12.33,7.936,305.285,305.285
434.36,1.267,1.258,336.421,7.076,0.503,-1.153,0.156,-0.782,331.377,47.521,-10.52,967.784,1.23384988,8.071,-44.101,325.043,325.043
434.46,2.635,2.634,62.49,1.354,-2.336,-1.217,0.062,0.002,331.854,44.899,-10.514,967.776,1.2302959,-2.278,-39.174,316.649,316.649
434.56,3.717,3.695,70.645,-6.301,-3.486,-1.225,-0.408,0.153,331.945,44.462,-10.499,967.762,1.22959876,14.573,33.058,302.663,302.663
434.66,1.092,1.09,66.772,3.346,-1.002,-0.43,0.064,0.122,331.926,44.45,-10.531,967.786,1.22977316,-36.618,4.98,298.008,298.008
434.76,1.327,1.234,292.392,21.604,1.141,-0.47,0.489,-0.178,331.744,45.483,-10.516,967.786,1.23112154,-2.882,-47.479,320.978,320.978
434.86,1.381,1.38,308.394,-1.695,1.082,-0.857,-0.041,-0.812,331.359,47.714,-10.497,967.789,1.23398936,-13.972,3.0,303.497,303.497
434.961,0.438,0.437,68.969,-2.251,-0.408,-0.157,-0.017,-0.063,331.814,45.166,-10.499,967.777,1.23059154,7.754,34.763,304.481,304.481
435.061,-99.53,-99.51,0.0,0.0,-99.4,-99.41,-99.42,-99.44,-99.43,33.052,-99.44,967.803,13.70502949,-13.755,-34.888,307.398,307.398
435.161,2.342,2.321,81.293,-7.642,-2.294,-0.351,-0.311,0.156,331.947,44.483,-10.49,967.803,1.22963774,5.96,-17.242,309.327,309.327
435.261,1.391,1.371,256.116,9.87,1.331,0.329,0.238,0.124,331.928,44.48,-10.52,967.791,1.22976696,-3.614,44.696,311.604,311.604
435.361,1.686,1.682,281.025,4.259,1.651,-0.322,0.125,-0.7,331.427,47.287,-10.506,967.782,1.23347235,-10.042,9.633,304.569,304.569
435.461,0.541,0.437,8.248,-36.145,-0.063,-0.432,-0.319,-0.798,331.367,47.609,-10.511,967.797,1.23393738,-2.82,-24.399,308.942,308.942
435.561,-99.53,-99.51,0.0,0.0,-99.4,-99.41,-99.42,-99.44,-99.43,33.025,-99.44,967.802,13.70502281,-0.284,-3.397,304.341,304.341
435.661,1.625,1.614,82.042,-6.907,-1.598,-0.223,-0.195,-0.047,331.824,45.026,-10.523,967.801,1.23055005,-0.375,36.83,307.716,307.716
435.761,1.307,1.273,228.277,-12.969,0.95,0.848,-0.293,0.076,331.899,44.677,-10.508,967.789,1.22997952,-10.559,8.898,305.347,305.347
435.861,1.967,1.967,270.028,0.0,1.967,-0.001,0.0,-0.497,331.55,46.592,-10.506,967.797,1.23257494,-5.269,-23.431,308.929,308.929
435.961,0.422,0.392,325.818,-21.816,0.22,-0.324,-0.157,-0.617,331.477,46.994,-10.508,967.783,1.23310006,-1.122,-10.066,307.833,307.833
436.061,0.832,0.828,110.132,-5.428,-0.778,0.285,-0.079,0.271,332.017,44.038,-10.511,967.786,1.22909927,0.819,26.06,307.171,307.171
436.161,2.225,2.158,90.785,-14.064,-2.158,0.03,-0.541,0.6,332.217,43.011,-10.508,967.78,1.22761488,-6.97,-1.688,304.829,304.829
436.262,0.597,0.531,184.179,-27.29,0.039,0.529,-0.274,0.459,332.131,43.435,-10.514,967.779,1.22824764,-4.912,-30.225,311.122,311.122
436.362,2.106,2.099,248.41,4.586,1.952,0.772,0.168,0.135,331.934,44.397,-10.533,967.779,1.22970212,-3.59,4.198,304.035,304.035
436.462,1.386,1.352,279.847,-12.809,1.332,-0.231,-0.307,-0.671,331.444,47.205,-10.502,967.792,1.2333566,2.351,6.334,305.469,305.469
436.562,1.415,1.401,107.342,-8.07,-1.338,0.418,-0.199,0.191,331.969,44.318,-10.504,967.8,1.22947311,-5.314,-28.47,308.542,308.542
436.662,3.213,3.21,101.248,-2.312,-3.149,0.626,-0.13,0.732,332.296,42.501,-10.538,967.795,1.22704542,-1.893,-19.974,309.719,309.719
436.762,0.944,0.645,81.621,-46.859,-0.638,-0.094,-0.689,0.345,332.062,43.787,-10.516,967.793,1.22877741,-0.936,6.244,305.071,305.071
436.862,1.606,1.603,241.847,-3.747,1.413,0.756,-0.105,0.176,331.959,44.281,-10.528,967.801,1.229545,-8.275,-16.847,306.154,306.154
436.962,1.005,0.833,284.959,34.046,0.805,-0.215,0.563,-0.666,331.448,47.271,-10.48,967.807,1.23334908,-5.594,-17.55,306.705,306.705
437.062,0.452,0.228,243.946,-59.715,0.205,0.1,-0.391,-0.693,331.431,47.212,-10.52,967.791,1.23345506,-5.671,4.3,303.995,303.995
437.162,-99.53,-99.51,0.0,0.0,-99.4,-99.41,-99.42,-99.44,-99.43,32.997,-99.44,967.773,13.70460415,-5.158,-10.71,304.644,304.644
437.262,3.064,3.064,96.049,-0.602,-3.047,0.323,-0.032,-0.005,331.849,44.834,-10.538,967.787,1.23034501,-7.809,-18.118,306.374,306.374
437.362,0.651,0.632,120.631,13.64,-0.544,0.322,0.153,-0.133,331.771,45.29,-10.528,967.782,1.23091567,-2.656,9.838,304.712,304.712
437.462,1.655,1.505,241.155,24.655,1.318,0.726,0.691,-0.606,331.484,46.894,-10.525,967.787,1.23305845,0.206,4.63,305.812,305.812
437.563,1.288,1.287,164.649,1.836,-0.341,1.241,0.041,-0.819,331.354,47.665,-10.516,967.801,1.23403895,-12.111,-16.079,303.29,303.29
437.663,2.644,2.637,117.588,-4.296,-2.337,1.221,-0.198,-0.152,331.76,45.324,-10.536,967.782,1.23099935,-2.111,4.992,305.339,305.339
437.763,2.217,2.217,81.309,-0.799,-2.191,-0.335,-0.031,0.073,331.896,44.668,-10.514,967.783,1.2299875,2.875,14.611,304.086,304.086
437.863,0.505,0.284,60.547,-55.722,-0.248,-0.14,-0.417,0.055,331.886,44.717,-10.516,967.792,1.23007739,-7.039,-8.939,304.558,304.558
437.963,2.033,2.029,233.395,3.625,1.629,1.21,0.129,-0.1,331.791,45.166,-10.533,967.792,1.23078072,4.508,-12.758,308.03,308.03
438.063,1.033,1.033,247.53,0.0,0.955,0.395,0.0,-0.829,331.348,47.58,-10.547,967.791,1.23407269,2.984,10.723,305.555,305.555
438.163,1.342,1.34,115.359,-2.926,-1.211,0.574,-0.069,0.084,331.903,44.599,-10.523,967.81,1.22997189,13.294,6.445,305.835,305.835
438.263,-99.53,-99.51,0.0,0.0,-99.4,-99.41,-99.42,-99.44,-99.43,33.011,-99.44,967.8,13.70498466,-7.885,-17.608,306.506,306.506
438.363,1.054,1.016,99.267,-15.518,-1.002,0.164,-0.282,0.251,332.005,44.007,-10.538,967.806,1.22921634,-5.344,-15.533,304.844,304.844
438.463,1.752,1.749,236.358,-3.259,1.456,0.969,-0.1,0.087,331.905,44.6,-10.52,967.794,1.22993934,1.892,2.334,306.319,306.319
438.563,1.856,1.8,254.607,14.113,1.735,0.478,0.453,-0.579,331.5,46.829,-10.518,967.797,1.23294902,-1.798,-3.367,304.775,304.775
438.663,0.443,0.443,256.809,0.0,0.431,0.101,0.0,-0.801,331.365,47.648,-10.504,967.79,1.23394382,-0.399,-27.975,312.004,312.004
438.763,-99.53,-99.51,0.0,0.0,-99.4,-99.41,-99.42,-99.44,-99.43,33.011,-99.44,967.79,13.70484734,4.878,-17.003,310.704,310.704
438.864,1.796,1.775,96.616,-8.728,-1.763,0.205,-0.273,-0.014,331.843,44.848,-10.543,967.792,1.23039186,1.116,11.6,303.906,303.906
438.964,1.013,0.977,215.792,-15.435,0.571,0.792,-0.27,-0.061,331.815,45.052,-10.528,967.79,1.23059916,0.717,-17.083,308.838,308.838
439.064,1.577,1.571,243.124,5.034,1.401,0.71,0.138,-0.45,331.579,46.312,-10.538,967.788,1.2323525,-12.658,-34.008,306.107,306.107
439.164,0.724,0.723,181.649,2.48,0.021,0.723,0.031,-0.95,331.274,48.059,-10.533,967.792,1.23462296,0.362,-5.852,305.876,305.876
439.264,2.717,2.576,125.006,-18.565,-2.11,1.478,-0.865,-0.194,331.734,45.454,-10.538,967.78,1.23118567,-0.273,14.144,305.634,305.634
439.364,2.993,2.94,93.54,-10.787,-2.935,0.182,-0.56,-0.001,331.851,44.858,-10.528,967.797,1.23034143,-6.996,-19.09,305.756,305.756
439.464,1.218,1.218,110.442,-0.469,-1.142,0.425,-0.01,-0.105,331.789,45.284,-10.504,967.794,1.23080051,0.411,-22.283,311.368,311.368
439.564,1.331,1.324,235.348,5.736,1.089,0.753,0.133,-0.242,331.705,45.633,-10.533,967.802,1.23143089,0.091,6.039,304.983,304.983
439.664,1.083,1.052,245.44,13.729,0.957,0.437,0.257,-0.758,331.391,47.405,-10.528,967.792,1.23374999,0.804,8.086,304.627,304.627
439.764,2.125,2.108,117.123,-7.185,-1.877,0.961,-0.266,-0.046,331.824,44.987,-10.533,967.796,1.23054087,-5.871,-13.724,305.359,305.359
439.864,-99.53,-99.51,0.0,0.0,-99.4,-99.41,-99.42,-99.44,-99.43,32.97,-99.44,967.806,13.70507526,-2.549,-5.421,305.19,305.19
439.964,1.752,1.744,101.322,-5.606,-1.71,0.342,-0.171,0.143,331.939,44.285,-10.558,967.803,1.22970033,-3.404,12.268,305.887,305.887
440.064,1.689,1.688,221.004,-2.618,1.107,1.274,-0.077,0.056,331.886,44.663,-10.531,967.797,1.23008132,-3.64,3.857,304.175,304.175
440.165,1.744,1.718,244.224,9.956,1.547,0.747,0.302,-0.61,331.481,46.843,-10.543,967.801,1.23309696,-8.141,-10.227,304.55,304.55
440.265,0.679,0.571,177.627,-32.7,-0.024,0.571,-0.367,-0.803,331.364,47.553,-10.531,967.792,1.23395538,3.441,-3.558,306.754,306.754
440.365,-99.53,-99.51,0.0,0.0,-99.4,-99.41,-99.42,-99.44,-99.43,33.0,-99.44,967.793,13.7048912,-1.775,10.406,304.779,304.779
440.465,1.767,1.695,117.527,-16.493,-1.503,0.783,-0.502,-0.024,331.837,44.882,-10.543,967.799,1.23044717,1.521,-0.795,306.384,306.384
440.565,1.349,1.304,195.423,-14.943,0.347,1.257,-0.348,-0.219,331.719,45.487,-10.552,967.791,1.23131621,-8.564,-13.209,304.628,304.628
440.665,1.899,1.852,217.356,12.781,1.124,1.472,0.42,-0.678,331.44,47.056,-10.548,967.785,1.23338258,0.244,1.148,306.631,306.631
440.765,0.732,0.717,187.188,-11.388,0.09,0.712,-0.145,-1.021,331.231,48.275,-10.543,967.781,1.23493302,0.103,0.802,305.44,305.44
440.865,2.935,2.895,132.028,-9.513,-2.15,1.938,-0.485,-0.301,331.669,45.81,-10.538,967.796,1.23169041,-7.982,-15.554,304.541,304.541
440.965,3.311,3.305,110.847,-3.616,-3.088,1.176,-0.209,0.225,331.988,44.11,-10.533,967.802,1.22933018,-0.107,-12.782,307.7,307.7
441.065,1.442,1.437,137.558,-4.579,-0.97,1.061,-0.115,-0.117,331.781,45.282,-10.516,967.785,1.23084557,-3.691,-0.673,305.284,305.284
441.165,2.227,2.227,208.366,0.279,1.058,1.959,0.011,-0.335,331.648,45.946,-10.533,967.797,1.23184764,-6.595,-9.826,305.342,305.342
441.265,1.079,1.074,193.298,-5.727,0.247,1.045,-0.108,-0.868,331.324,47.79,-10.528,967.793,1.23425257,-5.064,-15.192,305.991,305.991
441.365,3.24,3.23,137.853,-4.341,-2.168,2.395,-0.245,-0.275,331.685,45.693,-10.547,967.799,1.23158038,-1.573,-9.098,305.9,305.9
441.466,3.911,3.91,117.049,-1.396,-3.482,1.778,-0.095,0.365,332.074,43.663,-10.533,967.794,1.22868907,-10.298,-5.433,302.825,302.825
441.566,2.164,2.152,123.949,6.068,-1.785,1.202,0.229,0.04,331.876,44.618,-10.558,967.787,1.23014426,-0.859,-12.222,307.372,307.372
441.666,1.585,1.549,185.83,-12.116,0.157,1.541,-0.333,-0.12,331.78,45.256,-10.525,967.779,1.23085022,-7.067,-7.749,305.683,305.683
441.766,1.861,1.854,197.352,4.647,0.553,1.77,0.151,-0.557,331.513,46.677,-10.538,967.794,1.23284686,0.853,1.006,305.841,305.841
441.866,1.606,1.598,152.819,-5.975,-0.73,1.421,-0.167,-0.735,331.405,47.209,-10.56,967.786,1.23364365,-5.586,-2.632,304.982,304.982
441.966,-99.53,-99.51,0.0,0.0,-99.4,-99.41,-99.42,-99.44,-99.43,32.986,-99.44,967.789,13.70483017,28.853,-10.108,310.128,310.128
442.066,2.27,2.27,92.818,0.0,-2.267,0.112,0.0,-0.136,331.769,45.211,-10.552,967.782,1.23092878,33.473,-6.495,309.065,309.065
442.166,0.699,0.696,175.061,-5.665,-0.06,0.693,-0.069,0.026,331.868,44.663,-10.558,967.785,1.23020411,-11.349,7.392,302.712,302.712
442.266,1.523,1.503,242.199,9.424,1.329,0.701,0.249,-0.509,331.543,46.479,-10.547,967.794,1.23262835,-0.528,2.007,304.043,304.043
442.366,0.324,0.297,280.952,23.58,0.292,-0.056,0.13,-0.934,331.284,47.888,-10.563,967.799,1.23456073,23.642,-8.752,308.769,308.769
442.466,1.889,1.866,99.608,-8.911,-1.84,0.311,-0.293,-0.104,331.789,45.108,-10.552,967.793,1.23080075,21.474,-2.019,307.604,307.604
442.566,-99.53,-99.51,0.0,0.0,-99.4,-99.41,-99.42,-99.44,-99.43,32.97,-99.44,967.806,13.70508099,-35.871,8.249,296.817,296.817
442.666,1.425,1.36,101.311,-17.304,-1.334,0.267,-0.424,-0.141,331.766,45.247,-10.547,967.792,1.23096406,3.859,-13.446,308.02,308.02
442.767,0.826,0.82,253.227,-6.941,0.785,0.237,-0.1,-0.228,331.713,45.431,-10.577,967.808,1.23138404,32.69,-13.274,312.04,312.04
442.867,2.15,2.137,303.157,6.515,1.789,-1.169,0.244,-0.875,331.32,47.805,-10.531,967.809,1.23430324,35.352,8.931,302.442,302.442
442.967,1.612,1.61,344.016,-2.754,0.443,-1.548,-0.077,-0.457,331.574,46.266,-10.558,967.794,1.23239756,11.778,-4.185,308.385,308.385
443.067,2.633,2.632,50.02,-1.714,-2.017,-1.691,-0.079,0.213,331.981,44.116,-10.542,967.811,1.22939754,15.756,-23.878,315.103,315.103
443.167,3.23,3.017,51.583,-20.929,-2.364,-1.875,-1.154,-0.014,331.843,44.85,-10.542,967.793,1.23039532,27.371,-15.938,313.616,313.616
443.267,2.337,2.333,0.539,3.261,-0.022,-2.333,0.133,0.147,331.941,44.328,-10.542,967.787,1.22966349,9.298,5.25,305.362,305.362
443.367,2.834,2.833,321.475,1.776,1.765,-2.216,0.088,-0.434,331.588,46.258,-10.538,967.78,1.23227131,-34.922,-7.263,292.105,292.105
443.467,2.084,2.084,346.476,1.396,0.487,-2.026,0.051,-0.643,331.461,46.957,-10.542,967.792,1.23323429,-4.103,-26.701,309.842,309.842
443.567,3.156,3.156,49.529,0.371,-2.401,-2.048,0.02,0.253,332.005,43.934,-10.558,967.802,1.22920656,-1.331,-10.369,306.981,306.981
443.667,3.375,3.339,67.349,-8.356,-3.082,-1.286,-0.491,0.123,331.926,44.28,-10.577,967.795,1.22978079,-33.607,6.767,296.912,296.912
443.767,1.733,1.729,51.937,-3.834,-1.362,-1.066,-0.116,-0.174,331.746,45.32,-10.558,967.781,1.23110139,1.989,-13.93,308.464,308.464
443.867,1.502,1.5,331.41,3.198,0.718,-1.317,0.084,-0.475,331.563,46.29,-10.567,967.782,1.23246014,11.604,-24.732,315.756,315.756
443.967,1.396,1.337,340.272,-16.679,0.451,-1.259,-0.401,-0.719,331.414,47.108,-10.572,967.771,1.23355472,-16.86,-3.733,300.918,300.918
444.068,1.944,1.941,60.074,-2.987,-1.682,-0.968,-0.101,-0.019,331.84,44.866,-10.542,967.785,1.23040688,23.927,4.413,306.032,306.032
444.168,3.859,3.818,67.988,-8.329,-3.54,-1.431,-0.559,0.22,331.985,44.031,-10.56,967.782,1.2293272,31.277,-11.172,311.084,311.084
444.268,3.035,3.005,53.704,-8.011,-2.422,-1.779,-0.423,0.023,331.866,44.71,-10.547,967.77,1.23019648,13.54,-10.057,308.709,308.709
444.368,2.352,2.343,7.074,5.021,-0.289,-2.325,0.206,-0.137,331.768,45.122,-10.579,967.788,1.23094714,5.457,-2.01,305.74,305.74
444.468,2.842,2.841,341.075,0.953,0.921,-2.688,0.047,-0.567,331.507,46.618,-10.563,967.783,1.2328788,-24.361,-2.331,298.346,298.346
444.568,1.726,1.707,29.187,8.539,-0.832,-1.49,0.256,-0.132,331.771,45.12,-10.575,967.783,1.23091686,-26.031,-6.694,298.005,298.005
444.668,3.582,3.562,59.473,-5.918,-3.069,-1.81,-0.369,0.445,332.122,43.284,-10.57,967.778,1.22831285,13.104,-4.933,308.219,308.219
444.768,2.974,2.952,58.267,-6.942,-2.511,-1.553,-0.359,0.273,332.018,44.001,-10.52,967.763,1.2290622,-16.261,-1.397,301.65,301.65
444.868,1.764,1.762,12.271,2.127,-0.375,-1.722,0.065,0.177,331.958,44.008,-10.606,967.778,1.22952294,4.71,-7.226,308.021,308.021
444.968,2.509,2.506,317.657,2.928,1.688,-1.852,0.128,-0.312,331.662,45.759,-10.563,967.772,1.23171496,-19.699,-6.611,299.435,299.435
445.068,2.112,2.042,313.821,-14.732,1.473,-1.414,-0.537,-0.529,331.53,46.475,-10.567,967.771,1.23269248,-42.685,-2.311,289.153,289.153
445.168,-99.53,-99.51,0.0,0.0,-99.4,-99.41,-99.42,-99.44,-99.43,32.961,-99.44,967.775,13.70464325,20.398,-7.865,309.885,309.885
445.268,2.71,2.637,74.433,-13.331,-2.54,-0.708,-0.625,0.029,331.869,44.622,-10.567,967.776,1.23018193,40.721,-7.245,308.309,308.309
445.369,1.3,1.3,38.938,-0.691,-0.817,-1.011,-0.016,-0.123,331.777,45.118,-10.567,967.769,1.23085809,10.691,-1.008,306.883,306.883
445.469,2.41,2.41,319.972,-0.676,1.55,-1.846,-0.028,-0.157,331.756,45.188,-10.579,967.78,1.23102689,-22.171,-8.645,298.761,298.761
445.569,2.451,2.451,323.378,0.404,1.462,-1.967,0.017,-0.74,331.402,47.167,-10.575,967.787,1.23366797,19.555,-14.661,311.968,311.968
445.669,1.013,1.013,2.726,1.444,-0.048,-1.012,0.026,-0.24,331.706,45.494,-10.57,967.772,1.23138738,4.329,-1.471,306.162,306.162
445.769,3.035,2.891,91.091,-17.69,-2.891,0.055,-0.922,0.435,332.115,43.244,-10.591,967.773,1.22835636,-17.995,-2.563,300.5,300.5
445.869,2.764,2.58,78.765,-21.029,-2.531,-0.503,-0.992,-0.105,331.788,45.112,-10.552,967.799,1.23081303,21.579,-15.171,313.945,313.945
445.969,1.56,1.556,19.854,3.818,-0.529,-1.464,0.104,-0.139,331.767,45.224,-10.552,967.796,1.23096287,27.196,-5.232,309.124,309.124
446.069,3.013,3.013,344.716,0.697,0.794,-2.906,0.037,-0.592,331.492,46.724,-10.558,967.788,1.23299813,-28.371,4.891,298.3,298.3
446.169,2.13,2.13,24.905,-0.469,-0.897,-1.932,-0.017,-0.392,331.613,46.046,-10.558,967.778,1.23208177,-4.509,-14.032,306.075,306.075
446.269,4.745,4.738,56.315,-2.959,-3.943,-2.628,-0.245,0.269,332.015,43.808,-10.579,967.758,1.22907853,27.016,-10.061,310.784,310.784
446.369,4.427,4.426,55.147,-1.457,-3.632,-2.529,-0.113,0.127,331.929,44.354,-10.552,967.753,1.229707,-16.327,10.895,303.692,303.692
446.469,3.107,3.105,27.541,1.736,-1.436,-2.753,0.094,-0.014,331.843,44.83,-10.548,967.738,1.23032379,4.918,-2.881,306.484,306.484
446.569,2.822,2.822,2.785,0.0,-0.137,-2.818,0.0,-0.194,331.734,45.44,-10.542,967.739,1.23113501,22.477,-13.819,312.539,312.539
446.67,3.265,3.259,16.077,3.273,-0.903,-3.132,0.186,-0.573,331.504,46.732,-10.538,967.735,1.232844,-11.111,1.707,303.697,303.697
446.77,4.224,4.19,43.534,7.353,-2.886,-3.037,0.541,-0.096,331.793,45.028,-10.567,967.738,1.23069644,5.318,2.203,306.626,306.626
446.87,3.762,3.759,46.561,2.248,-2.729,-2.584,0.148,-0.244,331.703,45.551,-10.558,967.729,1.2313509,16.029,-9.961,310.214,310.214
446.97,3.639,3.635,44.009,2.58,-2.526,-2.614,0.164,-0.375,331.624,46.046,-10.542,967.717,1.23192739,-24.794,-2.453,299.17,299.17
447.07,3.501,3.49,19.503,4.409,-1.165,-3.29,0.269,-0.642,331.461,46.806,-10.582,967.727,1.23315144,3.766,-6.592,306.965,306.965
447.17,3.375,3.375,14.506,0.0,-0.845,-3.267,0.0,-0.626,331.472,46.876,-10.548,967.72,1.23306203,19.29,-6.962,308.861,308.861
447.27,4.701,4.694,36.487,2.98,-2.791,-3.774,0.244,-0.281,331.681,45.598,-10.579,967.712,1.2314992,-8.432,-0.589,303.268,303.268
447.37,5.738,5.719,57.822,-4.702,-4.841,-3.046,-0.47,0.018,331.863,44.683,-10.56,967.699,1.23013186,-22.907,-10.95,297.969,297.969
447.47,5.002,4.919,60.667,-10.46,-4.289,-2.41,-0.908,-0.283,331.679,45.62,-10.575,967.705,1.23149979,-13.06,-11.224,302.654,302.654
447.57,3.095,3.094,31.83,1.669,-1.632,-2.628,0.09,-0.156,331.757,45.26,-10.558,967.705,1.23092425,-21.547,0.109,300.36,300.36
447.67,2.597,2.597,15.356,0.0,-0.688,-2.504,0.0,-0.373,331.625,45.866,-10.589,967.703,1.23190355,-1.699,0.357,305.516,305.516
447.77,3.856,3.854,36.381,1.692,-2.286,-3.103,0.114,-0.31,331.663,45.809,-10.548,967.695,1.23160648,33.236,-8.072,310.26,310.26
447.87,5.731,5.724,52.026,2.797,-4.512,-3.522,0.28,0.064,331.89,44.448,-10.584,967.692,1.22991896,9.563,-3.07,306.817,306.817
447.971,5.201,5.148,62.213,-8.187,-4.554,-2.4,-0.741,-0.189,331.737,45.307,-10.575,967.678,1.23103964,-28.057,2.648,297.895,297.895
448.071,3.371,3.361,44.19,-4.379,-2.343,-2.41,-0.257,-0.494,331.551,46.319,-10.577,967.673,1.23240995,9.876,-4.933,307.834,307.834
448.171,2.828,2.828,20.766,0.0,-1.003,-2.644,0.0,-0.394,331.612,46.029,-10.564,967.682,1.23196948,34.224,-0.709,307.984,307.984
448.271,4.448,4.439,21.915,3.77,-1.657,-4.118,0.292,-0.608,331.482,46.713,-10.575,967.692,1.23294771,22.032,6.38,305.795,305.795
448.371,4.736,4.704,38.905,6.697,-2.954,-3.66,0.552,-0.1,331.791,45.051,-10.564,967.671,1.2306267,-11.332,11.744,304.376,304.376
448.471,3.921,3.921,48.572,0.883,-2.94,-2.594,0.06,-0.126,331.775,45.179,-10.552,967.678,1.23075223,-6.65,-3.473,304.762,304.762
448.571,3.612,3.585,47.066,-7.076,-2.625,-2.442,-0.445,-0.441,331.584,46.187,-10.564,967.698,1.23220098,-20.556,3.202,301.195,301.195
448.671,2.848,2.848,11.884,0.0,-0.587,-2.787,0.0,-0.552,331.516,46.568,-10.563,967.684,1.23268557,-6.523,14.458,306.215,306.215
448.771,3.056,3.053,0.49,2.744,-0.026,-3.053,0.146,-0.903,331.303,47.818,-10.552,967.671,1.23425472,-8.777,1.76,304.504,304.504
448.871,4.317,4.315,31.646,1.698,-2.264,-3.673,0.128,-0.42,331.597,46.196,-10.543,967.688,1.23209274,6.519,2.442,306.349,306.349
448.971,5.292,5.264,46.85,-5.945,-3.84,-3.6,-0.548,-0.043,331.825,44.848,-10.57,967.667,1.23036826,27.454,8.14,305.074,305.074
449.071,4.665,4.617,45.184,-8.225,-3.275,-3.254,-0.667,-0.293,331.674,45.707,-10.56,967.672,1.2314992,-4.349,9.119,305.308,305.308
449.172,3.36,3.353,18.989,3.834,-1.091,-3.17,0.225,-0.183,331.741,45.342,-10.56,967.663,1.23099184,-27.742,0.099,297.83,297.83
449.272,3.097,3.097,3.695,0.0,-0.2,-3.091,0.0,-0.521,331.535,46.501,-10.552,967.667,1.23252249,2.119,-9.528,307.906,307.906
449.372,4.198,4.197,24.824,1.416,-1.762,-3.809,0.104,-0.499,331.549,46.479,-10.538,967.656,1.23240829,25.924,2.32,306.691,306.691
449.472,5.531,5.531,46.41,-0.12,-4.006,-3.814,-0.012,0.208,331.978,44.095,-10.552,967.639,1.22919953,5.948,22.132,304.099,304.099
449.572,5.016,4.996,48.389,-5.1,-3.735,-3.318,-0.446,-0.112,331.784,45.092,-10.564,967.62,1.23061776,-4.596,-1.414,304.927,304.927
449.672,4.118,4.117,40.657,-1.275,-2.682,-3.123,-0.092,-0.321,331.656,45.766,-10.57,967.65,1.23160028,6.899,-19.428,313.017,313.017
449.772,3.176,3.176,17.839,0.0,-0.973,-3.023,0.0,-0.502,331.547,46.507,-10.533,967.62,1.23237324,-13.592,4.459,304.182,304.182
449.872,3.406,3.397,23.588,4.252,-1.359,-3.113,0.252,-0.714,331.418,47.216,-10.538,967.632,1.23334944,-23.759,12.293,302.024,302.024
449.972,4.113,4.103,38.909,4.159,-2.577,-3.192,0.298,-0.375,331.624,46.045,-10.543,967.615,1.23179722,-0.386,-14.801,307.655,307.655
450.072,6.06,6.059,59.644,-1.241,-5.228,-3.062,-0.131,-0.055,331.818,44.998,-10.538,967.627,1.23036814,21.632,-18.37,314.143,314.143
450.172,4.969,4.925,55.109,-7.564,-4.04,-2.817,-0.654,-0.492,331.553,46.44,-10.543,967.634,1.23234892,20.436,13.395,303.793,303.793
450.272,4.218,4.214,32.504,2.335,-2.265,-3.554,0.172,-0.662,331.45,46.946,-10.562,967.624,1.23310363,-9.108,2.966,304.473,304.473
450.373,3.011,2.998,41.826,5.45,-1.999,-2.234,0.286,-0.774,331.381,47.357,-10.556,967.638,1.23362935,-17.097,-23.454,301.567,301.567
450.473,5.349,5.326,58.006,5.326,-4.517,-2.822,0.497,-0.198,331.731,45.47,-10.538,967.637,1.23102677,12.295,-15.601,310.916,310.916
450.573,6.515,6.514,59.561,1.259,-5.616,-3.3,0.143,-0.188,331.738,45.427,-10.54,967.621,1.23095679,12.962,15.619,303.691,303.691
450.673,6.108,6.104,58.716,2.206,-5.216,-3.169,0.235,-0.476,331.563,46.4,-10.538,967.603,1.23223507,8.781,-5.953,307.866,307.866
450.773,4.28,4.189,51.539,11.812,-3.28,-2.605,0.876,-0.363,331.631,46.012,-10.54,967.6,1.23172116,1.026,-30.724,312.862,312.862
450.873,3.653,3.512,41.889,15.984,-2.345,-2.614,1.006,-0.321,331.657,45.88,-10.538,967.609,1.23154569,14.903,-10.417,309.591,309.591
450.973,4.299,4.237,45.691,9.77,-3.032,-2.959,0.729,-0.413,331.601,46.187,-10.538,967.598,1.2319442,-6.18,17.851,304.321,304.321
451.073,5.687,5.62,65.708,8.802,-5.122,-2.312,0.87,0.362,332.071,43.596,-10.556,967.598,1.2284584,-43.194,-2.73,288.424,288.424
451.174,5.568,5.568,72.11,0.0,-5.298,-1.71,0.0,0.027,331.868,44.698,-10.547,967.601,1.22996497,5.466,-31.17,315.356,315.356
451.274,4.154,4.01,65.048,15.14,-3.635,-1.691,1.085,-0.147,331.763,45.353,-10.523,967.612,1.23075843,14.414,4.407,304.503,304.503
451.374,1.475,1.46,28.368,8.217,-0.694,-1.285,0.211,-0.232,331.711,45.636,-10.523,967.618,1.23114991,-15.166,16.26,304.733,304.733
451.474,1.382,1.1,34.403,37.245,-0.621,-0.907,0.836,-0.237,331.709,45.703,-10.509,967.624,1.231179,21.177,-24.846,316.052,316.052
451.574,3.349,3.209,43.434,16.587,-2.206,-2.33,0.956,-0.026,331.837,44.956,-10.523,967.63,1.23023641,11.419,-18.636,310.873,310.873
451.674,5.446,5.446,59.299,-0.537,-4.683,-2.78,-0.051,0.496,332.153,43.165,-10.557,967.604,1.22786009,-32.959,7.135,297.77,297.77
451.774,3.59,3.562,61.494,-7.216,-3.13,-1.7,-0.451,-0.121,331.779,45.289,-10.518,967.621,1.23065639,8.601,-21.372,312.406,312.406
451.874,2.251,2.248,17.58,3.175,-0.679,-2.143,0.125,-0.331,331.651,45.888,-10.545,967.622,1.23160577,-3.847,-19.489,306.86,306.86
451.974,2.266,2.266,1.27,0.0,-0.05,-2.265,0.0,-0.658,331.452,47.04,-10.533,967.611,1.2330668,25.305,-12.402,310.925,310.925
452.074,3.381,3.379,26.922,2.167,-1.53,-3.013,0.128,-0.487,331.556,46.594,-10.497,967.619,1.23230326,25.371,-4.459,307.545,307.545
452.175,4.715,4.703,40.904,4.049,-3.08,-3.555,0.333,-0.069,331.81,45.037,-10.54,967.602,1.23039985,34.229,-16.881,312.815,312.815
452.275,4.159,4.156,43.438,-2.173,-2.858,-3.018,-0.158,-0.235,331.709,45.647,-10.523,967.597,1.2311393,-11.438,-16.704,301.347,301.347
452.375,3.017,3.016,14.725,1.005,-0.767,-2.917,0.053,0.106,331.916,44.466,-10.54,967.584,1.22958755,-3.776,-12.48,305.234,305.234
452.475,3.106,3.106,357.519,0.0,0.134,-3.103,0.0,-0.221,331.718,45.553,-10.536,967.592,1.23107147,27.077,-10.542,310.235,310.235
452.575,2.66,2.66,6.154,0.0,-0.285,-2.645,0.0,-0.483,331.559,46.479,-10.523,967.589,1.23224735,-19.413,-12.865,298.498,298.498
452.675,2.717,2.689,46.038,8.241,-1.935,-1.866,0.389,0.141,331.937,44.345,-10.543,967.575,1.22942054,2.104,-12.573,308.091,308.091
452.775,3.444,3.308,60.604,-16.135,-2.882,-1.624,-0.957,0.146,331.941,44.309,-10.548,967.593,1.22941864,1.253,-10.179,307.127,307.127
452.875,3.067,3.064,42.918,2.369,-2.087,-2.244,0.127,-0.083,331.802,45.054,-10.548,967.582,1.23043585,8.464,-14.923,311.118,311.118
452.975,2.788,2.788,8.714,0.0,-0.422,-2.756,0.0,-0.254,331.698,45.692,-10.529,967.571,1.23119414,7.93,-2.009,307.258,307.258
453.075,3.918,3.895,7.49,6.186,-0.508,-3.862,0.422,-0.573,331.503,46.696,-10.548,967.582,1.23264956,-0.661,-5.364,305.951,305.951
453.175,4.363,4.363,32.975,0.136,-2.374,-3.66,0.01,-0.595,331.49,46.717,-10.562,967.551,1.23270833,2.832,-8.175,307.728,307.728
453.275,4.907,4.906,44.165,-1.34,-3.418,-3.519,-0.115,-0.174,331.746,45.397,-10.536,967.551,1.23080623,6.475,9.895,303.758,303.758
453.376,3.983,3.98,36.703,-2.161,-2.379,-3.191,-0.15,-0.336,331.648,45.936,-10.536,967.551,1.23153615,7.026,5.875,306.49,306.49
453.476,3.409,3.409,25.789,0.025,-1.483,-3.069,0.001,-0.671,331.445,47.122,-10.523,967.545,1.23304081,-5.225,-4.584,305.427,305.427
453.576,3.36,3.36,6.094,0.535,-0.357,-3.341,0.031,-0.771,331.383,47.417,-10.538,967.519,1.23346436,-12.757,4.62,303.686,303.686
453.676,3.843,3.843,25.974,-0.076,-1.683,-3.455,-0.005,-0.602,331.486,46.831,-10.538,967.515,1.23269117,7.087,7.312,306.089,306.089
453.776,4.717,4.706,46.489,3.852,-3.413,-3.24,0.317,0.122,331.926,44.494,-10.518,967.519,1.22943175,-16.119,10.176,303.147,303.147
453.876,4.484,4.46,55.733,-5.954,-3.686,-2.511,-0.465,-0.163,331.753,45.311,-10.55,967.502,1.23069692,-8.273,1.701,304.149,304.149
453.976,3.004,3.004,41.703,-0.115,-1.998,-2.243,-0.006,-0.305,331.667,45.887,-10.521,967.505,1.231336,-2.162,-8.801,305.694,305.694
454.076,1.897,1.897,9.81,0.0,-0.323,-1.87,0.0,-0.537,331.526,46.692,-10.516,967.495,1.2323724,-10.157,6.988,302.939,302.939
454.176,1.392,1.392,27.594,1.568,-0.645,-1.234,0.038,-0.655,331.454,46.941,-10.557,967.491,1.23290467,-2.533,10.904,304.427,304.427
454.276,3.307,3.29,59.158,5.752,-2.825,-1.687,0.331,0.108,331.918,44.566,-10.511,967.502,1.22947156,1.547,-6.077,306.628,306.628
454.376,4.577,4.558,67.619,-5.148,-4.215,-1.736,-0.411,0.185,331.965,44.262,-10.526,967.482,1.22909987,-19.48,-4.127,299.468,299.468
454.477,3.474,3.471,63.452,2.301,-3.105,-1.551,0.139,-0.041,331.827,45.013,-10.521,967.503,1.23014295,-20.25,2.766,300.914,300.914
454.577,1.115,0.764,32.648,46.753,-0.412,-0.643,0.812,-0.131,331.773,45.28,-10.529,967.476,1.23051381,-17.654,2.609,301.527,301.527
454.677,0.497,0.065,282.031,82.444,0.064,-0.014,0.493,-0.674,331.443,47.186,-10.509,967.505,1.23300278,-16.286,-13.299,300.052,300.052
454.777,1.482,1.482,107.855,0.0,-1.411,0.455,0.0,-0.64,331.463,47.044,-10.516,967.51,1.23285651,-17.303,-6.066,300.187,300.187
454.877,-99.53,-99.51,0.0,0.0,-99.4,-99.41,-99.42,-99.44,-99.43,33.084,-99.44,967.503,13.70079231,-19.464,-5.374,299.768,299.768
454.977,3.448,3.409,88.119,-8.679,-3.407,-0.112,-0.52,-0.41,331.603,46.224,-10.526,967.516,1.23182631,-15.481,-12.349,298.715,298.715
455.077,0.458,0.458,98.505,0.0,-0.453,0.068,0.0,-0.333,331.649,45.825,-10.564,967.495,1.2314564,-9.401,-13.609,304.704,304.704
455.177,0.84,0.758,309.753,25.469,0.583,-0.485,0.361,-0.953,331.273,48.136,-10.516,967.5,1.23426139,2.649,-8.824,305.966,305.966
455.277,0.958,0.902,146.977,19.646,-0.492,0.756,0.322,-0.747,331.398,47.422,-10.514,967.521,1.23335624,4.03,-11.894,307.678,307.678
455.377,2.933,2.93,100.983,2.52,-2.876,0.558,0.129,0.106,331.916,44.466,-10.541,967.497,1.22947752,3.03,-15.202,307.305,307.305
455.477,3.208,3.208,87.598,0.0,-3.205,-0.134,0.0,-0.114,331.783,45.253,-10.521,967.489,1.23045444,6.084,-13.303,306.753,306.753
455.577,1.051,1.045,79.916,6.357,-1.029,-0.183,0.116,-0.14,331.767,45.297,-10.533,967.479,1.23056102,4.16,-12.684,306.819,306.819
455.677,1.344,1.127,288.475,33.035,1.069,-0.357,0.733,-0.425,331.594,46.336,-10.509,967.481,1.23184752,7.268,-11.377,307.069,307.069
455.777,1.496,1.453,293.44,13.881,1.333,-0.578,0.359,-0.914,331.296,47.925,-10.535,967.497,1.23408449,8.646,-13.402,308.607,308.607
455.878,1.727,1.727,94.488,-0.003,-1.722,0.135,-0.0,0.148,331.942,44.426,-10.514,967.481,1.22926581,6.161,-14.946,308.272,308.272
455.978,-99.53,-99.51,0.0,0.0,-99.4,-99.41,-99.42,-99.44,-99.43,33.124,-99.44,967.484,13.70051861,7.663,-15.222,308.52,308.52
456.078,2.02,2.02,77.079,0.711,-1.969,-0.452,0.025,0.058,331.887,44.648,-10.533,967.485,1.22967625,4.022,-13.82,307.976,307.976
456.178,0.89,0.887,279.996,5.062,0.873,-0.154,0.079,-0.052,331.821,45.086,-10.511,967.513,1.23020327,4.632,-15.501,308.153,308.153
456.278,2.201,2.139,296.142,13.601,1.92,-0.942,0.517,-0.737,331.404,47.297,-10.538,967.51,1.23329699,2.771,-18.496,308.71,308.71
456.378,1.426,1.307,308.939,-23.602,1.017,-0.821,-0.571,-0.924,331.29,47.923,-10.545,967.5,1.23413336,1.946,-10.079,305.944,305.944
456.478,-99.53,-99.51,0.0,0.0,-99.4,-99.41,-99.42,-99.44,-99.43,33.11,-99.44,967.516,13.70097065,-0.616,-10.839,305.257,305.257
456.578,1.792,1.792,95.715,-1.377,-1.783,0.178,-0.043,-0.183,331.741,45.391,-10.546,967.532,1.2308228,4.065,-10.246,306.546,306.546
456.678,0.957,0.934,196.45,-12.471,0.265,0.896,-0.207,-0.2,331.73,45.539,-10.521,967.517,1.23088014,3.923,-5.118,305.414,305.414
456.778,1.39,1.39,250.193,0.0,1.308,0.471,0.0,-0.817,331.356,47.608,-10.529,967.523,1.23367429,3.814,-0.824,304.772,304.772
456.878,0.971,0.717,148.425,-42.383,-0.375,0.611,-0.654,-0.983,331.254,48.167,-10.535,967.504,1.23440492,5.149,-5.665,305.219,305.219
456.978,3.227,3.157,108.997,-11.976,-2.985,1.028,-0.67,-0.052,331.821,45.021,-10.529,967.507,1.23019922,4.64,-3.695,305.57,305.57
457.079,3.196,3.126,93.595,-12.015,-3.12,0.196,-0.665,-0.239,331.707,45.679,-10.518,967.49,1.23102093,5.576,-2.964,305.699,305.699
457.179,0.93,0.91,111.72,-12.066,-0.845,0.337,-0.194,-0.171,331.748,45.512,-10.502,967.5,1.23072505,5.842,-0.967,305.435,305.435
457.279,1.41,1.338,232.673,18.44,1.064,0.811,0.446,-0.339,331.646,46.011,-10.518,967.484,1.231462,6.128,-1.452,306.098,306.098
457.379,0.22,0.219,229.779,-5.744,0.167,0.142,-0.022,-0.934,331.284,47.975,-10.541,967.51,1.23419166,7.469,-1.479,306.236,306.236
457.479,2.326,2.325,117.744,-2.076,-2.058,1.082,-0.084,-0.107,331.787,45.106,-10.555,967.481,1.23041642,6.353,3.501,304.732,304.732
457.579,-99.53,-99.51,0.0,0.0,-99.4,-99.41,-99.42,-99.44,-99.43,33.133,-99.44,967.481,13.70047283,5.639,2.636,304.922,304.922
457.679,1.878,1.878,91.624,-0.651,-1.877,0.053,-0.021,0.175,331.958,44.279,-10.531,967.504,1.22917497,3.938,2.418,304.897,304.897
457.779,0.467,0.418,234.967,26.52,0.342,0.24,0.209,0.111,331.92,44.528,-10.518,967.489,1.22944081,2.958,2.67,305.104,305.104
457.879,1.276,1.089,299.987,31.386,0.943,-0.544,0.664,-0.689,331.433,47.204,-10.518,967.499,1.23306453,2.52,5.797,304.367,304.367
457.979,0.821,0.763,88.192,-21.747,-0.762,-0.024,-0.304,-0.855,331.333,47.834,-10.504,967.512,1.23383152,2.721,6.085,304.534,304.534
458.079,-99.53,-99.51,0.0,0.0,-99.4,-99.41,-99.42,-99.44,-99.43,33.147,-99.44,967.503,13.70079231,2.785,3.254,305.484,305.484
458.179,3.283,3.227,89.073,-10.64,-3.227,-0.052,-0.606,-0.201,331.73,45.521,-10.527,967.49,1.2308501,3.175,1.542,305.644,305.644
458.279,0.797,0.76,116.489,-17.521,-0.68,0.339,-0.24,-0.303,331.668,45.809,-10.541,967.501,1.23132384,4.319,0.379,305.655,305.655
458.38,0.783,0.755,224.084,15.205,0.526,0.543,0.205,-0.741,331.401,47.285,-10.545,967.491,1.23329341,5.167,-3.983,306.987,306.987
458.48,1.458,1.268,115.8,-29.604,-1.141,0.552,-0.72,-0.949,331.275,48.007,-10.546,967.518,1.23426962,4.326,-6.523,307.338,307.338
458.58,3.909,3.879,107.247,-7.171,-3.704,1.15,-0.488,-0.072,331.809,45.203,-10.497,967.502,1.23027992,6.073,-4.812,306.559,306.559
458.68,5.756,5.687,88.352,-8.915,-5.684,-0.164,-0.892,-0.306,331.666,45.882,-10.524,967.494,1.2313273,5.227,-3.61,306.177,306.177
458.78,2.739,2.73,84.464,-4.59,-2.717,-0.263,-0.219,-0.352,331.639,46.082,-10.511,967.502,1.23154259,3.661,-2.109,305.473,305.473
458.88,0.522,0.284,45.149,57.047,-0.201,-0.2,0.438,-0.376,331.624,46.171,-10.509,967.508,1.23165774,5.652,-2.952,305.516,305.516
458.98,0.356,0.304,263.691,-31.204,0.302,0.033,-0.184,-0.859,331.33,47.842,-10.507,967.477,1.23380733,5.064,-1.052,305.815,305.815
459.08,2.142,2.132,103.556,-5.5,-2.072,0.5,-0.205,0.05,331.882,44.593,-10.555,967.509,1.22974432,3.985,-0.377,304.637,304.637
459.18,-99.53,-99.51,0.0,0.0,-99.4,-99.41,-99.42,-99.44,-99.43,33.134,-99.44,967.484,13.70051575,4.014,-0.699,305.725,305.725
459.28,2.529,2.529,94.33,-0.602,-2.521,0.191,-0.027,-0.037,331.83,45.07,-10.502,967.512,1.23013711,3.801,-2.3,305.532,305.532
459.38,0.385,0.334,117.637,29.719,-0.296,0.155,0.191,0.068,331.893,44.574,-10.545,967.494,1.22964609,4.21,-2.51,305.665,305.665
459.48,1.995,1.792,298.896,26.046,1.569,-0.866,0.876,-0.684,331.437,47.131,-10.533,967.5,1.23304296,4.199,-3.501,305.969,305.969
459.58,0.669,0.543,255.694,-35.764,0.526,0.134,-0.391,-0.806,331.362,47.591,-10.524,967.5,1.23359621,4.778,-6.426,306.36,306.36
459.681,-99.53,-99.51,0.0,0.0,-99.4,-99.41,-99.42,-99.44,-99.43,33.107,-99.44,967.513,13.70092583,4.61,-8.63,307.014,307.014
459.781,3.767,3.72,87.419,-9.066,-3.716,-0.168,-0.594,-0.138,331.768,45.298,-10.531,967.506,1.23058546,4.401,-9.116,306.291,306.291
459.881,1.314,1.3,83.107,-8.394,-1.291,-0.156,-0.192,-4.937,328.839,64.725,-10.531,967.493,1.25258851,5.067,-11.387,307.051,307.051
459.981,1.195,1.107,286.666,22.041,1.061,-0.318,0.448,-0.637,331.465,47.025,-10.518,967.502,1.23283339,4.864,-13.38,307.75,307.75
460.081,1.597,1.559,304.765,12.474,1.281,-0.889,0.345,-1.097,331.185,48.604,-10.527,967.491,1.23490274,4.282,-13.893,307.217,307.217
460.181,1.392,1.251,113.921,-26.008,-1.144,0.507,-0.611,-0.355,331.636,46.057,-10.521,967.5,1.23155773,3.814,-13.495,308.048,308.048
460.281,-99.53,-99.51,0.0,0.0,-99.4,-99.41,-99.42,-99.44,-99.43,33.11,-99.44,967.5,13.70073986,2.684,-14.95,307.571,307.571
460.381,2.627,2.605,84.959,-7.354,-2.595,-0.229,-0.336,-0.271,331.688,45.784,-10.518,967.497,1.23117316,2.781,-14.817,306.587,306.587
460.481,0.177,0.159,318.688,25.916,0.105,-0.119,0.077,-0.24,331.706,45.629,-10.533,967.5,1.23103964,2.282,-12.744,306.914,306.914
460.581,0.928,0.902,308.436,13.548,0.707,-0.561,0.217,-0.789,331.372,47.487,-10.535,967.492,1.23351038,3.109,-13.41,307.223,307.223
460.681,1.512,1.442,103.394,-17.569,-1.402,0.334,-0.456,-0.227,331.714,45.681,-10.507,967.51,1.2309916,2.749,-12.649,307.614,307.614
460.781,-99.53,-99.51,0.0,0.0,-99.4,-99.41,-99.42,-99.44,-99.43,33.147,-99.44,967.504,13.70080471,3.88,-10.964,306.799,306.799
460.881,3.011,3.011,83.424,0.0,-2.991,-0.345,0.0,0.041,331.877,44.676,-10.541,967.513,1.22979116,4.175,-7.802,306.42,306.42
460.982,0.387,0.282,98.45,43.068,-0.279,0.042,0.264,0.086,331.905,44.571,-10.529,967.497,1.22956347,4.321,-7.464,306.489,306.489
461.082,0.782,0.781,297.274,3.041,0.694,-0.358,0.041,-0.441,331.584,46.293,-10.535,967.481,1.23192286,4.429,-5.911,305.695,305.695
461.182,0.951,0.931,77.925,11.894,-0.91,-0.195,0.196,-0.82,331.354,47.72,-10.502,967.479,1.23362875,4.896,-3.482,305.763,305.763
461.282,-99.53,-99.51,0.0,0.0,-99.4,-99.41,-99.42,-99.44,-99.43,33.107,-99.44,967.5,13.70073986,4.753,-1.247,305.316,305.316
461.382,-99.53,-99.51,0.0,0.0,-99.4,-99.41,-99.42,-99.44,-99.43,33.148,-99.44,967.503,13.70079231,4.706,-0.209,304.368,304.368
461.482,1.055,1.051,126.229,-5.042,-0.848,0.621,-0.093,-0.06,331.815,44.953,-10.555,967.503,1.23023283,4.451,-0.099,305.143,305.143
461.582,1.62,1.612,228.503,5.756,1.207,1.068,0.163,-0.473,331.564,46.327,-10.555,967.503,1.23209643,4.298,1.225,304.048,304.048
461.682,0.74,0.714,290.07,15.283,0.67,-0.245,0.195,-0.975,331.26,48.204,-10.518,967.486,1.23434258,3.799,0.917,305.166,305.166
461.782,1.597,1.578,113.725,-8.863,-1.445,0.635,-0.246,-0.2,331.73,45.468,-10.541,967.52,1.23088551,3.609,-0.236,305.553,305.553
461.882,-99.53,-99.51,0.0,0.0,-99.4,-99.41,-99.42,-99.44,-99.43,33.134,-99.44,967.506,13.70082474,3.271,-1.9,305.635,305.635
461.982,2.777,2.747,84.057,-8.425,-2.733,-0.284,-0.407,-0.108,331.786,45.144,-10.546,967.491,1.23043263,3.527,-3.763,306.313,306.313
462.082,0.51,0.504,296.189,8.911,0.452,-0.222,0.079,-0.11,331.785,45.066,-10.569,967.499,1.23045492,3.814,-5.733,306.288,306.288
462.182,0.706,0.504,310.848,44.528,0.381,-0.329,0.495,-0.707,331.422,47.075,-10.57,967.499,1.23315275,4.123,-7.469,306.982,306.982
462.283,2.116,2.109,119.574,-4.667,-1.834,1.041,-0.172,-0.315,331.661,45.814,-10.55,967.501,1.23137867,4.21,-8.805,306.86,306.86
462.383,2.831,2.831,96.098,0.0,-2.815,0.301,0.0,0.476,332.141,43.334,-10.527,967.494,1.22780693,4.491,-8.989,307.188,307.188
462.483,3.149,3.148,99.224,-0.953,-3.107,0.505,-0.052,0.013,331.86,44.752,-10.545,967.501,1.22990119,4.81,-8.247,306.53,306.53
462.583,1.191,1.086,108.961,24.219,-1.027,0.353,0.489,0.047,331.881,44.674,-10.535,967.489,1.22972918,4.864,-7.451,306.484,306.484
462.683,0.59,0.475,204.93,36.389,0.2,0.431,0.35,-0.289,331.677,45.743,-10.546,967.476,1.23122835,5.013,-6.091,306.791,306.791
462.783,1.803,1.768,124.472,-11.363,-1.457,1.001,-0.355,-0.77,331.384,47.437,-10.531,967.484,1.23341262,5.162,-4.955,306.158,306.158
462.883,-99.53,-99.51,0.0,0.0,-99.4,-99.41,-99.42,-99.44,-99.43,33.083,-99.44,967.493,13.70063877,4.718,-3.736,306.126,306.126
462.983,3.997,3.997,88.571,0.0,-3.996,-0.1,0.0,-0.102,331.79,45.129,-10.545,967.483,1.23039758,4.566,-3.744,305.24,305.24
463.083,2.454,2.448,92.846,-3.96,-2.445,0.122,-0.169,-0.298,331.671,45.759,-10.55,967.472,1.23126602,4.184,-3.398,304.975,304.975
463.183,26.741,18.354,132.783,-46.656,-13.471,12.466,-19.447,-32.866,311.247,100.0,-10.56,967.482,1.39816833,3.899,-2.936,305.068,305.068
463.283,0.68,0.657,140.716,14.839,-0.416,0.508,0.174,-1.009,331.239,48.218,-10.546,967.491,1.23450673,3.946,-2.925,304.837,304.837
463.383,3.477,3.476,113.319,-1.367,-3.192,1.376,-0.083,-0.222,331.717,45.506,-10.55,967.494,1.23095143,3.909,-4.018,305.976,305.976
463.483,-99.53,-99.51,0.0,0.0,-99.4,-99.41,-99.42,-99.44,-99.43,33.119,-99.44,967.499,13.70073223,4.052,-4.679,305.224,305.224
463.584,2.661,2.661,94.886,0.0,-2.651,0.227,0.0,-0.199,331.731,45.534,-10.522,967.489,1.23084009,4.164,-4.958,304.883,304.883
463.684,0.627,0.368,158.316,54.113,-0.136,0.342,0.508,-0.145,331.764,45.306,-10.535,967.498,1.23060942,4.015,-6.785,305.421,305.421
463.784,0.879,0.431,267.38,60.611,0.431,0.02,0.766,-0.677,331.44,47.063,-10.545,967.499,1.23301268,4.035,-8.33,305.274,305.274
463.884,1.957,1.957,120.475,1.577,-1.686,0.992,0.054,-0.505,331.545,46.49,-10.541,967.48,1.2322098,3.892,-8.078,305.842,305.842
463.984,3.6,3.577,105.081,6.476,-3.454,0.931,0.406,0.244,332.0,43.953,-10.56,967.499,1.22886062,3.992,-8.966,306.489,306.489
464.084,2.347,2.347,93.47,0.0,-2.343,0.142,0.0,0.141,331.938,44.379,-10.533,967.5,1.22932184,3.76,-11.114,306.765,306.765
464.184,0.736,0.735,119.144,3.52,-0.642,0.358,0.045,0.057,331.887,44.666,-10.529,967.489,1.22968614,3.562,-12.026,306.457,306.457
464.284,1.044,0.901,235.507,30.379,0.742,0.51,0.528,-0.193,331.735,45.479,-10.531,967.503,1.23083007,3.936,-11.916,306.794,306.794
464.384,0.337,0.327,107.743,13.642,-0.312,0.1,0.079,-0.801,331.365,47.547,-10.531,967.492,1.23356521,3.356,-12.486,306.116,306.116
464.484,-99.53,-99.51,0.0,0.0,-99.4,-99.41,-99.42,-99.44,-99.43,33.096,-99.44,967.505,13.70081902,3.313,-13.802,307.247,307.247
464.584,-99.53,-99.51,0.0,0.0,-99.4,-99.41,-99.42,-99.44,-99.43,33.107,-99.44,967.496,13.70069122,3.016,-13.501,307.449,307.449
464.684,1.361,1.352,107.852,6.469,-1.287,0.415,0.153,-0.136,331.769,45.186,-10.56,967.503,1.23057652,3.602,-12.528,307.08,307.08
464.784,1.03,1.024,214.918,6.538,0.586,0.839,0.117,-0.395,331.612,46.047,-10.56,967.498,1.23173785,3.783,-11.784,307.347,307.347
464.885,0.382,0.369,257.423,-14.985,0.36,0.08,-0.099,-1.129,331.166,48.664,-10.541,967.499,1.23505926,4.177,-11.022,306.441,306.441
464.985,2.623,2.599,120.966,-7.788,-2.229,1.337,-0.355,-0.572,331.504,46.772,-10.527,967.504,1.23254359,4.08,-9.217,306.617,306.617
465.085,-99.53,-99.51,0.0,0.0,-99.4,-99.41,-99.42,-99.44,-99.43,33.096,-99.44,967.486,13.70055008,3.97,-6.382,306.322,306.322
465.185,3.025,3.011,93.922,-5.482,-3.004,0.206,-0.289,-0.181,331.742,45.371,-10.55,967.49,1.23076344,3.995,-4.728,306.325,306.325
465.285,0.623,0.59,157.768,18.549,-0.223,0.546,0.198,-0.234,331.709,45.527,-10.555,967.502,1.23101807,3.892,-2.915,305.576,305.576
465.385,1.044,0.989,241.622,18.789,0.87,0.47,0.336,-0.744,331.4,47.312,-10.541,967.502,1.23332143,3.922,-1.157,304.931,304.931
465.485,1.107,1.093,140.011,-9.032,-0.703,0.838,-0.174,-0.83,331.347,47.64,-10.533,967.506,1.23371482,3.941,0.26,305.344,305.344
465.585,3.545,3.545,110.251,-0.422,-3.326,1.227,-0.026,0.222,331.987,44.04,-10.555,967.502,1.22896218,4.267,0.103,305.394,305.394
465.685,2.772,2.763,98.796,-4.626,-2.73,0.422,-0.224,0.034,331.872,44.631,-10.56,967.5,1.2298075,4.61,-0.122,305.084,305.084
465.785,0.855,0.855,122.163,-1.467,-0.724,0.455,-0.022,-0.05,331.821,44.954,-10.546,967.495,1.23017764,4.225,-1.006,304.997,304.997
465.885,1.384,1.326,238.403,16.707,1.129,0.695,0.398,-0.273,331.686,45.781,-10.521,967.503,1.23119056,4.664,-1.633,304.428,304.428
465.985,0.265,0.246,339.821,-22.097,0.085,-0.231,-0.1,-0.988,331.251,48.128,-10.55,967.483,1.23440063,4.726,-3.377,305.817,305.817
466.085,1.835,1.831,133.1,-3.904,-1.337,1.251,-0.125,-0.767,331.386,47.39,-10.541,967.503,1.23342443,4.56,-4.599,306.1,306.1
466.185,-99.53,-99.51,0.0,0.0,-99.4,-99.41,-99.42,-99.44,-99.43,33.147,-99.44,967.508,13.70085049,4.664,-5.238,306.295,306.295
466.286,1.647,1.639,95.674,5.853,-1.631,0.162,0.168,-0.251,331.7,45.671,-10.531,967.506,1.23109436,4.505,-6.064,306.253,306.253
466.386,0.577,0.527,191.449,23.951,0.105,0.517,0.234,-0.209,331.725,45.478,-10.546,967.5,1.23089957,4.414,-6.547,305.907,305.907
466.486,0.537,0.536,297.903,2.123,0.474,-0.251,0.02,-1.074,331.199,48.337,-10.575,967.482,1.23479295,4.263,-6.786,306.492,306.492
466.586,1.738,1.714,104.512,9.54,-1.659,0.429,0.288,-0.739,331.403,47.313,-10.535,967.49,1.23328066,4.212,-6.486,305.533,305.533
466.686,2.997,2.99,98.284,3.876,-2.959,0.431,0.203,0.146,331.941,44.302,-10.55,967.503,1.229303,4.183,-6.47,305.963,305.963
466.786,3.056,3.056,84.484,0.0,-3.042,-0.294,0.0,-0.176,331.745,45.301,-10.564,967.512,1.23076606,4.265,-6.436,306.671,306.671
466.886,0.849,0.849,76.728,0.0,-0.826,-0.195,0.0,-0.09,331.798,45.146,-10.529,967.508,1.23037207,4.236,-6.156,305.79,305.79
466.986,1.242,1.049,292.13,32.401,0.971,-0.395,0.665,-0.54,331.523,46.522,-10.564,967.501,1.23239744,3.872,-5.834,306.504,306.504
467.086,0.485,0.396,152.093,-35.228,-0.185,0.35,-0.28,-0.783,331.376,47.411,-10.55,967.496,1.23349035,3.854,-5.954,305.406,305.406
467.186,2.76,2.76,91.143,0.0,-2.76,0.055,0.0,0.223,331.987,44.02,-10.56,967.494,1.2289474,3.766,-6.191,305.441,305.441
467.286,4.221,4.187,87.747,-7.266,-4.183,-0.165,-0.534,0.047,331.88,44.587,-10.56,967.5,1.22974765,3.647,-5.854,305.251,305.251
467.386,1.72,1.72,79.604,0.0,-1.691,-0.31,0.0,-0.088,331.798,45.027,-10.56,967.482,1.23033297,3.787,-5.557,305.299,305.299
467.486,0.694,0.297,318.217,64.722,0.198,-0.221,0.628,-0.292,331.674,45.688,-10.564,967.48,1.231251,4.041,-5.846,305.239,305.239
467.587,1.118,1.082,291.26,14.561,1.008,-0.392,0.281,-0.877,331.319,47.699,-10.56,967.498,1.23391688,4.048,-5.887,305.461,305.461
467.687,0.613,0.594,174.042,-14.334,-0.062,0.591,-0.152,-0.75,331.396,47.26,-10.56,967.504,1.23335373,4.139,-6.113,304.88,304.88
467.787,-99.53,-99.51,0.0,0.0,-99.4,-99.41,-99.42,-99.44,-99.43,33.083,-99.44,967.503,13.70078087,4.222,-6.397,306.22,306.22
467.887,3.332,3.297,86.815,-8.302,-3.292,-0.183,-0.481,-0.312,331.662,45.805,-10.55,967.506,1.23137236,3.822,-7.249,305.246,305.246
467.987,0.227,0.211,116.98,21.654,-0.188,0.096,0.084,-0.345,331.642,45.896,-10.555,967.508,1.23152399,3.92,-8.213,306.483,306.483
468.087,0.878,0.841,294.814,16.634,0.764,-0.353,0.251,-0.916,331.295,47.8,-10.569,967.506,1.23410594,3.885,-8.676,306.53,306.53
468.187,0.351,0.183,2.936,58.47,-0.009,-0.183,0.299,-0.858,331.33,47.617,-10.564,967.529,1.2338717,3.79,-9.652,306.785,306.785
468.287,2.225,2.225,103.759,0.047,-2.161,0.529,0.002,-0.047,331.823,44.823,-10.579,967.503,1.23017538,3.505,-10.943,306.718,306.718
468.387,3.644,3.643,70.316,1.377,-3.43,-1.227,0.088,-0.393,331.612,45.988,-10.575,967.491,1.23172343,3.433,-11.829,307.586,307.586
468.487,0.895,0.894,76.373,3.225,-0.869,-0.211,0.05,-0.187,331.738,45.443,-10.535,967.511,1.23081303,3.43,-12.088,307.428,307.428
468.587,0.857,0.811,276.35,18.757,0.806,-0.09,0.276,-0.491,331.553,46.272,-10.587,967.496,1.23217046,3.217,-11.761,307.459,307.459
468.687,0.124,0.121,245.243,11.391,0.11,0.051,0.024,-0.87,331.323,47.712,-10.55,967.507,1.23389637,5.262,-12.851,307.693,307.693
468.788,2.416,2.415,95.124,-1.233,-2.406,0.216,-0.052,0.2,331.973,44.061,-10.569,967.491,1.22904825,2.42,-10.534,306.995,306.995
468.888,-99.53,-99.51,0.0,0.0,-99.4,-99.41,-99.42,-99.44,-99.43,33.096,-99.44,967.489,13.70058823,2.639,-8.468,306.121,306.121
468.988,1.704,1.704,75.363,0.0,-1.649,-0.431,0.0,-0.074,331.807,45.043,-10.543,967.493,1.23028111,5.874,-8.735,306.853,306.853
469.088,26.509,17.859,133.089,-47.647,-13.042,12.2,-19.59,-32.495,311.488,100.0,-10.564,967.51,1.39604986,2.72,-5.876,305.06,305.06
469.188,0.621,0.507,12.743,35.23,-0.112,-0.495,0.358,-0.838,331.343,47.638,-10.541,967.499,1.23374176,3.585,-9.639,305.813,305.813
469.288,1.591,1.591,131.981,0.934,-1.183,1.064,0.026,-0.744,331.399,47.13,-10.589,967.498,1.23332083,5.526,-7.676,305.974,305.974
469.388,-99.53,-99.51,0.0,0.0,-99.4,-99.41,-99.42,-99.44,-99.43,33.083,-99.44,967.495,13.70067692,7.346,-1.855,305.259,305.259
469.488,2.178,2.174,85.945,-3.188,-2.169,-0.154,-0.121,-0.151,331.76,45.252,-10.555,967.488,1.23062539,2.837,-1.838,304.921,304.921
469.588,0.299,0.261,98.601,29.309,-0.258,0.039,0.146,-0.169,331.75,45.445,-10.518,967.489,1.23070168,4.865,-10.961,307.03,307.03
469.688,0.456,0.391,299.071,30.844,0.342,-0.19,0.234,-0.884,331.314,47.726,-10.56,967.496,1.23394966,2.613,-9.568,305.883,305.883
469.788,1.551,1.543,121.585,-5.917,-1.314,0.808,-0.16,-0.848,331.336,47.598,-10.56,967.5,1.23378909,2.179,-4.718,304.864,304.864
469.888,3.772,3.772,104.104,0.447,-3.659,0.919,0.029,0.101,331.913,44.399,-10.564,967.483,1.22948432,2.695,-7.933,305.44,305.44
469.988,3.226,3.226,92.268,0.0,-3.223,0.128,0.0,-0.226,331.714,45.535,-10.546,967.488,1.23096287,9.008,-8.478,306.689,306.689
470.089,1.293,1.284,89.923,7.091,-1.284,-0.002,0.16,-0.318,331.658,45.775,-10.564,967.485,1.23137534,7.344,-2.541,305.85,305.85
470.189,0.569,0.569,265.224,0.0,0.567,0.047,0.0,-0.5,331.548,46.456,-10.546,967.506,1.23222327,3.347,-3.794,305.174,305.174
470.289,0.607,0.599,114.214,-9.436,-0.546,0.246,-0.1,-0.988,331.251,47.996,-10.585,967.479,1.2343998,7.021,-16.394,308.515,308.515
470.389,2.692,2.692,110.929,0.323,-2.514,0.962,0.015,-0.157,331.757,45.325,-10.541,967.491,1.23065317,0.551,-10.31,305.86,305.86
470.489,-99.53,-99.51,0.0,0.0,-99.4,-99.41,-99.42,-99.44,-99.43,33.105,-99.44,967.493,13.70064354,7.025,-8.185,305.835,305.835
470.589,2.679,2.661,95.279,-6.679,-2.649,0.245,-0.312,-0.2,331.73,45.435,-10.55,967.489,1.23084795,2.726,-2.444,304.731,304.731
470.689,0.59,0.53,185.641,26.047,0.052,0.528,0.259,-0.248,331.701,45.558,-10.56,967.472,1.23104382,3.034,-8.403,305.6,305.6
470.789,0.625,0.259,352.35,65.494,0.035,-0.257,0.569,-0.94,331.28,47.886,-10.57,967.48,1.23418486,2.483,-13.965,307.294,307.294
470.889,1.859,1.793,124.731,-15.318,-1.474,1.022,-0.491,-0.915,331.295,47.749,-10.583,967.48,1.23407197,3.768,-15.925,308.106,308.106
470.989,-99.53,-99.51,0.0,0.0,-99.4,-99.41,-99.42,-99.44,-99.43,33.083,-99.44,967.474,13.70037937,2.986,-14.305,306.877,306.877
471.089,2.435,2.433,87.003,-2.704,-2.429,-0.127,-0.115,-0.29,331.675,45.663,-10.569,967.467,1.23122776,4.199,-9.853,306.275,306.275
471.189,0.337,0.333,124.822,8.984,-0.273,0.19,0.053,-0.297,331.671,45.631,-10.585,967.472,1.23126686,4.345,-6.223,305.56,305.56
471.289,0.896,0.771,279.111,30.528,0.762,-0.122,0.455,-0.911,331.297,47.726,-10.585,967.469,1.2340399,4.263,-7.296,305.957,305.957
471.39,0.364,0.285,64.901,38.382,-0.258,-0.121,0.226,-1.074,331.199,48.394,-10.56,967.491,1.23480141,4.048,-11.176,306.659,306.659
471.49,2.066,2.064,106.909,2.696,-1.975,0.6,0.097,-0.165,331.752,45.265,-10.564,967.472,1.23066616,2.797,-15.112,307.31,307.31
471.59,4.029,3.983,88.588,-8.722,-3.981,-0.098,-0.611,-0.164,331.752,45.209,-10.579,967.475,1.23067009,2.871,-14.939,305.86,305.86
471.69,1.628,1.609,79.916,8.716,-1.585,-0.282,0.247,-0.262,331.693,45.639,-10.55,967.489,1.231125,2.368,-11.557,306.318,306.318
471.79,0.571,0.527,276.869,22.745,0.523,-0.063,0.221,-0.426,331.593,46.097,-10.575,967.472,1.23184645,2.952,-8.204,304.978,304.978
471.89,0.525,0.086,290.604,80.539,0.081,-0.03,0.518,-1.023,331.23,48.157,-10.575,967.485,1.2345655,3.077,-7.254,305.398,305.398
471.99,2.552,2.551,106.674,1.487,-2.444,0.732,0.066,-0.148,331.761,45.122,-10.589,967.48,1.23060513,2.196,-11.451,306.324,306.324
472.09,-99.53,-99.51,0.0,0.0,-99.4,-99.41,-99.42,-99.44,-99.43,33.133,-99.44,967.464,13.70022774,1.903,-14.859,306.518,306.518
472.19,1.88,1.88,86.803,0.0,-1.877,-0.105,0.0,-0.178,331.744,45.324,-10.56,967.5,1.23076189,1.486,-14.783,306.579,306.579
472.29,0.295,0.295,179.035,0.0,-0.005,0.295,0.0,-0.211,331.723,45.381,-10.575,967.471,1.23087728,2.095,-11.228,306.724,306.724
472.39,0.448,0.282,267.901,50.915,0.282,0.01,0.347,-0.831,331.346,47.503,-10.57,967.476,1.23368311,2.6,-7.198,305.41,305.41
472.49,1.537,1.112,117.4,-43.664,-0.987,0.512,-1.061,-0.997,331.245,48.048,-10.579,967.491,1.23445678,2.888,-7.999,306.062,306.062
472.59,-99.53,-99.51,0.0,0.0,-99.4,-99.41,-99.42,-99.44,-99.43,33.096,-99.44,967.472,13.70034981,3.391,-11.433,306.262,306.262
472.691,2.781,2.781,88.865,0.0,-2.78,-0.055,0.0,-0.452,331.577,46.257,-10.555,967.484,1.23197806,3.791,-14.458,307.293,307.293
472.791,0.99,0.99,87.86,-0.735,-0.99,-0.037,-0.013,-0.424,331.594,46.111,-10.569,967.462,1.23182583,4.252,-13.928,306.917,306.917
472.891,0.688,0.585,254.218,31.774,0.563,0.159,0.362,-0.833,331.346,47.583,-10.55,967.46,1.23366833,5.064,-10.348,306.346,306.346
472.991,0.779,0.753,98.843,-14.732,-0.744,0.116,-0.198,-1.304,331.059,49.203,-10.564,967.47,1.23582041,4.755,-7.027,305.341,305.341
473.091,1.796,1.796,109.559,0.058,-1.692,0.601,0.002,-0.451,331.578,46.221,-10.564,967.469,1.23195434,3.809,-6.568,305.821,305.821
473.191,-99.53,-99.51,0.0,0.0,-99.4,-99.41,-99.42,-99.44,-99.43,33.156,-99.44,967.469,13.70029736,2.552,-10.562,306.577,306.577
473.291,1.974,1.974,82.385,-0.54,-1.957,-0.262,-0.019,-0.342,331.644,45.836,-10.569,967.479,1.23147678,1.212,-14.901,306.27,306.27
473.391,0.391,0.262,263.651,48.013,0.26,0.029,0.291,-0.374,331.624,45.888,-10.585,967.483,1.23162842,1.0,-14.587,306.556,306.556
473.491,0.285,0.147,111.149,58.856,-0.137,0.053,0.244,-0.995,331.247,48.113,-10.56,967.471,1.23441756,1.361,-10.693,305.911,305.911
473.591,2.921,2.92,117.183,1.727,-2.597,1.334,0.088,-0.229,331.712,45.494,-10.56,967.482,1.23096979,1.97,-6.997,305.347,305.347
473.691,-99.53,-99.51,0.0,0.0,-99.4,-99.41,-99.42,-99.44,-99.43,33.121,-99.44,967.477,13.70041466,2.912,-8.219,305.767,305.767
473.791,2.844,2.841,98.401,-2.277,-2.811,0.415,-0.113,-0.163,331.753,45.239,-10.569,967.474,1.23066032,2.868,-12.43,306.143,306.143
473.891,0.494,0.337,158.905,47.036,-0.121,0.314,0.362,-0.126,331.775,45.151,-10.56,967.48,1.23050082,2.819,-14.812,307.267,307.267
473.992,0.642,0.46,303.945,44.255,0.381,-0.257,0.448,-0.897,331.306,47.695,-10.579,967.473,1.23397803,3.058,-14.205,306.619,306.619
474.092,1.049,1.04,120.024,-7.384,-0.901,0.52,-0.135,-1.005,331.241,48.149,-10.56,967.464,1.23445451,3.464,-10.288,305.942,305.942
474.192,-99.53,-99.51,0.0,0.0,-99.4,-99.41,-99.42,-99.44,-99.43,33.107,-99.44,967.471,13.70032883,3.255,-7.173,306.179,306.179
474.292,2.634,2.634,86.256,0.0,-2.628,-0.172,0.0,-0.294,331.673,45.762,-10.546,967.464,1.23123956,3.415,-7.665,305.673,305.673
474.392,0.657,0.657,92.387,0.0,-0.656,0.027,0.0,-0.24,331.706,45.459,-10.579,967.475,1.23101139,3.529,-11.291,306.016,306.016
474.492,1.194,1.169,270.329,11.65,1.169,-0.007,0.241,-0.697,331.428,47.178,-10.533,967.461,1.23305464,3.494,-14.848,307.834,307.834
474.592,1.047,0.971,321.946,21.879,0.599,-0.765,0.39,-1.259,331.086,48.924,-10.594,967.467,1.23561573,3.054,-14.174,307.85,307.85
474.692,1.465,1.464,114.529,1.897,-1.332,0.608,0.048,-0.286,331.678,45.683,-10.56,967.495,1.23124409,2.916,-11.575,306.292,306.292
474.793,-99.53,-99.51,0.0,0.0,-99.4,-99.41,-99.42,-99.44,-99.43,33.107,-99.44,967.47,13.70031452,2.592,-8.55,306.095,306.095
474.893,1.698,1.698,93.255,-0.176,-1.695,0.096,-0.005,-0.113,331.783,45.03,-10.583,967.473,1.23043716,2.37,-8.285,306.294,306.294
474.992,0.769,0.768,256.619,2.832,0.747,0.178,0.038,-0.234,331.71,45.544,-10.55,967.482,1.23098814,2.014,-11.393,305.349,305.349
475.093,0.756,0.56,315.581,42.223,0.392,-0.4,0.508,-0.923,331.29,47.804,-10.575,967.495,1.23412383,1.95,-13.859,306.546,306.546
475.193,1.908,1.878,112.355,-10.079,-1.737,0.714,-0.334,-0.353,331.637,45.864,-10.572,967.473,1.2315203,1.879,-13.886,306.469,306.469
475.293,-99.53,-99.51,0.0,0.0,-99.4,-99.41,-99.42,-99.44,-99.43,33.093,-99.44,967.49,13.70060062,-10.521,-9.982,302.255,302.255
475.393,2.856,2.852,89.349,3.088,-2.852,-0.032,0.154,-0.234,331.71,45.59,-10.538,967.475,1.23097861,-22.159,-6.067,297.77,297.77
475.493,0.85,0.85,166.842,0.0,-0.193,0.827,0.0,-0.078,331.804,44.982,-10.564,967.47,1.23027611,-19.536,-6.553,300.136,300.136
475.593,1.141,1.141,209.786,0.0,0.567,0.99,0.0,-0.425,331.594,46.183,-10.55,967.471,1.23183763,-5.444,-10.791,305.103,305.103
475.693,1.406,1.406,162.081,0.0,-0.433,1.338,0.0,-0.811,331.359,47.542,-10.541,967.477,1.23359072,-0.215,-14.375,307.409,307.409
475.793,-99.53,-99.51,0.0,0.0,-99.4,-99.41,-99.42,-99.44,-99.43,33.069,-99.44,967.458,13.70015526,-1.294,-12.462,305.893,305.893
475.893,2.862,2.861,94.301,2.049,-2.853,0.215,0.102,0.217,331.984,44.056,-10.555,967.473,1.22894812,-6.797,-8.677,303.787,303.787
475.993,0.442,0.442,47.01,1.483,-0.323,-0.301,0.011,-0.069,331.81,44.983,-10.555,967.473,1.23023558,-2.732,-6.944,305.535,305.535
476.093,1.909,1.906,221.81,3.554,1.27,1.42,0.118,-0.421,331.596,46.043,-10.585,967.483,1.23183751,0.448,-7.549,305.465,305.465
476.193,0.999,0.999,202.897,1.337,0.389,0.92,0.023,-0.868,331.324,47.706,-10.55,967.473,1.23384535,8.023,-10.65,308.507,308.507
476.293,2.114,2.093,102.036,8.091,-2.047,0.436,0.298,-0.12,331.778,45.081,-10.575,967.48,1.23047829,3.78,-14.144,307.859,307.859
476.394,3.915,3.913,100.227,1.792,-3.851,0.695,0.122,0.235,331.994,43.969,-10.564,967.482,1.22888196,7.622,-14.203,308.656,308.656
476.494,1.996,1.98,108.85,7.243,-1.874,0.64,0.252,-0.01,331.846,44.789,-10.555,967.496,1.22999787,2.83,-11.864,307.755,307.755
476.594,1.233,1.233,207.428,-1.923,0.568,1.094,-0.041,-0.236,331.708,45.52,-10.559,967.496,1.23101878,15.238,-8.902,309.356,309.356
476.694,0.991,0.991,199.312,0.0,0.328,0.935,0.0,-0.757,331.391,47.227,-10.575,967.502,1.23338139,18.316,-9.099,309.601,309.601
476.794,2.572,2.569,135.518,2.746,-1.8,1.833,0.123,-0.411,331.602,46.118,-10.555,967.493,1.23180401,14.802,-11.652,309.765,309.765
476.894,3.94,3.94,112.73,0.0,-3.634,1.522,0.0,0.273,332.017,43.847,-10.564,967.502,1.22873533,10.965,-13.723,310.429,310.429
476.994,2.941,2.941,99.404,0.385,-2.902,0.481,0.02,-0.122,331.778,45.105,-10.569,967.508,1.2305187,5.116,-12.949,308.392,308.392
477.094,0.765,0.733,154.026,16.609,-0.321,0.659,0.219,0.011,331.859,44.755,-10.546,967.498,1.22990668,4.429,-9.499,306.721,306.721
477.194,0.726,0.693,251.357,17.139,0.657,0.222,0.214,-0.547,331.519,46.526,-10.569,967.496,1.23242259,12.524,-6.945,307.535,307.535
477.295,0.57,0.557,76.576,12.21,-0.542,-0.129,0.121,-0.857,331.331,47.555,-10.579,967.483,1.23380959,19.582,-7.784,309.343,309.343
477.394,-99.53,-99.51,0.0,0.0,-99.4,-99.41,-99.42,-99.44,-99.43,33.096,-99.44,967.498,13.70071411,16.436,-11.571,310.277,310.277
477.494,3.882,3.814,87.984,-10.77,-3.812,-0.134,-0.726,-0.087,331.798,44.937,-10.585,967.507,1.2303642,20.822,-14.01,311.014,311.014
477.594,1.811,1.807,81.004,-3.813,-1.785,-0.283,-0.12,-0.324,331.654,45.704,-10.589,967.5,1.23142242,17.885,-12.043,310.718,310.718
477.695,0.372,0.37,300.768,4.723,0.318,-0.189,0.031,-0.637,331.465,46.832,-10.57,967.503,1.23283768,9.027,-9.211,307.873,307.873
477.795,0.827,0.81,283.095,11.763,0.789,-0.183,0.169,-1.071,331.2,48.35,-10.569,967.501,1.23480594,10.2,-7.177,307.183,307.183
477.895,1.173,1.162,93.666,-7.808,-1.16,0.074,-0.159,-0.575,331.502,46.565,-10.585,967.5,1.23255599,7.728,-7.498,307.757,307.757
477.995,3.712,3.711,82.538,-1.745,-3.679,-0.482,-0.113,0.133,331.932,44.221,-10.585,967.498,1.22935903,8.946,-10.139,307.92,307.92
478.095,2.69,2.689,76.998,-1.481,-2.62,-0.605,-0.07,-0.275,331.684,45.55,-10.587,967.489,1.23118925,7.141,-12.506,307.888,307.888
478.195,0.398,0.348,40.306,29.255,-0.225,-0.265,0.195,-0.314,331.661,45.762,-10.564,967.484,1.23135722,7.442,-12.349,308.95,308.95
478.295,0.705,0.606,286.732,30.785,0.58,-0.174,0.361,-0.747,331.397,47.213,-10.569,967.491,1.2333225,10.102,-11.436,308.233,308.233
478.395,0.896,0.896,79.897,0.0,-0.882,-0.157,0.0,-0.494,331.551,46.382,-10.56,967.483,1.23216844,5.121,-9.997,306.945,306.945
478.495,3.264,3.264,80.687,-0.446,-3.221,-0.528,-0.025,0.284,332.024,43.766,-10.577,967.472,1.2286483,2.811,-9.739,306.662,306.662
478.595,3.165,3.164,69.939,0.943,-2.972,-1.085,0.052,0.089,331.905,44.4,-10.575,967.483,1.22954023,1.595,-11.801,306.335,306.335
478.695,0.836,0.763,42.505,24.112,-0.515,-0.562,0.341,-0.08,331.803,44.948,-10.575,967.484,1.23030043,-2.809,-14.221,306.207,306.207
478.795,0.839,0.839,242.316,0.0,0.743,0.39,0.0,-0.336,331.648,45.884,-10.55,967.474,1.23143923,-20.602,-12.674,297.774,297.774
478.895,0.356,0.271,246.306,40.384,0.248,0.109,0.23,-0.976,331.258,48.032,-10.564,967.481,1.23434627,-28.461,-8.765,294.171,294.171
478.996,-99.53,-99.51,0.0,0.0,-99.4,-99.41,-99.42,-99.44,-99.43,33.096,-99.44,967.479,13.70045185,-20.676,-8.407,298.323,298.323
479.096,-99.53,-99.51,0.0,0.0,-99.4,-99.41,-99.42,-99.44,-99.43,33.096,-99.44,967.489,13.70058346,-3.223,-10.117,304.936,304.936
479.196,1.742,1.742,80.387,0.0,-1.718,-0.291,0.0,-0.207,331.726,45.329,-10.585,967.483,1.23087084,7.38,-12.127,307.24,307.24
479.296,0.568,0.545,251.126,16.392,0.516,0.176,0.16,-0.331,331.65,45.762,-10.579,967.496,1.23144925,0.51,-13.806,306.597,306.597
479.396,0.659,0.392,349.708,53.51,0.07,-0.386,0.53,-1.125,331.168,48.58,-10.559,967.477,1.23501682,1.072,-13.726,307.222,307.222
479.496,3.123,3.123,109.976,-0.502,-2.935,1.067,-0.027,-0.249,331.7,45.56,-10.56,967.488,1.23106706,2.278,-11.878,306.689,306.689
479.596,-99.53,-99.51,0.0,0.0,-99.4,-99.41,-99.42,-99.44,-99.43,33.119,-99.44,967.469,13.70030403,4.141,-9.897,306.999,306.999
479.696,2.559,2.556,98.292,2.591,-2.53,0.369,0.116,-0.154,331.758,45.229,-10.564,967.478,1.23062444,3.362,-8.804,306.267,306.267
479.796,0.369,0.311,163.83,32.551,-0.087,0.299,0.199,-0.232,331.711,45.539,-10.55,967.486,1.23098612,3.952,-11.211,306.568,306.568
479.896,0.656,0.604,268.669,22.98,0.604,0.014,0.256,-0.721,331.413,47.104,-10.575,967.465,1.23317254,3.566,-13.267,306.769,306.769
479.996,1.6,1.585,113.95,-7.939,-1.448,0.643,-0.221,-0.618,331.476,46.749,-10.575,967.467,1.2327075,3.321,-13.906,307.318,307.318
480.097,2.937,2.934,94.813,2.606,-2.924,0.246,0.134,0.312,332.041,43.706,-10.569,967.468,1.22851789,2.55,-11.925,307.047,307.047
480.197,3.201,3.201,91.232,0.0,-3.2,0.069,0.0,-0.104,331.788,44.993,-10.585,967.467,1.23039031,2.486,-9.533,306.259,306.259
480.297,0.941,0.941,95.055,0.0,-0.938,0.083,0.0,0.025,331.867,44.66,-10.56,967.466,1.22980523,3.462,-9.402,305.809,305.809
480.397,0.729,0.693,250.315,18.164,0.652,0.233,0.227,-0.221,331.718,45.522,-10.545,967.475,1.23092341,3.305,-11.421,307.189,307.189
480.497,0.613,0.474,115.331,39.341,-0.428,0.203,0.389,-0.792,331.37,47.368,-10.569,967.496,1.23353052,3.189,-12.93,306.44,306.44
480.597,-99.53,-99.51,0.0,0.0,-99.4,-99.41,-99.42,-99.44,-99.43,33.069,-99.44,967.477,13.70041466,2.981,-13.228,306.901,306.901
480.697,-99.53,-99.51,0.0,0.0,-99.4,-99.41,-99.42,-99.44,-99.43,33.07,-99.44,967.466,13.70026207,2.387,-11.777,306.888,306.888
480.798,1.684,1.682,98.28,2.821,-1.664,0.242,0.083,-0.172,331.747,45.252,-10.575,967.477,1.23070824,2.709,-9.971,306.45,306.45
480.897,0.718,0.663,214.439,22.528,0.375,0.547,0.275,-0.33,331.651,45.882,-10.546,967.488,1.23143208,1.248,-9.324,305.417,305.417
480.998,0.515,0.162,189.817,71.656,0.028,0.16,0.489,-1.033,331.223,48.148,-10.587,967.484,1.23461211,-2.0,-11.052,305.291,305.291
481.099,3.191,3.191,121.577,-0.546,-2.718,1.671,-0.03,-0.417,331.599,46.156,-10.55,967.467,1.23179603,-2.179,-12.15,305.176,305.176
481.198,-99.53,-99.51,0.0,0.0,-99.4,-99.41,-99.42,-99.44,-99.43,33.08,-99.44,967.468,13.70029449,3.699,-12.053,307.288,307.288
481.298,3.123,3.122,106.062,-0.988,-3.0,0.864,-0.054,-0.077,331.805,44.959,-10.57,967.487,1.23029232,4.966,-11.174,306.603,306.603
481.398,0.896,0.815,153.783,24.489,-0.36,0.731,0.371,-0.141,331.766,45.17,-10.569,967.473,1.23056328,3.077,-8.51,307.234,307.234
481.498,0.622,0.55,236.016,27.815,0.456,0.307,0.29,-0.678,331.439,46.995,-10.564,967.458,1.23296869,7.619,-8.919,308.225,308.225
481.598,1.795,1.787,135.573,5.661,-1.251,1.276,0.177,-0.79,331.371,47.472,-10.541,967.468,1.23348653,1.828,-10.944,307.229,307.229
481.699,4.054,4.054,109.396,0.0,-3.824,1.346,0.0,0.249,332.003,43.904,-10.57,967.477,1.22881055,1.202,-11.973,307.951,307.951
481.799,3.251,3.249,98.124,1.993,-3.217,0.459,0.113,0.172,331.956,44.131,-10.575,967.471,1.22914863,7.723,-12.173,309.838,309.838
481.899,1.383,1.314,107.472,18.097,-1.254,0.395,0.43,0.076,331.897,44.407,-10.585,967.479,1.22959399,3.671,-10.881,308.171,308.171
481.999,0.978,0.853,227.548,29.297,0.629,0.575,0.478,-0.205,331.727,45.311,-10.589,967.459,1.23083687,3.992,-8.826,308.397,308.397
482.099,0.514,0.234,145.003,62.877,-0.134,0.192,0.457,-0.855,331.332,47.55,-10.579,967.479,1.23379815,7.591,-8.987,309.124,309.124
482.199,-99.53,-99.51,0.0,0.0,-99.4,-99.41,-99.42,-99.44,-99.43,33.093,-99.44,967.469,13.70030403,4.964,-11.073,307.635,307.635
482.299,-99.53,-99.51,0.0,0.0,-99.4,-99.41,-99.42,-99.44,-99.43,33.069,-99.44,967.469,13.70030689,-1.396,-12.237,306.655,306.655
482.399,1.838,1.838,92.797,0.0,-1.836,0.09,0.0,-0.119,331.779,45.061,-10.579,967.464,1.2304529,5.368,-12.572,308.052,308.052
482.499,0.526,0.526,184.187,0.0,0.038,0.525,0.0,-0.098,331.792,45.027,-10.569,967.469,1.23036134,0.644,-10.951,305.602,305.602
482.599,0.302,0.302,254.496,2.245,0.291,0.081,0.012,-0.926,331.288,47.799,-10.579,967.474,1.23411322,-11.157,-8.663,301.985,301.985
482.699,2.503,2.502,122.167,-1.669,-2.118,1.332,-0.073,-0.473,331.564,46.329,-10.555,967.48,1.2320689,4.006,-9.098,306.824,306.824
482.799,4.184,4.184,105.912,0.148,-4.024,1.147,0.011,0.325,332.049,43.645,-10.575,967.461,1.22844982,2.975,-10.339,305.948,305.948
482.899,2.594,2.593,93.603,-0.963,-2.588,0.163,-0.044,-0.035,331.83,44.892,-10.55,967.49,1.23010468,2.836,-12.364,306.241,306.241
483.0,0.71,0.649,130.679,23.798,-0.492,0.423,0.286,0.011,331.858,44.635,-10.58,967.464,1.22986794,2.844,-12.719,306.855,306.855
483.1,0.762,0.573,251.051,41.204,0.542,0.186,0.502,-0.5,331.547,46.312,-10.585,967.482,1.2321949,3.184,-11.241,306.513,306.513
483.2,1.015,1.014,124.773,2.314,-0.833,0.578,0.041,-0.748,331.397,47.124,-10.594,967.474,1.23330712,3.339,-9.944,306.618,306.618
483.3,3.38,3.374,110.809,3.361,-3.154,1.199,0.198,0.161,331.949,44.117,-10.589,967.479,1.22920907,3.318,-9.825,305.949,305.949
483.4,3.714,3.711,89.024,-2.53,-3.71,-0.063,-0.164,0.101,331.913,44.318,-10.587,967.469,1.22946703,3.41,-10.795,306.805,306.805
483.5,1.388,1.388,88.351,-0.659,-1.387,-0.04,-0.016,0.191,331.967,44.038,-10.585,967.483,1.22908366,3.417,-12.119,306.869,306.869
483.6,1.155,0.765,272.783,48.513,0.764,-0.037,0.866,-0.021,331.839,44.755,-10.575,967.49,1.23004162,2.66,-12.316,306.192,306.192
483.7,0.65,0.517,0.102,37.287,-0.001,-0.517,0.394,-0.835,331.344,47.5,-10.575,967.483,1.23371267,2.267,-11.367,305.582,305.582
483.8,1.58,1.58,127.326,1.109,-1.256,0.958,0.031,-0.693,331.43,46.935,-10.594,967.47,1.23305488,2.315,-10.308,306.019,306.019
483.9,-99.53,-99.51,0.0,0.0,-99.4,-99.41,-99.42,-99.44,-99.43,33.119,-99.44,967.487,13.70055294,2.175,-9.717,306.153,306.153
484.0,1.879,1.879,93.159,0.0,-1.877,0.104,0.0,-0.165,331.751,45.191,-10.585,967.478,1.23067558,2.052,-10.765,306.351,306.351
484.1,0.756,0.756,173.688,0.0,-0.083,0.752,0.0,-0.207,331.725,45.317,-10.589,967.471,1.23085904,2.303,-11.959,306.589,306.589
484.2,0.62,0.524,217.025,32.389,0.315,0.418,0.332,-0.825,331.35,47.482,-10.569,967.469,1.23364472,2.602,-12.052,306.542,306.542
484.301,1.994,1.992,104.393,-2.797,-1.929,0.495,-0.097,-0.682,331.437,47.008,-10.564,967.468,1.23299789,2.71,-10.484,305.969,305.969
484.401,2.783,2.783,112.647,-1.02,-2.568,1.072,-0.05,0.163,331.95,44.103,-10.591,967.48,1.22920287,3.029,-8.993,306.027,306.027
484.501,3.162,3.161,105.391,-0.94,-3.048,0.839,-0.052,-0.104,331.789,45.065,-10.564,967.472,1.23039186,2.835,-9.251,306.072,306.072
484.601,0.848,0.828,125.94,12.295,-0.67,0.486,0.18,-0.043,331.825,44.794,-10.585,967.474,1.23012435,3.115,-10.707,306.261,306.261
484.701,0.833,0.794,240.083,17.512,0.689,0.396,0.251,-0.369,331.627,45.887,-10.579,967.49,1.23161113,2.672,-11.981,306.428,306.428
484.801,1.192,1.048,124.528,28.434,-0.863,0.594,0.567,-0.779,331.378,47.305,-10.575,967.483,1.23345959,2.862,-12.471,306.827,306.827
484.901,3.141,3.137,111.334,2.884,-2.922,1.141,0.158,0.165,331.952,44.119,-10.585,967.468,1.22917771,2.834,-11.433,306.952,306.952
485.001,-99.53,-99.51,0.0,0.0,-99.4,-99.41,-99.42,-99.44,-99.43,33.083,-99.44,967.483,13.7005043,2.667,-9.914,306.101,306.101
485.101,1.978,1.97,89.671,5.106,-1.97,-0.011,0.176,-0.003,331.85,44.628,-10.594,967.476,1.22994375,2.947,-9.567,306.356,306.356
485.201,0.441,0.412,254.009,21.039,0.396,0.113,0.158,-0.108,331.786,45.077,-10.564,967.496,1.23044086,2.597,-10.886,305.901,305.901
485.301,0.831,0.76,10.933,23.835,-0.144,-0.746,0.336,-0.842,331.34,47.561,-10.564,967.482,1.23373818,2.041,-12.53,307.059,307.059
485.401,1.582,1.512,134.995,-17.02,-1.069,1.069,-0.463,-0.791,331.371,47.366,-10.569,967.471,1.23349631,2.25,-12.711,306.435,306.435
485.501,-99.53,-99.51,0.0,0.0,-99.4,-99.41,-99.42,-99.44,-99.43,33.055,-99.44,967.477,13.70041466,2.501,-11.168,305.35,305.35
485.602,1.96,1.951,96.229,5.397,-1.939,0.212,0.184,-0.009,331.846,44.684,-10.585,967.477,1.22997487,2.856,-9.859,306.809,306.809
485.702,0.845,0.845,195.863,0.0,0.231,0.813,0.0,-0.06,331.815,44.814,-10.594,967.479,1.23020637,2.828,-9.861,306.836,306.836
485.802,0.851,0.851,267.856,0.0,0.85,0.032,0.0,-0.832,331.345,47.416,-10.594,967.479,1.23369622,2.863,-11.1,305.994,305.994
485.902,0.759,0.756,116.925,-4.871,-0.674,0.342,-0.064,-0.688,331.434,47.16,-10.529,967.482,1.23303747,2.961,-12.431,307.79,307.79
486.002,2.83,2.83,112.816,0.0,-2.609,1.098,0.0,0.226,331.989,43.977,-10.57,967.485,1.22892332,3.135,-12.183,306.428,306.428
486.102,2.669,2.669,89.541,0.0,-2.669,-0.021,0.0,0.189,331.966,44.02,-10.591,967.49,1.22910023,2.879,-11.046,306.487,306.487
486.202,0.493,0.492,143.956,-1.815,-0.29,0.398,-0.016,0.256,332.008,43.93,-10.555,967.5,1.22880507,3.046,-10.192,305.847,305.847
486.302,1.53,1.386,258.755,24.998,1.36,0.27,0.646,-0.136,331.768,45.064,-10.594,967.48,1.2305516,3.177,-10.106,306.46,306.46
486.402,0.359,0.358,248.352,3.355,0.333,0.132,0.021,-0.772,331.382,47.299,-10.569,967.47,1.23340821,2.914,-11.232,305.814,305.814
486.502,1.412,1.412,113.776,0.0,-1.292,0.569,0.0,0.071,331.895,44.509,-10.56,967.493,1.22962952,2.783,-12.735,307.181,307.181
486.602,-99.53,-99.51,0.0,0.0,-99.4,-99.41,-99.42,-99.44,-99.43,33.055,-99.44,967.481,13.70047283,2.626,-12.311,306.163,306.163
486.702,1.619,1.618,88.799,-0.971,-1.618,-0.034,-0.027,0.226,331.989,43.96,-10.575,967.477,1.22891486,2.696,-10.935,305.627,305.627
486.803,0.596,0.537,256.398,25.64,0.522,0.126,0.258,0.115,331.921,44.335,-10.57,967.498,1.22944307,2.376,-10.089,305.968,305.968
486.903,1.045,0.949,311.321,24.682,0.713,-0.627,0.436,-0.794,331.369,47.397,-10.564,967.484,1.23352742,2.315,-10.483,306.456,306.456
487.003,0.937,0.932,97.8,-6.065,-0.923,0.126,-0.099,-0.76,331.389,47.138,-10.602,967.467,1.23335576,2.433,-11.512,306.049,306.049
487.103,-99.53,-99.51,0.0,0.0,-99.4,-99.41,-99.42,-99.44,-99.43,33.069,-99.44,967.481,13.7004776,2.325,-12.454,305.939,305.939
487.203,1.512,1.512,74.11,0.0,-1.454,-0.414,0.0,0.144,331.939,44.29,-10.555,967.486,1.22929144,2.952,-12.084,305.609,305.609
487.303,0.839,0.497,257.755,53.709,0.485,0.105,0.676,0.088,331.904,44.32,-10.599,967.471,1.2295332,3.212,-10.741,306.263,306.263
487.403,1.629,1.629,257.994,0.0,1.593,0.339,0.0,-0.667,331.446,46.872,-10.587,967.475,1.23294008,2.984,-9.364,306.456,306.456
487.503,0.8,0.586,133.295,42.954,-0.426,0.402,0.545,-0.872,331.321,47.648,-10.569,967.473,1.23386598,3.107,-9.823,306.746,306.746
487.603,3.183,3.179,108.364,2.92,-3.017,1.001,0.162,0.105,331.915,44.315,-10.585,967.473,1.22945702,3.313,-11.095,306.374,306.374
487.703,2.901,2.901,98.807,-0.531,-2.867,0.444,-0.027,0.005,331.854,44.637,-10.585,967.477,1.22991168,2.758,-12.56,306.805,306.805
487.803,0.812,0.812,96.561,0.0,-0.806,0.093,0.0,0.023,331.866,44.682,-10.555,967.483,1.22983313,2.569,-12.507,306.037,306.037
487.903,1.354,1.341,234.831,8.087,1.096,0.772,0.191,-0.212,331.723,45.402,-10.569,967.475,1.23088312,3.017,-11.221,306.449,306.449
488.003,0.419,0.305,319.355,43.34,0.198,-0.231,0.288,-0.744,331.399,47.202,-10.57,967.478,1.23329222,2.859,-9.841,306.173,306.173
488.104,2.528,2.52,115.749,4.449,-2.27,1.095,0.196,-0.009,331.846,44.666,-10.589,967.469,1.22996354,2.599,-10.121,306.261,306.261
488.204,-99.53,-99.51,0.0,0.0,-99.4,-99.41,-99.42,-99.44,-99.43,33.096,-99.44,967.488,13.70057392,2.671,-11.409,306.498,306.498
488.304,1.46,1.42,103.889,13.373,-1.379,0.341,0.338,0.241,331.998,43.877,-10.585,967.477,1.22884822,-18.886,-10.571,298.314,298.314
488.404,1.545,1.542,205.903,3.769,0.674,1.387,0.102,0.11,331.918,44.385,-10.56,967.473,1.22943199,-31.212,-8.933,292.828,292.828
488.504,2.165,2.161,191.169,3.52,0.419,2.12,0.133,-0.578,331.501,46.684,-10.555,967.472,1.23253012,-27.701,-8.976,295.675,295.675
488.604,3.063,3.062,156.542,1.173,-1.219,2.809,0.063,-0.566,331.507,46.52,-10.589,967.47,1.2324791,-9.037,-9.526,303.847,303.847
488.704,-99.53,-99.51,0.0,0.0,-99.4,-99.41,-99.42,-99.44,-99.43,33.08,-99.44,967.464,13.7002306,20.32,-9.1,309.61,309.61
488.804,3.103,3.102,107.579,-1.722,-2.957,0.937,-0.093,0.023,331.866,44.594,-10.58,967.486,1.22983801,27.046,-9.734,309.593,309.593
488.904,0.825,0.821,164.836,5.544,-0.215,0.792,0.08,-0.116,331.781,45.138,-10.555,967.482,1.23046005,28.687,-11.839,310.993,310.993
489.004,1.053,0.885,265.875,32.768,0.883,0.064,0.57,-0.506,331.544,46.296,-10.594,967.489,1.2322315,25.873,-11.781,310.235,310.235
489.104,0.428,0.256,132.24,-53.302,-0.189,0.172,-0.343,-0.973,331.259,47.919,-10.591,967.486,1.23434389,4.674,-11.711,307.752,307.752
489.204,1.814,1.809,111.459,-4.407,-1.684,0.662,-0.139,-0.061,331.814,44.926,-10.564,967.492,1.23022652,-1.149,-9.315,304.988,304.988
489.304,2.877,2.877,92.9,0.0,-2.873,0.146,0.0,0.155,331.946,44.168,-10.58,967.5,1.22926271,14.535,-10.402,309.251,309.251
489.405,1.219,1.216,88.191,4.062,-1.215,-0.038,0.086,0.009,331.857,44.712,-10.56,967.48,1.22989428,23.494,-11.239,310.395,310.395
489.505,0.89,0.781,295.418,28.702,0.705,-0.335,0.428,-0.267,331.689,45.657,-10.55,967.501,1.23116565,6.409,-12.689,308.318,308.318
489.605,1.613,1.567,301.302,13.753,1.339,-0.814,0.384,-0.855,331.331,47.421,-10.614,967.487,1.23381102,-0.833,-12.238,306.446,306.446
489.705,1.263,1.263,114.845,0.297,-1.146,0.531,0.007,-0.034,331.831,44.799,-10.575,967.494,1.23010731,0.021,-11.878,307.064,307.064
489.805,-99.53,-99.51,0.0,0.0,-99.4,-99.41,-99.42,-99.44,-99.43,33.096,-99.44,967.481,13.70046997,3.016,-10.484,307.322,307.322
489.905,1.761,1.755,83.076,4.839,-1.742,-0.212,0.149,0.152,331.944,44.196,-10.575,967.482,1.22925293,-0.085,-10.219,306.518,306.518
490.005,0.244,0.089,38.506,-68.576,-0.056,-0.07,-0.228,0.185,331.964,44.128,-10.564,967.494,1.22912049,2.159,-11.221,306.713,306.713
490.105,1.359,1.317,294.741,14.307,1.196,-0.551,0.336,-0.727,331.41,47.231,-10.546,967.497,1.23323512,6.776,-12.44,308.705,308.705
490.205,0.09,0.09,339.366,0.0,0.032,-0.084,0.0,-0.827,331.348,47.454,-10.579,967.495,1.23369324,1.568,-12.66,307.42,307.42
490.305,-99.53,-99.51,0.0,0.0,-99.4,-99.41,-99.42,-99.44,-99.43,33.069,-99.44,967.48,13.70045567,-25.078,-8.176,295.229,295.229
490.405,2.205,2.205,103.153,0.13,-2.147,0.502,0.005,0.052,331.883,44.483,-10.585,967.488,1.22971213,-31.701,-6.787,292.8,292.8
490.505,0.486,0.286,137.52,-53.866,-0.193,0.211,-0.392,-0.147,331.762,45.134,-10.585,967.487,1.23060942,-22.129,-10.146,297.73,297.73
490.605,1.713,1.705,208.749,-5.753,0.82,1.494,-0.172,-0.576,331.501,46.607,-10.575,967.476,1.23253107,-12.781,-10.547,301.207,301.207
490.706,1.355,1.354,164.789,1.548,-0.355,1.307,0.037,-0.79,331.371,47.287,-10.589,967.474,1.23349524,14.003,-10.301,309.184,309.184
490.806,2.988,2.985,118.818,2.878,-2.615,1.439,0.15,-0.067,331.811,44.939,-10.565,967.479,1.23023379,21.453,-11.15,309.695,309.695
490.906,-99.53,-99.51,0.0,0.0,-99.4,-99.41,-99.42,-99.44,-99.43,33.119,-99.44,967.466,13.70026588,30.21,-11.517,310.173,310.173
491.006,1.664,1.662,85.771,-3.174,-1.657,-0.123,-0.092,-0.039,331.828,44.868,-10.56,967.501,1.23013711,14.957,-12.026,309.759,309.759
491.106,0.798,0.77,230.272,15.129,0.593,0.492,0.208,-0.183,331.74,45.272,-10.579,967.499,1.23078704,-6.349,-9.412,304.654,304.654
491.206,0.615,0.371,318.553,52.908,0.246,-0.278,0.491,-0.845,331.338,47.555,-10.569,967.481,1.2337544,-2.199,-10.043,305.909,305.909
491.306,1.969,1.969,114.928,0.012,-1.786,0.83,0.0,-0.16,331.754,45.266,-10.56,967.496,1.23067737,16.348,-13.054,309.923,309.923
491.406,-99.53,-99.51,0.0,0.0,-99.4,-99.41,-99.42,-99.44,-99.43,33.107,-99.44,967.49,13.70059395,24.22,-12.663,311.505,311.505
491.506,2.713,2.692,83.78,-7.08,-2.676,-0.292,-0.334,-0.026,331.835,44.757,-10.579,967.502,1.23008311,4.562,-11.101,306.645,306.645
491.606,0.205,0.204,68.874,5.69,-0.19,-0.073,0.02,-0.046,331.824,44.875,-10.564,967.484,1.23014641,-1.84,-9.57,305.931,305.931
491.706,1.416,1.362,290.856,15.93,1.272,-0.485,0.389,-0.573,331.503,46.595,-10.575,967.495,1.23254001,1.552,-10.356,306.945,306.945
491.806,0.395,0.321,307.412,-35.702,0.255,-0.195,-0.231,-0.679,331.439,46.921,-10.585,967.478,1.23299885,5.113,-12.011,308.266,308.266
491.906,-99.53,-99.51,0.0,0.0,-99.4,-99.41,-99.42,-99.44,-99.43,33.069,-99.44,967.481,13.7004776,-0.738,-11.077,306.281,306.281
492.007,3.762,3.724,86.967,-8.111,-3.719,-0.197,-0.531,-0.035,331.83,44.786,-10.579,967.479,1.23009408,1.617,-11.292,305.994,305.994
492.107,8.572,1.981,79.009,-76.636,-1.945,-0.378,-8.339,-24.754,316.458,100.0,-10.575,967.473,1.35249519,8.645,-12.566,308.661,308.661
492.207,1.036,0.999,284.867,15.41,0.966,-0.256,0.275,-0.531,331.529,46.436,-10.579,967.489,1.23234355,1.426,-11.532,307.486,307.486
492.307,1.033,1.009,307.958,12.371,0.795,-0.621,0.221,-1.231,331.103,48.901,-10.575,967.479,1.23550403,-25.258,-7.257,295.372,295.372
492.407,2.806,2.806,114.35,-1.357,-2.556,1.157,-0.066,-0.119,331.779,45.097,-10.569,967.489,1.23048365,-31.876,-7.603,292.74,292.74
492.507,3.692,3.691,105.844,1.522,-3.551,1.008,0.098,0.334,332.054,43.582,-10.585,967.487,1.22844505,-21.497,-12.358,297.155,297.155
492.607,1.642,1.636,121.08,5.179,-1.401,0.844,0.148,-0.023,331.838,44.833,-10.555,967.476,1.23003423,-10.753,-11.487,302.736,302.736
492.707,1.906,1.898,204.432,-5.475,0.785,1.728,-0.182,-0.387,331.617,46.057,-10.55,967.463,1.23165548,11.871,-9.741,309.063,309.063
492.807,1.027,1.026,208.997,-2.367,0.497,0.897,-0.042,-0.909,331.299,47.754,-10.575,967.49,1.2340529,18.98,-9.533,310.752,310.752
492.907,2.164,2.061,119.377,-17.723,-1.796,1.011,-0.659,-0.41,331.602,46.001,-10.587,967.492,1.23180294,30.712,-10.415,309.427,309.427
493.007,3.643,3.642,109.413,-1.638,-3.435,1.21,-0.104,0.398,332.093,43.432,-10.57,967.481,1.22814691,17.821,-13.237,310.41,310.41
493.107,2.155,2.155,94.809,0.0,-2.148,0.181,0.0,0.012,331.859,44.633,-10.579,967.502,1.22991121,-5.187,-11.136,304.733,304.733
493.207,0.8,0.8,197.245,0.813,0.237,0.764,0.011,0.024,331.866,44.592,-10.579,967.489,1.22983789,-3.795,-10.096,305.676,305.676
493.308,1.078,1.051,265.913,13.058,1.048,0.075,0.244,-0.494,331.551,46.274,-10.589,967.492,1.23217952,14.467,-11.644,309.847,309.847
493.408,0.302,0.289,301.108,-16.855,0.248,-0.149,-0.088,-0.861,331.328,47.644,-10.56,967.486,1.23383093,26.615,-10.8,310.584,310.584
493.508,-99.53,-99.51,0.0,0.0,-99.4,-99.41,-99.42,-99.44,-99.43,33.096,-99.44,967.491,13.70061493,6.255,-10.701,306.919,306.919
493.608,2.951,2.915,86.489,-8.935,-2.909,-0.178,-0.458,0.007,331.856,44.769,-10.546,967.464,1.22988176,-2.293,-9.663,305.762,305.762
493.708,1.142,1.134,78.655,-6.944,-1.112,-0.223,-0.138,-0.278,331.683,45.602,-10.575,967.5,1.23121536,0.168,-11.589,306.47,306.47
493.808,0.855,0.85,241.997,6.086,0.75,0.399,0.091,-0.558,331.513,46.599,-10.56,967.476,1.23244691,5.136,-13.409,307.747,307.747
493.908,0.76,0.677,333.92,26.951,0.298,-0.608,0.344,-1.125,331.168,48.632,-10.546,967.485,1.23502672,0.997,-12.145,307.137,307.137
494.008,1.598,1.536,96.64,-15.993,-1.525,0.178,-0.44,-0.201,331.729,45.386,-10.564,967.474,1.23083329,3.182,-10.423,307.301,307.301
494.108,4.64,4.594,87.219,-8.033,-4.589,-0.223,-0.648,0.114,331.92,44.251,-10.594,967.482,1.22942758,8.45,-11.13,308.339,308.339
494.208,2.619,2.606,82.535,-5.77,-2.583,-0.338,-0.263,-0.193,331.734,45.339,-10.57,967.481,1.23080599,-0.165,-11.368,306.523,306.523
494.309,0.335,0.22,255.447,49.006,0.213,0.055,0.253,-0.09,331.796,44.904,-10.597,967.487,1.23035288,-23.209,-9.113,296.113,296.113
494.409,0.455,0.455,266.166,0.0,0.454,0.03,0.0,-0.617,331.477,46.727,-10.579,967.484,1.23272467,-31.157,-9.442,292.032,292.032
494.509,1.947,1.932,132.367,7.318,-1.427,1.302,0.248,-0.311,331.662,45.677,-10.585,967.472,1.23132956,-20.822,-12.223,298.343,298.343
494.609,3.731,3.73,111.389,1.26,-3.474,1.361,0.082,0.458,332.13,43.209,-10.579,967.484,1.22788143,-25.985,-9.063,297.21,297.21
494.709,2.9,2.89,122.194,4.734,-2.446,1.54,0.239,0.093,331.908,44.346,-10.587,967.475,1.22951329,-32.726,-6.023,292.754,292.754
494.809,1.887,1.887,171.512,0.0,-0.279,1.867,0.0,0.027,331.868,44.582,-10.58,967.466,1.22979605,-34.425,-6.622,292.039,292.039
494.909,3.098,3.098,177.227,0.0,-0.15,3.095,0.0,-0.267,331.689,45.606,-10.564,967.473,1.23113108,-28.811,-9.609,295.364,295.364
495.009,4.912,4.89,165.463,5.481,-1.227,4.733,0.469,-0.337,331.646,45.763,-10.585,967.458,1.23142934,-30.364,-9.182,292.728,292.728
495.109,5.06,5.06,157.111,0.847,-1.968,4.661,0.075,-0.193,331.734,45.32,-10.575,967.46,1.23077917,-36.705,-6.882,291.247,291.247
495.209,5.663,5.637,156.516,5.516,-2.246,5.17,0.544,-0.012,331.844,44.746,-10.569,967.454,1.22995579,-34.556,-7.088,291.963,291.963
495.309,5.31,5.301,166.544,3.35,-1.234,5.156,0.31,-0.402,331.608,46.108,-10.55,967.44,1.23169494,-14.974,-6.499,301.815,301.815
495.409,5.105,5.097,179.125,3.164,-0.078,5.097,0.282,-0.357,331.635,45.955,-10.55,967.468,1.23152518,10.52,-11.729,308.947,308.947
495.509,5.644,5.644,173.122,0.0,-0.676,5.603,0.0,-0.546,331.519,46.506,-10.575,967.47,1.23238873,21.714,-10.682,310.208,310.208
495.61,5.689,5.687,157.211,1.375,-2.203,5.243,0.136,-0.484,331.557,46.274,-10.58,967.474,1.23211074,18.381,-12.231,310.05,310.05
495.71,5.693,5.686,150.717,2.907,-2.781,4.959,0.289,-0.184,331.74,45.38,-10.55,967.485,1.2307688,5.979,-12.434,308.716,308.716
495.81,5.754,5.714,160.614,6.78,-1.896,5.39,0.679,-0.063,331.813,44.824,-10.594,967.469,1.23020673,-4.735,-7.896,304.723,304.723
495.91,4.386,4.386,176.285,0.0,-0.284,4.377,0.0,-0.196,331.733,45.349,-10.569,967.511,1.23085582,-8.996,-9.444,303.682,303.682
496.01,5.339,5.339,176.739,0.0,-0.304,5.33,0.0,-0.528,331.531,46.461,-10.569,967.499,1.23233998,-14.122,-10.646,300.65,300.65
496.11,6.29,6.29,164.549,0.0,-1.676,6.062,0.0,-0.188,331.737,45.409,-10.546,967.51,1.23082018,-19.113,-9.258,299.21,299.21
496.21,6.193,6.193,158.021,0.0,-2.318,5.743,0.0,-0.088,331.798,44.974,-10.575,967.503,1.23035955,-10.865,-12.294,302.744,302.744
496.31,6.034,6.029,162.138,2.331,-1.849,5.739,0.245,0.018,331.863,44.682,-10.56,967.519,1.22990406,-9.093,-11.142,303.717,303.717
496.41,5.682,5.674,173.792,2.993,-0.614,5.641,0.297,-0.342,331.644,45.888,-10.555,967.524,1.23153174,-4.394,-10.153,305.235,305.235
496.51,6.334,6.327,174.814,2.748,-0.572,6.301,0.304,-0.12,331.779,45.118,-10.564,967.531,1.23053992,-5.553,-10.53,305.701,305.701
496.61,6.733,6.733,169.575,0.0,-1.218,6.621,0.0,-0.393,331.612,45.907,-10.597,967.524,1.23176622,-8.777,-9.198,304.628,304.628
496.71,6.728,6.728,165.369,0.0,-1.699,6.51,0.0,-0.418,331.598,46.07,-10.575,967.538,1.23189425,-12.88,-12.737,301.359,301.359
496.81,7.021,7.021,164.161,0.0,-1.916,6.755,0.0,-0.217,331.72,45.44,-10.564,967.515,1.23095989,-15.054,-10.321,301.832,301.832
496.911,7.605,7.605,165.236,0.0,-1.938,7.354,0.0,-0.449,331.579,46.23,-10.56,967.532,1.23202801,-15.611,-9.623,300.429,300.429
497.011,7.298,7.298,171.062,0.0,-1.134,7.209,0.0,-0.674,331.442,46.961,-10.57,967.537,1.23305035,-9.297,-10.182,302.82,302.82
497.111,8.348,8.331,169.34,3.65,-1.541,8.187,0.531,-0.394,331.612,46.008,-10.569,967.544,1.23179185,-3.177,-9.504,305.271,305.271
497.211,8.367,8.366,165.027,0.788,-2.161,8.082,0.115,-0.315,331.66,45.708,-10.579,967.532,1.23142314,2.105,-12.009,307.433,307.433
497.311,7.706,7.706,164.802,0.0,-2.02,7.436,0.0,-0.345,331.642,45.808,-10.579,967.543,1.23157167,12.287,-11.245,308.668,308.668
497.411,7.03,6.994,170.626,5.792,-1.139,6.9,0.709,-0.217,331.719,45.372,-10.583,967.573,1.23103356,17.191,-9.918,309.712,309.712
497.511,6.269,6.228,175.368,6.561,-0.503,6.208,0.716,-0.19,331.736,45.363,-10.56,967.573,1.23090816,20.312,-11.672,310.665,310.665
497.611,6.439,6.432,174.535,2.744,-0.613,6.403,0.308,-0.457,331.574,46.357,-10.533,967.578,1.23211837,11.164,-9.332,308.592,308.592
497.711,7.177,7.177,171.486,0.0,-1.063,7.098,0.0,-0.482,331.559,46.326,-10.564,967.607,1.2322706,-5.074,-9.969,304.668,304.668
497.811,7.527,7.527,161.275,0.0,-2.416,7.129,0.0,-0.358,331.634,45.939,-10.555,967.601,1.23170137,-7.066,-8.434,304.156,304.156
497.911,6.498,6.498,163.448,0.0,-1.851,6.229,0.0,-0.376,331.623,45.967,-10.564,967.6,1.23178113,-3.411,-12.298,306.084,306.084
498.011,6.433,6.363,174.934,8.427,-0.562,6.338,0.943,-0.277,331.683,45.569,-10.583,967.615,1.23135567,-0.279,-8.498,305.893,305.893
498.111,6.971,6.965,169.583,2.45,-1.259,6.85,0.298,-0.367,331.629,46.026,-10.541,967.614,1.23175907,-1.216,-10.321,305.724,305.724
498.212,7.702,7.696,168.238,2.284,-1.569,7.535,0.307,-0.385,331.617,45.879,-10.597,967.615,1.23184502,-0.785,-10.125,306.1,306.1
498.312,7.314,7.304,167.87,3.071,-1.535,7.141,0.392,0.098,331.911,44.391,-10.569,967.616,1.2296685,-1.484,-8.748,306.203,306.203
498.412,7.546,7.52,161.771,4.743,-2.353,7.143,0.624,0.116,331.922,44.364,-10.56,967.641,1.22961581,-1.66,-10.76,306.058,306.058
498.512,6.108,6.066,173.755,6.728,-0.66,6.03,0.716,-0.4,331.609,46.081,-10.555,967.622,1.23191845,-0.918,-10.018,306.221,306.221
498.612,6.418,6.413,176.023,2.242,-0.445,6.397,0.251,-0.525,331.533,46.502,-10.556,967.632,1.23249483,8.87,-9.51,308.454,308.454
498.712,6.297,6.297,172.71,0.0,-0.799,6.246,0.0,-0.564,331.509,46.564,-10.575,967.652,1.23269951,19.07,-10.198,310.586,310.586
498.812,6.543,6.542,164.743,0.662,-1.722,6.312,0.076,-0.41,331.603,46.097,-10.56,967.652,1.23200083,-31.181,-6.878,293.342,293.342
498.912,7.614,7.602,167.252,3.264,-1.677,7.414,0.434,-0.257,331.696,45.585,-10.56,967.658,1.23131824,-38.527,-5.993,289.645,289.645
499.012,8.501,8.501,171.284,0.323,-1.288,8.403,0.048,-0.435,331.587,46.078,-10.589,967.665,1.2321372,-37.22,-7.056,290.235,290.235
499.112,9.368,9.352,167.478,3.4,-2.028,9.129,0.556,-0.493,331.552,46.361,-10.564,967.654,1.23237884,-42.435,-5.737,286.515,286.515
499.212,9.408,9.407,168.924,0.929,-1.807,9.231,0.153,-0.251,331.699,45.512,-10.575,967.629,1.23125672,-40.948,-7.527,287.309,287.309
499.312,9.497,9.497,173.889,0.0,-1.011,9.443,0.0,-0.281,331.681,45.736,-10.541,967.625,1.23138356,-33.921,-5.405,294.445,294.445
499.412,10.088,10.077,177.001,2.65,-0.527,10.063,0.466,-0.502,331.547,46.407,-10.56,967.605,1.23235679,-25.973,-10.546,297.049,297.049
499.513,10.465,10.465,176.951,0.0,-0.557,10.45,0.0,-0.709,331.421,47.155,-10.55,967.583,1.23326743,-13.489,-11.001,301.485,301.485
499.613,11.665,11.665,163.056,0.0,-3.4,11.159,0.0,-0.321,331.657,45.851,-10.546,967.557,1.23147869,-3.926,-11.586,306.067,306.067
499.713,10.553,10.553,171.904,0.0,-1.486,10.448,0.0,-0.405,331.606,46.188,-10.531,967.573,1.23187482,7.318,-9.89,308.727,308.727
499.813,10.997,10.984,174.803,2.854,-0.995,10.938,0.548,-0.349,331.64,45.856,-10.57,967.567,1.23161733,13.438,-11.159,308.655,308.655
499.913,10.278,10.266,172.278,2.756,-1.379,10.173,0.494,-0.244,331.704,45.546,-10.559,967.573,1.23115122,18.512,-8.254,309.311,309.311
500.013,10.547,10.532,173.946,3.019,-1.111,10.474,0.555,-0.402,331.608,46.141,-10.541,967.591,1.23188615,15.838,-9.627,310.609,310.609
500.113,9.47,9.47,172.716,0.0,-1.201,9.394,0.0,-0.546,331.52,46.543,-10.564,967.618,1.23257446,30.764,-12.439,312.264,312.264
500.213,9.636,9.635,168.214,0.62,-1.968,9.432,0.104,-0.536,331.526,46.543,-10.555,967.628,1.23254287,-2.761,-32.334,312.257,312.257
500.313,8.871,8.864,163.956,2.213,-2.45,8.519,0.342,-0.51,331.542,46.451,-10.555,967.624,1.23241651,170.828,-167.351,227.851,227.851
500.413,8.255,8.204,182.645,6.375,0.379,8.195,0.917,-0.569,331.505,46.593,-10.572,967.654,1.23272705,1.089,88.908,339.586,339.586
500.513,9.29,9.257,200.268,4.828,3.207,8.684,0.782,-0.517,331.537,46.477,-10.555,967.584,1.2323997,-176.72,168.561,232.742,232.742
500.613,8.698,8.698,183.964,-0.634,0.601,8.677,-0.096,-0.541,331.523,46.579,-10.55,967.562,1.23248017,6.55,-69.779,343.178,343.178
500.713,9.238,9.238,163.701,0.0,-2.593,8.866,0.0,-0.357,331.635,45.92,-10.56,967.57,1.2316587,6.326,-81.104,0.74,0.74
500.814,8.51,8.484,176.972,4.465,-0.448,8.472,0.663,-0.307,331.665,45.737,-10.564,967.589,1.23145688,-178.425,102.067,211.581,211.581
500.914,7.661,7.658,189.226,1.659,1.228,7.559,0.222,-0.506,331.544,46.514,-10.535,967.502,1.23224318,-4.648,75.516,330.119,330.119
501.014,9.087,9.087,186.994,0.0,1.106,9.019,0.0,-0.41,331.603,46.101,-10.559,967.401,1.23168242,-10.903,78.129,334.951,334.951
501.114,8.16,8.153,187.916,2.389,1.123,8.075,0.34,-0.229,331.713,45.547,-10.545,967.391,1.23085034,177.941,-139.057,218.174,218.174
501.214,7.671,7.63,181.396,5.893,0.186,7.628,0.788,-0.206,331.727,45.451,-10.55,967.41,1.23077106,172.334,-101.945,180.898,180.898
501.314,7.19,7.186,174.033,1.978,-0.747,7.147,0.248,0.072,331.895,44.56,-10.545,967.488,1.22961974,-32.963,-34.421,284.572,284.572
501.414,6.845,6.822,171.725,4.682,-0.982,6.751,0.559,-0.363,331.631,46.049,-10.531,967.536,1.23164189,-2.127,-58.588,332.633,332.633
501.514,8.622,8.59,162.991,4.941,-2.513,8.214,0.743,-0.206,331.727,45.472,-10.545,967.586,1.23099601,24.177,1.11,308.443,308.443
501.614,8.399,8.399,167.951,0.0,-1.753,8.214,0.0,-0.385,331.618,46.068,-10.545,967.566,1.23177779,-4.674,62.901,320.194,320.194
501.714,8.274,8.274,174.482,0.0,-0.796,8.236,0.0,-0.557,331.513,46.667,-10.541,967.624,1.23262906,16.728,63.657,306.344,306.344
501.814,7.298,7.298,171.535,0.0,-1.074,7.219,0.0,-0.288,331.677,45.693,-10.559,967.616,1.23140585,-9.13,-54.35,322.505,322.505
501.914,8.056,8.048,161.874,2.586,-2.504,7.648,0.363,-0.34,331.645,45.934,-10.541,967.646,1.23167801,-7.166,-51.519,319.308,319.308
502.014,8.895,8.894,162.677,0.489,-2.648,8.491,0.076,-0.185,331.739,45.321,-10.567,967.636,1.23096776,-21.164,15.305,303.423,303.423
502.115,7.536,7.524,168.971,3.236,-1.439,7.385,0.425,-0.323,331.656,45.896,-10.536,967.639,1.2315917,-165.472,118.377,218.029,218.029
502.215,8.082,7.999,173.14,8.195,-0.955,7.942,1.152,-0.47,331.566,46.357,-10.545,967.647,1.2322669,-16.409,-27.462,300.818,300.818
502.315,8.301,8.203,174.661,8.793,-0.763,8.168,1.269,-0.17,331.749,45.352,-10.545,967.674,1.23094594,-13.967,-38.256,305.282,305.282
502.415,8.483,8.444,168.625,5.541,-1.665,8.278,0.819,-0.232,331.711,45.52,-10.555,967.655,1.23120248,7.828,-46.297,323.655,323.655
502.515,7.728,7.728,170.957,0.0,-1.215,7.632,0.0,-0.449,331.579,46.321,-10.536,967.629,1.23214877,35.641,51.328,283.546,283.546
502.615,6.815,6.815,172.015,0.009,-0.947,6.749,0.001,-0.445,331.582,46.303,-10.536,967.628,1.23212576,-12.603,31.682,309.205,309.205
502.715,7.434,7.425,174.571,2.86,-0.702,7.391,0.371,-0.189,331.737,45.414,-10.545,967.649,1.23099828,2.17,-45.839,321.076,321.076
502.815,6.912,6.912,166.924,0.0,-1.564,6.733,0.0,-0.019,331.84,44.826,-10.554,967.654,1.23024142,1.036,-23.053,309.656,309.656
502.915,6.849,6.849,176.197,0.0,-0.454,6.834,0.0,-0.35,331.639,45.908,-10.557,967.638,1.23171353,22.19,-8.604,309.348,309.348
503.015,7.899,7.849,179.238,6.417,-0.104,7.849,0.883,-0.589,331.493,46.718,-10.557,967.635,1.23279083,22.623,37.711,297.925,297.925
503.115,5.759,5.737,179.374,4.986,-0.063,5.736,0.5,-0.35,331.639,45.939,-10.548,967.597,1.23165965,13.488,-24.903,315.036,315.036
503.215,6.741,6.74,171.478,0.793,-0.999,6.666,0.093,-0.278,331.683,45.724,-10.541,967.575,1.231305,14.169,-32.937,319.583,319.583
503.315,5.998,5.998,175.025,-0.155,-0.52,5.976,-0.016,-0.259,331.695,45.68,-10.536,967.586,1.23123348,9.022,-26.67,314.193,314.193
503.416,5.691,5.689,186.971,1.82,0.69,5.647,0.181,-0.459,331.573,46.226,-10.57,967.565,1.2321136,18.818,-4.098,308.098,308.098
503.516,4.921,4.921,181.536,0.0,0.132,4.919,0.0,-0.93,331.286,47.848,-10.57,967.568,1.23424935,9.89,-24.049,314.504,314.504
503.616,5.496,5.488,164.751,-3.164,-1.443,5.295,-0.303,-0.647,331.458,46.929,-10.554,967.563,1.23296189,9.599,-35.384,320.824,320.824
503.716,5.151,5.151,155.104,0.068,-2.168,4.672,0.006,0.164,331.951,44.157,-10.575,967.569,1.22931159,16.956,-20.908,315.595,315.595
503.816,4.074,4.066,164.138,3.525,-1.111,3.911,0.25,0.105,331.915,44.423,-10.554,967.57,1.22957635,19.523,-6.435,309.827,309.827
503.916,3.349,3.329,190.573,-6.216,0.611,3.273,-0.363,-0.228,331.713,45.505,-10.556,967.575,1.23108125,6.097,-17.624,311.365,311.365
504.016,3.248,3.244,198.285,2.775,1.018,3.08,0.157,-0.654,331.455,46.99,-10.543,967.597,1.2330327,13.257,-18.56,314.363,314.363
504.116,2.128,2.099,166.059,-9.48,-0.506,2.037,-0.35,-0.725,331.411,47.215,-10.548,967.597,1.23335373,22.603,2.347,306.911,306.911
504.216,3.276,3.257,135.78,-6.161,-2.271,2.334,-0.352,0.225,331.989,44.132,-10.526,967.625,1.2291007,23.052,11.022,305.058,305.058
504.316,2.561,2.545,114.128,-6.244,-2.323,1.041,-0.279,0.293,332.03,43.881,-10.536,967.637,1.22881269,15.082,5.897,306.316,306.316
504.416,1.023,0.919,210.421,-26.067,0.465,0.792,-0.45,0.118,331.924,44.435,-10.538,967.631,1.22959125,13.234,1.165,307.889,307.889
504.517,2.045,2.042,249.205,3.124,1.909,0.725,0.111,-0.242,331.704,45.5,-10.57,967.63,1.23121834,9.303,7.102,308.172,308.172
504.617,1.067,1.06,290.879,6.281,0.991,-0.378,0.117,-0.955,331.271,47.966,-10.562,967.635,1.23444772,0.805,16.001,307.74,307.74
504.717,-99.53,-99.51,0.0,0.0,-99.4,-99.41,-99.42,-99.44,-99.43,33.234,-99.44,967.633,13.70263004,-13.397,13.198,306.494,306.494
504.817,-99.53,-99.51,0.0,0.0,-99.4,-99.41,-99.42,-99.44,-99.43,33.183,-99.44,967.628,13.70256233,-12.186,6.287,304.739,304.739
504.917,0.689,0.597,109.156,-29.872,-0.564,0.196,-0.343,-0.065,331.812,45.015,-10.543,967.638,1.23042798,-11.688,6.306,305.759,305.759
505.017,1.88,1.88,240.586,-0.175,1.638,0.923,-0.006,-0.211,331.724,45.475,-10.548,967.633,1.23107791,-11.103,19.423,307.695,307.695
505.117,2.02,2.02,267.056,0.0,2.017,0.104,0.0,-0.97,331.262,48.081,-10.546,967.639,1.23452067,-8.339,24.357,308.727,308.727
505.217,0.597,0.444,129.574,-41.987,-0.342,0.283,-0.399,-0.707,331.422,47.234,-10.527,967.63,1.23331344,-7.903,10.222,307.331,307.331
505.317,-99.53,-99.51,0.0,0.0,-99.4,-99.41,-99.42,-99.44,-99.43,33.206,-99.44,967.639,13.70271397,-6.423,4.598,306.513,306.513
505.417,1.151,1.146,89.497,-5.453,-1.146,-0.01,-0.109,0.051,331.883,44.654,-10.538,967.654,1.22992373,-5.639,8.706,307.232,307.232
505.517,1.637,1.631,240.452,-4.983,1.419,0.804,-0.142,0.081,331.901,44.557,-10.538,967.622,1.22974932,-9.001,-0.798,306.28,306.28
505.617,2.269,2.266,259.99,2.953,2.232,0.394,0.117,-0.618,331.476,46.838,-10.551,967.634,1.23291838,-8.515,-5.253,306.643,306.643
505.717,0.78,0.552,289.846,-45.013,0.519,-0.187,-0.552,-0.736,331.405,47.293,-10.538,967.643,1.23346269,-9.505,2.029,306.022,306.022
505.818,1.756,1.651,106.739,-19.895,-1.581,0.475,-0.597,0.26,332.01,43.951,-10.546,967.66,1.22899139,-7.582,-3.832,307.026,307.026
505.918,3.514,3.47,82.38,-9.058,-3.439,-0.46,-0.553,0.191,331.968,44.216,-10.534,967.655,1.22929418,-8.439,-10.717,306.552,306.552
506.018,0.427,0.259,342.549,-52.644,0.078,-0.247,-0.339,0.117,331.923,44.411,-10.546,967.636,1.22960699,-7.583,-4.063,305.963,305.963
506.118,2.01,2.01,259.562,0.0,1.977,0.364,0.0,-0.12,331.779,45.15,-10.555,967.651,1.23069155,-8.378,7.699,305.265,305.265
506.218,1.966,1.962,288.825,-3.751,1.857,-0.633,-0.129,-0.9,331.305,47.875,-10.536,967.646,1.23421109,-8.38,-6.199,306.443,306.443
506.318,-99.53,-99.51,0.0,0.0,-99.4,-99.41,-99.42,-99.44,-99.43,33.257,-99.44,967.629,13.70256519,-10.302,-8.793,304.92,304.92
506.418,-99.53,-99.51,0.0,0.0,-99.4,-99.41,-99.42,-99.44,-99.43,33.281,-99.44,967.629,13.70257187,-9.719,1.368,304.544,304.544
506.518,1.575,1.497,120.965,-18.054,-1.284,0.77,-0.488,0.002,331.853,44.752,-10.555,967.639,1.23012638,-9.099,7.049,304.823,304.823
506.618,1.471,1.468,236.017,3.491,1.218,0.821,0.09,-0.138,331.768,45.28,-10.536,967.631,1.23074567,-10.922,3.931,304.94,304.94
506.718,1.39,1.319,288.762,-18.356,1.249,-0.424,-0.438,-0.989,331.251,48.315,-10.503,967.638,1.23460221,-11.282,-8.37,304.898,304.898
506.818,1.52,1.272,123.677,-33.192,-1.059,0.705,-0.832,-0.583,331.498,46.82,-10.524,967.617,1.23273802,-11.143,-4.884,304.297,304.297
506.918,-99.53,-99.51,0.0,0.0,-99.4,-99.41,-99.42,-99.44,-99.43,33.244,-99.44,967.639,13.70271015,-8.966,0.406,306.055,306.055
507.018,1.161,1.149,86.056,-8.058,-1.147,-0.079,-0.163,-0.038,331.829,44.995,-10.524,967.644,1.23031282,-7.797,-2.041,305.922,305.922
507.119,1.354,1.319,226.681,-12.979,0.96,0.905,-0.304,-0.037,331.829,44.859,-10.56,967.647,1.23031175,-9.896,-10.442,304.937,304.937
507.219,1.797,1.792,260.938,4.342,1.769,0.282,0.136,-0.622,331.474,46.889,-10.541,967.646,1.23295236,-7.501,-13.947,307.057,307.057
507.319,0.269,0.106,87.229,-66.898,-0.106,-0.005,-0.248,-0.732,331.407,47.229,-10.551,967.639,1.23344088,-7.715,-7.251,306.844,306.844
507.419,2.963,2.927,100.839,-8.938,-2.875,0.55,-0.46,0.346,332.062,43.627,-10.56,967.646,1.22858787,-7.802,-7.857,305.665,305.665
507.519,2.714,2.635,92.711,-13.858,-2.633,0.125,-0.65,0.158,331.947,44.213,-10.565,967.648,1.22943842,-8.649,-9.577,306.627,306.627
507.619,0.738,0.734,168.649,-6.243,-0.144,0.719,-0.08,0.154,331.945,44.29,-10.546,967.66,1.22946846,-9.213,-9.245,306.134,306.134
507.719,1.668,1.655,264.161,7.056,1.646,0.168,0.205,-0.09,331.797,45.121,-10.536,967.636,1.23053575,-8.772,-5.096,304.821,304.821
507.819,1.169,1.134,300.803,14.051,0.974,-0.581,0.284,-0.879,331.317,47.658,-10.573,967.657,1.23413408,-9.779,-4.608,304.724,304.724
507.919,-99.53,-99.51,0.0,0.0,-99.4,-99.41,-99.42,-99.44,-99.43,33.231,-99.44,967.644,13.70278358,-9.465,-6.116,304.937,304.937
508.02,-99.53,-99.51,0.0,0.0,-99.4,-99.41,-99.42,-99.44,-99.43,33.257,-99.44,967.656,13.70295525,-10.148,-9.71,305.531,305.531
508.12,0.709,0.656,103.454,-22.31,-0.638,0.153,-0.269,-0.027,331.836,44.845,-10.555,967.641,1.23025823,-10.225,-6.455,304.741,304.741
508.22,1.375,1.373,234.975,2.598,1.124,0.788,0.062,-0.132,331.771,45.173,-10.56,967.633,1.23072481,-10.831,-6.354,305.655,305.655
508.32,1.336,1.263,283.714,18.968,1.227,-0.3,0.434,-1.022,331.23,48.265,-10.546,967.634,1.23475063,-11.122,-6.017,304.011,304.011
508.42,1.505,1.343,120.841,-26.835,-1.153,0.689,-0.679,-0.5,331.548,46.454,-10.546,967.618,1.23236537,-12.104,-2.742,305.017,305.017
508.52,-99.53,-99.51,0.0,0.0,-99.4,-99.41,-99.42,-99.44,-99.43,33.257,-99.44,967.635,13.70264721,-11.542,-7.428,303.82,303.82
508.62,1.83,1.808,92.27,-8.833,-1.807,0.072,-0.281,0.0,331.852,44.635,-10.589,967.638,1.23013616,-9.609,-7.402,304.99,304.99
508.72,1.399,1.382,226.377,-8.998,1.0,0.953,-0.219,0.05,331.883,44.688,-10.529,967.648,1.22991979,-9.764,-2.534,304.677,304.677
508.82,1.937,1.932,267.6,3.839,1.931,0.081,0.13,-0.572,331.504,46.618,-10.568,967.643,1.23272538,-8.082,1.874,305.214,305.214
508.921,0.636,0.566,317.198,-27.038,0.385,-0.416,-0.289,-0.696,331.429,47.106,-10.551,967.649,1.23329175,-7.355,-2.983,305.329,305.329
509.022,1.835,1.788,104.376,-13.065,-1.732,0.444,-0.415,0.313,332.042,43.767,-10.551,967.64,1.22873056,-7.248,-6.945,305.669,305.669
509.125,1.707,1.655,89.064,-14.177,-1.655,-0.027,-0.418,0.145,331.94,44.289,-10.555,967.649,1.22949719,-8.142,1.55,304.496,304.496
509.225,1.144,1.101,221.326,-15.777,0.727,0.827,-0.311,0.216,331.983,44.111,-10.541,967.657,1.22918749,-9.56,0.909,303.869,303.869
509.326,2.366,2.337,248.449,8.961,2.174,0.859,0.369,-0.12,331.779,45.202,-10.541,967.658,1.23070002,-10.31,-5.626,304.476,304.476
509.426,1.552,1.552,268.818,0.0,1.551,0.032,0.0,-0.975,331.259,48.153,-10.532,967.641,1.23454297,-8.751,-8.951,305.354,305.354
509.528,0.553,0.263,39.906,61.593,-0.169,-0.202,0.487,-0.566,331.508,46.66,-10.551,967.621,1.23266733,-7.305,-5.354,305.727,305.727
509.628,-99.53,-99.51,0.0,0.0,-99.4,-99.41,-99.42,-99.44,-99.43,33.257,-99.44,967.651,13.70288563,-7.65,-6.512,305.918,305.918
509.73,0.618,0.294,183.259,-61.636,0.017,0.293,-0.544,-0.017,331.841,44.759,-10.57,967.65,1.23022747,-9.534,-12.95,306.086,306.086
509.83,2.241,2.239,234.165,2.185,1.815,1.311,0.085,-0.122,331.777,45.174,-10.551,967.65,1.23070145,-11.1,-12.751,305.759,305.759
509.931,1.694,1.666,265.016,10.311,1.66,0.145,0.303,-0.93,331.286,47.802,-10.582,967.641,1.23434448,-11.947,-6.67,304.835,304.835
510.031,1.003,0.978,130.236,-12.822,-0.747,0.632,-0.223,-0.426,331.593,46.172,-10.555,967.64,1.23206079,-12.354,-8.011,304.898,304.898
510.131,-99.53,-99.51,0.0,0.0,-99.4,-99.41,-99.42,-99.44,-99.43,33.24,-99.44,967.647,13.70282078,-11.756,-7.717,305.317,305.317
510.232,1.517,1.432,67.756,-19.219,-1.325,-0.542,-0.499,0.201,331.974,44.14,-10.546,967.639,1.22923279,-11.058,-5.259,305.836,305.836
510.332,1.866,1.738,243.547,-21.271,1.556,0.774,-0.677,0.314,332.042,43.644,-10.585,967.635,1.22872221,-8.85,-6.464,305.418,305.418
510.434,2.089,2.089,266.566,0.0,2.085,0.125,0.0,-0.391,331.614,46.068,-10.551,967.636,1.23189497,-7.102,-5.737,306.643,306.643
510.534,0.477,0.466,282.869,-12.407,0.454,-0.104,-0.102,-0.533,331.528,46.456,-10.575,967.649,1.23255515,-7.58,-3.672,305.859,305.859
510.635,1.725,1.722,105.088,-3.437,-1.662,0.448,-0.103,0.52,332.167,43.047,-10.57,967.65,1.22781348,-8.116,-1.837,305.416,305.416
510.736,1.639,1.639,82.663,0.0,-1.626,-0.209,0.0,0.405,332.097,43.332,-10.592,967.65,1.22833383,-10.038,-3.82,305.305,305.305
510.836,0.778,0.726,221.805,-21.01,0.484,0.541,-0.279,0.468,332.135,43.135,-10.592,967.663,1.22806799,-10.647,-7.189,305.142,305.142
510.94,2.192,2.182,259.083,5.356,2.143,0.413,0.205,0.183,331.962,44.01,-10.6,967.644,1.22932339,-10.508,-5.207,305.124,305.124
511.04,1.671,1.651,287.418,8.95,1.575,-0.494,0.26,-0.732,331.407,47.195,-10.56,967.663,1.23347163,-9.336,-5.073,305.81,305.81
511.141,0.49,0.326,357.027,-48.222,0.017,-0.326,-0.365,-0.494,331.552,46.331,-10.573,967.653,1.23238337,-7.913,-7.94,306.285,306.285
511.241,-99.53,-99.51,0.0,0.0,-99.4,-99.41,-99.42,-99.44,-99.43,33.206,-99.44,967.667,13.70310116,-8.32,-10.396,306.018,306.018
511.341,0.494,0.356,97.081,-43.902,-0.353,0.044,-0.343,0.046,331.879,44.463,-10.596,967.658,1.22995889,-7.879,-10.247,305.439,305.439
511.442,1.889,1.887,232.98,2.302,1.507,1.136,0.076,-0.046,331.823,44.836,-10.575,967.639,1.23034692,-11.229,-6.976,304.712,304.712
511.541,1.762,1.762,268.022,0.0,1.761,0.061,0.0,-0.842,331.339,47.455,-10.592,967.658,1.23396659,-12.473,-7.965,304.016,304.016
511.641,0.442,0.368,121.961,-33.572,-0.313,0.195,-0.245,-0.429,331.59,46.044,-10.592,967.651,1.23209226,-12.871,-9.8,304.059,304.059
511.742,-99.53,-99.51,0.0,0.0,-99.4,-99.41,-99.42,-99.44,-99.43,33.189,-99.44,967.651,13.70288277,-11.977,-8.131,303.62,303.62
511.842,1.45,1.45,67.232,-0.46,-1.337,-0.561,-0.012,0.41,332.1,43.383,-10.573,967.638,1.22829425,-10.886,-6.541,304.312,304.312
511.942,1.461,1.454,246.406,-5.306,1.333,0.582,-0.135,0.449,332.124,43.27,-10.57,967.647,1.22812951,-9.157,-3.274,304.604,304.604
512.043,2.342,2.339,271.1,2.794,2.339,-0.045,0.114,-0.199,331.731,45.319,-10.581,967.659,1.23106074,-8.203,-6.174,305.248,305.248
512.143,0.846,0.842,312.695,5.228,0.619,-0.571,0.077,-0.403,331.607,46.038,-10.57,967.639,1.2319566,-8.006,-7.789,305.213,305.213
512.244,1.334,1.318,95.772,-8.837,-1.311,0.133,-0.205,0.608,332.221,42.715,-10.587,967.664,1.22743785,-8.066,-4.19,305.129,305.129
512.345,-99.53,-99.51,0.0,0.0,-99.4,-99.41,-99.42,-99.44,-99.43,33.203,-99.44,967.66,13.7030077,-9.917,-3.226,304.836,304.836
512.445,0.324,0.257,273.979,-37.385,0.257,-0.018,-0.197,0.536,332.177,42.915,-10.594,967.674,1.22777557,-10.271,-4.452,305.074,305.074
512.546,1.97,1.97,263.015,0.0,1.956,0.24,0.0,0.323,332.047,43.543,-10.606,967.661,1.22871876,-9.901,-5.718,304.299,304.299
512.648,1.671,1.665,289.348,-4.71,1.571,-0.552,-0.137,-0.563,331.51,46.639,-10.554,967.656,1.23269725,-9.157,-4.833,305.3,305.3
512.748,0.552,0.552,6.778,0.0,-0.065,-0.548,0.0,-0.304,331.666,45.557,-10.611,967.64,1.23151648,-7.931,-3.825,305.504,305.504
512.849,-99.53,-99.51,0.0,0.0,-99.4,-99.41,-99.42,-99.44,-99.43,33.167,-99.44,967.654,13.70291805,-8.265,-4.356,305.254,305.254
512.952,0.65,0.488,107.086,-41.396,-0.466,0.143,-0.43,0.023,331.865,44.568,-10.587,967.666,1.23006916,-8.238,-4.04,304.594,304.594
513.053,1.973,1.972,237.213,1.029,1.658,1.068,0.035,-0.144,331.764,45.125,-10.584,967.652,1.23080349,-8.735,-4.393,305.535,305.535
513.156,1.863,1.854,267.655,5.63,1.853,0.076,0.183,-0.849,331.335,47.418,-10.608,967.657,1.23399854,-10.31,-4.869,305.169,305.169
513.256,0.914,0.876,136.202,-16.646,-0.606,0.632,-0.262,-0.477,331.562,46.287,-10.57,967.65,1.23230267,-11.679,-3.18,305.231,305.231
513.355,-99.53,-99.51,0.0,0.0,-99.4,-99.41,-99.42,-99.44,-99.43,33.165,-99.44,967.65,13.70286846,-11.474,-3.369,304.152,304.152
513.455,1.175,1.172,69.048,3.776,-1.095,-0.419,0.077,0.225,331.988,43.919,-10.587,967.657,1.22915018,-11.026,-6.849,304.926,304.926
513.556,1.478,1.438,233.472,-13.371,1.155,0.856,-0.342,0.353,332.065,43.481,-10.596,967.637,1.22855079,-9.654,-7.628,305.552,305.552
513.656,2.118,2.115,260.841,3.197,2.088,0.337,0.118,-0.294,331.672,45.542,-10.606,967.651,1.23148406,-9.04,-7.592,304.702,304.702
513.76,0.672,0.667,301.864,6.803,0.567,-0.352,0.08,-0.53,331.529,46.383,-10.592,967.658,1.23255479,-8.398,-6.339,305.678,305.678
513.86,1.472,1.472,99.08,0.0,-1.453,0.232,0.0,0.475,332.139,43.106,-10.595,967.651,1.22802138,-9.46,-9.004,305.89,305.89
513.961,2.021,2.021,74.763,0.0,-1.95,-0.531,0.0,0.535,332.176,42.964,-10.581,967.662,1.22776139,-9.516,-11.086,305.447,305.447
514.062,0.419,0.107,134.987,-75.265,-0.075,0.075,-0.405,0.484,332.145,43.123,-10.581,967.662,1.22799063,-9.574,-8.419,306.788,306.788
514.162,1.772,1.753,263.408,8.426,1.741,0.201,0.26,0.285,332.024,43.662,-10.606,967.631,1.22885001,-9.793,-6.89,305.709,305.709
514.262,2.101,2.08,288.972,8.14,1.967,-0.676,0.298,-0.523,331.534,46.443,-10.57,967.651,1.23251128,-9.116,-6.927,305.437,305.437
514.362,1.083,1.076,308.551,-6.089,0.842,-0.671,-0.115,-0.303,331.667,45.578,-10.604,967.65,1.23152137,-8.79,-8.37,305.195,305.195
514.462,-99.53,-99.51,0.0,0.0,-99.4,-99.41,-99.42,-99.44,-99.43,33.128,-99.44,967.645,13.70278931,-8.469,-6.373,304.904,304.904
514.562,1.051,0.997,76.048,-18.506,-0.967,-0.24,-0.334,0.234,331.993,43.914,-10.581,967.648,1.22909832,-8.614,-4.212,304.797,304.797
514.662,1.05,1.029,251.101,11.487,0.973,0.333,0.209,0.164,331.951,44.107,-10.589,967.652,1.22941732,-9.29,-4.746,305.042,305.042
514.762,2.234,2.206,287.247,9.098,2.107,-0.654,0.353,-0.639,331.463,46.731,-10.599,967.644,1.23303127,-9.899,-4.482,304.567,304.567
514.862,0.388,0.171,221.998,-63.905,0.114,0.127,-0.348,-0.267,331.689,45.437,-10.61,967.657,1.23137009,-10.53,-5.012,304.664,304.664
514.963,1.624,1.622,98.83,-2.902,-1.603,0.249,-0.082,0.545,332.182,42.847,-10.606,967.653,1.22771156,-10.8,-5.625,304.52,304.52
515.063,1.44,1.435,66.958,4.342,-1.321,-0.562,0.109,0.455,332.128,43.134,-10.604,967.654,1.22811329,-10.69,-5.754,304.402,304.402
515.163,0.795,0.749,264.155,-19.521,0.745,0.076,-0.266,0.435,332.115,43.187,-10.606,967.639,1.22818398,-10.364,-6.153,304.648,304.648
515.263,2.18,2.18,279.432,0.0,2.15,-0.357,0.0,-0.158,331.755,45.059,-10.616,967.653,1.2308737,-9.815,-8.354,304.487,304.487
515.363,0.946,0.908,304.856,16.362,0.745,-0.519,0.267,-0.462,331.57,46.154,-10.592,967.646,1.23223364,-9.333,-8.896,304.549,304.549
515.463,1.536,1.536,89.394,0.051,-1.536,-0.016,0.001,0.588,332.208,42.622,-10.633,967.628,1.22748685,-9.325,-8.423,304.66,304.66
515.564,2.12,2.118,63.806,2.508,-1.901,-0.935,0.093,0.544,332.181,42.884,-10.596,967.656,1.22771847,-9.28,-7.159,305.334,305.334
515.667,0.34,0.321,74.428,19.214,-0.31,-0.086,0.112,0.507,332.159,42.921,-10.619,967.647,1.22787321,-9.615,-8.059,304.973,304.973
515.767,1.757,1.727,275.861,10.575,1.718,-0.176,0.322,0.163,331.95,44.05,-10.606,967.648,1.22941828,-9.622,-8.56,304.978,304.978
515.868,2.197,2.118,297.832,15.373,1.873,-0.989,0.582,-0.603,331.485,46.579,-10.606,967.655,1.23288143,-8.602,-6.416,304.87,304.87
515.968,0.885,0.885,36.859,0.0,-0.531,-0.708,0.0,-0.378,331.621,45.726,-10.633,967.655,1.23187101,-9.112,-4.496,304.995,304.995
516.068,-99.53,-99.51,0.0,0.0,-99.4,-99.41,-99.42,-99.44,-99.43,33.153,-99.44,967.652,13.70288944,-8.549,-4.349,305.253,305.253
516.172,0.845,0.843,69.843,-3.701,-0.792,-0.291,-0.055,0.288,332.026,43.602,-10.621,967.666,1.22888267,-8.801,-5.174,304.412,304.412
516.272,1.476,1.476,239.662,0.766,1.274,0.745,0.02,0.236,331.994,43.775,-10.619,967.658,1.22910643,-9.325,-3.928,304.639,304.639
516.372,1.643,1.643,268.351,0.0,1.642,0.047,0.0,-0.63,331.468,46.581,-10.631,967.659,1.2330122,-9.586,-2.99,304.485,304.485
516.472,0.713,0.709,134.198,-6.626,-0.508,0.494,-0.082,-0.395,331.611,45.796,-10.629,967.652,1.2319423,-9.891,-3.606,305.36,305.36
516.572,2.437,2.437,109.967,-1.052,-2.29,0.832,-0.045,0.4,332.093,43.23,-10.626,967.647,1.22835612,-10.204,-3.903,304.522,304.522
516.672,1.577,1.577,75.303,0.215,-1.526,-0.4,0.006,0.244,331.999,43.759,-10.616,967.652,1.22906005,-9.705,-5.062,304.295,304.295
516.774,0.947,0.896,227.962,-18.943,0.665,0.6,-0.307,0.285,332.024,43.601,-10.623,967.642,1.22886288,-10.038,-5.5,305.431,305.431
516.874,2.023,2.019,265.844,3.751,2.013,0.146,0.132,-0.145,331.762,44.963,-10.631,967.638,1.23079777,-9.793,-5.076,305.576,305.576
516.974,0.713,0.673,306.338,19.275,0.542,-0.399,0.235,-0.45,331.578,46.061,-10.606,967.655,1.23219085,-9.753,-5.388,305.441,305.441
517.075,1.705,1.705,105.634,0.194,-1.641,0.459,0.006,0.543,332.181,42.844,-10.609,967.634,1.2276926,-9.219,-6.674,305.282,305.282
517.175,2.213,2.213,82.21,0.0,-2.193,-0.3,0.0,0.506,332.159,42.992,-10.599,967.646,1.22787309,-9.113,-6.54,305.743,305.743
517.276,0.424,0.424,110.548,-0.999,-0.397,0.149,-0.007,0.51,332.16,42.82,-10.646,967.659,1.22787726,-9.072,-5.992,306.451,306.451
517.376,1.667,1.658,260.417,6.214,1.635,0.276,0.18,0.276,332.018,43.659,-10.616,967.626,1.22888553,-8.892,-5.251,305.075,305.075
517.476,1.301,1.258,293.861,14.868,1.15,-0.509,0.334,-0.517,331.537,46.234,-10.621,967.657,1.23249805,-9.178,-6.44,305.639,305.639
517.576,0.691,0.691,18.332,0.0,-0.217,-0.656,0.0,-0.486,331.555,46.068,-10.638,967.655,1.23235941,-9.181,-7.683,304.785,304.785
517.677,-99.53,-99.51,0.0,0.0,-99.4,-99.41,-99.42,-99.44,-99.43,33.115,-99.44,967.657,13.70297337,-8.882,-6.757,305.583,305.583
517.777,1.515,1.513,76.303,3.161,-1.47,-0.358,0.084,0.185,331.963,43.88,-10.635,967.656,1.22933257,-9.165,-6.514,305.319,305.319
517.877,0.707,0.701,231.798,7.117,0.551,0.434,0.088,0.162,331.949,44.001,-10.621,967.649,1.22942472,-11.974,-6.956,304.085,304.085
517.977,1.186,1.159,287.202,12.165,1.107,-0.343,0.25,-0.59,331.492,46.51,-10.614,967.661,1.23283374,-22.729,-7.705,299.027,299.027
518.077,0.677,0.668,85.469,-9.008,-0.666,-0.053,-0.106,-0.506,331.543,46.137,-10.638,967.646,1.23243904,-26.183,-5.498,296.916,296.916
518.177,3.027,3.026,104.263,1.186,-2.933,0.746,0.063,0.518,332.165,42.77,-10.653,967.638,1.2278167,-21.435,-6.402,299.99,299.99
518.277,2.014,2.011,94.74,-3.231,-2.004,0.166,-0.114,0.279,332.02,43.537,-10.648,967.645,1.22889864,-12.971,-6.837,303.487,303.487
518.377,0.63,0.567,250.202,-25.917,0.533,0.192,-0.275,0.202,331.973,43.816,-10.638,967.643,1.22924244,4.89,-6.632,308.012,308.012
518.478,2.156,2.106,281.727,12.324,2.062,-0.428,0.46,-0.139,331.766,44.837,-10.66,967.651,1.23078668,19.147,-6.463,308.992,308.992
518.578,1.206,1.201,301.322,-5.539,1.026,-0.624,-0.116,-0.624,331.471,46.479,-10.653,967.641,1.23296559,-1.396,-8.879,307.572,307.572
518.678,1.041,1.037,129.581,-5.225,-0.799,0.661,-0.095,0.25,332.003,43.781,-10.604,967.642,1.2290194,-14.743,-4.977,303.025,303.025
518.778,-99.53,-99.51,0.0,0.0,-99.4,-99.41,-99.42,-99.44,-99.43,33.089,-99.44,967.64,13.70273113,-10.302,-2.894,304.38,304.38
518.878,0.77,0.766,47.391,5.355,-0.564,-0.519,0.072,0.449,332.123,43.02,-10.643,967.636,1.22812152,-9.367,-7.43,304.629,304.629
518.978,1.488,1.486,266.205,2.969,1.483,0.098,0.077,0.242,331.998,43.773,-10.614,967.648,1.22906649,-9.848,-7.772,305.128,305.128
519.078,1.738,1.659,300.178,17.382,1.434,-0.834,0.519,-0.621,331.473,46.477,-10.651,967.651,1.23296511,-9.545,-4.338,304.347,304.347
519.179,1.326,1.277,308.735,-15.598,0.996,-0.799,-0.356,-0.573,331.503,46.38,-10.633,967.65,1.23274243,-9.066,-5.069,305.421,305.421
519.279,-99.53,-99.51,0.0,0.0,-99.4,-99.41,-99.42,-99.44,-99.43,33.061,-99.44,967.654,13.70292377,-10.288,-8.431,304.909,304.909
519.379,1.637,1.637,84.839,0.0,-1.63,-0.147,0.0,0.267,332.013,43.712,-10.609,967.643,1.22894645,-9.142,-8.421,305.497,305.497
519.479,0.864,0.847,234.536,11.541,0.69,0.491,0.173,0.19,331.966,43.895,-10.626,967.652,1.22930479,-9.976,-5.086,304.696,304.696
519.579,1.871,1.678,293.431,26.303,1.539,-0.667,0.829,-0.731,331.406,46.909,-10.635,967.655,1.23346448,-9.684,-7.16,306.061,306.061
519.679,0.471,0.394,96.035,-33.351,-0.392,0.041,-0.259,-0.57,331.504,46.335,-10.643,967.647,1.2327286,-9.741,-8.165,305.534,305.534
519.779,1.6,1.6,107.56,0.0,-1.525,0.483,0.0,0.339,332.056,43.382,-10.638,967.635,1.2286154,-10.131,-6.348,305.833,305.833
519.879,2.336,2.321,86.819,-6.672,-2.317,-0.129,-0.271,0.017,331.861,44.349,-10.654,967.64,1.23006916,-9.787,-4.748,305.502,305.502
519.979,0.155,0.05,56.643,70.987,-0.042,-0.028,0.146,0.208,331.977,43.881,-10.614,967.642,1.22921109,-10.193,-6.119,305.276,305.276
520.079,1.365,1.348,275.215,8.941,1.343,-0.123,0.212,-0.135,331.769,44.913,-10.635,967.648,1.23076332,-10.071,-6.054,305.367,305.367
520.18,1.17,0.975,314.035,33.565,0.701,-0.678,0.647,-0.6,331.486,46.443,-10.64,967.646,1.23286116,-10.016,-3.281,304.811,304.811
520.282,1.478,1.477,108.283,0.957,-1.403,0.463,0.025,0.499,332.153,42.826,-10.654,967.651,1.22792029,-9.512,-4.122,304.511,304.511
520.382,-99.53,-99.51,0.0,0.0,-99.4,-99.41,-99.42,-99.44,-99.43,33.064,-99.44,967.646,13.70281029,-9.749,-6.069,304.129,304.129
520.482,0.89,0.888,85.935,-3.29,-0.886,-0.063,-0.051,0.482,332.143,42.945,-10.635,967.65,1.22799289,-9.475,-4.357,304.932,304.932
520.583,1.54,1.511,252.197,11.209,1.439,0.462,0.299,0.322,332.046,43.506,-10.618,967.663,1.22872615,-9.336,-3.435,304.764,304.764
520.683,1.298,1.222,298.462,19.728,1.074,-0.582,0.438,-0.63,331.468,46.583,-10.631,967.653,1.23300743,-9.32,-5.814,304.313,304.313
520.783,0.663,0.58,340.397,-28.845,0.195,-0.547,-0.32,-0.58,331.498,46.384,-10.638,967.649,1.23277366,-9.421,-6.477,304.309,304.309
520.883,-99.53,-99.51,0.0,0.0,-99.4,-99.41,-99.42,-99.44,-99.43,33.089,-99.44,967.649,13.70284843,-9.423,-5.329,303.924,303.924
520.983,1.007,1.0,100.86,6.607,-0.982,0.188,0.116,0.243,331.998,43.77,-10.614,967.644,1.22905624,-9.843,-5.609,303.201,303.201
521.084,1.491,1.487,221.93,-4.012,0.994,1.106,-0.104,0.194,331.969,43.85,-10.635,967.653,1.22928762,-9.626,-7.13,303.838,303.838
521.184,1.808,1.808,249.284,0.0,1.691,0.64,0.0,-0.476,331.561,45.997,-10.648,967.646,1.23230064,-10.159,-7.115,303.767,303.767
521.284,0.713,0.618,161.499,-29.943,-0.196,0.586,-0.356,-0.659,331.45,46.681,-10.631,967.647,1.23312974,-9.534,-6.35,303.894,303.894
521.388,2.804,2.778,115.438,-7.794,-2.509,1.193,-0.38,0.179,331.96,43.991,-10.608,967.653,1.22935295,-9.979,-6.898,303.754,303.754
521.488,1.878,1.878,95.586,0.0,-1.869,0.183,0.0,0.122,331.925,44.053,-10.643,967.645,1.22960198,-9.865,-6.919,303.331,303.331
521.588,0.703,0.585,198.946,-33.685,0.19,0.553,-0.39,0.302,332.033,43.406,-10.665,967.656,1.22881222,-10.493,-6.232,303.821,303.821
521.688,2.009,2.004,242.443,4.18,1.776,0.927,0.146,-0.135,331.768,44.897,-10.64,967.647,1.23076534,-10.16,-6.69,304.267,304.267
521.789,0.822,0.812,268.112,-8.985,0.812,0.027,-0.128,-0.567,331.506,46.377,-10.629,967.653,1.23272181,-10.323,-7.323,303.524,303.524
521.889,1.989,1.988,106.599,-1.394,-1.905,0.568,-0.048,0.505,332.157,42.921,-10.621,967.649,1.22788644,-10.306,-6.661,303.792,303.792
521.989,-99.53,-99.51,0.0,0.0,-99.4,-99.41,-99.42,-99.44,-99.43,33.089,-99.44,967.641,13.70274067,-9.914,-6.409,304.161,304.161
522.09,0.698,0.668,86.927,-16.946,-0.667,-0.036,-0.204,0.434,332.114,43.136,-10.623,967.639,1.22819269,-9.767,-7.429,303.92,303.92
522.189,1.94,1.934,234.805,4.69,1.58,1.114,0.159,0.315,332.042,43.4,-10.654,967.656,1.22875082,-9.618,-8.167,304.191,304.191
522.29,1.32,1.307,281.327,7.88,1.282,-0.257,0.181,-0.567,331.506,46.324,-10.643,967.635,1.23269808,-9.795,-6.411,304.007,304.007
522.39,0.556,0.398,42.187,-44.245,-0.267,-0.295,-0.388,-0.403,331.606,45.807,-10.633,967.657,1.23198283,-9.691,-6.404,304.041,304.041
522.49,-99.53,-99.51,0.0,0.0,-99.4,-99.41,-99.42,-99.44,-99.43,33.092,-99.44,967.646,13.70281029,-9.985,-7.582,303.29,303.29
522.59,0.943,0.943,77.781,0.0,-0.922,-0.2,0.0,0.27,332.015,43.66,-10.621,967.657,1.22895324,-9.939,-6.278,303.793,303.793
522.692,1.328,1.327,227.122,-3.006,0.972,0.903,-0.07,0.256,332.006,43.729,-10.614,967.645,1.22899985,-9.835,-5.258,304.205,304.205
522.791,1.801,1.801,259.387,0.0,1.77,0.332,0.0,-0.361,331.631,45.757,-10.609,967.646,1.23177969,-9.874,-6.035,304.376,304.376
522.891,0.372,0.289,211.519,-39.059,0.151,0.247,-0.235,-0.689,331.432,46.707,-10.651,967.663,1.23328543,-9.85,-6.014,304.456,304.456
522.991,2.629,2.603,104.556,-8.179,-2.519,0.654,-0.374,0.324,332.048,43.469,-10.626,967.645,1.22869289,-9.891,-4.929,304.655,304.655
523.091,1.749,1.747,99.019,-2.952,-1.725,0.274,-0.09,0.244,331.998,43.648,-10.648,967.65,1.22906411,-9.867,-5.578,303.592,303.592
523.191,0.559,0.497,186.237,-27.349,0.054,0.494,-0.257,0.168,331.953,43.895,-10.646,967.644,1.22939336,-10.159,-6.412,303.188,303.188
523.291,2.036,2.012,244.543,8.95,1.816,0.865,0.317,-0.068,331.809,44.727,-10.626,967.64,1.2304529,-10.442,-5.534,303.873,303.873
523.392,1.198,1.196,276.25,3.198,1.189,-0.13,0.067,-0.575,331.501,46.369,-10.638,967.641,1.23274386,-10.372,-5.053,303.931,303.931
523.492,1.772,1.769,105.312,-3.289,-1.707,0.467,-0.102,0.304,332.036,43.586,-10.61,967.656,1.2287941,-9.984,-6.957,304.76,304.76
523.595,-99.53,-99.51,0.0,0.0,-99.4,-99.41,-99.42,-99.44,-99.43,33.078,-99.44,967.648,13.7028389,-9.857,-6.823,304.205,304.205
523.696,1.155,0.869,69.694,-41.208,-0.815,-0.302,-0.761,0.439,332.118,43.15,-10.614,967.658,1.2281903,-9.575,-5.531,305.003,305.003
523.795,1.982,1.98,239.096,-2.077,1.699,1.017,-0.072,0.385,332.085,43.294,-10.621,967.651,1.22842455,-9.6,-5.795,304.502,304.502
523.895,1.515,1.5,286.003,8.159,1.442,-0.413,0.215,-0.399,331.608,45.714,-10.654,967.644,1.23194969,-9.43,-7.042,304.325,304.325
523.995,0.622,0.614,4.809,-8.99,-0.051,-0.612,-0.097,-0.433,331.588,45.924,-10.628,967.647,1.23210597,-9.451,-5.894,304.004,304.004
524.095,-99.53,-99.51,0.0,0.0,-99.4,-99.41,-99.42,-99.44,-99.43,33.101,-99.44,967.64,13.70271969,-9.654,-4.682,304.008,304.008
524.195,1.523,1.523,80.856,0.0,-1.504,-0.242,0.0,0.438,332.117,43.188,-10.604,967.646,1.22818017,-9.666,-5.468,304.397,304.397
524.295,1.39,1.381,227.563,6.369,1.019,0.932,0.154,0.342,332.059,43.491,-10.604,967.64,1.22860444,-9.605,-6.074,303.957,303.957
524.397,2.072,2.054,258.689,7.53,2.014,0.403,0.272,-0.445,331.58,45.903,-10.646,967.657,1.23217821,-9.246,-4.627,303.543,303.543
524.496,0.501,0.319,232.937,-50.418,0.255,0.192,-0.386,-0.664,331.447,46.754,-10.616,967.64,1.23314118,-9.428,-4.947,304.524,304.524
524.596,2.307,2.283,105.607,-8.124,-2.199,0.614,-0.326,0.181,331.961,44.018,-10.599,967.626,1.22930813,-9.685,-6.34,303.751,303.751
524.696,2.111,2.091,91.445,-7.947,-2.09,0.053,-0.292,0.231,331.991,43.783,-10.621,967.658,1.22912943,-10.069,-5.83,303.812,303.812
524.796,0.585,0.505,175.11,-30.456,-0.043,0.503,-0.297,0.212,331.98,43.843,-10.621,967.653,1.22920728,-10.145,-5.493,304.029,304.029
524.896,2.046,2.027,244.232,7.796,1.826,0.881,0.278,-0.058,331.815,44.663,-10.635,967.662,1.23043597,-10.402,-6.482,303.683,303.683
524.997,1.009,0.978,268.832,14.116,0.978,0.02,0.246,-0.625,331.47,46.51,-10.646,967.635,1.23296249,-10.18,-7.532,303.448,303.448
525.097,1.561,1.533,106.486,-10.804,-1.47,0.435,-0.293,0.15,331.942,44.012,-10.629,967.645,1.22947407,-10.286,-6.535,304.418,304.418
525.198,-99.53,-99.51,0.0,0.0,-99.4,-99.41,-99.42,-99.44,-99.43,33.101,-99.44,967.657,13.70296192,-10.067,-6.177,304.106,304.106
525.297,0.784,0.67,92.762,-31.31,-0.669,0.032,-0.407,0.332,332.053,43.487,-10.614,967.647,1.22865844,-9.817,-7.803,304.112,304.112
525.398,1.732,1.728,234.849,3.617,1.413,0.995,0.109,0.204,331.975,43.819,-10.635,967.644,1.22923195,-9.706,-7.678,303.866,303.866
525.498,1.53,1.516,256.056,7.639,1.472,0.365,0.203,-0.619,331.475,46.6,-10.616,967.671,1.2329762,-9.834,-6.434,304.071,304.071
525.598,0.484,0.484,274.069,0.0,0.483,-0.034,0.0,-0.782,331.375,47.088,-10.635,967.662,1.23370624,-10.052,-6.799,303.492,303.492
525.698,-99.53,-99.51,0.0,0.0,-99.4,-99.41,-99.42,-99.44,-99.43,33.142,-99.44,967.647,13.70282078,-9.941,-7.401,304.562,304.562
525.798,1.576,1.568,98.951,-5.914,-1.548,0.244,-0.162,0.162,331.949,43.967,-10.631,967.654,1.22943234,-9.879,-7.151,304.161,304.161
525.898,1.12,1.104,210.801,-9.669,0.565,0.948,-0.188,0.032,331.87,44.303,-10.654,967.663,1.23003411,-9.786,-6.162,304.276,304.276
525.998,2.012,2.012,249.077,0.0,1.879,0.718,0.0,-0.555,331.513,46.319,-10.633,967.655,1.23266864,-9.841,-6.711,303.844,303.844
526.098,0.712,0.705,183.711,-8.133,0.046,0.703,-0.101,-0.848,331.335,47.332,-10.631,967.653,1.23399329,-9.717,-7.147,304.462,304.462
526.198,3.176,3.002,126.11,-19.037,-2.425,1.769,-1.036,0.025,331.866,44.425,-10.626,967.639,1.23003185,-9.831,-6.227,304.283,304.283
526.298,2.869,2.797,98.194,-12.828,-2.768,0.399,-0.637,0.127,331.928,44.125,-10.618,967.643,1.22957611,-9.943,-5.321,303.584,303.584
526.398,0.893,0.885,132.067,-7.706,-0.657,0.593,-0.12,0.096,331.909,44.226,-10.618,967.642,1.22971654,-10.095,-6.652,303.522,303.522
526.498,2.008,1.976,228.788,10.245,1.486,1.302,0.357,-0.15,331.759,44.907,-10.651,967.643,1.23082948,-10.233,-6.35,303.767,303.767
526.599,1.049,1.04,244.287,7.562,0.937,0.451,0.138,-0.766,331.386,47.148,-10.604,967.639,1.23359883,-10.002,-4.987,304.184,304.184
526.699,2.298,2.235,122.443,-13.458,-1.886,1.199,-0.535,-0.06,331.814,44.678,-10.633,967.632,1.2304076,-10.074,-5.138,303.623,303.623
526.8,3.744,3.744,112.702,0.0,-3.454,1.445,0.0,0.7,332.276,42.376,-10.604,967.658,1.22702157,-9.743,-6.148,303.663,303.663
526.899,1.642,1.642,113.216,-0.584,-1.509,0.647,-0.017,0.265,332.012,43.58,-10.648,967.636,1.228948,-9.716,-5.469,304.478,304.478
527.0,1.962,1.956,222.199,4.783,1.314,1.449,0.164,0.184,331.962,43.898,-10.631,967.636,1.22931159,-9.622,-4.553,303.687,303.687
527.099,1.652,1.635,246.307,8.328,1.497,0.657,0.239,-0.574,331.502,46.402,-10.628,967.634,1.23272896,-9.547,-5.351,303.537,303.537
527.199,0.415,0.368,215.875,27.295,0.216,0.299,0.19,-0.732,331.406,46.96,-10.623,967.635,1.23344469,-9.589,-5.903,304.21,304.21
527.299,-99.53,-99.51,0.0,0.0,-99.4,-99.41,-99.42,-99.44,-99.43,33.078,-99.44,967.654,13.70292759,-9.57,-5.294,303.566,303.566
527.4,1.315,1.315,106.481,0.0,-1.261,0.373,0.0,0.066,331.891,44.372,-10.604,967.646,1.22985446,-9.628,-5.452,303.855,303.855
527.5,1.312,1.306,207.342,-5.268,0.6,1.16,-0.12,0.068,331.892,44.323,-10.616,967.654,1.22985542,-9.379,-6.197,304.198,304.198
527.6,2.135,2.107,240.919,9.277,1.842,1.024,0.344,-0.473,331.563,45.967,-10.653,967.653,1.23229647,-9.265,-6.049,305.518,305.518
527.7,1.043,0.94,224.708,25.63,0.661,0.668,0.451,-1.007,331.239,47.951,-10.614,967.641,1.23469543,-9.405,-6.073,304.438,304.438
527.8,2.523,2.52,135.919,-2.987,-1.753,1.81,-0.131,-0.059,331.815,44.619,-10.648,967.651,1.23042536,-9.726,-6.497,303.485,303.485
527.9,-99.53,-99.51,0.0,0.0,-99.4,-99.41,-99.42,-99.44,-99.43,33.051,-99.44,967.654,13.70292759,-9.811,-6.23,303.381,303.381
528.0,0.971,0.928,140.636,-17.044,-0.589,0.718,-0.285,0.024,331.865,44.448,-10.621,967.641,1.23003983,-10.021,-5.944,304.097,304.097
528.1,2.28,2.249,225.742,9.498,1.611,1.569,0.376,-0.14,331.765,44.894,-10.645,967.645,1.23078537,-9.882,-6.361,303.715,303.715
528.201,1.2,1.177,238.913,11.324,1.008,0.608,0.236,-0.814,331.356,47.242,-10.623,967.647,1.2338295,-10.093,-6.288,303.516,303.516
528.301,2.127,2.123,119.654,-3.857,-1.845,1.05,-0.143,0.009,331.856,44.434,-10.638,967.645,1.23011148,-10.065,-5.984,304.662,304.662
528.401,3.444,3.444,103.552,0.707,-3.348,0.807,0.043,0.69,332.27,42.373,-10.614,967.643,1.2270472,-10.084,-6.045,304.274,304.274
528.502,1.396,1.396,106.78,-1.526,-1.337,0.403,-0.037,0.183,331.962,44.009,-10.6,967.643,1.22932065,-9.878,-6.722,304.575,304.575
528.602,1.905,1.903,222.754,-2.641,1.292,1.398,-0.088,0.197,331.97,43.917,-10.614,967.638,1.22925675,-9.866,-6.387,304.213,304.213
528.702,1.957,1.889,252.32,15.115,1.8,0.574,0.51,-0.472,331.564,46.033,-10.635,967.651,1.23229003,-9.735,-6.705,303.435,303.435
528.802,0.966,0.919,255.138,18.04,0.888,0.236,0.299,-0.727,331.409,46.96,-10.618,967.646,1.23343194,-9.849,-7.37,303.782,303.782
528.902,-99.53,-99.51,0.0,0.0,-99.4,-99.41,-99.42,-99.44,-99.43,33.101,-99.44,967.653,13.70290375,-9.659,-7.49,304.688,304.688
529.002,1.514,1.514,121.294,1.686,-1.293,0.786,0.045,0.157,331.946,44.019,-10.621,967.646,1.22944701,-9.549,-7.108,303.858,303.858
529.102,1.734,1.718,205.557,-7.796,0.741,1.55,-0.235,0.088,331.904,44.121,-10.654,967.649,1.2297622,-9.711,-7.391,303.997,303.997
529.203,16.414,15.239,224.007,-21.807,10.587,10.961,-6.097,-24.879,316.377,100.0,-10.626,967.633,1.35340643,-9.654,-8.166,304.404,304.404
529.303,1.172,1.145,248.515,12.235,1.065,0.419,0.248,-1.07,331.2,48.107,-10.631,967.644,1.23498607,-9.86,-7.33,303.498,303.498
529.403,2.132,2.072,138.896,-13.614,-1.362,1.561,-0.502,-0.268,331.687,45.262,-10.66,967.654,1.2313751,-9.853,-6.62,303.759,303.759
529.503,-99.53,-99.51,0.0,0.0,-99.4,-99.41,-99.42,-99.44,-99.43,33.078,-99.44,967.651,13.70287609,-10.014,-7.236,304.258,304.258
529.603,0.845,0.822,102.18,-13.281,-0.804,0.174,-0.194,0.103,331.914,44.209,-10.616,967.649,1.22968996,-10.126,-7.464,304.566,304.566
529.703,1.913,1.912,232.679,1.707,1.521,1.159,0.057,-0.038,331.828,44.612,-10.631,967.648,1.23032784,-10.128,-6.095,304.071,304.071
529.803,1.271,1.264,263.976,5.908,1.257,0.133,0.131,-0.642,331.461,46.64,-10.626,967.648,1.23305333,-10.094,-5.657,303.861,303.861
529.903,1.24,1.24,113.576,-1.128,-1.136,0.496,-0.024,0.024,331.866,44.483,-10.61,967.642,1.23003781,-10.025,-6.679,303.973,303.973
530.003,-99.53,-99.51,0.0,0.0,-99.4,-99.41,-99.42,-99.44,-99.43,33.064,-99.44,967.638,13.70270252,-9.986,-6.77,303.597,303.597
530.103,1.14,1.02,73.628,-26.525,-0.979,-0.288,-0.509,0.484,332.145,43.028,-10.609,967.645,1.22797298,-10.083,-5.301,303.527,303.527
530.204,1.713,1.652,238.674,-15.362,1.411,0.859,-0.454,0.396,332.092,43.285,-10.614,967.64,1.22836053,-10.077,-5.267,304.853,304.853
530.304,2.072,2.072,266.024,0.0,2.067,0.144,0.0,-0.201,331.729,45.161,-10.626,967.639,1.23104799,-9.878,-6.513,303.812,303.812
530.404,1.211,1.137,290.654,20.138,1.064,-0.401,0.417,-0.553,331.515,46.368,-10.618,967.647,1.2326479,-9.771,-5.801,304.204,304.204
530.504,-99.53,-99.51,0.0,0.0,-99.4,-99.41,-99.42,-99.44,-99.43,33.116,-99.44,967.642,13.70275784,-9.508,-4.716,304.972,304.972
530.604,2.083,2.083,80.814,0.0,-2.056,-0.333,0.0,0.356,332.067,43.362,-10.628,967.646,1.22855306,-9.563,-5.471,303.713,303.713
530.704,0.532,0.525,215.549,9.288,0.305,0.427,0.086,0.342,332.058,43.382,-10.635,967.643,1.22861016,-9.434,-5.791,304.121,304.121
530.804,1.732,1.732,262.75,0.0,1.718,0.219,0.0,-0.212,331.722,45.217,-10.621,967.655,1.23111868,-9.524,-4.728,304.131,304.131
530.904,1.192,1.001,295.511,32.913,0.903,-0.431,0.648,-0.883,331.314,47.511,-10.616,967.641,1.23413479,-9.609,-4.603,304.579,304.579
531.004,1.18,1.15,110.009,-13.017,-1.08,0.393,-0.266,0.143,331.937,44.064,-10.621,967.647,1.22951102,-9.699,-5.608,304.304,304.304
531.104,-99.53,-99.51,0.0,0.0,-99.4,-99.41,-99.42,-99.44,-99.43,33.08,-99.44,967.63,13.70258617,-9.661,-5.33,304.17,304.17
531.204,1.226,1.199,76.655,-12.013,-1.167,-0.277,-0.255,0.253,332.005,43.755,-10.609,967.637,1.22900081,-9.673,-4.528,303.884,303.884
531.304,1.578,1.578,249.234,-0.61,1.475,0.559,-0.017,0.151,331.942,43.961,-10.643,967.636,1.22946119,-9.783,-5.533,303.941,303.941
531.405,1.74,1.635,256.574,19.916,1.591,0.38,0.593,-0.646,331.458,46.701,-10.614,967.655,1.23307991,-9.893,-6.134,304.101,304.101
531.505,0.907,0.906,109.858,-2.301,-0.852,0.308,-0.036,-0.027,331.835,44.672,-10.604,967.648,1.23027313,-9.963,-5.491,303.669,303.669
531.605,2.414,2.414,82.28,0.0,-2.392,-0.324,0.0,0.76,332.312,42.071,-10.64,967.636,1.22672856,-9.933,-5.457,303.916,303.916
531.705,1.746,0.523,51.939,-72.573,-0.412,-0.322,-1.666,0.518,332.165,42.891,-10.618,967.621,1.22779191,-10.013,-6.379,304.592,304.592
531.805,1.269,1.229,257.711,14.271,1.201,0.262,0.313,0.485,332.145,42.966,-10.626,967.651,1.2279799,-9.803,-6.555,303.892,303.892
531.905,2.129,2.129,272.93,0.0,2.126,-0.109,0.0,-0.179,331.742,45.144,-10.61,967.652,1.23096359,-9.894,-6.151,304.116,304.116
532.005,0.877,0.869,273.104,7.913,0.867,-0.047,0.121,-0.676,331.44,46.821,-10.609,967.647,1.23320329,-9.892,-6.246,304.037,304.037
532.105,-99.53,-99.51,0.0,0.0,-99.4,-99.41,-99.42,-99.44,-99.43,33.128,-99.44,967.654,13.70292759,-9.792,-6.765,304.194,304.194
532.205,-99.53,-99.51,0.0,0.0,-99.4,-99.41,-99.42,-99.44,-99.43,33.102,-99.44,967.643,13.7027626,-9.892,-6.533,303.824,303.824
532.305,0.577,0.53,183.394,-23.405,0.031,0.529,-0.229,-0.024,331.836,44.613,-10.618,967.65,1.23026526,-9.7,-6.917,303.852,303.852
532.405,1.957,1.926,243.293,10.172,1.721,0.866,0.346,-0.368,331.627,45.78,-10.609,967.641,1.23180473,-9.827,-6.544,304.203,304.203
532.505,0.844,0.77,266.827,24.137,0.769,0.043,0.345,-1.097,331.184,48.271,-10.614,967.626,1.23508787,-9.857,-6.413,304.763,304.763
532.606,1.89,1.705,117.282,-25.597,-1.515,0.781,-0.817,-0.38,331.62,45.89,-10.589,967.64,1.23185444,-9.884,-6.812,304.192,304.192
532.706,-99.53,-99.51,0.0,0.0,-99.4,-99.41,-99.42,-99.44,-99.43,33.061,-99.44,967.625,13.70251942,-9.892,-7.327,303.694,303.694
532.806,1.241,1.214,99.282,-11.795,-1.199,0.196,-0.254,0.004,331.854,44.643,-10.584,967.641,1.23012376,-10.076,-6.715,303.803,303.803
532.906,2.067,2.067,226.995,-0.835,1.511,1.41,-0.03,-0.054,331.818,44.666,-10.631,967.641,1.23039174,-9.879,-6.606,303.813,303.813
533.006,1.674,1.667,253.068,5.365,1.595,0.485,0.157,-0.741,331.4,46.979,-10.626,967.63,1.23347867,-10.119,-7.227,304.749,304.749
533.106,1.197,1.195,129.826,2.82,-0.918,0.766,0.059,-0.362,331.631,45.695,-10.626,967.644,1.23178184,-10.055,-7.448,303.786,303.786
533.206,2.961,2.961,105.774,-1.04,-2.849,0.805,-0.054,0.535,332.176,42.778,-10.635,967.642,1.22774196,-9.975,-6.223,304.211,304.211
533.307,0.945,0.945,92.09,0.0,-0.944,0.034,0.0,0.171,331.955,43.998,-10.614,967.631,1.22936225,-9.953,-6.776,303.294,303.294
533.406,1.109,1.109,227.066,-0.673,0.812,0.756,-0.013,0.169,331.953,44.006,-10.614,967.621,1.22935951,-9.945,-7.361,304.291,304.291
533.506,2.045,2.005,249.778,11.322,1.882,0.693,0.401,-0.381,331.619,45.842,-10.604,967.646,1.23187017,-9.78,-6.317,304.36,304.36
533.607,0.846,0.828,270.803,11.766,0.828,-0.012,0.173,-0.928,331.287,47.787,-10.584,967.628,1.23431838,-9.849,-5.831,304.999,304.999
533.707,-99.53,-99.51,0.0,0.0,-99.4,-99.41,-99.42,-99.44,-99.43,33.116,-99.44,967.619,13.7024231,-9.722,-6.617,304.32,304.32
533.807,-99.53,-99.51,0.0,0.0,-99.4,-99.41,-99.42,-99.44,-99.43,33.102,-99.44,967.639,13.70271397,-9.728,-6.325,303.549,303.549
533.907,0.75,0.708,162.261,-19.233,-0.216,0.674,-0.247,-0.07,331.808,44.797,-10.609,967.64,1.23046029,-9.741,-5.507,304.103,304.103
534.007,2.075,2.073,242.053,2.716,1.831,0.972,0.098,-0.354,331.636,45.805,-10.589,967.631,1.23172796,-9.548,-5.711,303.781,303.781
534.107,1.152,1.135,266.506,9.715,1.133,0.069,0.194,-1.094,331.186,48.317,-10.599,967.629,1.23507416,-9.552,-6.318,304.199,304.199
534.207,2.019,1.939,127.025,-16.099,-1.548,1.168,-0.56,-0.368,331.628,45.811,-10.6,967.638,1.23179805,-9.541,-5.833,304.168,304.168
534.307,-99.53,-99.51,0.0,0.0,-99.4,-99.41,-99.42,-99.44,-99.43,33.142,-99.44,967.626,13.70253086,-9.636,-5.095,304.225,304.225
534.407,0.938,0.873,105.439,-21.368,-0.842,0.232,-0.342,0.021,331.864,44.474,-10.616,967.623,1.23002732,-9.676,-5.785,304.573,304.573
534.507,2.129,2.129,227.287,0.342,1.564,1.444,0.013,0.03,331.869,44.392,-10.631,967.646,1.2300185,-9.905,-6.234,304.631,304.631
534.608,1.873,1.867,260.51,4.697,1.842,0.308,0.153,-0.693,331.43,46.934,-10.594,967.622,1.23324847,-9.854,-5.363,304.227,304.227
534.708,0.478,0.36,115.502,-41.271,-0.325,0.155,-0.316,-0.555,331.513,46.357,-10.623,967.619,1.23262441,-9.793,-5.306,304.339,304.339
534.808,2.772,2.772,112.917,0.0,-2.553,1.079,0.0,0.407,332.098,43.303,-10.599,967.642,1.22831416,-9.755,-6.128,304.052,304.052
534.908,1.046,1.025,101.129,11.447,-1.006,0.198,0.208,0.298,332.032,43.63,-10.604,967.624,1.22878087,-9.928,-5.925,303.698,303.698
535.008,1.329,1.323,226.376,-5.206,0.958,0.913,-0.121,0.271,332.016,43.732,-10.599,967.645,1.22892737,-9.741,-5.583,303.953,303.953
535.108,2.167,2.106,256.129,13.613,2.045,0.505,0.51,-0.517,331.536,46.2,-10.631,967.641,1.23248041,-9.881,-5.97,303.865,303.865
535.208,1.137,1.137,264.446,0.0,1.132,0.11,0.0,-0.927,331.288,47.709,-10.604,967.632,1.23432076,-9.63,-6.464,304.08,304.08
535.308,-99.53,-99.51,0.0,0.0,-99.4,-99.41,-99.42,-99.44,-99.43,33.08,-99.44,967.634,13.70264149,-9.752,-6.101,303.639,303.639
535.408,-99.53,-99.51,0.0,0.0,-99.4,-99.41,-99.42,-99.44,-99.43,33.128,-99.44,967.628,13.70255756,-9.537,-6.4,304.564,304.564
535.508,0.493,0.301,100.176,-52.359,-0.296,0.053,-0.39,0.002,331.852,44.624,-10.591,967.626,1.23011553,-9.598,-7.106,304.826,304.826
535.608,1.928,1.928,231.613,-0.14,1.511,1.197,-0.005,-0.328,331.652,45.664,-10.604,967.632,1.23161221,-9.533,-7.077,304.253,304.253
535.708,1.253,1.243,252.362,7.228,1.184,0.377,0.158,-1.073,331.199,48.205,-10.609,967.626,1.23497653,-9.511,-6.592,304.568,304.568
535.808,1.812,1.782,121.903,-10.571,-1.512,0.942,-0.332,-0.349,331.639,45.696,-10.614,967.632,1.23170531,-9.538,-7.278,303.837,303.837
535.909,-99.53,-99.51,0.0,0.0,-99.4,-99.41,-99.42,-99.44,-99.43,33.092,-99.44,967.625,13.70250702,-9.742,-7.705,303.853,303.853
536.009,1.729,1.719,98.419,-6.175,-1.7,0.252,-0.186,-0.044,331.824,44.773,-10.591,967.639,1.23033965,-9.932,-6.663,303.55,303.55
536.109,1.209,1.193,228.396,-9.449,0.892,0.792,-0.198,-0.013,331.843,44.591,-10.614,967.632,1.23019123,-10.115,-6.773,303.241,303.241
536.209,1.753,1.73,252.129,9.407,1.646,0.531,0.287,-0.669,331.445,46.872,-10.589,967.641,1.23316288,-10.069,-7.438,304.264,304.264
536.309,0.338,0.334,139.195,-8.779,-0.218,0.253,-0.052,-0.624,331.472,46.59,-10.623,967.63,1.23294783,-10.044,-7.163,303.992,303.992
536.409,2.718,2.717,110.666,-1.924,-2.542,0.959,-0.091,0.382,332.083,43.409,-10.591,967.64,1.22842491,-9.862,-6.569,304.335,304.335
536.509,1.479,1.479,97.572,0.0,-1.466,0.195,0.0,0.214,331.981,43.882,-10.608,967.627,1.2291652,-10.085,-7.02,303.613,303.613
536.61,1.314,1.293,206.192,-10.33,0.571,1.16,-0.236,0.217,331.983,43.957,-10.584,967.642,1.22916651,-10.003,-7.41,303.474,303.474
536.71,2.262,2.24,244.409,8.047,2.02,0.968,0.317,-0.125,331.775,44.976,-10.608,967.641,1.23070633,-10.046,-6.92,303.97,303.97
536.81,1.151,0.968,256.047,32.815,0.939,0.233,0.624,-0.811,331.358,47.262,-10.616,967.63,1.2337966,-9.995,-6.788,303.897,303.897
536.91,-99.53,-99.51,0.0,0.0,-99.4,-99.41,-99.42,-99.44,-99.43,33.092,-99.44,967.643,13.70277214,-9.808,-7.297,303.956,303.956
537.01,-99.53,-99.51,0.0,0.0,-99.4,-99.41,-99.42,-99.44,-99.43,33.102,-99.44,967.63,13.70258236,-9.967,-6.961,303.899,303.899
537.11,0.683,0.643,124.033,-19.608,-0.533,0.36,-0.229,0.034,331.872,44.519,-10.591,967.625,1.22996831,-9.613,-6.587,303.507,303.507
537.21,2.183,2.178,233.147,4.207,1.742,1.306,0.16,-0.192,331.735,45.227,-10.6,967.627,1.23099017,-9.607,-6.8,304.539,304.539
537.31,1.594,1.594,251.229,0.0,1.509,0.513,0.0,-0.95,331.273,47.773,-10.609,967.629,1.234424,-9.527,-6.697,304.513,304.513
537.41,1.135,1.119,126.4,-9.665,-0.901,0.664,-0.191,-0.457,331.573,46.044,-10.618,967.626,1.23218846,-9.6,-6.118,304.205,304.205
537.511,-99.53,-99.51,0.0,0.0,-99.4,-99.41,-99.42,-99.44,-99.43,33.102,-99.44,967.634,13.70264435,-9.695,-6.036,304.347,304.347
537.611,1.187,1.184,92.663,4.235,-1.183,0.055,0.088,0.111,331.918,44.209,-10.609,967.63,1.22963035,-9.771,-6.286,303.702,303.702
537.711,1.655,1.655,230.379,-0.456,1.275,1.056,-0.013,0.174,331.957,44.025,-10.604,967.622,1.22933626,-9.846,-6.084,304.033,304.033
537.811,2.046,2.039,258.748,4.67,2.0,0.398,0.167,-0.506,331.543,46.21,-10.618,967.635,1.23242259,-9.802,-5.58,304.226,304.226
537.911,0.416,0.396,236.894,17.855,0.332,0.216,0.128,-0.614,331.478,46.574,-10.618,967.631,1.23290288,-9.72,-5.547,303.872,303.872
538.011,2.261,2.261,112.185,0.0,-2.093,0.854,0.0,0.392,332.089,43.332,-10.604,967.623,1.228356,-9.838,-5.58,304.225,304.225
538.111,1.481,1.481,101.808,-0.085,-1.45,0.303,-0.002,0.304,332.036,43.594,-10.608,967.636,1.22876835,-9.865,-5.635,303.706,303.706
538.211,1.211,1.146,208.977,-18.805,0.555,1.003,-0.39,0.332,332.052,43.489,-10.614,967.629,1.22863734,-9.861,-5.665,304.476,304.476
538.311,2.337,2.33,248.559,4.171,2.169,0.852,0.17,-0.001,331.85,44.622,-10.594,967.629,1.23013306,-10.097,-5.177,304.343,304.343
538.411,1.234,1.234,274.299,0.0,1.231,-0.093,0.0,-0.807,331.36,47.219,-10.623,967.631,1.23377907,-9.946,-4.894,304.028,304.028
538.512,-99.53,-99.51,0.0,0.0,-99.4,-99.41,-99.42,-99.44,-99.43,33.066,-99.44,967.632,13.7026062,-9.93,-5.059,303.909,303.909
538.612,-99.53,-99.51,0.0,0.0,-99.4,-99.41,-99.42,-99.44,-99.43,33.092,-99.44,967.621,13.70246124,-9.7,-5.769,303.511,303.511
538.712,0.254,0.224,81.496,-28.2,-0.221,-0.033,-0.12,0.068,331.893,44.424,-10.587,967.639,1.2298317,-9.754,-5.122,303.926,303.926
538.814,2.03,2.026,241.001,3.819,1.772,0.982,0.135,-0.121,331.777,44.881,-10.631,967.618,1.23066103,-9.507,-4.459,304.073,304.073
538.914,1.622,1.622,272.208,0.0,1.621,-0.062,0.0,-0.762,331.388,47.151,-10.6,967.633,1.23357356,-9.778,-5.527,303.77,303.77
539.014,1.201,1.14,109.328,-18.318,-1.076,0.377,-0.378,-0.362,331.631,45.778,-10.604,967.634,1.23176908,-9.768,-5.895,304.215,304.215
539.114,-99.53,-99.51,0.0,0.0,-99.4,-99.41,-99.42,-99.44,-99.43,33.08,-99.44,967.624,13.70249271,-9.79,-4.898,303.322,303.322
539.214,1.414,1.414,89.012,0.0,-1.413,-0.024,0.0,0.043,331.877,44.478,-10.594,967.628,1.22993195,-9.936,-4.79,303.825,303.825
539.314,0.892,0.88,231.269,-9.323,0.687,0.551,-0.144,0.113,331.92,44.202,-10.608,967.633,1.22962272,-9.798,-6.011,304.531,304.531
539.414,1.842,1.837,263.397,4.486,1.824,0.211,0.144,-0.366,331.629,45.824,-10.594,967.629,1.23177707,-9.788,-6.15,304.444,304.444
539.514,0.296,0.284,250.477,-16.283,0.268,0.095,-0.083,-0.603,331.485,46.597,-10.602,967.638,1.23286164,-9.861,-5.301,304.171,304.171
539.614,2.032,2.032,110.338,0.44,-1.906,0.706,0.016,0.315,332.043,43.609,-10.594,967.642,1.22872639,-10.063,-5.317,304.37,304.37
539.714,-99.53,-99.51,0.0,0.0,-99.4,-99.41,-99.42,-99.44,-99.43,33.102,-99.44,967.65,13.7028656,-10.205,-6.217,304.902,304.902
539.814,0.87,0.784,181.233,-25.802,0.017,0.783,-0.379,0.248,332.001,43.685,-10.634,967.63,1.22901893,-10.19,-5.828,303.545,303.545
539.914,2.108,2.095,246.182,6.444,1.917,0.846,0.237,-0.059,331.816,44.863,-10.579,967.629,1.23039067,-9.956,-5.509,303.751,303.751
540.015,1.468,1.384,258.934,19.491,1.358,0.266,0.49,-0.807,331.361,47.364,-10.585,967.619,1.2337606,-9.821,-6.026,304.38,304.38
540.115,0.729,0.317,110.944,-64.247,-0.296,0.113,-0.657,-0.633,331.466,46.602,-10.628,967.651,1.23301768,-9.983,-6.462,303.767,303.767
540.215,-99.53,-99.51,0.0,0.0,-99.4,-99.41,-99.42,-99.44,-99.43,33.092,-99.44,967.623,13.7024889,-9.849,-6.246,304.703,304.703
540.315,0.935,0.929,145.377,6.354,-0.528,0.764,0.103,-0.041,331.826,44.779,-10.587,967.62,1.23029971,-9.991,-6.177,303.753,303.753
540.415,2.041,2.035,211.664,-4.546,1.068,1.732,-0.162,-0.061,331.814,44.817,-10.594,967.632,1.23040605,-9.949,-6.485,304.421,304.421
540.515,1.807,1.721,246.854,17.718,1.583,0.677,0.55,-0.799,331.366,47.335,-10.585,967.645,1.23375475,-9.778,-6.709,305.154,305.154
540.615,1.259,1.168,150.692,-21.892,-0.572,1.018,-0.469,-0.649,331.457,46.709,-10.614,967.645,1.23307776,-9.813,-6.465,304.516,304.516
540.715,2.821,2.816,118.878,-3.238,-2.466,1.36,-0.159,0.251,332.004,43.821,-10.591,967.647,1.22901988,-9.454,-6.735,304.092,304.092
540.815,1.684,1.683,107.807,-1.991,-1.602,0.515,-0.058,0.075,331.897,44.348,-10.602,967.638,1.22980022,-9.576,-6.958,304.812,304.812
540.916,1.331,1.319,213.905,-7.72,0.736,1.094,-0.179,0.176,331.958,44.084,-10.585,967.617,1.22931755,-9.922,-6.792,304.104,304.104
541.015,2.154,2.136,247.676,7.382,1.976,0.811,0.277,-0.343,331.642,45.671,-10.616,967.635,1.231686,-9.848,-6.432,304.11,304.11
541.115,0.547,0.546,246.154,3.11,0.5,0.221,0.03,-0.711,331.419,46.995,-10.594,967.622,1.23332798,-10.315,-6.402,304.721,304.721
541.216,2.392,2.388,124.807,-3.364,-1.961,1.363,-0.14,0.176,331.958,43.995,-10.61,967.631,1.22934031,-9.936,-6.849,304.069,304.069
541.316,2.824,2.79,95.183,-8.938,-2.778,0.252,-0.439,0.28,332.021,43.676,-10.607,967.638,1.22888243,-9.984,-6.335,303.932,303.932
541.416,0.885,0.737,134.778,-33.626,-0.523,0.519,-0.49,0.204,331.975,43.934,-10.602,967.625,1.22920406,-9.652,-6.598,303.863,303.863
541.516,2.173,2.154,234.262,7.615,1.748,1.258,0.288,-0.02,331.839,44.695,-10.591,967.621,1.23020768,-10.467,-6.459,303.878,303.878
541.616,1.126,1.126,248.855,0.0,1.05,0.406,0.0,-0.766,331.386,47.221,-10.585,967.629,1.23358643,-10.111,-6.112,303.887,303.887
541.716,0.213,0.047,160.784,-77.201,-0.016,0.045,-0.208,-0.607,331.482,46.611,-10.602,967.62,1.23285675,-9.934,-6.013,303.58,303.58
541.816,-99.53,-99.51,0.0,0.0,-99.4,-99.41,-99.42,-99.44,-99.43,33.093,-99.44,967.63,13.70258617,-9.8,-6.516,304.038,304.038
541.916,1.116,1.112,107.733,-5.206,-1.059,0.339,-0.101,0.055,331.884,44.346,-10.621,967.626,1.22987878,-9.49,-6.383,303.917,303.917
542.016,1.675,1.665,217.061,-6.464,1.003,1.328,-0.189,0.002,331.853,44.654,-10.583,967.618,1.23010409,-9.399,-5.75,304.442,304.442
542.116,1.619,1.619,245.799,0.0,1.477,0.664,0.0,-0.794,331.368,47.247,-10.604,967.62,1.23370492,-9.158,-6.422,303.866,303.866
542.216,1.314,1.157,150.175,-28.296,-0.575,1.004,-0.623,-0.702,331.424,46.911,-10.608,967.62,1.23328555,-9.476,-6.572,304.852,304.852
542.317,3.041,2.95,120.183,-14.052,-2.55,1.483,-0.738,0.126,331.928,44.192,-10.6,967.628,1.22955799,-9.517,-6.074,304.355,304.355
542.417,2.325,2.308,101.218,-6.934,-2.264,0.449,-0.281,-0.006,331.847,44.658,-10.589,967.624,1.23014843,-9.823,-5.773,304.733,304.733
542.517,1.002,0.998,186.761,-5.151,0.117,0.991,-0.09,-0.012,331.844,44.588,-10.614,967.631,1.23018527,-9.612,-6.465,303.903,303.903
542.617,1.973,1.957,241.239,7.251,1.715,0.942,0.249,-0.348,331.64,45.659,-10.623,967.637,1.23170841,-9.817,-6.375,303.121,303.121
542.718,0.701,0.699,239.992,-4.438,0.605,0.35,-0.054,-0.829,331.348,47.431,-10.587,967.63,1.23387122,-9.626,-5.889,303.913,303.913
542.818,2.632,2.624,120.418,-4.381,-2.263,1.329,-0.201,0.291,332.028,43.659,-10.602,967.625,1.22881448,-9.848,-5.817,303.647,303.647
542.918,-99.53,-99.51,0.0,0.0,-99.4,-99.41,-99.42,-99.44,-99.43,33.052,-99.44,967.62,13.70244694,-9.871,-6.414,304.204,304.204
543.018,0.857,0.857,136.935,-1.293,-0.585,0.626,-0.019,0.273,332.016,43.658,-10.619,967.63,1.22890484,-10.095,-5.895,304.067,304.067
543.118,2.297,2.247,227.877,12.08,1.666,1.507,0.481,0.082,331.901,44.396,-10.583,967.639,1.22977185,-10.145,-5.65,304.84,304.84
543.218,1.384,1.362,246.429,10.323,1.248,0.545,0.248,-0.799,331.365,47.292,-10.597,967.635,1.23374522,-10.461,-6.252,303.943,303.943
543.318,0.364,0.364,211.249,0.0,0.189,0.311,0.0,-0.797,331.367,47.21,-10.616,967.631,1.23373008,-10.158,-6.331,304.257,304.257
543.418,-99.53,-99.51,0.0,0.0,-99.4,-99.41,-99.42,-99.44,-99.43,33.08,-99.44,967.62,13.7024374,-9.876,-5.67,304.142,304.142
543.518,0.846,0.829,115.911,11.485,-0.745,0.362,0.168,0.12,331.924,44.215,-10.599,967.625,1.22958207,-9.761,-6.068,304.572,304.572
543.618,1.852,1.844,213.552,-5.298,1.019,1.537,-0.171,-0.057,331.816,44.735,-10.614,967.627,1.23038304,-9.764,-6.557,303.724,303.724
543.718,13.59,13.559,185.54,-3.926,1.309,13.495,-0.93,-32.951,311.192,100.0,-10.619,967.63,1.39888394,-9.824,-6.114,304.258,304.258
543.818,0.52,0.513,165.703,-9.041,-0.127,0.497,-0.082,-0.784,331.375,47.218,-10.602,967.643,1.23368645,-9.871,-5.686,303.685,303.685
543.918,2.319,2.305,117.574,-6.433,-2.043,1.067,-0.26,0.041,331.876,44.441,-10.607,967.638,1.22995639,-9.999,-6.062,304.316,304.316
544.018,1.771,1.771,107.485,-0.829,-1.689,0.532,-0.026,0.111,331.918,44.234,-10.602,967.638,1.22964132,-9.845,-6.198,303.919,303.919
544.119,1.26,0.78,201.366,-51.72,0.284,0.727,-0.989,0.156,331.946,44.028,-10.619,967.641,1.22944164,-9.77,-5.689,304.431,304.431
544.219,2.116,2.102,241.515,6.611,1.847,1.002,0.244,-0.23,331.712,45.423,-10.58,967.642,1.23117709,-9.678,-5.92,304.54,304.54
544.319,1.191,1.191,247.708,0.0,1.102,0.452,0.0,-0.87,331.322,47.621,-10.575,967.615,1.23403978,-9.827,-6.064,304.427,304.427
544.419,1.748,1.692,121.142,-14.459,-1.448,0.875,-0.436,0.054,331.883,44.343,-10.623,967.624,1.22988248,-9.768,-5.648,304.668,304.668
544.519,-99.53,-99.51,0.0,0.0,-99.4,-99.41,-99.42,-99.44,-99.43,33.028,-99.44,967.634,13.70263767,-10.082,-5.352,304.128,304.128
544.619,0.733,0.614,98.874,-33.102,-0.607,0.095,-0.4,0.273,332.017,43.727,-10.599,967.62,1.22888935,-9.82,-5.986,304.655,304.655
544.719,2.121,2.121,237.805,1.613,1.795,1.13,0.06,0.193,331.968,43.988,-10.597,967.638,1.22926962,-9.851,-5.918,303.821,303.821
