Timestamp [s],Wind 3D norm [m/s],Wind 2D norm [m/s],Horizontal wind direction [°],Vertical wind direction [°],U Vector [m/s],V Vector [m/s],W Vector [m/s],Temperature [°C],Speed of sound [m/s],Humidity [%],Dew point [°C],Pressure [hPa],Air density [kg/cm³],Pitch [°],Roll [°],Heading [°],TrueHead [°]
0.12,1.119,1.078,269.706,-15.569,1.078,0.006,-0.3,14.525,341.278,82.246,11.536,977.254,1.17467749,-2.782,-6.464,302.496,302.496
0.22,1.144,1.137,277.504,-6.327,1.127,-0.148,-0.126,14.478,341.251,82.568,11.549,977.236,1.17484415,-2.684,-7.357,302.785,302.785
0.32,1.196,1.173,275.274,-11.258,1.168,-0.108,-0.233,14.546,341.29,82.073,11.525,977.247,1.17458916,-2.641,-4.306,302.409,302.409
0.42,1.243,1.239,285.227,-4.59,1.196,-0.325,-0.099,14.471,341.247,82.603,11.549,977.234,1.17486882,-2.795,-4.049,301.609,301.609
0.52,1.212,1.208,278.892,-5.06,1.193,-0.187,-0.107,14.469,341.245,82.543,11.536,977.232,1.17487872,-2.721,-6.494,302.041,302.041
0.62,1.174,1.169,277.441,-5.461,1.159,-0.151,-0.112,14.537,341.285,82.158,11.531,977.247,1.17462444,-2.682,-6.534,302.247,302.247
0.72,1.003,0.999,272.44,-5.093,0.998,-0.043,-0.089,14.502,341.265,82.387,11.54,977.237,1.17474902,-2.671,-4.016,301.564,301.564
0.82,0.866,0.75,271.374,-30.055,0.75,-0.018,-0.434,14.667,341.363,81.564,11.549,977.229,1.17406321,-2.718,-5.421,302.133,302.133
0.92,1.939,1.721,234.098,-27.392,1.394,1.009,-0.892,14.825,341.457,80.761,11.554,977.232,1.17341828,-2.809,-7.451,301.971,301.971
1.02,3.157,3.155,256.481,1.735,3.068,0.738,0.096,14.499,341.263,82.455,11.549,977.227,1.17474699,-2.775,-6.72,302.74,302.74
1.12,3.307,3.307,276.997,0.0,3.282,-0.403,0.0,13.811,340.854,86.14,11.536,977.234,1.17757559,-2.651,-5.461,302.021,302.021
1.22,2.354,2.351,293.01,2.718,2.164,-0.919,0.112,13.646,340.755,87.006,11.525,977.236,1.178262,-2.875,-7.019,302.523,302.523
1.32,0.386,0.281,9.739,-43.401,-0.047,-0.277,-0.266,14.642,341.347,81.635,11.537,977.219,1.17415929,-2.805,-7.833,302.057,302.057
1.42,1.248,1.173,86.98,-19.962,-1.171,-0.062,-0.426,15.029,341.577,79.616,11.536,977.244,1.17261147,-2.674,-6.766,303.01,303.01
1.52,1.125,0.512,253.882,-62.893,0.492,0.142,-1.001,14.963,341.538,79.982,11.541,977.234,1.17286623,-2.771,-6.411,302.236,302.236
1.62,3.004,3.002,249.209,-1.745,2.807,1.066,-0.091,15.042,341.584,79.551,11.536,977.252,1.17256868,-2.732,-7.513,301.707,301.707
1.72,3.694,3.693,270.406,1.681,3.692,-0.026,0.108,14.403,341.206,82.968,11.549,977.248,1.17516387,-2.759,-7.192,301.866,301.866
1.82,3.952,3.952,284.869,0.0,3.82,-1.014,0.0,13.774,340.834,86.489,11.561,977.232,1.17771614,-2.811,-6.432,301.982,301.982
1.92,3.026,3.017,295.59,4.299,2.721,-1.303,0.227,13.858,340.882,85.898,11.54,977.218,1.17736244,-2.685,-7.081,302.657,302.657
2.02,0.621,0.577,80.315,-21.699,-0.569,-0.097,-0.229,14.796,341.44,80.887,11.549,977.235,1.17354274,-2.966,-7.479,301.987,301.987
2.12,0.849,0.696,74.459,-34.971,-0.67,-0.186,-0.487,14.842,341.468,80.689,11.557,977.235,1.17335069,-2.753,-6.438,302.658,302.658
2.22,1.612,1.584,241.267,-10.738,1.389,0.761,-0.3,14.767,341.423,81.107,11.561,977.239,1.17366374,-2.657,-6.985,302.257,302.257
2.32,3.109,3.109,258.94,0.056,3.051,0.596,0.003,14.553,341.294,82.008,11.52,977.248,1.17456317,-2.774,-8.075,302.414,302.414
2.42,3.635,3.635,278.647,0.0,3.594,-0.547,0.0,13.751,340.818,86.439,11.529,977.242,1.1778363,-2.827,-7.514,302.217,302.217
2.52,3.401,3.399,290.234,1.981,3.189,-1.176,0.118,13.539,340.693,87.679,11.536,977.24,1.17870116,-2.761,-6.899,302.263,302.263
2.62,0.496,0.495,193.564,-3.375,0.116,0.481,-0.029,14.546,341.292,82.201,11.549,977.242,1.17457068,-2.887,-8.072,301.7,301.7
2.72,0.917,0.858,84.812,-20.638,-0.854,-0.078,-0.323,14.85,341.471,80.537,11.536,977.225,1.17331481,-2.79,-8.636,302.198,302.198
2.82,0.618,0.126,53.884,-78.263,-0.102,-0.074,-0.605,14.74,341.406,81.183,11.549,977.251,1.17379284,-2.729,-7.597,302.829,302.829
2.92,2.445,2.373,244.672,-13.905,2.145,1.015,-0.587,14.742,341.406,81.062,11.529,977.226,1.17376018,-2.697,-7.047,302.287,302.287
3.02,3.181,3.18,266.421,1.156,3.174,0.199,0.064,14.389,341.198,83.0,11.541,977.24,1.17521453,-2.762,-8.597,302.139,302.139
3.12,3.66,3.659,284.659,1.08,3.54,-0.926,0.069,13.759,340.823,86.369,11.525,977.252,1.17781723,-2.852,-8.277,303.12,303.12
3.22,2.159,2.157,300.281,-2.639,1.863,-1.088,-0.099,13.972,340.95,85.249,11.537,977.244,1.17692566,-2.895,-6.617,302.656,302.656
3.32,1.809,1.8,53.813,5.815,-1.453,-1.063,0.183,15.167,341.658,78.874,11.529,977.226,1.17203021,-2.641,-6.75,301.88,301.88
3.42,2.174,2.174,63.433,1.011,-1.944,-0.972,0.038,15.13,341.637,79.128,11.541,977.234,1.17218757,-2.672,-7.766,302.48,302.48
3.52,0.545,0.524,227.619,-15.977,0.387,0.353,-0.15,15.132,341.639,79.182,11.554,977.225,1.17216074,-2.634,-6.489,302.262,302.262
3.62,2.306,2.303,259.926,2.972,2.267,0.403,0.12,15.016,341.57,79.713,11.542,977.228,1.17264068,-2.936,-5.822,301.611,301.611
3.72,3.821,3.821,284.397,0.0,3.701,-0.95,0.0,14.285,341.137,83.648,11.557,977.24,1.17563295,-2.709,-6.299,303.071,303.071
3.82,3.328,3.325,287.233,2.7,3.175,-0.985,0.157,13.805,340.85,86.164,11.534,977.243,1.17761469,-2.797,-6.519,302.751,302.751
3.92,0.449,0.449,177.519,0.0,-0.019,0.449,0.0,14.737,341.404,81.18,11.546,977.236,1.17378807,-2.824,-5.456,302.33,302.33
4.02,0.766,0.763,74.823,4.843,-0.736,-0.2,0.065,14.974,341.545,79.987,11.553,977.248,1.17283368,-2.882,-5.655,301.929,301.929
4.12,0.45,0.148,301.043,-70.766,0.127,-0.076,-0.424,14.947,341.528,79.974,11.525,977.229,1.17292964,-2.784,-6.181,302.268,302.268
4.22,2.339,2.339,230.831,1.534,1.813,1.477,0.063,14.947,341.529,80.156,11.558,977.227,1.17291772,-2.667,-6.056,301.924,301.924
4.32,3.238,3.223,258.735,5.402,3.161,0.63,0.305,14.511,341.271,82.412,11.553,977.229,1.17469823,-2.625,-5.399,302.557,302.557
4.42,3.276,3.276,279.598,0.0,3.23,-0.546,0.0,13.808,340.853,86.188,11.541,977.237,1.1775918,-2.891,-6.625,301.8,301.8
4.52,2.851,2.848,290.925,2.528,2.66,-1.017,0.126,13.67,340.77,86.913,11.532,977.23,1.17815268,-2.776,-6.412,301.705,301.705
4.62,0.716,0.716,1.065,0.0,-0.013,-0.716,0.0,14.653,341.355,81.643,11.55,977.242,1.17413664,-2.756,-5.739,302.559,302.559
4.72,1.868,1.821,65.346,12.884,-1.655,-0.76,0.416,14.985,341.551,79.845,11.537,977.223,1.17276204,-2.578,-5.972,302.485,302.485
4.82,1.101,1.039,228.213,-19.355,0.775,0.692,-0.365,14.974,341.545,79.903,11.537,977.237,1.17282534,-2.754,-7.003,303.478,303.478
4.92,2.756,2.721,253.245,9.238,2.605,0.784,0.442,14.97,341.542,79.947,11.541,977.246,1.17285252,-2.872,-6.23,302.401,302.401
5.02,3.765,3.762,266.873,2.475,3.756,0.205,0.163,14.289,341.138,83.493,11.532,977.226,1.17561197,-2.853,-5.498,302.012,302.012
5.12,3.829,3.829,289.371,0.192,3.612,-1.27,0.013,13.666,340.77,87.102,11.561,977.235,1.17816365,-2.819,-6.025,301.963,301.963
5.22,2.16,2.155,294.672,3.779,1.959,-0.9,0.142,14.102,341.027,84.59,11.547,977.232,1.17637897,-2.894,-6.925,301.773,301.773
5.32,0.808,0.785,61.739,13.897,-0.691,-0.372,0.194,14.921,341.514,80.219,11.546,977.237,1.17303669,-2.814,-5.566,301.73,301.73
5.42,0.63,0.574,45.969,-24.354,-0.413,-0.399,-0.26,14.964,341.538,79.916,11.53,977.214,1.17284238,-2.599,-5.541,301.183,301.183
5.52,2.643,2.633,234.673,-4.757,2.149,1.523,-0.219,15.086,341.612,79.457,11.561,977.229,1.17235255,-2.736,-6.786,302.106,302.106
5.62,3.708,3.703,255.258,3.029,3.581,0.942,0.196,14.853,341.472,80.489,11.53,977.254,1.17334282,-2.989,-6.969,301.821,301.821
5.72,3.812,3.812,271.98,0.0,3.81,-0.132,0.0,14.06,341.003,84.786,11.541,977.237,1.1765548,-2.593,-6.181,302.094,302.094
5.82,2.772,2.768,284.082,2.922,2.685,-0.674,0.141,13.878,340.895,85.844,11.55,977.248,1.17731321,-2.815,-6.832,302.62,302.62
5.92,0.915,0.9,108.245,10.508,-0.855,0.282,0.167,15.002,341.561,79.74,11.534,977.243,1.17271864,-2.871,-7.829,302.069,302.069
6.019,1.29,1.29,83.443,0.0,-1.282,-0.147,0.0,15.05,341.59,79.56,11.546,977.244,1.1725235,-2.859,-7.763,302.491,302.491
6.12,0.277,0.264,128.946,17.579,-0.205,0.166,0.084,14.975,341.545,79.949,11.547,977.246,1.17282927,-2.684,-7.197,302.112,302.112
6.22,2.418,2.384,240.121,9.637,2.067,1.187,0.405,15.113,341.627,79.173,11.534,977.24,1.17226362,-2.972,-8.175,302.989,302.989
6.32,3.013,2.987,264.22,7.432,2.972,0.301,0.39,14.436,341.226,82.769,11.546,977.229,1.17500532,-2.611,-8.711,301.981,301.981
6.42,1.864,1.864,282.572,0.0,1.819,-0.406,0.0,13.689,340.784,87.042,11.574,977.229,1.17805481,-2.869,-7.777,302.567,302.567
6.52,0.456,0.372,290.116,-35.24,0.349,-0.128,-0.263,13.893,340.904,85.716,11.542,977.247,1.17725134,-2.971,-7.696,302.456,302.456
6.619,2.21,2.054,132.781,-21.615,-1.508,1.395,-0.814,14.767,341.423,81.065,11.554,977.239,1.17366374,-2.644,-8.503,302.751,302.751
6.72,1.374,1.357,131.127,-8.884,-1.022,0.893,-0.212,15.012,341.567,79.708,11.537,977.239,1.17267275,-2.899,-7.804,302.68,302.68
6.82,1.898,1.846,206.678,-13.542,0.829,1.649,-0.445,14.878,341.488,80.465,11.55,977.246,1.1732229,-2.797,-7.257,302.096,302.096
6.92,2.811,2.785,232.577,7.747,2.212,1.693,0.379,14.774,341.426,80.967,11.542,977.237,1.1736387,-2.63,-7.497,302.693,302.693
7.02,2.919,2.919,248.178,0.0,2.71,1.085,0.0,14.168,341.068,84.379,11.574,977.245,1.17611206,-31.55,-6.686,291.44,291.44
7.12,1.879,1.865,227.626,7.02,1.378,1.257,0.23,13.874,340.894,86.047,11.581,977.232,1.17729914,-46.79,-5.706,280.657,280.657
7.22,2.696,2.695,162.344,-1.738,-0.817,2.568,-0.082,14.543,341.289,82.171,11.54,977.237,1.17458355,-18.074,-6.566,297.108,297.108
7.319,2.859,2.859,156.473,0.885,-1.141,2.621,0.044,15.021,341.574,79.861,11.575,977.199,1.17257547,13.682,-5.449,303.578,303.578
7.42,1.765,1.756,173.527,-5.974,-0.198,1.745,-0.184,15.176,341.665,78.891,11.541,977.212,1.17197073,24.469,-7.426,304.615,304.615
7.52,2.501,2.461,231.669,10.254,1.931,1.526,0.445,15.263,341.716,78.497,11.55,977.207,1.17160976,10.336,-9.906,305.07,305.07
7.62,2.969,2.96,262.981,4.607,2.938,0.362,0.239,14.834,341.463,80.778,11.565,977.246,1.17339635,-13.859,-4.583,298.603,298.603
7.72,2.577,2.56,284.192,6.6,2.481,-0.628,0.296,14.103,341.029,84.712,11.57,977.241,1.17637515,-22.273,-5.327,295.221,295.221
7.82,1.192,1.176,312.51,9.478,0.867,-0.795,0.196,14.157,341.06,84.286,11.547,977.244,1.17616522,-12.301,-9.301,298.256,298.256
7.92,1.288,1.241,109.641,-15.458,-1.169,0.417,-0.343,14.956,341.533,79.98,11.534,977.244,1.1729095,2.394,-8.107,303.11,303.11
8.017,-99.53,-99.51,0.0,0.0,-99.4,-99.41,-99.42,-99.44,-99.43,47.885,-99.44,977.239,13.83865738,0.513,-5.844,302.259,302.259
8.12,2.091,2.086,191.085,-3.957,0.401,2.047,-0.144,15.037,341.583,79.712,11.562,977.244,1.17256856,-3.087,-6.643,301.532,301.532
8.219,3.772,3.771,212.056,0.556,2.002,3.196,0.037,14.875,341.486,80.467,11.547,977.23,1.17321789,-1.902,-6.722,301.868,301.868
8.32,2.9,2.82,237.365,13.52,2.375,1.521,0.678,14.266,341.124,83.625,11.534,977.241,1.17572284,-3.283,-6.234,301.252,301.252
8.42,1.99,1.861,241.548,20.75,1.636,0.887,0.705,13.867,340.889,85.976,11.562,977.217,1.17731488,-2.033,-6.515,302.215,302.215
8.52,1.307,1.297,159.137,-6.835,-0.462,1.212,-0.156,14.447,341.231,82.628,11.53,977.214,1.17495227,-3.296,-6.408,302.54,302.54
8.619,2.078,2.078,125.628,-0.733,-1.689,1.21,-0.027,15.098,341.618,79.297,11.542,977.21,1.17228878,0.243,-5.871,303.408,303.408
8.72,1.383,1.377,123.646,5.582,-1.146,0.763,0.135,15.088,341.612,79.318,11.537,977.233,1.17235637,1.031,-5.332,303.066,303.066
8.82,1.938,1.838,212.828,-18.429,0.997,1.545,-0.613,15.09,341.615,79.525,11.578,977.232,1.17233324,-1.416,-6.389,301.575,301.575
8.92,3.117,3.062,231.993,10.731,2.413,1.886,0.58,14.812,341.45,80.83,11.554,977.229,1.17346883,-2.497,-7.374,302.273,302.273
9.02,2.596,2.532,244.552,12.696,2.287,1.088,0.57,14.178,341.072,84.129,11.539,977.218,1.17605078,-3.038,-6.101,301.895,301.895
9.12,0.817,0.767,237.872,20.132,0.649,0.408,0.281,14.202,341.087,84.059,11.55,977.235,1.17597055,-1.358,-5.421,300.845,300.845
9.22,2.078,2.075,138.472,-3.115,-1.376,1.553,-0.113,15.027,341.578,79.802,11.57,977.228,1.1725862,-0.986,-5.742,301.482,301.482
9.319,2.282,2.282,118.566,-0.755,-2.004,1.091,-0.03,15.296,341.738,78.477,11.578,977.233,1.17149508,2.162,-8.321,303.152,303.152
9.419,1.248,1.146,147.556,-23.348,-0.615,0.967,-0.495,15.11,341.625,79.191,11.535,977.233,1.17226744,-0.958,-6.758,302.556,302.556
9.52,3.351,3.35,212.932,1.002,1.821,2.812,0.059,15.048,341.59,79.609,11.554,977.226,1.17250264,-4.931,-5.919,300.414,300.414
9.62,2.936,2.875,241.118,11.712,2.517,1.389,0.596,14.485,341.255,82.53,11.55,977.222,1.17479515,0.545,-8.4,302.299,302.299
9.72,2.061,2.051,250.512,5.722,1.933,0.684,0.205,14.129,341.044,84.409,11.541,977.222,1.17625535,-2.224,-8.68,301.9,301.9
9.819,0.613,0.613,232.329,0.0,0.485,0.375,0.0,14.069,341.009,84.809,11.554,977.226,1.1765008,-3.098,-8.842,302.0,302.0
9.92,2.139,2.137,149.259,-2.355,-1.093,1.837,-0.088,15.015,341.57,79.8,11.558,977.219,1.17262638,1.149,-8.07,303.219,303.219
10.02,1.277,1.277,176.63,0.0,-0.075,1.275,0.0,15.078,341.608,79.547,11.571,977.237,1.17238939,0.106,-7.965,303.187,303.187
10.12,2.913,2.894,205.588,-6.599,1.25,2.61,-0.335,15.016,341.571,79.886,11.575,977.227,1.172629,-3.37,-9.782,302.77,302.77
10.22,3.26,3.246,235.671,5.33,2.68,1.83,0.303,14.803,341.444,80.837,11.547,977.215,1.17349005,0.515,-10.142,302.207,302.207
10.32,3.094,3.094,249.015,0.0,2.889,1.108,0.0,14.072,341.009,84.659,11.53,977.236,1.17651308,1.061,-8.643,302.86,302.86
10.42,1.574,1.521,247.974,15.032,1.41,0.57,0.408,13.806,340.852,86.247,11.55,977.232,1.17759001,-4.317,-8.921,301.176,301.176
10.52,1.856,1.837,150.798,-8.143,-0.896,1.604,-0.263,14.578,341.311,82.06,11.554,977.24,1.17443621,-9.653,-11.04,299.262,299.262
10.62,1.996,1.984,147.933,-6.401,-1.053,1.681,-0.223,15.017,341.571,79.791,11.558,977.222,1.17262423,2.417,-11.376,303.303,303.303
10.72,2.112,2.077,189.593,-10.331,0.346,2.048,-0.379,15.096,341.617,79.327,11.547,977.23,1.17231715,-0.709,-8.313,302.644,302.644
10.82,3.079,3.078,223.693,0.706,2.127,2.226,0.038,15.144,341.644,78.975,11.526,977.245,1.17214918,-2.826,-9.303,302.499,302.499
10.919,3.557,3.541,247.331,5.483,3.268,1.365,0.34,14.748,341.411,81.141,11.55,977.246,1.17375159,-2.927,-11.791,302.822,302.822
11.02,3.237,3.168,257.212,11.838,3.09,0.701,0.664,14.097,341.026,84.701,11.562,977.238,1.17639601,-2.698,-10.071,301.985,301.985
11.119,1.991,1.977,259.809,6.877,1.946,0.35,0.238,14.056,341.001,84.839,11.547,977.244,1.1765784,-1.38,-7.715,301.811,301.811
11.22,1.376,1.342,163.489,-12.924,-0.381,1.286,-0.308,14.955,341.534,80.026,11.542,977.268,1.17293727,-6.271,-11.715,301.249,301.249
11.32,1.611,1.541,169.021,-16.954,-0.294,1.513,-0.47,15.156,341.654,79.103,11.562,977.256,1.17209673,-3.378,-10.253,302.215,302.215
11.42,3.073,3.047,206.728,-7.439,1.37,2.721,-0.398,15.217,341.689,78.712,11.547,977.227,1.17182124,-10.853,-7.863,298.787,298.787
11.519,3.803,3.793,233.651,4.036,3.055,2.248,0.268,14.962,341.538,80.017,11.547,977.23,1.17286468,-5.205,-8.098,300.633,300.633
11.62,3.904,3.9,246.231,2.442,3.569,1.572,0.166,14.35,341.175,83.257,11.55,977.223,1.17535079,10.73,-8.184,304.771,304.771
11.72,2.452,2.435,256.153,6.769,2.364,0.583,0.289,13.875,340.895,86.056,11.584,977.222,1.17728102,2.296,-9.334,303.231,303.231
11.82,0.491,0.469,233.305,-17.415,0.376,0.28,-0.147,14.378,341.19,82.974,11.526,977.223,1.17524433,-7.604,-5.86,301.648,301.648
11.919,1.562,1.492,156.85,-17.224,-0.587,1.372,-0.463,14.895,341.5,80.507,11.574,977.234,1.1731292,-8.059,-4.515,298.933,298.933
12.02,2.178,2.128,204.757,-12.379,0.891,1.932,-0.467,14.984,341.552,80.046,11.574,977.219,1.17274916,-1.103,-7.378,303.038,303.038
12.12,3.161,3.155,223.752,-3.588,2.182,2.279,-0.198,14.957,341.535,80.018,11.542,977.217,1.17286968,2.432,-7.208,302.748,302.748
12.22,3.812,3.793,249.71,5.765,3.557,1.315,0.383,14.709,341.39,81.478,11.575,977.241,1.17389345,-5.646,-4.81,301.055,301.055
12.32,3.232,3.128,260.177,14.577,3.082,0.534,0.813,13.974,340.952,85.335,11.554,977.236,1.1769048,-11.754,-3.888,300.26,300.26
12.42,1.763,1.756,258.653,5.193,1.721,0.345,0.16,13.895,340.906,85.839,11.565,977.252,1.17724288,-2.38,-4.455,301.756,301.756
12.52,0.785,0.529,151.821,-47.632,-0.25,0.466,-0.58,14.652,341.355,81.693,11.558,977.224,1.17411387,-5.627,-5.349,301.294,301.294
12.62,2.391,2.345,166.214,-11.238,-0.559,2.278,-0.466,14.984,341.55,79.861,11.539,977.238,1.17278552,-11.403,-2.592,299.1,299.1
12.72,2.894,2.867,198.428,-7.796,0.906,2.72,-0.393,14.847,341.471,80.761,11.575,977.228,1.17331791,-6.649,-3.517,301.056,301.056
12.819,4.087,4.083,217.295,2.416,2.474,3.248,0.172,14.822,341.455,80.756,11.55,977.227,1.17342818,0.924,-5.542,303.278,303.278
12.919,3.951,3.882,238.395,10.717,3.306,2.034,0.735,14.267,341.126,83.73,11.554,977.22,1.17568493,-0.609,-6.119,302.17,302.17
13.02,3.169,3.089,242.729,12.916,2.745,1.415,0.708,13.869,340.889,85.877,11.547,977.211,1.17730665,-5.199,-4.855,300.784,300.784
13.12,1.831,1.808,188.412,8.992,0.265,1.789,0.286,14.231,341.106,83.985,11.565,977.213,1.17581689,-4.011,-5.953,302.145,302.145
13.22,3.335,3.327,162.552,-3.812,-0.998,3.174,-0.222,14.885,341.493,80.543,11.571,977.2,1.17313147,1.574,-8.331,303.49,303.49
13.321,2.491,2.467,185.917,-7.952,0.254,2.454,-0.345,15.029,341.578,79.685,11.55,977.178,1.17252564,4.534,-8.107,303.309,303.309
13.42,3.388,3.388,216.157,0.068,1.999,2.735,0.004,15.258,341.714,78.567,11.558,977.188,1.17160547,2.867,-5.886,302.432,302.432
13.52,3.602,3.562,253.833,8.587,3.421,0.992,0.538,14.965,341.54,80.061,11.558,977.197,1.17280638,7.195,-6.316,303.928,303.928
13.62,3.384,3.384,268.662,0.0,3.383,0.079,0.0,14.216,341.096,84.07,11.565,977.213,1.17587984,-0.805,-6.776,302.294,302.294
13.72,1.884,1.797,274.523,17.559,1.791,-0.142,0.568,13.95,340.938,85.424,11.547,977.214,1.17697608,-9.632,-5.796,299.473,299.473
13.821,1.117,0.437,66.078,-66.979,-0.399,-0.177,-1.028,14.405,341.207,82.875,11.534,977.237,1.17514873,-10.415,-8.552,300.027,300.027
13.92,1.826,1.666,141.852,-24.158,-1.029,1.31,-0.747,15.055,341.593,79.574,11.554,977.222,1.17247188,-3.605,-9.124,301.686,301.686
14.019,1.518,1.485,186.192,-11.839,0.16,1.477,-0.311,-11.29,325.607,100.0,11.554,977.233,1.29044592,-4.693,-5.885,301.554,301.554
14.12,3.275,3.271,214.776,2.944,1.866,2.687,0.168,14.788,341.434,80.877,11.539,977.223,1.17356598,-10.698,-7.765,299.629,299.629
14.22,3.454,3.368,226.235,12.788,2.433,2.33,0.765,14.305,341.149,83.586,11.565,977.223,1.17552745,-4.255,-10.642,301.979,301.979
14.32,2.704,2.631,220.365,13.331,1.704,2.005,0.624,13.865,340.888,85.99,11.562,977.218,1.17732573,-2.066,-8.357,302.992,302.992
14.42,2.688,2.676,174.672,-5.277,-0.248,2.665,-0.247,13.898,340.907,85.787,11.559,977.202,1.17717266,-5.317,-7.45,301.246,301.246
14.52,3.304,3.299,147.73,-3.067,-1.761,2.79,-0.177,14.675,341.37,81.658,11.575,977.187,1.17396712,-4.412,-10.784,302.009,302.009
14.62,2.371,2.371,141.935,1.216,-1.462,1.867,0.05,14.705,341.387,81.451,11.565,977.173,1.17383242,-4.273,-10.082,301.176,301.176
14.72,3.015,2.889,191.486,-16.603,0.575,2.831,-0.861,14.848,341.47,80.584,11.542,977.196,1.1732887,-2.437,-7.257,302.53,302.53
14.82,3.565,3.561,215.196,2.954,2.052,2.91,0.184,14.773,341.425,80.954,11.539,977.188,1.17358422,-5.039,-8.295,301.712,301.712
14.92,2.922,2.799,232.259,16.714,2.213,1.713,0.84,14.256,341.121,83.891,11.572,977.18,1.17567301,-2.525,-9.361,301.841,301.841
15.02,1.76,1.648,219.897,20.541,1.057,1.264,0.618,13.957,340.942,85.46,11.559,977.195,1.17692244,0.338,-8.513,302.615,302.615
15.12,1.714,1.71,149.522,-3.745,-0.867,1.474,-0.112,14.651,341.354,81.698,11.558,977.183,1.17406988,26.311,-6.461,304.637,304.637
15.22,1.991,1.991,122.258,0.99,-1.684,1.063,0.034,15.242,341.704,78.627,11.555,977.198,1.17168045,37.178,-5.932,304.086,304.086
15.32,1.083,1.005,102.343,-21.919,-0.981,0.215,-0.404,15.054,341.592,79.56,11.55,977.203,1.17245579,12.407,-12.493,305.709,305.709
15.42,2.017,1.298,214.82,-49.942,0.741,1.066,-1.544,14.878,341.49,80.593,11.574,977.206,1.17316306,-15.346,-7.553,298.097,298.097
15.52,3.088,3.086,243.506,2.288,2.762,1.377,0.123,14.487,341.256,82.453,11.537,977.208,1.17477512,-3.353,1.506,301.886,301.886
15.62,2.819,2.818,252.997,1.231,2.695,0.824,0.061,13.736,340.813,86.895,11.594,977.217,1.17784142,-4.338,-8.723,302.289,302.289
15.72,1.266,1.253,252.27,8.254,1.193,0.381,0.182,13.819,340.861,86.246,11.563,977.202,1.17749178,-3.732,-13.732,302.488,302.488
15.82,1.683,1.656,124.751,-10.262,-1.361,0.944,-0.3,14.765,341.424,81.258,11.588,977.187,1.17359495,-3.885,-3.521,301.944,301.944
15.92,1.822,1.822,113.764,0.0,-1.668,0.734,0.0,14.912,341.51,80.464,11.582,977.218,1.1730386,-4.059,-0.527,301.221,301.221
16.02,1.752,0.986,199.933,-55.747,0.336,0.927,-1.448,14.72,341.395,81.335,11.558,977.198,1.17380655,-4.112,-9.663,302.445,302.445
16.12,2.914,2.89,230.702,-7.255,2.237,1.831,-0.368,14.673,341.368,81.668,11.575,977.214,1.17400849,-3.872,-6.589,302.409,302.409
16.22,3.492,3.492,249.424,0.0,3.269,1.227,0.0,14.11,341.033,84.656,11.566,977.204,1.17630351,-3.953,-0.417,302.453,302.453
16.32,2.403,2.402,259.249,2.212,2.359,0.448,0.093,13.506,340.673,87.906,11.542,977.227,1.17881978,-4.568,-4.677,301.825,301.825
16.42,0.799,0.795,202.306,-5.857,0.302,0.736,-0.082,14.001,340.97,85.328,11.58,977.21,1.17674994,-4.533,-8.003,301.988,301.988
16.52,1.622,1.412,121.416,-29.48,-1.205,0.736,-0.798,14.694,341.379,81.41,11.546,977.208,1.17393053,-4.262,-5.307,301.864,301.864
16.62,1.025,1.009,101.053,-10.271,-0.99,0.193,-0.183,14.784,341.433,81.024,11.562,977.221,1.17357194,-4.327,-2.054,302.122,302.122
16.72,1.876,1.442,233.069,-39.783,1.152,0.866,-1.2,14.697,341.381,81.395,11.547,977.219,1.17392981,-4.061,-3.838,301.071,301.071
16.82,3.196,3.192,242.971,-2.912,2.843,1.45,-0.162,14.516,341.276,82.544,11.582,977.209,1.1746403,-3.791,-8.268,302.251,302.251
16.92,2.432,2.43,265.142,2.581,2.421,0.206,0.11,13.9,340.907,85.681,11.542,977.204,1.17717361,-4.124,-7.283,301.171,301.171
17.02,1.384,1.312,293.252,18.548,1.206,-0.518,0.44,13.63,340.749,87.38,11.575,977.218,1.17828298,-4.154,-2.615,301.696,301.696
17.12,1.518,1.491,106.736,-10.862,-1.428,0.429,-0.286,14.698,341.381,81.387,11.546,977.196,1.17389774,-4.165,-4.2,300.912,300.912
17.22,1.997,1.992,98.489,-4.149,-1.97,0.294,-0.145,15.061,341.598,79.705,11.584,977.186,1.17239332,-4.188,-9.475,301.872,301.872
17.32,0.729,0.628,118.945,-30.56,-0.55,0.304,-0.371,14.894,341.497,80.342,11.542,977.208,1.17311382,-4.105,-7.231,302.376,302.376
17.42,1.956,1.894,219.448,-14.417,1.203,1.463,-0.487,14.834,341.462,80.746,11.559,977.202,1.17334712,-4.054,-1.82,301.424,301.424
17.52,2.572,2.565,244.523,3.953,2.316,1.104,0.177,14.356,341.178,83.206,11.546,977.212,1.17531347,-4.246,-7.093,300.99,300.99
17.62,1.371,1.357,248.797,8.154,1.265,0.491,0.194,13.65,340.76,87.171,11.558,977.211,1.1781987,-4.052,-10.943,302.179,302.179
17.72,0.286,0.282,101.992,-9.498,-0.276,0.059,-0.047,13.709,340.795,86.838,11.558,977.206,1.17795098,-3.694,-4.046,301.213,301.213
17.82,2.619,2.571,113.333,-10.991,-2.361,1.018,-0.499,14.787,341.435,80.985,11.558,977.213,1.17355216,-3.711,-4.043,301.416,301.416
17.92,2.232,2.207,104.622,-8.599,-2.135,0.557,-0.334,14.682,341.373,81.563,11.563,977.192,1.17395258,-3.98,-12.087,302.923,302.923
18.02,1.158,1.109,174.373,-16.584,-0.109,1.104,-0.33,14.575,341.308,81.993,11.539,977.194,1.17439818,-4.042,-9.458,300.408,300.408
18.12,2.33,2.329,226.989,-1.645,1.703,1.589,-0.067,14.416,341.215,82.976,11.563,977.208,1.17505693,-3.83,-2.904,300.924,300.924
18.22,2.16,2.16,249.582,0.0,2.024,0.754,0.0,13.694,340.786,86.876,11.55,977.206,1.17801654,-3.973,-8.92,301.074,301.074
18.32,0.885,0.851,255.25,15.748,0.823,0.217,0.24,13.504,340.673,87.979,11.554,977.205,1.17879415,-3.929,-12.509,301.083,301.083
18.42,2.474,2.46,115.132,-6.101,-2.227,1.045,-0.263,14.567,341.304,82.085,11.548,977.209,1.17444861,-4.407,-6.496,300.874,300.874
18.52,2.712,2.677,110.415,-9.193,-2.509,0.934,-0.433,14.725,341.398,81.363,11.568,977.214,1.17380106,-3.729,-6.004,300.575,300.575
18.62,1.189,1.189,94.675,-0.518,-1.185,0.097,-0.011,14.845,341.469,80.658,11.554,977.215,1.17331815,23.338,-9.058,305.1,305.1
18.72,1.541,1.412,219.065,-23.588,0.89,1.097,-0.617,14.673,341.367,81.524,11.548,977.216,1.17402291,-25.424,-12.566,292.018,292.018
18.82,2.785,2.773,236.39,5.301,2.309,1.535,0.257,14.317,341.156,83.457,11.554,977.216,1.17547512,-12.85,-0.486,298.471,298.471
18.92,1.802,1.795,249.908,4.984,1.686,0.617,0.157,13.768,340.829,86.349,11.531,977.194,1.17770529,-0.058,-6.54,302.09,302.09
19.02,0.923,0.916,163.626,-6.931,-0.258,0.879,-0.111,14.013,340.975,85.093,11.55,977.187,1.17668378,-4.307,-13.467,300.84,300.84
19.12,2.404,2.398,119.071,-4.078,-2.096,1.165,-0.171,14.836,341.464,80.755,11.563,977.193,1.17332518,-3.811,-7.421,300.926,300.926
19.22,1.824,1.824,101.647,-0.763,-1.787,0.368,-0.024,15.037,341.583,79.716,11.563,977.192,1.17250502,22.021,-0.717,302.671,302.671
19.32,0.531,0.164,149.718,-71.969,-0.083,0.142,-0.505,14.916,341.511,80.295,11.555,977.197,1.17300665,-9.775,-10.012,298.757,298.757
19.42,2.813,2.808,225.845,3.31,2.015,1.956,0.162,14.89,341.496,80.452,11.559,977.218,1.17313468,-28.589,-10.49,291.169,291.169
19.52,2.926,2.922,251.197,3.314,2.766,0.942,0.169,14.255,341.12,83.819,11.559,977.195,1.175699,3.132,0.723,302.351,302.351
19.62,1.656,1.627,258.317,10.742,1.593,0.329,0.309,13.787,340.842,86.446,11.566,977.196,1.17761528,-4.29,-5.095,300.725,300.725
19.72,0.028,0.028,266.189,0.0,0.028,0.002,0.0,14.06,341.003,84.819,11.546,977.198,1.17650914,-3.148,-11.177,302.294,302.294
19.82,1.981,1.979,111.789,-2.791,-1.838,0.735,-0.096,15.016,341.571,79.873,11.572,977.196,1.17259073,-3.224,-2.266,301.264,301.264
19.92,0.995,0.988,142.195,6.635,-0.606,0.781,0.115,14.771,341.423,80.882,11.523,977.203,1.17361879,-4.548,-2.001,300.647,300.647
20.02,1.956,1.824,218.947,-21.191,1.146,1.418,-0.707,14.679,341.37,81.441,11.538,977.198,1.17397988,-4.137,-7.612,301.959,301.959
20.12,2.986,2.985,241.794,1.372,2.631,1.411,0.071,14.437,341.228,82.89,11.568,977.189,1.17494619,-4.654,-6.451,302.445,302.445
20.22,2.647,2.638,255.245,4.868,2.551,0.672,0.225,13.674,340.774,86.998,11.551,977.214,1.1781075,-1.323,-4.223,302.322,302.322
20.32,0.937,0.924,264.148,9.86,0.919,0.094,0.161,13.604,340.733,87.463,11.563,977.187,1.17835891,-3.953,-3.834,301.701,301.701
20.42,1.794,1.755,121.565,-12.058,-1.495,0.919,-0.375,14.728,341.399,81.256,11.551,977.194,1.17377114,-4.51,-4.628,301.42,301.42
20.52,1.568,1.568,107.707,0.0,-1.493,0.477,0.0,14.938,341.525,80.275,11.572,977.207,1.17292213,-4.026,-7.452,301.122,301.122
20.62,0.737,0.653,138.187,-27.566,-0.435,0.487,-0.341,14.858,341.475,80.448,11.527,977.213,1.17327166,-4.03,-7.069,300.973,300.973
20.72,2.673,2.671,219.95,-2.409,1.715,2.048,-0.112,14.795,341.438,80.86,11.543,977.201,1.17351055,-4.494,-2.855,301.633,301.633
20.82,2.825,2.798,252.075,7.946,2.662,0.861,0.391,14.351,341.177,83.343,11.566,977.204,1.17531633,-4.189,-4.443,301.584,301.584
20.92,1.835,1.83,260.994,4.236,1.808,0.287,0.136,13.762,340.826,86.425,11.538,977.2,1.17773378,-3.688,-9.715,301.81,301.81
21.02,1.028,0.974,125.445,-18.728,-0.793,0.565,-0.33,14.49,341.258,82.466,11.543,977.21,1.17476463,-3.9,-6.404,301.45,301.45
21.12,1.835,1.833,115.332,-2.255,-1.657,0.784,-0.072,15.015,341.57,79.784,11.555,977.216,1.1726259,-3.935,-1.823,301.789,301.789
21.22,0.978,0.978,121.634,1.89,-0.833,0.513,0.032,14.981,341.547,79.773,11.519,977.216,1.17278004,-3.865,-10.072,301.935,301.935
21.32,1.596,1.493,212.412,-20.718,0.8,1.261,-0.565,14.999,341.559,79.761,11.535,977.208,1.17268968,-4.268,-10.968,302.214,302.214
21.42,3.529,3.517,236.125,4.689,2.92,1.96,0.288,14.776,341.429,81.139,11.576,977.21,1.17358387,-4.425,-2.145,301.924,301.924
21.52,3.412,3.412,250.501,0.0,3.216,1.139,0.0,14.027,340.983,85.0,11.546,977.227,1.17667866,-3.407,-6.592,302.126,302.126
21.62,1.906,1.906,250.671,0.0,1.799,0.631,0.0,13.777,340.835,86.395,11.548,977.206,1.17767572,-3.867,-14.036,302.675,302.675
21.72,0.796,0.795,142.936,-3.039,-0.479,0.634,-0.042,14.435,341.226,82.828,11.555,977.222,1.17500007,-4.008,-6.612,301.293,301.293
21.82,1.544,1.532,119.153,-7.071,-1.338,0.747,-0.19,14.912,341.51,80.414,11.573,977.211,1.17303216,-3.731,-3.436,301.208,301.208
21.92,0.854,0.814,168.545,-17.507,-0.162,0.798,-0.257,14.758,341.416,80.992,11.531,977.203,1.17366922,-3.844,-12.364,301.535,301.535
22.02,3.038,3.027,219.609,-5.05,1.93,2.332,-0.267,14.727,341.399,81.261,11.551,977.212,1.1737957,-3.81,-11.273,302.487,302.487
22.12,3.489,3.488,243.259,1.575,3.115,1.569,0.096,14.24,341.111,83.945,11.566,977.205,1.17577231,-3.969,-2.892,300.962,300.962
22.22,3.13,3.13,247.534,0.0,2.893,1.196,0.0,13.591,340.724,87.421,11.543,977.224,1.17846394,-3.836,-9.596,301.659,301.659
22.32,1.04,1.039,237.674,-2.021,0.878,0.556,-0.037,13.759,340.824,86.475,11.543,977.225,1.17777812,-3.73,-12.534,302.201,302.201
22.42,2.065,1.99,149.579,-15.546,-1.008,1.716,-0.554,14.641,341.347,81.666,11.543,977.238,1.17418289,-3.954,-5.576,301.543,301.543
22.52,1.122,1.11,148.692,-8.517,-0.577,0.948,-0.166,14.85,341.472,80.622,11.551,977.192,1.17327201,-3.85,-6.494,300.612,300.612
22.62,2.111,1.956,201.055,-22.038,0.703,1.826,-0.792,14.664,341.362,81.618,11.556,977.211,1.17404854,-3.651,-12.441,302.111,302.111
22.72,3.516,3.493,226.305,-6.558,2.526,2.413,-0.402,14.617,341.335,81.958,11.573,977.212,1.17423451,-3.512,-7.009,302.273,302.273
22.82,3.314,3.312,245.342,1.825,3.01,1.382,0.106,14.073,341.01,84.766,11.55,977.22,1.17648149,-3.902,-5.267,301.095,301.095
22.92,2.276,2.276,251.798,0.0,2.162,0.711,0.0,13.667,340.77,87.056,11.555,977.235,1.17815936,-3.974,-9.249,301.903,301.903
23.02,0.666,0.63,180.601,-18.969,0.007,0.63,-0.217,14.456,341.238,82.673,11.548,977.215,1.17490578,-3.824,-7.398,301.353,301.353
23.12,1.12,1.081,137.81,-15.149,-0.726,0.801,-0.293,15.052,341.592,79.667,11.568,977.203,1.17245662,-4.023,-3.758,301.705,301.705
23.22,1.858,1.682,202.696,-25.101,0.649,1.552,-0.788,15.112,341.626,79.17,11.532,977.21,1.1722362,-4.149,-7.28,302.181,302.181
23.32,3.425,3.332,234.39,-13.42,2.709,1.94,-0.795,15.115,341.629,79.318,11.563,977.224,1.17222798,-4.025,-7.862,301.889,301.889
23.42,4.178,4.178,245.715,-0.548,3.808,1.718,-0.04,14.66,341.358,81.481,11.527,977.2,1.17406619,-4.742,-4.358,302.323,302.323
23.52,3.897,3.896,267.989,1.493,3.893,0.137,0.102,13.969,340.95,85.422,11.564,977.215,1.17689586,-3.995,-5.148,301.815,301.815
23.62,3.752,3.752,287.197,0.036,3.584,-1.109,0.002,13.871,340.89,85.872,11.548,977.206,1.17729318,-3.718,-6.89,302.051,302.051
23.72,0.479,0.452,304.799,-19.18,0.371,-0.258,-0.157,14.789,341.436,80.914,11.548,977.227,1.17356098,-3.98,-5.122,301.865,301.865
23.82,0.574,0.417,44.924,-43.352,-0.295,-0.295,-0.394,14.94,341.525,80.173,11.555,977.225,1.17294407,-3.987,-5.597,301.602,301.602
23.92,1.862,1.783,222.308,-16.727,1.2,1.319,-0.536,14.903,341.501,80.19,11.522,977.229,1.17311156,-4.046,-5.668,300.936,300.936
24.02,3.486,3.486,241.985,-0.777,3.077,1.637,-0.047,14.841,341.466,80.596,11.538,977.217,1.1733439,-3.828,-4.831,301.872,301.872
24.12,3.841,3.841,249.193,0.0,3.591,1.364,0.0,14.156,341.059,84.207,11.531,977.221,1.17615032,-3.998,-5.389,301.86,301.86
24.22,2.746,2.746,249.282,0.0,2.569,0.972,0.0,13.51,340.676,87.883,11.543,977.217,1.17878711,-4.229,-6.252,300.852,300.852
24.32,1.183,1.183,274.575,0.0,1.179,-0.094,0.0,13.588,340.723,87.518,11.556,977.217,1.17846501,-3.858,-4.317,301.478,301.478
24.419,0.734,0.732,132.84,3.788,-0.537,0.498,0.048,14.758,341.418,81.166,11.564,977.207,1.17365777,-4.033,-4.353,301.533,301.533
24.52,0.48,0.43,171.488,-26.339,-0.064,0.425,-0.213,14.987,341.552,79.841,11.538,977.196,1.17272329,-3.942,-7.015,302.218,302.218
24.62,2.645,2.63,216.034,-5.958,1.547,2.127,-0.275,14.946,341.529,80.192,11.564,977.219,1.17290878,-3.866,-6.445,300.842,300.842
24.72,3.303,3.286,251.917,5.939,3.123,1.02,0.342,14.812,341.449,80.815,11.551,977.204,1.17343891,-4.052,-4.136,301.678,301.678
24.82,3.366,3.349,262.576,5.755,3.321,0.433,0.338,14.123,341.042,84.629,11.575,977.211,1.17625201,-3.858,-7.335,302.087,302.087
24.919,2.284,2.284,268.8,0.0,2.283,0.048,0.0,13.694,340.785,86.837,11.543,977.217,1.17803144,-3.893,-8.245,301.506,301.506
25.02,0.456,0.291,211.805,-50.316,0.153,0.247,-0.351,14.595,341.321,81.974,11.555,977.207,1.17432618,-3.873,-4.652,301.283,301.283
25.119,1.066,1.063,142.258,4.414,-0.651,0.841,0.082,15.123,341.633,79.194,11.548,977.218,1.17219162,-3.89,-6.628,301.575,301.575
25.22,1.654,1.614,204.555,-12.652,0.671,1.468,-0.362,15.165,341.659,79.052,11.561,977.231,1.17203474,-4.04,-9.684,301.842,301.842
25.319,3.703,3.702,238.868,-1.233,3.169,1.914,-0.08,15.208,341.683,78.724,11.54,977.225,1.17185974,-3.853,-6.351,301.153,301.153
25.42,4.156,4.147,262.169,3.735,4.108,0.565,0.271,14.65,341.352,81.621,11.543,977.219,1.17412508,-4.11,-5.247,301.455,301.455
25.52,3.462,3.462,271.352,0.0,3.461,-0.082,0.0,13.899,340.906,85.642,11.535,977.223,1.17720306,-3.728,-9.489,301.361,301.361
25.619,1.598,1.598,279.352,0.0,1.577,-0.26,0.0,14.053,340.999,84.957,11.564,977.223,1.17656076,-3.769,-8.543,300.24,300.24
25.72,0.791,0.589,136.292,-41.878,-0.407,0.426,-0.528,14.972,341.544,80.007,11.555,977.222,1.17280948,-3.908,-5.229,300.858,300.858
25.82,1.48,0.549,176.073,-68.231,-0.038,0.547,-1.374,14.889,341.495,80.418,11.551,977.223,1.17315006,-3.86,-8.38,302.13,302.13
25.92,2.704,2.591,222.565,-16.58,1.753,1.909,-0.772,14.899,341.5,80.294,11.538,977.233,1.17312539,-3.714,-9.927,301.15,301.15
26.02,4.221,4.221,250.728,0.453,3.984,1.393,0.033,14.786,341.434,80.993,11.559,977.229,1.17357314,-3.714,-6.252,301.737,301.737
26.12,3.884,3.884,259.302,0.0,3.816,0.721,0.0,14.032,340.986,84.978,11.548,977.232,1.17666328,-4.086,-7.613,301.137,301.137
26.22,2.645,2.644,277.97,0.842,2.619,-0.367,0.039,13.611,340.737,87.451,11.568,977.227,1.17837536,-3.867,-10.199,300.902,300.902
26.32,0.622,0.543,240.025,-29.243,0.47,0.271,-0.304,14.135,341.048,84.433,11.551,977.231,1.17623913,-3.587,-7.316,301.16,301.16
26.419,1.246,1.114,143.676,-26.679,-0.66,0.897,-0.56,14.706,341.387,81.37,11.551,977.21,1.17387843,-3.947,-5.829,301.182,301.182
26.52,1.313,1.19,194.685,-24.994,0.302,1.151,-0.555,14.957,341.537,80.284,11.592,977.205,1.17283475,-3.958,-8.918,301.274,301.274
26.62,3.294,3.287,226.532,-3.848,2.385,2.261,-0.221,14.97,341.543,80.015,11.555,977.217,1.1728096,-3.722,-7.936,301.713,301.713
26.719,4.332,4.332,248.174,0.0,4.021,1.611,0.0,14.695,341.379,81.383,11.543,977.203,1.17392027,-3.777,-4.887,300.806,300.806
26.82,3.771,3.752,254.167,5.733,3.61,1.024,0.377,13.966,340.947,85.366,11.551,977.228,1.17692804,-3.96,-6.595,301.943,301.943
26.919,2.698,2.682,261.953,6.185,2.656,0.375,0.291,13.776,340.835,86.441,11.555,977.214,1.17768574,-4.017,-7.746,301.1,301.1
27.02,0.849,0.849,154.702,-0.416,-0.363,0.768,-0.006,14.919,341.513,80.31,11.561,977.229,1.1730293,-3.643,-5.59,301.361,301.361
27.12,0.371,0.35,196.686,-19.669,0.1,0.335,-0.125,15.205,341.681,78.694,11.531,977.197,1.17184234,-3.999,-5.457,301.294,301.294
27.22,2.61,2.568,222.947,-10.216,1.75,1.88,-0.463,15.241,341.704,78.675,11.563,977.228,1.17171729,-4.155,-6.631,300.533,300.533
27.319,4.255,4.255,240.925,0.294,3.719,2.068,0.022,15.147,341.647,79.004,11.535,977.223,1.17210484,-3.871,-6.757,301.339,301.339
27.419,4.543,4.542,252.393,0.957,4.329,1.374,0.076,14.429,341.222,82.869,11.556,977.235,1.17503917,-3.993,-6.374,301.577,301.577
27.52,3.767,3.756,257.672,4.398,3.67,0.802,0.289,13.818,340.861,86.325,11.575,977.23,1.17752671,-4.171,-6.12,301.687,301.687
27.619,2.081,2.065,252.741,7.113,1.972,0.613,0.258,13.977,340.953,85.229,11.538,977.223,1.17688167,-3.765,-5.973,301.988,301.988
27.72,0.858,0.835,169.351,-13.446,-0.154,0.82,-0.2,14.965,341.541,80.085,11.563,977.235,1.17284918,-4.123,-6.213,301.858,301.858
27.819,1.341,1.196,198.277,-26.883,0.375,1.136,-0.607,15.06,341.597,79.552,11.555,977.227,1.17245495,-4.293,-6.491,301.756,301.756
27.92,3.159,3.09,230.797,-11.971,2.394,1.953,-0.655,15.024,341.575,79.694,11.546,977.233,1.17261338,-4.22,-6.271,301.507,301.507
28.02,4.172,4.172,250.718,0.0,3.938,1.377,0.0,14.719,341.395,81.372,11.564,977.238,1.17385447,-3.841,-5.994,301.127,301.127
28.12,4.091,4.088,266.791,2.075,4.082,0.229,0.148,13.963,340.945,85.306,11.538,977.225,1.17694128,-3.983,-7.188,301.671,301.671
28.219,2.92,2.92,280.992,0.0,2.867,-0.557,0.0,13.656,340.763,87.099,11.551,977.246,1.17822003,-4.274,-7.154,301.396,301.396
28.319,0.092,0.079,134.604,-30.382,-0.056,0.056,-0.046,14.817,341.453,80.842,11.561,977.225,1.17344201,-3.865,-6.145,300.995,300.995
28.419,1.5,0.487,47.38,-71.053,-0.358,-0.33,-1.418,15.024,341.576,79.829,11.572,977.248,1.17261982,-3.845,-6.966,301.785,301.785
28.52,1.111,1.082,216.132,-13.173,0.638,0.874,-0.253,15.002,341.561,79.787,11.543,977.243,1.17271602,-4.129,-8.287,301.456,301.456
28.619,3.503,3.493,237.701,-4.385,2.953,1.866,-0.268,15.032,341.58,79.742,11.563,977.228,1.17256844,-4.142,-7.465,300.955,300.955
28.719,4.221,4.198,255.138,6.033,4.058,1.077,0.444,14.582,341.314,82.138,11.572,977.224,1.17439258,-3.824,-7.089,300.756,300.756
28.82,3.718,3.677,259.43,8.553,3.615,0.674,0.553,13.766,340.83,86.621,11.576,977.236,1.17774594,-4.118,-8.916,301.14,301.14
28.92,1.992,1.906,254.17,16.885,1.834,0.52,0.578,14.135,341.048,84.409,11.548,977.226,1.17623186,-4.107,-8.708,300.92,300.92
29.02,0.925,0.92,220.189,-6.225,0.593,0.703,-0.1,14.918,341.512,80.268,11.551,977.242,1.17305517,-3.917,-7.131,301.107,301.107
29.12,1.736,1.066,200.216,-52.094,0.369,1.001,-1.37,15.182,341.67,79.022,11.572,977.255,1.17198598,-4.065,-7.947,301.508,301.508
29.22,2.935,2.887,222.347,-10.369,1.944,2.133,-0.528,15.274,341.723,78.447,11.551,977.242,1.17160428,-4.035,-9.377,301.41,301.41
29.319,4.252,4.25,242.186,1.484,3.759,1.983,0.11,15.015,341.569,79.749,11.548,977.237,1.17265725,-3.902,-7.458,301.544,301.544
29.419,4.2,4.2,257.886,0.903,4.106,0.881,0.066,14.221,341.1,84.104,11.576,977.229,1.17587435,-4.001,-7.522,301.842,301.842
29.519,2.973,2.973,275.176,0.0,2.961,-0.268,0.0,13.817,340.86,86.315,11.572,977.245,1.17755139,-4.139,-9.1,301.063,301.063
29.619,2.09,2.086,295.036,3.615,1.89,-0.883,0.132,14.116,341.037,84.59,11.561,977.247,1.17633176,-3.861,-8.423,301.726,301.726
29.72,0.793,0.484,146.745,-52.338,-0.266,0.405,-0.628,15.06,341.596,79.554,11.555,977.24,1.17247248,-3.786,-6.959,302.021,302.021
29.82,2.29,2.117,207.6,-22.422,0.981,1.876,-0.873,15.043,341.586,79.642,11.555,977.23,1.17253065,-3.952,-8.507,301.365,301.365
29.92,3.767,3.76,225.565,-3.362,2.685,2.632,-0.221,15.041,341.585,79.613,11.548,977.22,1.17252851,-3.791,-8.3,301.478,301.478
30.019,4.344,4.343,246.245,1.242,3.975,1.749,0.094,14.532,341.284,82.381,11.568,977.237,1.17461467,-3.985,-6.618,301.575,301.575
30.119,3.962,3.961,259.345,0.944,3.893,0.732,0.065,13.743,340.815,86.611,11.551,977.235,1.17785096,-3.844,-6.935,301.803,301.803
30.219,2.43,2.429,274.315,-0.956,2.423,-0.183,-0.041,13.624,340.743,87.206,11.538,977.228,1.17833591,-3.807,-7.743,301.52,301.52
30.32,0.631,0.529,235.251,-33.137,0.434,0.301,-0.345,14.884,341.491,80.371,11.538,977.235,1.17318845,-4.191,-5.883,300.774,300.774
30.42,1.945,1.692,205.768,-29.583,0.735,1.524,-0.96,15.114,341.629,79.349,11.568,977.23,1.17223668,-3.999,-5.935,301.292,301.292
30.519,3.16,3.003,219.266,-18.154,1.901,2.325,-0.985,15.057,341.594,79.566,11.554,977.236,1.17248189,-3.876,-6.218,301.697,301.697
30.619,4.622,4.602,242.727,-5.305,4.091,2.109,-0.427,15.095,341.616,79.269,11.535,977.234,1.17232895,-4.117,-5.375,300.348,300.348
30.719,4.816,4.811,255.095,2.816,4.649,1.237,0.237,14.338,341.169,83.452,11.573,977.244,1.17541468,-4.077,-5.413,301.014,301.014
30.82,3.724,3.718,259.889,3.223,3.66,0.653,0.209,13.926,340.925,85.677,11.568,977.214,1.1770649,-3.94,-5.782,301.153,301.153
30.919,1.146,1.042,259.631,24.548,1.025,0.188,0.476,14.715,341.392,81.386,11.563,977.243,1.1738776,6.43,-6.293,302.582,302.582
31.019,0.161,0.074,237.914,-62.691,0.062,0.039,-0.143,15.168,341.66,78.985,11.551,977.248,1.17204368,27.485,-5.08,304.734,304.734
31.12,1.982,1.594,232.995,-36.467,1.273,0.959,-1.178,15.173,341.663,78.891,11.538,977.241,1.17202067,7.733,-4.397,303.176,303.176
31.219,3.311,3.231,247.099,-12.625,2.976,1.257,-0.724,15.225,341.693,78.589,11.531,977.238,1.17180753,7.392,-5.512,303.217,303.217
31.319,3.775,3.775,263.125,0.529,3.747,0.452,0.035,14.82,341.454,80.794,11.555,977.243,1.17345369,26.218,-6.939,303.557,303.557
31.419,4.163,4.162,286.6,-1.174,3.989,-1.189,-0.085,14.094,341.023,84.613,11.543,977.234,1.17641413,-24.81,-4.457,294.906,294.906
31.52,2.437,2.402,269.998,-9.647,2.402,0.0,-0.408,13.945,340.935,85.45,11.546,977.242,1.17703116,-35.604,-6.15,289.357,289.357
31.619,2.197,2.182,167.794,-6.719,-0.461,2.132,-0.257,14.86,341.478,80.658,11.568,977.221,1.17325997,-31.87,-9.604,290.676,290.676
31.719,1.854,1.819,159.262,-11.138,-0.644,1.701,-0.358,14.945,341.528,80.106,11.548,977.215,1.1729126,10.367,-9.163,305.906,305.906
31.819,2.334,1.956,216.985,-33.072,1.177,1.563,-1.274,14.923,341.516,80.265,11.556,977.209,1.17299104,24.511,-1.696,303.204,303.204
31.919,3.826,3.619,240.537,-18.92,3.151,1.78,-1.241,14.847,341.47,80.613,11.548,977.198,1.17329156,13.224,-4.03,303.212,303.212
32.019,4.101,4.1,250.578,-1.269,3.867,1.363,-0.091,14.145,341.053,84.334,11.543,977.218,1.17618597,2.579,-12.618,304.458,304.458
32.119,4.348,4.346,285.081,-1.821,4.196,-1.131,-0.138,13.688,340.781,86.846,11.538,977.214,1.17805791,14.054,-12.516,305.429,305.429
32.22,4.174,4.155,289.077,-5.543,3.927,-1.358,-0.403,13.727,340.806,86.698,11.551,977.224,1.17790115,2.515,-3.351,302.676,302.676
32.319,1.606,1.492,316.508,-21.721,1.027,-1.083,-0.594,14.772,341.427,81.138,11.572,977.242,1.17364085,-11.651,-6.845,300.065,300.065
32.419,0.871,0.115,40.726,-82.395,-0.075,-0.087,-0.863,14.95,341.532,80.19,11.568,977.235,1.1729089,-2.239,-15.43,302.181,302.181
32.519,1.625,1.334,249.525,-34.84,1.25,0.467,-0.929,15.117,341.629,79.184,11.54,977.233,1.17223775,-0.79,-11.175,302.67,302.67
32.619,3.475,3.475,275.793,-0.852,3.457,-0.351,-0.052,14.935,341.522,80.134,11.543,977.242,1.17298758,-11.894,-3.28,299.371,299.371
32.719,4.795,4.795,284.794,-0.281,4.636,-1.224,-0.023,14.098,341.025,84.616,11.548,977.249,1.17641449,-10.537,-10.466,299.189,299.189
32.819,4.361,4.359,293.04,-1.552,4.012,-1.706,-0.118,13.78,340.837,86.348,11.543,977.244,1.17771053,9.634,-14.4,306.808,306.808
32.919,2.305,2.305,298.435,0.301,2.027,-1.098,0.012,14.382,341.194,83.122,11.556,977.239,1.17523682,9.497,-5.874,302.952,302.952
33.019,0.861,0.498,339.559,-54.655,0.174,-0.467,-0.703,14.929,341.517,80.077,11.527,977.241,1.17301643,-10.992,-4.582,299.747,299.747
33.119,0.502,0.253,134.39,-59.735,-0.181,0.177,-0.434,15.043,341.586,79.63,11.553,977.239,1.17254174,3.004,-13.12,304.437,304.437
33.219,1.879,1.858,257.507,-8.482,1.814,0.402,-0.277,15.077,341.606,79.449,11.551,977.266,1.17243576,6.039,-12.927,304.409,304.409
33.319,3.547,3.547,272.527,0.0,3.544,-0.156,0.0,14.663,341.361,81.577,11.548,977.233,1.17408431,-9.841,-4.747,299.532,299.532
33.419,4.474,4.474,287.026,0.713,4.277,-1.31,0.056,13.979,340.957,85.431,11.576,977.236,1.17687285,-6.385,-5.948,301.043,301.043
33.519,3.869,3.869,293.098,-1.133,3.558,-1.518,-0.077,13.971,340.951,85.354,11.555,977.243,1.17692244,-2.641,-12.852,302.132,302.132
33.619,1.038,0.505,344.0,-60.896,0.139,-0.485,-0.907,14.951,341.532,80.164,11.564,977.236,1.17290783,-13.634,-9.119,297.47,297.47
33.719,1.331,0.252,92.612,-79.092,-0.252,0.011,-1.307,15.01,341.569,80.007,11.592,977.243,1.17266428,-17.363,-2.028,298.0,298.0
33.819,2.074,1.652,227.752,-37.209,1.223,1.11,-1.254,14.824,341.456,80.737,11.548,977.23,1.17342472,10.246,-5.705,303.658,303.658
33.919,3.04,2.989,250.825,-10.54,2.823,0.982,-0.556,14.715,341.392,81.352,11.556,977.229,1.17386377,7.718,-12.084,304.725,304.725
34.019,3.335,3.335,269.284,0.0,3.334,0.042,0.0,14.067,341.006,84.733,11.538,977.237,1.1765306,-5.03,-6.91,300.896,300.896
34.119,3.764,3.764,286.486,-0.307,3.61,-1.068,-0.02,13.529,340.687,87.758,11.54,977.248,1.17875051,4.431,0.014,302.806,302.806
34.219,2.648,2.647,293.906,-1.414,2.42,-1.073,-0.065,14.012,340.975,85.151,11.559,977.229,1.17673516,4.385,-8.482,303.751,303.751
34.319,0.735,0.276,339.412,-67.977,0.097,-0.258,-0.681,14.776,341.428,81.021,11.555,977.235,1.1736213,0.03,-11.081,303.592,303.592
34.419,1.593,0.527,233.59,-70.682,0.424,0.313,-1.503,14.728,341.4,81.285,11.556,977.264,1.17385411,5.174,-1.717,302.789,302.789
34.519,3.041,2.987,250.869,-10.755,2.822,0.979,-0.567,14.929,341.518,80.189,11.548,977.252,1.17302239,-11.668,-0.724,299.759,299.759
34.619,3.295,3.295,265.068,1.175,3.282,0.283,0.068,14.594,341.321,82.032,11.564,977.246,1.17437601,-12.997,-7.618,299.18,299.18
34.719,4.141,4.141,279.386,0.0,4.085,-0.675,0.0,13.956,340.941,85.398,11.548,977.244,1.17698884,5.401,-7.792,302.786,302.786
34.819,3.828,3.827,289.104,0.768,3.616,-1.253,0.051,13.778,340.834,86.27,11.527,977.256,1.17774081,-4.201,-2.092,301.466,301.466
34.919,1.262,1.213,306.857,-16.077,0.97,-0.727,-0.349,14.666,341.362,81.534,11.543,977.232,1.17407286,-0.852,-2.406,302.104,302.104
35.019,0.763,0.684,58.19,-26.258,-0.581,-0.36,-0.337,14.9,341.502,80.365,11.553,977.257,1.17314434,5.121,-8.952,305.059,305.059
35.119,1.368,1.105,242.6,-36.106,0.981,0.509,-0.806,15.04,341.584,79.595,11.543,977.264,1.17258692,-5.72,-7.504,301.606,301.606
35.219,3.019,3.015,255.976,-2.733,2.925,0.731,-0.144,14.999,341.559,79.742,11.531,977.267,1.17276323,-4.142,-2.754,300.619,300.619
35.319,3.191,3.191,271.826,0.0,3.189,-0.102,0.0,14.451,341.236,82.774,11.561,977.247,1.17496169,-4.57,-5.578,301.552,301.552
35.419,3.626,3.625,286.345,0.841,3.479,-1.02,0.053,13.919,340.921,85.76,11.575,977.253,1.17714012,-2.991,-9.409,302.258,302.258
35.519,2.19,2.175,292.458,6.559,2.01,-0.831,0.25,14.253,341.117,83.743,11.543,977.256,1.17578757,-6.873,-8.021,300.697,300.697
35.619,0.581,0.577,33.728,7.184,-0.32,-0.48,0.073,14.906,341.505,80.309,11.548,977.238,1.17309999,2.88,-5.843,302.728,302.728
35.719,1.088,0.687,291.167,-50.845,0.641,-0.248,-0.844,14.897,341.499,80.33,11.543,977.257,1.17316306,-0.79,-7.974,302.289,302.289
35.819,2.441,2.182,233.33,-26.647,1.75,1.303,-1.095,14.886,341.493,80.433,11.551,977.256,1.17320204,-4.673,-10.944,301.061,301.061
35.919,3.979,3.979,250.569,0.0,3.752,1.324,0.0,14.567,341.303,82.086,11.548,977.249,1.17449713,-13.391,-7.105,299.717,299.717
36.019,3.713,3.712,264.65,1.399,3.696,0.346,0.091,13.752,340.82,86.528,11.546,977.253,1.1778363,8.912,-7.227,303.215,303.215
36.119,3.984,3.984,287.469,-0.518,3.8,-1.196,-0.036,13.475,340.658,88.295,11.58,977.237,1.17894077,34.59,-8.559,305.688,305.688
36.219,2.311,2.262,292.01,-11.797,2.097,-0.848,-0.472,13.973,340.952,85.367,11.559,977.256,1.17692804,0.018,-8.404,302.285,302.285
36.319,1.11,0.426,284.316,-67.43,0.413,-0.105,-1.025,14.764,341.42,80.98,11.535,977.264,1.17371595,-10.124,-10.025,299.219,299.219
36.419,1.919,1.502,244.705,-38.48,1.358,0.642,-1.194,14.63,341.34,81.726,11.543,977.262,1.17425764,-2.708,-11.346,301.954,301.954
36.519,3.438,3.419,258.134,-5.945,3.346,0.703,-0.356,14.869,341.484,80.587,11.564,977.261,1.17327023,1.49,-10.652,303.187,303.187
36.619,3.779,3.779,268.398,0.448,3.777,0.106,0.03,14.352,341.177,83.372,11.572,977.268,1.17538846,-6.551,-8.717,299.838,299.838
36.719,4.089,4.088,283.964,0.805,3.968,-0.987,0.057,13.774,340.834,86.531,11.568,977.243,1.1777271,3.734,-9.761,303.002,303.002
36.819,3.101,3.1,289.148,-1.496,2.928,-1.017,-0.081,13.841,340.872,86.014,11.543,977.25,1.17747056,1.241,-10.229,302.761,302.761
36.919,0.765,0.288,300.767,-67.896,0.247,-0.147,-0.709,14.684,341.373,81.506,11.555,977.257,1.17402458,-17.856,-9.775,296.601,296.601
37.019,0.7,0.161,103.052,-76.691,-0.157,0.036,-0.682,15.085,341.611,79.41,11.551,977.275,1.17241597,-9.928,-8.742,298.746,298.746
37.119,1.918,1.801,248.276,-20.174,1.673,0.667,-0.662,15.055,341.595,79.716,11.581,977.259,1.17250526,15.152,-9.483,305.174,305.174
37.219,2.804,2.8,262.127,-3.14,2.773,0.384,-0.154,14.599,341.323,81.89,11.543,977.259,1.17437816,5.506,-7.248,303.542,303.542
37.319,3.667,3.667,277.251,0.0,3.638,-0.463,0.0,14.112,341.034,84.557,11.551,977.257,1.17636251,-2.519,-7.915,301.414,301.414
37.419,3.945,3.945,291.912,0.082,3.66,-1.472,0.006,13.641,340.754,87.216,11.556,977.26,1.17829859,-10.207,-8.72,300.113,300.113
37.519,1.666,1.665,296.594,1.239,1.489,-0.745,0.036,14.209,341.092,84.083,11.561,977.268,1.17597806,-14.719,-8.814,298.305,298.305
37.619,0.318,0.232,45.199,-43.091,-0.165,-0.164,-0.217,14.788,341.435,80.995,11.561,977.237,1.17357588,3.421,-5.933,302.382,302.382
37.719,1.163,0.667,245.892,-55.009,0.609,0.272,-0.953,14.907,341.507,80.45,11.575,977.26,1.17311013,11.904,-5.181,303.763,303.763
37.819,2.578,2.529,254.148,-11.178,2.433,0.691,-0.5,14.777,341.427,80.845,11.522,977.255,1.17365718,7.239,-8.063,303.942,303.942
37.919,3.563,3.563,265.354,0.019,3.551,0.289,0.001,14.498,341.263,82.474,11.551,977.257,1.17478609,-10.377,-7.531,299.489,299.489
38.019,3.665,3.665,279.942,0.0,3.61,-0.633,0.0,13.936,340.929,85.533,11.551,977.236,1.17706108,-4.092,-4.048,300.254,300.254
38.119,3.451,3.451,291.813,1.168,3.204,-1.282,0.07,13.862,340.885,85.918,11.548,977.267,1.17740083,-14.468,-4.662,298.291,298.291
38.219,0.462,0.333,359.276,-43.828,0.004,-0.333,-0.32,14.934,341.521,80.165,11.548,977.264,1.17301905,-5.916,-5.682,301.054,301.054
38.319,0.869,0.424,38.382,-60.809,-0.263,-0.332,-0.758,15.099,341.619,79.296,11.543,977.27,1.17235649,20.931,-6.401,304.519,304.519
38.419,1.466,1.039,238.065,-44.841,0.882,0.55,-1.034,15.007,341.565,79.857,11.561,977.251,1.17269802,13.247,-3.535,304.243,304.243
38.519,2.616,2.615,262.044,-1.539,2.59,0.362,-0.07,14.919,341.511,80.109,11.522,977.25,1.17307281,-12.698,-4.609,298.924,298.924
38.619,3.404,3.404,273.847,0.0,3.397,-0.228,0.0,14.471,341.249,82.803,11.585,977.263,1.17489052,-16.434,-5.317,296.278,296.278
38.719,3.685,3.684,287.523,1.065,3.513,-1.109,0.069,13.997,340.966,85.169,11.548,977.238,1.17681241,-4.624,-3.638,301.594,301.594
38.819,2.294,2.266,300.874,9.003,1.945,-1.163,0.359,14.458,341.24,82.711,11.556,977.267,1.1749568,6.118,-7.438,304.329,304.329
38.92,0.435,0.416,39.904,-17.214,-0.267,-0.319,-0.129,15.058,341.593,79.442,11.531,977.267,1.17252541,-7.554,-6.51,300.5,300.5
39.019,0.575,0.184,132.94,-71.311,-0.135,0.126,-0.545,15.089,341.612,79.269,11.528,977.255,1.17238605,-9.57,-4.116,299.599,299.599
39.12,2.016,1.961,250.861,-13.431,1.852,0.643,-0.468,15.081,341.608,79.385,11.543,977.289,1.17245054,1.719,-5.221,302.309,302.309
39.22,2.471,2.471,261.636,0.0,2.445,0.359,0.0,14.918,341.512,80.223,11.543,977.257,1.17307496,-14.66,-7.387,298.136,298.136
39.32,3.164,3.156,266.941,4.039,3.152,0.168,0.223,14.225,341.1,83.876,11.54,977.253,1.17589998,-9.377,-8.594,300.458,300.458
39.42,3.301,3.301,285.39,0.0,3.182,-0.876,0.0,13.909,340.912,85.566,11.531,977.258,1.17720616,6.161,-6.949,303.559,303.559
39.52,1.155,0.704,299.109,-52.459,0.615,-0.342,-0.916,14.341,341.169,83.252,11.54,977.267,1.17544568,-18.838,-7.339,297.454,297.454
39.619,0.66,0.587,156.559,-27.347,-0.233,0.538,-0.303,14.8,341.441,80.82,11.54,977.254,1.17355609,-35.43,-7.873,288.739,288.739
39.72,1.878,1.764,210.716,-20.134,0.901,1.516,-0.647,14.796,341.44,80.907,11.553,977.256,1.17356789,-3.128,-10.996,301.247,301.247
39.82,3.597,3.597,234.46,-0.717,2.927,2.091,-0.045,14.849,341.469,80.413,11.512,977.273,1.17339027,-2.13,-8.943,302.249,302.249
39.92,4.489,4.485,243.694,2.519,4.021,1.988,0.197,14.224,341.1,83.882,11.54,977.268,1.17592275,-7.086,-7.77,301.079,301.079
40.02,3.999,3.999,248.338,0.0,3.717,1.476,0.0,13.515,340.679,87.864,11.545,977.242,1.17879689,2.327,-10.791,303.021,303.021
40.12,1.622,1.621,243.316,2.311,1.448,0.728,0.065,13.71,340.794,86.683,11.532,977.238,1.17799878,8.758,-9.471,304.52,304.52
40.219,1.217,1.163,170.213,-17.049,-0.198,1.146,-0.357,14.569,341.305,82.029,11.54,977.25,1.17449021,6.368,-8.797,303.554,303.554
40.32,1.263,1.198,178.888,-18.415,-0.023,1.198,-0.399,14.947,341.529,80.125,11.553,977.255,1.17295289,-18.985,-10.623,295.992,295.992
40.42,3.629,3.566,206.938,-10.703,1.615,3.179,-0.674,14.781,341.429,80.846,11.527,977.252,1.17363417,2.674,-8.91,302.905,302.905
40.52,3.939,3.931,241.19,-3.793,3.444,1.894,-0.261,14.63,341.342,81.892,11.573,977.243,1.17422152,10.846,-8.152,304.138,304.138
40.619,3.782,3.782,252.187,0.0,3.601,1.157,0.0,14.121,341.038,84.369,11.527,977.258,1.17633665,10.666,-11.165,305.338,305.338
40.72,3.162,3.162,283.276,0.0,3.077,-0.726,0.0,14.025,340.981,84.949,11.535,977.247,1.17671573,34.832,-7.299,305.298,305.298
40.82,1.982,1.769,288.921,-26.842,1.673,-0.574,-0.895,14.346,341.172,83.197,11.535,977.251,1.17540383,-8.652,-11.318,300.097,300.097
40.919,1.259,0.576,134.239,-62.771,-0.413,0.402,-1.12,14.855,341.473,80.446,11.524,977.243,1.17332256,-31.812,-10.595,288.606,288.606
41.02,2.463,2.293,205.5,-21.385,0.987,2.07,-0.898,14.925,341.514,80.079,11.522,977.253,1.17305255,-32.687,-6.007,291.234,291.234
41.12,3.202,3.164,230.055,-8.895,2.425,2.031,-0.495,14.937,341.523,80.152,11.548,977.26,1.17300022,10.684,-8.911,304.829,304.829
41.22,3.645,3.645,248.452,0.193,3.39,1.339,0.012,14.525,341.276,82.114,11.512,977.261,1.174698,-0.939,-10.523,302.22,302.22
41.32,3.353,3.347,260.014,3.495,3.296,0.58,0.204,13.89,340.902,85.747,11.545,977.256,1.17727387,-14.428,-9.311,297.573,297.573
41.419,1.897,1.897,259.872,0.0,1.867,0.333,0.0,13.874,340.89,85.621,11.507,977.236,1.17733073,-8.631,-6.663,300.135,300.135
41.52,0.571,0.55,152.772,-15.714,-0.252,0.489,-0.155,14.794,341.436,80.691,11.511,977.261,1.17359817,1.308,-7.8,302.456,302.456
41.619,0.605,0.533,127.721,-28.141,-0.422,0.326,-0.285,14.837,341.463,80.581,11.532,977.271,1.17342687,-7.623,-8.366,301.296,301.296
41.72,1.786,1.692,212.701,-18.74,0.914,1.424,-0.574,14.782,341.43,80.869,11.532,977.266,1.17364621,1.853,-3.0,301.391,301.391
41.82,2.866,2.866,244.608,-0.731,2.589,1.229,-0.037,14.712,341.388,81.146,11.515,977.273,1.17394662,4.306,-4.133,303.837,303.837
41.92,3.225,3.225,270.442,0.0,3.225,-0.025,0.0,14.066,341.006,84.763,11.543,977.258,1.1765554,5.518,-4.934,303.191,303.191
42.02,2.804,2.804,285.515,-0.043,2.702,-0.75,-0.002,13.694,340.784,86.717,11.522,977.264,1.17809725,-8.082,-3.205,300.201,300.201
42.12,0.511,0.337,318.621,-48.703,0.223,-0.253,-0.384,14.332,341.163,83.254,11.532,977.28,1.17549968,-12.23,-3.788,299.302,299.302
42.219,2.079,2.053,152.217,-9.067,-0.957,1.816,-0.328,14.949,341.531,80.112,11.553,977.271,1.17296195,-8.409,-4.659,299.667,299.667
42.32,0.926,0.873,163.821,-19.459,-0.243,0.839,-0.309,15.073,341.602,79.348,11.528,977.284,1.17248356,-6.472,-4.589,300.947,300.947
42.42,3.082,3.065,215.488,-6.021,1.779,2.496,-0.323,15.122,341.632,79.166,11.541,977.267,1.17225957,-1.583,-5.309,301.855,301.855
42.519,3.527,3.522,245.368,3.128,3.201,1.468,0.192,14.796,341.439,80.817,11.535,977.255,1.17357481,-8.086,-3.657,300.665,300.665
42.62,3.302,3.299,260.802,2.696,3.256,0.527,0.155,14.082,341.016,84.687,11.545,977.252,1.17648363,0.375,-5.86,302.399,302.399
42.719,2.018,2.012,260.187,4.593,1.982,0.343,0.162,14.038,340.988,84.736,11.511,977.257,1.17668295,2.491,-6.297,302.383,302.383
42.82,0.388,0.099,296.648,75.209,0.088,-0.044,0.375,14.609,341.328,81.828,11.541,977.258,1.17433882,-6.691,-7.089,301.376,301.376
42.92,0.977,0.945,67.299,14.639,-0.872,-0.365,0.247,15.051,341.59,79.497,11.535,977.254,1.17253315,7.232,-3.218,303.704,303.704
43.02,1.121,0.782,247.754,-45.794,0.724,0.296,-0.804,14.956,341.533,79.948,11.528,977.244,1.172912,-4.048,-5.648,300.754,300.754
43.119,2.947,2.941,246.244,-3.646,2.691,1.185,-0.187,14.881,341.488,80.268,11.515,977.246,1.17322707,-16.69,-7.334,298.26,298.26
43.219,3.549,3.504,257.185,9.121,3.416,0.777,0.563,14.607,341.326,81.787,11.532,977.259,1.17435169,2.237,-4.622,303.068,303.068
43.32,2.488,2.479,279.108,4.737,2.448,-0.392,0.205,13.95,340.937,85.361,11.535,977.255,1.1770308,0.525,-4.351,302.561,302.561
43.419,1.002,0.805,300.446,36.556,0.694,-0.408,0.597,14.051,340.997,84.813,11.537,977.255,1.17661929,-3.387,-6.317,300.671,300.671
43.52,1.773,1.67,116.178,-19.589,-1.499,0.737,-0.594,14.97,341.54,79.784,11.511,977.279,1.17290413,1.812,-6.011,303.034,303.034
43.62,0.606,0.606,79.843,0.0,-0.597,-0.107,0.0,15.012,341.566,79.614,11.519,977.272,1.17272151,9.123,-5.73,303.786,303.786
43.72,1.715,1.696,245.026,-8.511,1.537,0.716,-0.254,15.025,341.575,79.636,11.537,977.269,1.17265606,14.449,-6.582,303.961,303.961
43.82,3.369,3.368,251.929,1.617,3.202,1.045,0.095,14.745,341.409,81.133,11.545,977.274,1.17380214,-6.495,-8.051,300.615,300.615
43.92,3.272,3.272,267.422,0.0,3.269,0.147,0.0,14.015,340.974,84.94,11.524,977.261,1.17677939,-7.857,-7.721,300.77,300.77
44.02,2.266,2.265,284.443,1.85,2.193,-0.565,0.073,13.803,340.849,86.16,11.532,977.26,1.17764401,0.54,-7.657,302.182,302.182
44.12,0.431,0.403,54.687,-20.756,-0.329,-0.233,-0.153,14.612,341.329,81.743,11.528,977.261,1.17433548,1.703,-9.13,303.223,303.223
44.219,1.509,1.5,96.078,-6.253,-1.491,0.159,-0.164,15.041,341.585,79.641,11.553,977.277,1.17259622,-5.362,-10.239,300.784,300.784
44.32,1.084,1.046,117.69,-15.293,-0.926,0.486,-0.286,15.129,341.635,78.998,11.516,977.269,1.172243,-2.271,-10.088,302.256,302.256
44.419,2.149,2.145,237.942,-3.265,1.818,1.139,-0.122,15.012,341.567,79.676,11.532,977.272,1.17271435,-1.292,-8.823,301.857,301.857
44.519,2.758,2.758,264.644,0.0,2.746,0.257,0.0,14.405,341.207,82.935,11.545,977.256,1.17516851,7.41,-9.902,303.682,303.682
44.62,3.408,3.407,286.402,1.803,3.268,-0.962,0.107,13.869,340.888,85.77,11.528,977.247,1.17735624,24.105,-9.998,306.039,306.039
44.72,1.916,1.902,295.277,6.925,1.72,-0.812,0.231,14.201,341.086,83.957,11.531,977.248,1.17599499,24.118,-7.153,305.179,305.179
44.819,0.687,0.66,11.389,-16.062,-0.13,-0.647,-0.19,14.744,341.408,81.11,11.54,977.25,1.1737783,2.079,-7.782,302.487,302.487
44.92,2.419,2.035,45.177,-32.713,-1.444,-1.435,-1.307,14.801,341.442,80.814,11.54,977.256,1.17355418,12.936,-10.479,305.215,305.215
45.019,0.951,0.898,41.092,-19.213,-0.59,-0.677,-0.313,14.928,341.518,80.24,11.556,977.248,1.17301691,-5.098,-8.23,301.581,301.581
45.119,1.761,1.756,277.387,-4.203,1.741,-0.226,-0.129,14.824,341.457,80.786,11.557,977.257,1.17345166,0.304,-8.888,302.731,302.731
45.219,3.523,3.504,292.149,6.005,3.245,-1.321,0.369,14.259,341.12,83.646,11.532,977.254,1.17576575,-12.93,-7.507,298.847,298.847
45.319,3.804,3.799,294.62,3.156,3.453,-1.583,0.209,13.686,340.781,86.961,11.556,977.271,1.17812622,-41.154,-4.759,286.103,286.103
45.419,0.453,0.451,307.133,-4.216,0.36,-0.272,-0.033,13.98,340.955,85.266,11.548,977.257,1.17690754,-20.232,-11.949,295.133,295.133
45.519,0.748,0.614,102.695,-34.802,-0.599,0.135,-0.427,14.765,341.421,80.999,11.54,977.269,1.17371392,36.251,-7.745,305.433,305.433
45.619,0.69,0.076,354.477,-83.704,0.007,-0.075,-0.686,14.613,341.329,81.714,11.524,977.27,1.17434394,34.874,2.035,300.803,300.803
45.719,1.069,1.059,271.327,-7.658,1.059,-0.025,-0.142,14.667,341.362,81.489,11.535,977.256,1.1740998,2.764,-6.93,302.96,302.96
45.819,2.946,2.934,287.931,5.139,2.791,-0.903,0.264,14.344,341.171,83.253,11.543,977.255,1.17541575,-13.052,-13.562,298.194,298.194
45.919,3.801,3.793,298.088,3.588,3.347,-1.786,0.238,13.793,340.845,86.317,11.55,977.255,1.17766798,-12.172,-7.89,298.751,298.751
46.019,3.108,3.093,301.911,-5.592,2.626,-1.635,-0.303,13.703,340.789,86.651,11.519,977.253,1.17804885,0.712,-0.483,302.119,302.119
46.119,1.853,1.848,25.552,-4.368,-0.797,-1.667,-0.141,14.561,341.3,82.1,11.545,977.269,1.1745441,11.116,-5.403,304.465,304.465
46.219,2.162,1.808,47.105,-33.287,-1.324,-1.23,-1.187,14.773,341.427,81.072,11.561,977.252,1.17365372,-19.217,-9.334,296.503,296.503
46.32,1.249,1.212,56.088,-13.943,-1.006,-0.676,-0.301,14.612,341.33,81.805,11.54,977.24,1.17430449,-39.406,-5.727,286.598,286.598
46.419,1.36,1.254,262.31,-22.719,1.243,0.168,-0.525,14.633,341.343,81.784,11.556,977.236,1.17420769,0.523,-2.396,301.83,301.83
46.519,3.378,3.332,293.027,9.495,3.067,-1.303,0.557,14.15,341.057,84.407,11.561,977.248,1.17619419,-0.813,-5.333,301.73,301.73
46.62,3.637,3.626,300.995,4.39,3.108,-1.867,0.278,13.618,340.739,87.227,11.535,977.248,1.17838776,-4.357,-6.873,301.091,301.091
46.719,1.457,1.443,312.183,-7.864,1.069,-0.969,-0.199,14.116,341.035,84.451,11.535,977.231,1.17632496,7.598,-4.378,303.193,303.193
46.819,1.106,1.092,64.237,-9.247,-0.983,-0.475,-0.178,14.896,341.499,80.406,11.556,977.239,1.17313683,1.578,-7.123,302.595,302.595
46.919,2.101,2.088,71.513,-6.244,-1.981,-0.662,-0.228,14.96,341.537,80.035,11.548,977.257,1.17290413,-2.339,-4.173,301.931,301.931
47.02,0.8,0.69,247.064,-30.387,0.636,0.269,-0.405,14.855,341.475,80.575,11.548,977.243,1.17331254,-5.7,-1.835,300.191,300.191
47.119,2.608,2.607,256.107,1.544,2.53,0.626,0.07,14.586,341.315,81.971,11.545,977.233,1.1744014,-6.298,-8.755,300.762,300.762
47.219,3.081,3.081,283.938,0.0,2.99,-0.742,0.0,13.978,340.953,85.169,11.528,977.254,1.17692077,0.652,-6.889,302.829,302.829
47.32,2.469,2.44,292.698,8.729,2.251,-0.942,0.375,13.855,340.88,85.826,11.524,977.242,1.17741168,4.794,-1.661,302.852,302.852
47.42,1.496,1.339,119.881,-26.517,-1.161,0.667,-0.668,14.562,341.298,81.891,11.507,977.237,1.17451715,0.566,-6.213,302.282,302.282
47.519,1.571,1.562,96.234,-6.182,-1.553,0.17,-0.169,14.896,341.497,80.187,11.515,977.253,1.17317176,0.219,-8.499,301.805,301.805
47.62,0.947,0.888,156.584,-20.465,-0.353,0.815,-0.331,14.772,341.426,81.016,11.55,977.227,1.17363024,-14.357,-8.175,297.788,297.788
47.72,2.517,2.517,226.784,-1.078,1.834,1.723,-0.047,14.64,341.346,81.632,11.535,977.225,1.17417228,-11.264,-4.028,298.805,298.805
47.819,3.004,3.0,253.798,3.15,2.881,0.837,0.165,14.171,341.067,84.084,11.524,977.22,1.17608917,8.719,-6.659,303.71,303.71
47.92,1.999,1.993,276.109,4.376,1.982,-0.212,0.153,13.613,340.737,87.287,11.541,977.231,1.17838633,1.532,-12.05,303.241,303.241
48.019,0.942,0.886,326.243,-19.888,0.492,-0.737,-0.321,14.026,340.983,85.089,11.561,977.23,1.17668092,6.318,-7.697,304.018,304.018
48.117,-99.53,-99.51,0.0,0.0,-99.4,-99.41,-99.42,-99.44,-99.43,47.743,-99.44,977.233,13.83857059,0.894,-4.509,300.987,300.987
48.219,1.276,1.269,84.19,-6.356,-1.262,-0.128,-0.141,14.959,341.536,80.02,11.545,977.227,1.17287087,-5.797,-9.084,300.458,300.458
48.319,0.997,0.985,209.251,-8.741,0.481,0.859,-0.151,15.015,341.567,79.6,11.519,977.237,1.17266774,1.807,-9.467,303.759,303.759
48.419,2.768,2.768,243.726,-0.558,2.482,1.225,-0.027,14.844,341.468,80.614,11.545,977.245,1.17336142,-6.338,-6.355,300.344,300.344
48.519,3.211,3.197,259.681,5.206,3.146,0.573,0.291,14.22,341.097,83.888,11.537,977.239,1.17590714,-10.805,-7.986,298.735,298.735
48.62,2.459,2.45,284.636,4.845,2.371,-0.619,0.208,13.969,340.948,85.265,11.537,977.245,1.17694247,12.162,-8.104,304.292,304.292
48.719,0.611,0.597,336.971,12.304,0.234,-0.55,0.13,14.72,341.394,81.265,11.545,977.253,1.17387629,2.765,-8.654,302.734,302.734
48.819,1.746,1.736,63.109,6.339,-1.548,-0.785,0.193,15.111,341.624,79.114,11.52,977.232,1.17227197,-0.28,-8.638,302.525,302.525
48.919,1.241,1.2,49.916,-14.771,-0.918,-0.773,-0.316,14.946,341.527,80.04,11.535,977.229,1.17293239,17.261,-9.714,305.92,305.92
49.019,1.17,1.139,234.341,-13.27,0.925,0.664,-0.269,15.046,341.587,79.508,11.532,977.241,1.17254031,7.381,-7.69,304.182,304.182
49.119,2.497,2.49,274.42,4.21,2.483,-0.192,0.183,14.791,341.434,80.71,11.511,977.242,1.17358971,2.983,-4.481,302.793,302.793
49.219,3.415,3.415,284.166,0.0,3.311,-0.836,0.0,14.155,341.057,84.128,11.517,977.259,1.17620337,-6.836,-11.275,300.641,300.641
49.319,1.404,1.404,283.345,0.0,1.366,-0.324,0.0,14.134,341.045,84.246,11.517,977.234,1.17626131,-23.925,-12.358,293.899,293.899
49.419,0.763,0.716,108.389,-20.376,-0.679,0.226,-0.266,14.902,341.5,80.121,11.508,977.215,1.173105,7.838,-10.439,304.462,304.462
49.519,0.562,0.516,41.514,-23.454,-0.342,-0.386,-0.224,15.143,341.644,78.97,11.524,977.227,1.17213237,1.088,-2.268,302.101,302.101
49.62,0.814,0.78,231.369,-16.784,0.609,0.487,-0.235,14.993,341.556,79.823,11.541,977.225,1.17273152,-5.82,-7.644,300.383,300.383
49.719,2.359,2.358,246.899,-1.462,2.169,0.925,-0.06,14.861,341.476,80.378,11.517,977.236,1.1732949,-1.887,-13.966,302.544,302.544
49.819,2.982,2.982,283.546,0.0,2.899,-0.698,0.0,14.353,341.176,83.145,11.532,977.226,1.17534983,2.672,-9.797,302.662,302.662
49.919,3.006,2.961,294.53,9.925,2.694,-1.229,0.518,14.025,340.981,84.912,11.529,977.231,1.17669773,2.194,-2.513,301.85,301.85
50.019,2.099,2.048,300.696,12.674,1.761,-1.045,0.46,14.344,341.17,83.127,11.52,977.242,1.17541063,-3.767,-6.191,301.373,301.373
50.119,0.782,0.766,60.205,11.532,-0.665,-0.381,0.156,14.827,341.456,80.593,11.524,977.254,1.17345154,2.748,-11.533,303.978,303.978
50.219,1.539,1.437,56.696,-21.042,-1.201,-0.789,-0.553,14.968,341.54,79.906,11.532,977.218,1.17283106,17.237,-5.115,303.842,303.842
50.319,1.482,1.355,233.972,-23.936,1.096,0.797,-0.601,14.645,341.348,81.507,11.517,977.239,1.17417848,20.41,-3.273,302.849,302.849
50.419,3.147,3.13,254.855,5.977,3.021,0.818,0.328,14.698,341.38,81.273,11.525,977.248,1.1739701,-44.878,-7.787,282.091,282.091
50.519,2.567,2.557,286.492,5.11,2.452,-0.726,0.229,14.184,341.075,84.024,11.527,977.244,1.17606211,-22.135,-7.466,295.525,295.525
50.62,2.361,2.346,290.47,6.556,2.198,-0.82,0.27,14.011,340.972,84.942,11.521,977.237,1.17676675,21.953,-1.028,303.389,303.389
50.719,1.089,1.089,317.768,-1.308,0.732,-0.806,-0.025,14.698,341.38,81.246,11.52,977.246,1.17396998,24.779,-6.787,304.855,304.855
50.819,1.763,1.729,72.251,-11.354,-1.646,-0.527,-0.347,15.019,341.571,79.644,11.532,977.255,1.17266607,-10.685,-13.957,299.372,299.372
50.92,0.577,0.195,349.467,-70.227,0.036,-0.192,-0.543,14.973,341.542,79.767,11.511,977.25,1.17285597,-32.243,-0.58,292.093,292.093
51.019,2.21,2.186,260.347,-8.434,2.156,0.367,-0.324,14.944,341.526,80.029,11.532,977.236,1.17294765,5.037,-0.259,301.92,301.92
51.119,3.343,3.33,293.623,4.994,3.051,-1.334,0.291,14.456,341.236,82.547,11.524,977.242,1.17495048,18.062,-13.621,307.38,307.38
51.219,4.025,4.013,300.589,4.481,3.454,-2.042,0.314,13.772,340.831,86.314,11.528,977.235,1.17774081,5.679,-9.719,303.335,303.335
51.319,2.759,2.743,316.271,-6.176,1.896,-1.982,-0.297,14.11,341.03,84.331,11.508,977.192,1.17631185,-0.795,1.111,301.578,301.578
51.419,1.814,1.788,9.323,-9.704,-0.29,-1.764,-0.306,14.745,341.409,81.063,11.532,977.213,1.17373037,1.946,-5.015,302.646,302.646
51.519,1.613,1.516,20.592,-19.965,-0.533,-1.42,-0.551,14.614,341.331,81.774,11.537,977.233,1.17428744,-0.776,-12.284,303.201,303.201
51.619,1.559,1.32,332.142,-32.188,0.617,-1.167,-0.831,14.759,341.416,80.931,11.521,977.206,1.17367303,1.81,-4.063,302.043,302.043
51.719,3.038,3.03,302.623,4.097,2.552,-1.633,0.217,14.545,341.29,82.1,11.529,977.205,1.17453837,23.899,0.156,301.898,301.898
51.819,4.254,4.24,302.33,4.678,3.583,-2.268,0.347,14.078,341.012,84.552,11.517,977.21,1.1764617,10.76,-8.769,304.327,304.327
51.919,3.822,3.812,304.688,-4.264,3.134,-2.169,-0.284,13.715,340.796,86.61,11.524,977.216,1.17795396,-25.783,-9.248,292.835,292.835
52.019,2.095,2.039,305.447,-13.254,1.661,-1.182,-0.48,14.295,341.141,83.438,11.529,977.219,1.17557681,-37.505,-1.525,291.365,291.365
52.119,1.218,0.474,358.001,-67.106,0.017,-0.474,-1.122,14.743,341.406,80.928,11.505,977.216,1.17375445,3.011,-1.996,301.8,301.8
52.219,0.939,0.713,15.228,-40.56,-0.187,-0.688,-0.611,14.935,341.52,79.951,11.508,977.236,1.17299569,19.198,-10.384,306.368,306.368
52.319,1.99,1.988,292.27,-2.601,1.84,-0.753,-0.09,14.924,341.514,80.159,11.537,977.23,1.17302275,-4.677,-5.792,301.085,301.085
52.419,4.012,4.009,291.772,1.901,3.723,-1.487,0.133,14.589,341.315,81.818,11.52,977.225,1.17438817,-6.048,-2.626,300.489,300.489
52.519,4.615,4.615,293.719,0.0,4.225,-1.856,0.0,13.919,340.918,85.448,11.521,977.239,1.17714381,5.51,-8.085,303.31,303.31
52.619,4.056,4.053,296.03,-2.466,3.642,-1.778,-0.174,13.883,340.895,85.508,11.496,977.236,1.17729843,-2.506,-9.665,301.801,301.801
52.719,2.191,1.869,321.332,-31.443,1.168,-1.46,-1.143,14.845,341.466,80.439,11.512,977.24,1.17336643,-0.742,-5.492,301.605,301.605
52.819,1.194,1.03,15.589,-30.408,-0.277,-0.992,-0.604,15.096,341.616,79.188,11.52,977.227,1.17232406,4.059,-7.121,302.957,302.957
52.919,1.075,0.927,291.348,-30.499,0.863,-0.337,-0.546,14.98,341.546,79.719,11.508,977.231,1.17280602,-11.19,-10.5,298.649,298.649
53.019,2.814,2.811,280.205,-2.635,2.766,-0.498,-0.129,14.985,341.55,79.781,11.525,977.242,1.17279148,-15.301,-8.056,297.616,297.616
53.119,4.666,4.665,290.463,1.007,4.371,-1.631,0.082,14.441,341.228,82.655,11.529,977.23,1.17499387,6.055,-6.585,303.241,303.241
53.219,4.963,4.962,293.17,-0.895,4.562,-1.953,-0.078,13.852,340.877,85.764,11.511,977.214,1.17739236,-12.315,-6.829,299.017,299.017
53.319,3.73,3.698,287.018,-7.497,3.536,-1.082,-0.487,13.851,340.878,85.846,11.524,977.207,1.17738295,-18.906,-9.008,295.913,295.913
53.419,1.456,1.169,327.994,-36.578,0.62,-0.992,-0.868,14.874,341.484,80.299,11.515,977.213,1.17321217,16.41,-5.142,304.535,304.535
53.519,1.08,0.467,312.455,-64.345,0.345,-0.315,-0.973,14.745,341.407,80.957,11.512,977.208,1.17373395,14.242,-4.663,304.386,304.386
53.619,2.118,2.015,271.31,-17.895,2.015,-0.046,-0.651,14.828,341.458,80.626,11.532,977.215,1.17339492,-1.013,-8.938,301.818,301.818
53.719,4.035,4.035,279.017,0.0,3.985,-0.632,0.0,14.665,341.361,81.505,11.537,977.221,1.17406452,-3.184,-9.675,301.267,301.267
53.819,5.458,5.458,289.635,-0.533,5.141,-1.834,-0.051,13.771,340.828,86.131,11.496,977.235,1.17775691,-2.803,-6.583,302.252,302.252
53.919,4.797,4.791,288.43,-2.763,4.545,-1.515,-0.231,13.456,340.643,88.114,11.529,977.22,1.1790216,0.825,-5.297,302.023,302.023
54.019,2.773,2.468,294.943,-27.147,2.237,-1.041,-1.265,14.354,341.176,83.083,11.522,977.205,1.17532241,-0.363,-9.423,302.414,302.414
54.119,0.942,0.303,341.341,-71.232,0.097,-0.287,-0.892,14.879,341.487,80.328,11.525,977.213,1.17318857,-2.43,-6.055,300.53,300.53
54.219,2.724,1.675,240.701,-52.055,1.461,0.82,-2.148,14.96,341.535,79.935,11.529,977.212,1.17285752,-0.896,-6.448,302.524,302.524
54.319,4.429,4.392,250.414,-7.373,4.138,1.472,-0.568,14.974,341.542,79.725,11.503,977.205,1.1728009,-0.83,-8.247,302.285,302.285
54.419,4.357,4.354,280.85,-2.048,4.276,-0.82,-0.156,14.414,341.212,82.814,11.532,977.213,1.17508137,2.751,-8.722,302.743,302.743
54.519,4.825,4.822,280.687,-2.087,4.738,-0.894,-0.176,13.824,340.861,85.932,11.512,977.205,1.17749715,-0.506,-5.496,301.245,301.245
54.619,3.779,3.752,282.827,-6.855,3.658,-0.833,-0.451,13.851,340.877,85.825,11.52,977.208,1.1773876,0.15,-6.7,301.616,301.616
54.719,1.476,1.041,297.605,-45.147,0.923,-0.482,-1.047,14.88,341.488,80.349,11.529,977.207,1.17317784,1.944,-9.845,303.442,303.442
54.819,2.486,0.838,234.672,-70.3,0.684,0.485,-2.341,15.048,341.587,79.417,11.517,977.195,1.1724838,-8.355,-6.27,299.991,299.991
54.919,3.129,2.932,247.227,-20.463,2.703,1.135,-1.094,15.121,341.63,79.044,11.517,977.204,1.17219734,-8.946,-3.812,300.32,300.32
55.019,4.241,4.24,258.313,-1.324,4.152,0.859,-0.098,14.957,341.535,79.985,11.537,977.198,1.17284727,1.995,-7.257,301.896,301.896
55.119,4.351,4.351,268.313,0.0,4.349,0.128,0.0,14.103,341.028,84.575,11.545,977.21,1.17634642,-17.428,-7.469,296.261,296.261
55.219,3.202,3.202,273.685,0.0,3.195,-0.206,0.0,13.672,340.771,86.83,11.52,977.211,1.1781255,-28.587,-6.12,293.065,293.065
55.319,1.297,1.297,262.069,-1.154,1.285,0.179,-0.026,14.438,341.226,82.665,11.528,977.208,1.17498004,-24.286,-5.506,293.946,293.946
55.419,1.006,0.821,213.591,-35.269,0.454,0.684,-0.581,14.867,341.481,80.412,11.529,977.195,1.17321324,9.045,-6.11,303.802,303.802
55.519,2.6,2.131,231.536,-34.979,1.668,1.325,-1.491,14.904,341.502,80.197,11.525,977.216,1.17308939,22.056,-6.767,305.182,305.182
55.619,3.512,3.454,259.657,-10.416,3.398,0.62,-0.635,14.905,341.503,80.168,11.521,977.208,1.17307687,35.826,-4.132,302.98,302.98
55.719,4.57,4.569,273.617,-0.83,4.56,-0.288,-0.066,14.389,341.196,82.885,11.52,977.209,1.17518783,-27.116,-3.835,294.674,294.674
55.819,4.421,4.412,269.658,-3.774,4.411,0.026,-0.291,13.561,340.706,87.525,11.532,977.211,1.17857587,-30.4,-6.616,290.372,290.372
55.919,3.801,3.791,282.187,-4.19,3.706,-0.8,-0.278,13.606,340.733,87.35,11.545,977.209,1.17838478,41.83,-5.032,303.213,303.213
56.019,1.702,1.621,329.342,-17.733,0.827,-1.395,-0.518,14.665,341.361,81.475,11.531,977.223,1.17406964,41.216,-3.692,302.373,302.373
56.119,1.504,1.429,346.918,-18.089,0.324,-1.392,-0.467,14.914,341.509,80.231,11.541,977.21,1.17303574,10.678,-5.478,303.847,303.847
56.218,2.154,1.049,256.672,-60.842,1.021,0.242,-1.881,14.926,341.514,79.979,11.505,977.221,1.173015,-41.935,-4.76,285.545,285.545
56.319,4.274,4.254,252.74,-5.473,4.063,1.262,-0.408,14.884,341.492,80.407,11.545,977.223,1.17317128,-22.788,-9.66,294.993,294.993
56.419,4.464,4.464,289.521,-0.005,4.208,-1.492,-0.0,14.278,341.131,83.519,11.527,977.206,1.1756345,37.117,-8.09,304.919,304.919
56.519,5.057,5.057,296.006,-0.655,4.545,-2.217,-0.058,13.787,340.84,86.234,11.529,977.203,1.17763853,24.812,-1.541,303.636,303.636
56.619,4.112,4.029,307.788,-11.575,3.184,-2.469,-0.825,14.152,341.055,84.075,11.503,977.199,1.17615151,34.471,-5.257,303.636,303.636
56.719,3.253,3.221,343.586,-8.117,0.91,-3.089,-0.459,14.833,341.46,80.546,11.521,977.184,1.17334461,5.55,-10.14,304.566,304.566
56.819,1.638,1.611,341.264,-10.468,0.517,-1.526,-0.298,15.115,341.627,79.089,11.52,977.167,1.1721741,-30.211,-7.451,292.256,292.256
56.919,1.543,1.495,286.527,-14.391,1.433,-0.425,-0.384,14.982,341.548,79.772,11.521,977.176,1.17272437,-29.443,-8.425,291.414,291.414
57.019,3.897,3.887,298.141,4.055,3.428,-1.833,0.276,14.73,341.4,81.141,11.532,977.176,1.17374778,23.418,-12.501,307.562,307.562
57.119,5.078,5.077,299.906,0.681,4.401,-2.531,0.06,14.104,341.027,84.457,11.525,977.167,1.17629945,40.478,-2.216,301.927,301.927
57.219,4.297,4.278,310.599,-5.386,3.248,-2.784,-0.403,13.961,340.944,85.332,11.541,977.157,1.17686594,7.693,-0.101,302.993,302.993
57.319,3.162,3.132,338.638,-7.944,1.141,-2.917,-0.437,14.636,341.345,81.729,11.55,977.155,1.17409801,-28.566,-9.398,291.486,291.486
57.419,2.357,2.313,353.955,-11.075,0.244,-2.3,-0.453,14.814,341.448,80.55,11.503,977.156,1.17339361,-6.07,-15.896,301.265,301.265
57.519,1.35,1.295,308.248,-16.488,1.017,-0.802,-0.383,14.844,341.466,80.467,11.517,977.175,1.17329061,-2.902,-2.506,300.511,300.511
57.619,2.909,2.905,281.352,-3.2,2.848,-0.572,-0.162,14.714,341.388,81.055,11.501,977.17,1.17381823,7.07,2.536,301.294,301.294
57.719,4.749,4.739,296.889,3.594,4.227,-2.143,0.298,14.245,341.112,83.712,11.529,977.158,1.17570937,19.775,-8.651,305.308,305.308
57.819,4.757,4.757,296.739,0.078,4.249,-2.14,0.006,13.686,340.781,86.895,11.545,977.174,1.17801166,-8.618,-9.621,299.409,299.409
57.919,3.962,3.864,307.135,-12.788,3.08,-2.333,-0.877,13.769,340.828,86.29,11.521,977.178,1.17768955,-15.19,-5.911,297.739,297.739
58.019,2.147,2.113,356.825,-10.237,0.117,-2.11,-0.382,14.743,341.407,81.008,11.52,977.173,1.17369592,2.911,-6.247,303.339,303.339
58.119,2.521,2.505,352.447,-6.472,0.329,-2.483,-0.284,14.79,341.434,80.745,11.517,977.175,1.17350829,35.72,-4.287,303.827,303.827
58.219,3.056,3.056,335.499,0.251,1.267,-2.781,0.013,14.75,341.411,81.04,11.532,977.157,1.17364621,10.995,-8.698,303.876,303.876
58.319,3.579,3.552,311.143,7.041,2.675,-2.337,0.439,14.575,341.308,82.032,11.545,977.152,1.1743474,-19.728,-10.896,295.616,295.616
58.419,4.459,4.447,302.3,4.191,3.759,-2.376,0.326,13.986,340.958,85.144,11.532,977.15,1.17675781,-41.733,-3.916,286.889,286.889
58.519,3.971,3.964,300.857,3.409,3.403,-2.033,0.236,13.705,340.791,86.723,11.534,977.138,1.17789638,-37.319,-3.679,288.783,288.783
58.619,1.577,1.509,328.837,-16.891,0.781,-1.291,-0.458,14.613,341.33,81.718,11.525,977.126,1.17416799,13.786,-10.399,305.589,305.589
58.719,2.456,2.446,21.312,-5.134,-0.889,-2.279,-0.22,14.915,341.509,80.164,11.529,977.136,1.17294657,38.509,-5.744,304.923,304.923
58.819,2.408,2.347,16.895,-12.879,-0.682,-2.246,-0.537,14.889,341.494,80.363,11.542,977.144,1.17305672,12.846,-5.767,304.076,304.076
58.919,2.645,2.624,319.252,-7.062,1.713,-1.988,-0.325,14.858,341.476,80.51,11.538,977.119,1.17315733,-10.57,-7.915,299.208,299.208
59.019,4.593,4.58,302.05,4.255,3.882,-2.431,0.341,14.44,341.226,82.54,11.507,977.105,1.17485678,-14.06,-6.945,298.207,298.207
59.119,4.64,4.64,302.135,-0.41,3.929,-2.468,-0.033,13.982,340.955,85.102,11.521,977.125,1.17674935,-2.915,-3.259,300.736,300.736
59.219,4.731,4.425,307.681,-20.72,3.502,-2.705,-1.674,13.909,340.912,85.557,11.529,977.11,1.17702782,9.198,-7.591,305.023,305.023
59.319,3.003,2.956,341.753,-10.141,0.926,-2.807,-0.529,14.583,341.312,81.83,11.517,977.096,1.17425644,10.751,-11.859,305.897,305.897
59.418,2.191,2.172,13.515,-7.471,-0.508,-2.112,-0.285,14.623,341.335,81.64,11.52,977.114,1.17411613,-8.669,-4.316,299.9,299.9
59.519,1.676,1.674,345.937,-3.092,0.407,-1.623,-0.09,14.772,341.424,80.882,11.525,977.109,1.17349696,-1.461,-2.699,301.285,301.285
59.619,3.102,3.091,305.72,4.924,2.509,-1.804,0.266,14.598,341.32,81.771,11.52,977.106,1.17420781,6.088,-9.715,303.695,303.695
59.719,4.512,4.495,306.845,4.984,3.597,-2.696,0.392,14.123,341.037,84.214,11.5,977.109,1.17616212,2.706,-7.143,304.398,304.398
59.819,4.195,4.194,310.277,-1.276,3.2,-2.712,-0.093,13.694,340.784,86.735,11.525,977.096,1.17789471,16.144,-4.075,303.975,303.975
59.919,3.405,3.4,330.482,-3.017,1.675,-2.959,-0.179,14.146,341.053,84.242,11.528,977.106,1.17605031,13.308,-7.084,304.879,304.879
60.019,2.581,2.579,357.17,-2.501,0.127,-2.575,-0.113,14.739,341.404,80.987,11.512,977.099,1.17362618,-9.322,-5.41,298.926,298.926
60.119,1.872,1.824,12.892,-13.016,-0.407,-1.778,-0.422,14.804,341.445,80.85,11.55,977.1,1.17334819,-2.902,-7.599,300.934,300.934
60.219,1.944,1.943,320.38,-1.807,1.239,-1.497,-0.061,14.777,341.426,80.816,11.517,977.113,1.17348886,7.139,-9.662,304.004,304.004
60.318,3.218,3.208,304.699,4.457,2.638,-1.826,0.25,14.51,341.27,82.394,11.549,977.11,1.174559,2.386,-6.727,303.13,303.13
60.419,4.381,4.371,299.793,3.879,3.793,-2.172,0.296,14.016,340.975,84.866,11.512,977.117,1.17660284,-5.763,-4.99,299.758,299.758
60.519,3.912,3.907,312.385,-2.829,2.886,-2.634,-0.193,13.984,340.955,85.046,11.512,977.126,1.17674816,-13.067,-8.997,298.512,298.512
60.618,2.714,2.638,353.629,-13.595,0.293,-2.622,-0.638,14.433,341.222,82.556,11.503,977.102,1.17488146,14.572,-13.258,306.094,306.094
60.719,3.352,3.329,21.106,-6.759,-1.199,-3.106,-0.395,14.481,341.251,82.347,11.512,977.082,1.17465818,24.94,-3.519,303.608,303.608
60.819,2.433,2.405,22.771,-8.774,-0.931,-2.217,-0.371,14.79,341.434,80.725,11.512,977.076,1.17339361,15.465,-0.41,301.36,301.36
60.919,2.988,2.988,338.279,0.491,1.106,-2.776,0.026,14.775,341.426,80.891,11.529,977.076,1.17344439,17.538,-13.182,307.226,307.226
61.019,4.185,4.183,329.054,1.656,2.151,-3.588,0.121,14.364,341.183,83.083,11.532,977.056,1.17509615,-1.135,-12.391,302.226,302.226
61.12,4.328,4.322,322.322,3.128,2.642,-3.421,0.236,14.102,341.026,84.393,11.512,977.056,1.17617631,-32.604,-1.553,291.764,291.764
61.219,2.29,2.28,337.782,-5.169,0.862,-2.111,-0.206,14.289,341.137,83.427,11.521,977.061,1.17541647,-13.209,-8.576,298.63,298.63
61.32,2.542,2.539,358.86,-2.974,0.051,-2.538,-0.132,14.77,341.423,80.933,11.532,977.052,1.17343473,15.626,-12.777,307.177,307.177
61.419,2.384,2.376,23.893,-4.701,-0.962,-2.172,-0.195,14.808,341.445,80.697,11.525,977.048,1.1732794,-1.415,-5.612,300.809,300.809
61.52,0.877,0.843,281.02,-15.893,0.828,-0.161,-0.24,14.817,341.448,80.436,11.484,977.059,1.17327356,-8.511,2.374,300.891,300.891
61.62,3.041,3.04,291.795,-1.048,2.823,-1.129,-0.056,14.763,341.42,81.018,11.542,977.085,1.17349851,6.189,-7.586,303.106,303.106
61.719,3.31,3.31,296.957,0.03,2.95,-1.5,0.002,14.18,341.073,84.059,11.528,977.064,1.17586231,13.53,-12.092,306.461,306.461
61.819,3.01,2.997,315.706,5.208,2.093,-2.145,0.273,13.968,340.946,85.157,11.517,977.089,1.17676616,24.435,-5.119,305.009,305.009
61.919,3.389,3.389,5.976,0.418,-0.353,-3.371,0.025,14.722,341.395,81.214,11.538,977.075,1.17365539,2.964,0.458,301.1,301.1
62.019,3.284,3.269,22.077,-5.635,-1.229,-3.029,-0.322,14.946,341.526,79.894,11.508,977.07,1.17275,-1.237,-9.282,301.856,301.856
62.12,2.136,2.092,24.42,-11.726,-0.865,-1.904,-0.434,14.937,341.522,80.035,11.527,977.089,1.17280102,3.978,-13.92,304.364,304.364
62.219,1.128,1.126,316.523,3.592,0.775,-0.817,0.071,15.045,341.584,79.322,11.496,977.064,1.17234659,-13.949,-4.175,298.087,298.087
62.32,2.549,2.539,300.832,5.163,2.18,-1.301,0.229,14.669,341.363,81.417,11.524,977.077,1.17388046,-12.98,-1.172,298.551,298.551
62.419,2.983,2.983,296.854,-0.897,2.661,-1.347,-0.047,14.201,341.085,83.831,11.508,977.074,1.17579389,7.54,-9.612,303.627,303.627
62.519,2.502,2.478,325.717,7.934,1.396,-2.047,0.345,14.481,341.251,82.375,11.517,977.075,1.17465103,13.424,-12.459,306.787,306.787
62.62,2.597,2.597,17.077,-0.595,-0.763,-2.483,-0.027,15.069,341.601,79.414,11.537,977.058,1.17222536,7.771,-3.157,302.882,302.882
62.72,2.564,2.557,27.258,-4.221,-1.171,-2.273,-0.189,15.123,341.633,79.208,11.55,977.066,1.17200971,-14.708,-3.834,297.285,297.285
62.819,1.367,1.316,29.593,-15.762,-0.65,-1.144,-0.371,15.084,341.608,79.209,11.512,977.036,1.17214668,-10.75,-10.832,299.357,299.357
62.919,1.908,1.902,297.205,4.89,1.691,-0.869,0.163,14.999,341.561,79.881,11.557,977.038,1.17247546,11.765,-7.96,303.785,303.785
63.019,3.023,3.003,300.812,6.655,2.579,-1.538,0.35,14.564,341.3,81.911,11.512,977.052,1.17428517,7.33,-4.468,303.501,303.501
63.119,2.926,2.926,297.689,1.133,2.591,-1.359,0.058,14.276,341.132,83.655,11.55,977.026,1.17541313,-14.436,-6.313,298.045,298.045
63.22,1.095,1.093,319.298,-3.668,0.713,-0.829,-0.07,14.817,341.451,80.675,11.529,977.03,1.17322052,-25.718,-10.098,292.492,292.492
63.319,0.88,0.876,38.828,5.509,-0.549,-0.682,0.084,14.984,341.549,79.671,11.503,977.03,1.1725471,-13.472,-5.914,298.964,298.964
63.42,0.616,0.615,71.085,2.588,-0.582,-0.199,0.028,15.129,341.635,78.981,11.512,977.031,1.17195916,13.118,-7.058,304.925,304.925
63.519,1.224,1.224,271.851,-1.288,1.223,-0.04,-0.028,15.065,341.598,79.434,11.537,977.035,1.17221308,15.93,-11.964,305.735,305.735
63.619,2.51,2.509,285.831,-1.892,2.414,-0.684,-0.083,14.62,341.336,81.855,11.557,977.031,1.1740092,11.769,-11.775,306.157,306.157
63.719,3.55,3.549,293.226,-1.18,3.261,-1.4,-0.073,14.287,341.136,83.415,11.517,977.039,1.1753999,6.899,-5.287,303.034,303.034
63.819,2.659,2.653,303.847,-3.732,2.203,-1.478,-0.173,14.09,341.019,84.526,11.524,977.02,1.17617869,-8.079,-7.531,299.519,299.519
63.919,1.541,1.535,11.007,-5.069,-0.293,-1.507,-0.136,14.919,341.511,80.162,11.532,977.028,1.17280126,-19.302,-12.635,294.866,294.866
64.019,1.076,1.045,33.175,-13.629,-0.572,-0.875,-0.253,15.109,341.625,79.254,11.545,977.024,1.1720165,-23.36,-9.201,294.156,294.156
64.12,0.579,0.437,20.939,-40.961,-0.156,-0.408,-0.379,15.03,341.577,79.571,11.528,977.023,1.17234623,-18.547,-6.403,296.452,296.452
64.219,2.021,2.021,264.735,0.158,2.013,0.185,0.006,15.059,341.596,79.523,11.548,977.017,1.17220879,-15.009,-11.16,296.465,296.465
64.319,3.741,3.741,279.829,0.0,3.686,-0.639,0.0,14.428,341.221,82.812,11.545,977.0,1.17476451,-21.627,-10.399,293.537,293.537
64.42,4.056,4.056,285.549,0.0,3.908,-1.087,0.0,13.851,340.879,85.941,11.541,977.007,1.1771338,-21.7,-9.436,293.127,293.127
64.519,2.026,2.01,298.299,7.216,1.77,-0.953,0.254,14.238,341.107,83.695,11.52,977.016,1.17556787,-21.476,-8.246,295.039,295.039
64.619,0.641,0.632,49.644,-9.163,-0.482,-0.41,-0.102,15.118,341.63,79.163,11.537,977.006,1.1719619,-22.223,-10.498,293.534,293.534
64.72,0.414,0.28,234.549,-47.381,0.228,0.162,-0.304,15.168,341.659,78.882,11.532,977.007,1.1717608,1.627,-8.401,302.144,302.144
64.82,2.907,2.802,239.337,-15.465,2.41,1.429,-0.775,15.261,341.714,78.435,11.535,977.001,1.17137766,1.084,-6.993,301.677,301.677
64.919,3.853,3.848,256.42,3.078,3.74,0.903,0.207,14.946,341.528,80.087,11.545,976.994,1.17264354,0.752,-8.762,301.806,301.806
65.019,3.762,3.762,272.216,0.0,3.759,-0.145,0.0,14.139,341.051,84.485,11.565,977.009,1.17594707,1.179,-10.772,302.244,302.244
65.12,2.213,2.206,280.717,4.671,2.168,-0.41,0.18,14.013,340.975,85.083,11.548,977.017,1.17647803,2.029,-7.183,301.997,301.997
65.219,0.209,0.101,107.238,-61.182,-0.096,0.03,-0.183,14.951,341.531,80.037,11.54,977.006,1.17264092,1.628,-6.241,301.962,301.962
65.319,0.399,0.394,98.295,-9.363,-0.39,0.057,-0.065,15.113,341.626,79.165,11.532,977.002,1.17198157,0.776,-8.68,302.436,302.436
65.419,1.188,1.098,227.415,-22.526,0.808,0.743,-0.455,15.014,341.57,79.803,11.557,976.991,1.17235768,2.566,-7.968,302.308,302.308
65.519,3.017,3.017,238.579,1.357,2.574,1.573,0.071,15.004,341.562,79.694,11.527,977.007,1.17243207,2.466,-5.238,302.659,302.659
65.619,3.603,3.59,261.615,4.798,3.552,0.524,0.301,14.366,341.184,83.164,11.548,976.995,1.17501152,0.764,-4.841,301.395,301.395
65.719,3.002,3.002,272.033,0.0,3.0,-0.106,0.0,13.765,340.828,86.438,11.543,977.009,1.17748892,3.358,-7.65,302.307,302.307
65.819,1.626,1.626,267.696,0.0,1.624,0.065,0.0,13.959,340.943,85.356,11.543,976.992,1.17667353,1.535,-4.751,301.937,301.937
65.919,0.789,0.789,120.676,0.671,-0.679,0.403,0.009,14.979,341.548,79.934,11.548,976.994,1.17250955,1.75,-4.16,300.916,300.916
66.019,0.386,0.367,52.853,18.209,-0.292,-0.221,0.121,15.131,341.639,79.198,11.556,977.002,1.17189455,1.289,-5.201,302.019,302.019
66.119,2.038,2.003,232.33,-10.573,1.585,1.224,-0.374,15.219,341.689,78.576,11.522,976.999,1.1715486,1.829,-4.751,301.125,301.125
66.219,3.495,3.492,254.075,2.263,3.358,0.958,0.138,14.93,341.519,80.163,11.543,976.991,1.17270672,1.054,-3.793,301.842,301.842
66.319,3.329,3.329,272.122,0.0,3.327,-0.123,0.0,14.262,341.122,83.698,11.543,976.994,1.17543614,2.172,-3.521,301.951,301.951
66.419,3.175,3.175,281.653,0.0,3.11,-0.641,0.0,13.945,340.937,85.669,11.585,976.99,1.17671108,1.072,-5.975,301.746,301.746
66.519,0.75,0.66,319.527,28.337,0.429,-0.502,0.356,14.816,341.452,80.803,11.553,976.992,1.17316818,1.754,-6.046,301.673,301.673
66.619,1.515,1.488,66.779,10.815,-1.368,-0.587,0.284,15.355,341.772,78.09,11.561,976.993,1.17097294,1.05,-3.546,302.36,302.36
66.72,0.294,0.211,180.806,44.281,0.003,0.211,0.205,15.338,341.761,78.155,11.556,976.996,1.17104936,1.305,-5.838,302.49,302.49
66.819,3.13,3.129,243.286,1.19,2.795,1.407,0.065,15.279,341.725,78.364,11.54,976.993,1.1712904,0.614,-8.165,301.823,301.823
66.919,3.426,3.421,259.765,3.061,3.367,0.608,0.183,14.824,341.458,80.872,11.573,977.009,1.17314601,1.26,-7.018,301.173,301.173
67.019,3.031,3.031,275.124,0.0,3.019,-0.271,0.0,14.172,341.069,84.116,11.531,976.989,1.17580187,1.498,-5.839,301.526,301.526
67.119,2.386,2.368,288.983,7.067,2.239,-0.77,0.294,14.081,341.016,84.783,11.561,977.009,1.17618835,1.339,-7.713,301.226,301.226
67.219,1.655,1.654,121.026,-1.143,-1.418,0.853,-0.033,15.228,341.695,78.64,11.543,977.005,1.17151153,2.028,-9.02,302.205,302.205
67.319,1.678,1.591,119.393,-18.61,-1.386,0.781,-0.536,15.174,341.663,78.894,11.54,977.005,1.17173123,1.25,-7.381,301.343,301.343
67.419,1.038,1.029,203.201,-7.577,0.405,0.946,-0.137,15.059,341.597,79.589,11.561,976.984,1.17216372,2.266,-7.015,301.958,301.958
67.519,2.48,2.476,253.217,3.433,2.371,0.715,0.149,15.019,341.573,79.818,11.565,976.997,1.17234325,2.154,-8.033,301.649,301.649
67.619,3.186,3.186,273.66,0.0,3.18,-0.203,0.0,14.359,341.18,83.152,11.54,976.994,1.1750387,1.662,-8.676,302.159,302.159
67.719,3.419,3.416,286.288,2.325,3.279,-0.958,0.139,13.945,340.935,85.431,11.543,977.005,1.17674518,1.967,-8.251,301.612,301.612
67.819,1.51,1.477,304.809,11.981,1.213,-0.843,0.313,14.622,341.339,81.947,11.576,977.002,1.17395866,1.496,-7.965,301.607,301.607
67.919,1.755,1.747,61.594,5.431,-1.537,-0.831,0.166,15.32,341.751,78.258,11.559,977.011,1.17113876,1.213,-9.212,301.118,301.118
68.019,0.942,0.825,43.654,-28.833,-0.57,-0.597,-0.454,15.113,341.628,79.291,11.556,976.989,1.17195308,1.098,-9.345,302.36,302.36
68.119,2.442,2.438,232.804,-3.492,1.942,1.474,-0.149,15.245,341.707,78.62,11.556,976.998,1.1714257,1.442,-8.371,302.013,302.013
68.219,3.382,3.377,257.705,3.141,3.299,0.719,0.185,14.931,341.521,80.266,11.564,977.017,1.17272401,1.339,-8.835,302.081,302.081
68.319,3.472,3.472,275.667,0.0,3.455,-0.343,0.0,14.219,341.098,83.981,11.553,977.01,1.17562699,1.197,-10.465,302.183,302.183
68.419,3.387,3.387,285.369,0.0,3.266,-0.898,0.0,14.036,340.99,85.094,11.572,976.998,1.17635298,1.452,-9.377,301.796,301.796
68.519,0.789,0.653,16.004,34.231,-0.18,-0.627,0.444,15.094,341.619,79.554,11.588,977.007,1.17203891,1.868,-7.816,301.998,301.998
68.619,1.101,1.087,53.921,-9.097,-0.879,-0.64,-0.174,15.303,341.741,78.328,11.556,977.011,1.17120683,1.765,-9.233,302.096,302.096
68.719,0.572,0.482,340.327,-32.543,0.162,-0.454,-0.308,15.398,341.798,77.892,11.564,977.012,1.17082,1.875,-9.293,301.912,301.912
68.819,2.44,2.432,244.433,4.623,2.194,1.05,0.197,15.409,341.803,77.75,11.546,977.019,1.17079329,2.163,-7.563,302.07,302.07
68.919,3.008,2.999,268.71,4.292,2.998,0.068,0.225,14.8,341.442,80.9,11.555,977.006,1.1732502,1.776,-7.007,301.45,301.45
69.019,2.204,2.204,284.68,0.0,2.132,-0.558,0.0,14.133,341.048,84.579,11.575,977.025,1.17598867,1.945,-7.573,301.549,301.549
69.119,0.721,0.721,313.377,1.478,0.524,-0.495,0.019,14.241,341.112,83.918,11.563,977.002,1.17552149,1.983,-7.542,302.099,302.099
69.219,1.929,1.846,106.156,-16.919,-1.773,0.514,-0.562,15.248,341.708,78.623,11.559,977.0,1.17141831,1.774,-6.134,301.614,301.614
69.319,1.236,1.169,94.741,-18.87,-1.165,0.097,-0.4,15.114,341.629,79.323,11.563,977.014,1.17197847,1.774,-6.522,301.462,301.462
69.419,0.446,0.446,239.464,1.782,0.384,0.227,0.014,15.101,341.622,79.476,11.58,976.992,1.17199743,1.47,-6.652,300.978,300.978
69.519,2.346,2.32,259.335,8.523,2.28,0.429,0.348,14.896,341.501,80.558,11.585,977.011,1.17285001,1.313,-5.898,301.633,301.633
69.619,2.534,2.534,273.937,0.0,2.528,-0.174,0.0,14.063,341.008,85.099,11.6,977.0,1.17623317,1.212,-5.467,301.445,301.445
69.72,1.282,1.191,292.233,-21.722,1.103,-0.451,-0.475,13.829,340.866,86.145,11.555,976.996,1.17720509,1.216,-5.765,301.526,301.526
69.819,2.596,1.944,135.628,-41.496,-1.36,1.39,-1.72,14.775,341.426,80.881,11.527,977.006,1.17336023,1.215,-6.334,301.556,301.556
69.919,1.727,1.683,114.676,-12.912,-1.53,0.703,-0.386,15.084,341.613,79.651,11.596,977.001,1.17207158,1.432,-5.57,301.131,301.131
70.019,0.997,0.995,128.245,-3.649,-0.781,0.616,-0.063,15.064,341.599,79.578,11.563,977.002,1.17216611,1.499,-5.126,301.551,301.551
70.119,2.512,2.503,219.138,4.897,1.58,1.941,0.214,15.09,341.615,79.423,11.559,976.999,1.17205739,1.752,-5.387,301.857,301.857
70.219,2.789,2.786,254.467,2.761,2.684,0.746,0.134,14.652,341.356,81.833,11.584,977.001,1.17383528,1.841,-5.535,301.641,301.641
70.319,2.004,2.004,272.259,0.0,2.003,-0.079,0.0,14.003,340.97,85.171,11.554,977.009,1.17650867,2.15,-5.594,301.604,301.604
70.421,0.916,0.402,22.683,-63.984,-0.155,-0.371,-0.823,14.243,341.113,83.908,11.563,976.983,1.17549169,1.856,-5.091,302.54,302.54
70.519,2.123,1.991,126.2,-20.344,-1.607,1.176,-0.738,14.966,341.542,80.123,11.571,976.995,1.17255402,1.664,-4.954,301.842,301.842
70.619,2.173,2.098,115.07,-15.141,-1.9,0.889,-0.568,15.233,341.699,78.691,11.558,976.993,1.17147028,1.502,-5.195,301.417,301.417
70.719,1.09,1.071,193.986,-10.588,0.259,1.04,-0.2,15.188,341.671,78.779,11.531,977.008,1.17168283,1.471,-5.43,301.956,301.956
70.819,2.706,2.684,238.971,7.245,2.3,1.384,0.341,15.007,341.567,79.98,11.584,977.016,1.17240548,1.548,-5.828,302.479,302.479
70.919,2.642,2.642,258.551,0.0,2.589,0.524,0.0,14.357,341.181,83.334,11.571,976.995,1.17503703,1.529,-5.602,302.143,302.143
71.019,1.551,1.542,280.985,-6.404,1.513,-0.294,-0.173,13.973,340.953,85.441,11.572,977.019,1.17663491,1.379,-6.036,302.651,302.651
71.119,0.756,0.708,106.209,-20.55,-0.68,0.198,-0.265,14.642,341.349,81.746,11.558,976.995,1.17387974,1.343,-6.766,301.729,301.729
71.219,1.643,1.627,110.14,-7.992,-1.527,0.56,-0.228,15.049,341.591,79.693,11.571,977.007,1.17222846,1.61,-7.468,301.883,301.883
71.321,0.475,0.462,132.467,13.61,-0.341,0.312,0.112,15.013,341.57,79.928,11.58,977.016,1.1723851,1.406,-7.66,302.147,302.147
71.419,1.774,1.745,224.834,-10.325,1.23,1.237,-0.318,14.945,341.529,80.202,11.565,977.002,1.17265022,1.457,-7.354,301.698,301.698
71.519,2.646,2.643,245.156,2.841,2.398,1.11,0.131,14.469,341.248,82.805,11.584,977.015,1.17459834,1.782,-8.063,302.752,302.752
71.619,2.118,2.114,263.76,3.671,2.102,0.23,0.136,13.893,340.906,85.974,11.587,977.0,1.17693698,1.399,-7.993,302.547,302.547
71.719,0.782,0.65,290.104,33.8,0.611,-0.223,0.435,13.854,340.882,86.121,11.575,977.015,1.17712069,1.783,-8.001,302.332,302.332
71.819,2.086,2.067,122.245,-7.567,-1.749,1.103,-0.275,14.807,341.448,81.037,11.587,977.012,1.17321515,1.83,-7.92,301.728,301.728
71.919,1.787,1.781,112.794,-4.855,-1.642,0.69,-0.151,15.023,341.576,79.89,11.582,977.013,1.1723392,1.673,-7.765,302.207,302.207
72.019,0.889,0.852,150.483,-16.48,-0.42,0.742,-0.252,14.971,341.546,80.172,11.585,976.995,1.17252755,2.001,-8.021,301.999,301.999
72.119,2.559,2.546,232.487,5.673,2.02,1.55,0.253,14.938,341.525,80.267,11.571,977.019,1.17269671,1.93,-7.743,302.578,302.578
72.219,2.71,2.71,259.786,0.0,2.667,0.481,0.0,14.317,341.157,83.55,11.571,976.997,1.17520261,1.58,-7.878,300.976,300.976
72.319,2.025,1.905,288.371,19.789,1.808,-0.601,0.686,13.957,340.945,85.691,11.6,977.011,1.1766814,1.564,-8.319,301.962,301.962
72.419,2.123,0.325,48.994,-81.188,-0.245,-0.213,-2.098,14.336,341.168,83.489,11.578,977.018,1.17514837,1.747,-7.97,302.304,302.304
72.519,1.737,1.664,130.706,-16.726,-1.261,1.085,-0.5,15.167,341.663,79.238,11.599,977.016,1.17174804,1.476,-7.955,301.668,301.668
72.619,0.141,0.12,255.741,-31.913,0.116,0.03,-0.075,15.331,341.759,78.308,11.58,977.014,1.17108774,1.543,-8.25,301.677,301.677
72.719,2.813,2.796,221.436,6.361,1.85,2.096,0.312,15.384,341.79,78.019,11.575,977.003,1.17086339,1.608,-8.64,302.859,302.859
72.819,3.716,3.683,248.492,7.663,3.426,1.35,0.496,15.026,341.578,79.913,11.59,977.005,1.17231369,1.522,-7.882,301.247,301.247
72.919,3.095,3.095,269.568,0.0,3.094,0.023,0.0,14.282,341.138,83.922,11.604,977.014,1.17535162,1.629,-7.689,302.209,302.209
73.019,1.692,1.609,281.117,18.106,1.578,-0.31,0.526,14.077,341.015,84.936,11.584,977.02,1.17620826,1.767,-8.134,302.429,302.429
73.119,0.612,0.608,169.437,6.486,-0.112,0.598,0.069,14.831,341.462,80.82,11.571,977.011,1.17312086,1.596,-7.494,302.023,302.023
73.219,0.516,0.501,132.048,13.802,-0.372,0.336,0.123,15.041,341.588,79.891,11.6,977.009,1.17225087,1.638,-6.788,301.976,301.976
73.32,1.79,1.69,217.717,-19.198,1.034,1.337,-0.589,15.131,341.639,79.232,11.562,977.014,1.17190921,1.528,-6.432,302.104,302.104
73.42,3.251,3.249,233.572,2.289,2.614,1.929,0.13,15.031,341.582,79.955,11.603,976.985,1.17226207,1.58,-6.073,302.141,302.141
73.519,3.413,3.375,259.537,8.529,3.319,0.613,0.506,14.437,341.229,82.992,11.587,977.012,1.17472184,1.693,-5.44,302.652,302.652
73.619,2.747,2.711,286.046,9.261,2.606,-0.749,0.442,13.744,340.817,86.783,11.582,977.008,1.17755938,1.235,-4.873,301.517,301.517
73.719,2.113,2.04,291.299,15.089,1.901,-0.741,0.55,13.909,340.916,85.905,11.591,977.015,1.17688596,1.397,-5.462,301.831,301.831
73.819,0.46,0.456,98.198,7.522,-0.451,0.065,0.06,14.849,341.474,80.886,11.6,977.01,1.17303419,1.607,-5.375,302.324,302.324
73.919,0.369,0.32,139.253,29.812,-0.209,0.242,0.183,15.121,341.634,79.301,11.566,977.004,1.17193353,1.345,-3.729,301.747,301.747
74.02,2.322,2.314,234.006,-4.808,1.872,1.36,-0.195,15.151,341.651,79.152,11.566,976.996,1.17180419,1.348,-3.615,301.365,301.365
74.119,3.9,3.898,249.207,1.548,3.644,1.384,0.105,14.963,341.541,80.227,11.587,977.008,1.17257643,1.367,-4.912,301.904,301.904
74.219,3.602,3.602,269.119,0.0,3.602,0.055,0.0,14.168,341.069,84.359,11.571,977.013,1.17583001,1.578,-4.802,302.264,302.264
74.32,2.455,2.455,274.522,0.0,2.447,-0.194,0.0,13.848,340.881,86.319,11.604,976.996,1.17710769,1.332,-3.685,302.582,302.582
74.42,0.953,0.749,300.475,38.214,0.645,-0.38,0.59,14.643,341.351,81.849,11.578,976.998,1.17387116,1.008,-4.731,301.701,301.701
74.519,1.213,1.158,63.922,17.389,-1.04,-0.509,0.363,15.175,341.667,79.111,11.582,977.017,1.1717242,1.444,-5.697,302.208,302.208
74.619,0.486,0.456,235.593,-20.291,0.376,0.257,-0.168,15.156,341.654,79.17,11.575,977.002,1.17178857,1.731,-4.334,301.916,301.916
74.719,3.344,3.339,244.61,3.131,3.017,1.432,0.183,15.193,341.676,78.954,11.57,977.011,1.17164922,1.335,-4.361,302.331,302.331
74.819,3.74,3.738,262.202,1.663,3.703,0.507,0.109,14.698,341.384,81.626,11.591,977.001,1.17364144,1.486,-5.595,302.382,302.382
74.919,3.167,3.167,274.893,0.0,3.156,-0.27,0.0,13.98,340.958,85.556,11.599,977.002,1.17657733,1.74,-5.568,301.166,301.166
75.018,2.004,1.997,285.369,4.835,1.926,-0.529,0.169,13.95,340.94,85.601,11.578,977.005,1.17671072,1.257,-4.195,302.433,302.433
75.119,1.238,1.232,144.823,5.416,-0.71,1.007,0.117,15.097,341.62,79.466,11.574,976.985,1.17200708,-33.123,-3.307,291.903,291.903
75.224,0.769,0.76,128.25,8.462,-0.597,0.471,0.113,15.199,341.681,79.014,11.587,976.995,1.17159712,1.438,-8.355,303.603,303.603
75.319,1.599,1.449,227.319,-24.989,1.065,0.982,-0.675,14.971,341.544,80.026,11.558,976.987,1.1725266,19.294,-6.226,304.135,304.135
75.419,3.436,3.435,245.806,-1.371,3.133,1.408,-0.082,14.852,341.474,80.753,11.578,976.998,1.17301905,5.788,-3.812,303.929,303.929
75.519,3.715,3.711,258.369,2.89,3.634,0.748,0.187,14.135,341.049,84.592,11.58,976.997,1.17594457,5.863,-8.117,304.006,304.006
75.619,2.68,2.68,279.239,0.626,2.645,-0.43,0.029,13.685,340.782,87.068,11.575,976.993,1.1777842,22.968,-8.239,304.438,304.438
75.719,2.255,2.077,298.777,-22.959,1.82,-1.0,-0.88,14.227,341.104,84.079,11.578,977.009,1.17558289,19.728,-7.144,305.198,305.198
75.824,1.034,0.899,62.657,-29.613,-0.799,-0.413,-0.511,14.998,341.561,79.991,11.577,977.0,1.17242861,8.809,-8.574,302.959,302.959
75.919,1.098,0.66,76.063,-53.044,-0.641,-0.159,-0.877,15.001,341.563,79.956,11.574,976.984,1.17239475,-13.416,-10.732,298.544,298.544
76.019,2.707,2.506,226.597,-22.221,1.821,1.722,-1.024,14.97,341.544,80.056,11.562,977.024,1.17257488,-26.121,-9.911,291.967,291.967
76.118,3.533,3.531,255.421,1.636,3.417,0.889,0.101,14.735,341.406,81.414,11.587,977.013,1.17351007,5.445,-8.901,303.118,303.118
76.219,3.202,3.202,273.296,0.0,3.197,-0.184,0.0,14.055,341.002,85.047,11.582,977.011,1.17628777,2.295,-11.377,303.058,303.058
76.322,2.104,2.104,281.562,0.0,2.062,-0.422,0.0,13.911,340.918,85.936,11.599,976.992,1.17684603,1.024,-11.888,303.909,303.909
76.424,0.56,0.56,103.695,1.653,-0.544,0.133,0.016,14.945,341.529,80.186,11.562,977.013,1.17266405,0.777,-10.872,301.825,301.825
76.519,0.689,0.633,103.538,23.148,-0.616,0.148,0.271,15.244,341.708,78.832,11.595,977.0,1.17142069,-3.504,-8.807,301.304,301.304
76.619,1.608,1.58,210.37,-10.789,0.799,1.363,-0.301,15.264,341.721,78.794,11.608,977.01,1.17134559,-6.354,-9.819,299.577,299.577
76.718,3.29,3.287,240.095,2.691,2.849,1.639,0.154,15.224,341.696,78.871,11.584,977.004,1.17150939,1.756,-14.166,304.597,304.597
76.819,3.912,3.883,258.733,7.074,3.808,0.759,0.482,14.547,341.294,82.39,11.584,977.003,1.17426598,-3.602,-7.801,300.989,300.989
76.924,3.448,3.286,256.517,17.598,3.196,0.766,1.042,13.907,340.914,85.825,11.575,977.004,1.17688668,-0.055,-8.246,301.61,301.61
77.018,1.096,0.603,280.5,56.622,0.593,-0.11,0.916,14.13,341.046,84.62,11.58,977.005,1.1759758,-3.214,-13.393,301.601,301.601
77.119,1.363,1.255,123.563,-22.986,-1.046,0.694,-0.532,14.776,341.43,81.179,11.584,977.025,1.17335701,-3.604,-15.664,302.698,302.698
77.219,1.045,0.945,166.892,-25.332,-0.214,0.92,-0.447,14.936,341.525,80.312,11.578,977.021,1.17270207,-9.322,-10.045,299.496,299.496
77.319,2.815,2.815,214.926,0.588,1.612,2.308,0.029,14.984,341.553,80.074,11.58,977.003,1.17248428,-12.447,-6.328,298.739,298.739
77.419,3.908,3.831,239.135,11.341,3.289,1.966,0.768,14.648,341.353,81.739,11.563,976.977,1.17382956,-13.353,-9.328,297.1,297.1
77.519,3.541,3.534,245.996,3.665,3.228,1.438,0.226,13.858,340.885,86.094,11.575,976.992,1.17707264,-18.614,-13.527,295.957,295.957
77.619,2.31,2.2,229.523,17.721,1.674,1.428,0.703,13.549,340.701,87.842,11.575,976.968,1.17831171,-15.988,-13.843,296.994,296.994
77.719,2.627,2.624,173.179,-2.391,-0.312,2.606,-0.11,14.38,341.197,83.391,11.604,976.961,1.17488706,-10.063,-11.429,298.851,298.851
77.819,3.591,3.591,166.073,0.966,-0.864,3.485,0.061,14.847,341.471,80.748,11.572,976.941,1.17297268,-10.563,-10.787,299.358,299.358
77.919,4.206,4.205,194.847,-1.301,1.077,4.064,-0.096,14.928,341.517,80.079,11.526,976.954,1.17267573,-3.11,-11.615,301.994,301.994
78.018,5.358,5.358,209.497,0.363,2.638,4.663,0.034,14.871,341.486,80.686,11.584,976.925,1.17285144,0.329,-10.85,302.834,302.834
78.118,4.804,4.775,220.499,6.372,3.101,3.631,0.533,14.445,341.232,82.767,11.554,976.933,1.17460918,-1.486,-9.984,302.104,302.104
78.219,3.712,3.702,217.56,4.246,2.257,2.935,0.275,14.059,341.003,84.916,11.563,976.909,1.17615533,7.976,-12.788,304.621,304.621
78.318,3.099,3.099,193.146,0.0,0.705,3.018,0.0,14.057,341.003,84.978,11.572,976.917,1.17616916,6.501,-14.396,304.201,304.201
78.419,3.286,3.286,168.922,-0.235,-0.631,3.225,-0.013,14.746,341.411,81.223,11.563,976.914,1.17335355,10.13,-14.233,305.631,305.631
78.519,2.654,2.654,168.602,0.865,-0.524,2.602,0.04,15.138,341.645,79.329,11.587,976.927,1.17176592,32.375,-9.218,306.092,306.092
78.619,4.071,4.042,203.219,-6.828,1.594,3.715,-0.484,15.147,341.651,79.326,11.596,976.942,1.17174196,26.269,-7.19,305.079,305.079
78.719,4.614,4.607,230.132,3.251,3.536,2.953,0.262,14.882,341.493,80.579,11.575,976.958,1.17284787,4.433,-11.332,304.24,304.24
78.819,4.256,4.208,242.918,8.585,3.747,1.916,0.635,14.208,341.092,84.14,11.571,976.958,1.17560029,4.312,-11.546,303.894,303.894
78.919,2.851,2.84,243.554,5.01,2.543,1.265,0.249,13.821,340.864,86.379,11.588,976.961,1.1771822,1.063,-13.023,303.468,303.468
79.018,1.23,1.23,208.272,0.0,0.583,1.083,0.0,14.083,341.017,84.732,11.554,976.966,1.17613065,2.661,-12.128,304.375,304.375
79.119,1.723,1.711,151.879,-6.559,-0.807,1.509,-0.197,14.961,341.54,80.221,11.585,976.965,1.17252982,13.145,-8.265,303.848,303.848
79.219,1.784,1.707,195.84,-16.844,0.466,1.643,-0.517,14.937,341.523,80.145,11.546,976.983,1.1726675,18.218,-8.15,305.32,305.32
79.324,3.337,3.314,219.191,-6.676,2.094,2.568,-0.388,14.903,341.506,80.584,11.596,976.989,1.17279279,13.326,-7.023,304.582,304.582
79.418,3.735,3.733,243.825,2.008,3.35,1.647,0.131,14.462,341.241,82.595,11.539,976.989,1.17461169,14.882,-12.8,306.358,306.358
79.518,3.394,3.393,255.109,0.926,3.279,0.872,0.055,13.805,340.852,86.251,11.55,976.995,1.17730498,9.763,-15.214,305.28,305.28
79.618,1.941,1.938,259.953,3.502,1.908,0.338,0.119,13.593,340.727,87.556,11.568,977.002,1.17817795,13.161,-13.035,305.65,305.65
79.718,0.653,0.573,121.189,-28.65,-0.49,0.297,-0.313,14.743,341.408,81.128,11.542,977.006,1.17348516,9.654,-11.243,304.369,304.369
79.819,1.042,0.808,84.054,-39.215,-0.803,-0.084,-0.659,14.947,341.531,80.289,11.584,976.996,1.17262566,13.583,-5.621,303.164,303.164
79.923,1.424,1.125,223.783,-37.818,0.778,0.812,-0.873,15.005,341.563,79.772,11.543,977.01,1.1724242,4.631,-7.464,303.393,303.393
80.018,3.012,2.975,253.92,-8.989,2.858,0.824,-0.471,14.946,341.53,80.253,11.576,976.999,1.17263544,5.09,-14.612,304.637,304.637
80.118,3.087,3.086,273.826,-0.333,3.08,-0.206,-0.018,14.407,341.209,82.95,11.55,977.002,1.17484903,8.876,-16.527,305.841,305.841
80.219,3.442,3.442,293.475,-0.262,3.157,-1.371,-0.016,14.007,340.973,85.267,11.575,977.007,1.17648125,3.922,-14.938,304.593,304.593
80.318,2.176,2.137,296.09,-10.88,1.919,-0.94,-0.411,14.304,341.149,83.596,11.566,977.001,1.17526233,-2.004,-10.404,301.89,301.89
80.421,0.971,0.665,39.581,-46.766,-0.424,-0.513,-0.708,15.088,341.614,79.481,11.568,977.005,1.17207074,5.388,-6.823,303.172,303.172
80.524,0.831,0.821,51.696,-8.728,-0.645,-0.509,-0.126,15.249,341.708,78.59,11.554,976.993,1.17140841,-5.684,-7.661,300.155,300.155
80.618,1.948,1.852,245.121,-18.062,1.68,0.779,-0.604,15.244,341.704,78.494,11.531,976.991,1.17143273,-3.866,-13.747,301.202,301.202
80.718,3.018,3.018,266.607,-0.958,3.013,0.179,-0.05,14.862,341.479,80.608,11.561,977.017,1.17300737,0.014,-16.856,303.879,303.879
80.818,3.633,3.633,283.787,0.0,3.529,-0.866,0.0,14.148,341.056,84.38,11.555,976.978,1.17587709,-1.558,-14.354,302.3,302.3
80.919,2.429,2.425,292.449,3.21,2.242,-0.926,0.136,14.041,340.992,84.948,11.551,976.998,1.17633939,-6.013,-9.339,300.462,300.462
81.021,0.558,0.4,93.271,-44.221,-0.399,0.023,-0.389,14.784,341.433,81.027,11.563,976.989,1.17329073,-5.618,-6.005,300.161,300.161
81.12,1.007,0.83,104.819,-34.496,-0.803,0.212,-0.57,15.056,341.593,79.455,11.532,976.991,1.17219949,1.673,-8.755,302.432,302.432
81.219,1.055,0.724,233.998,-46.682,0.586,0.426,-0.768,14.965,341.538,79.869,11.522,976.986,1.17256784,-8.623,-13.319,299.837,299.837
81.319,2.886,2.822,242.676,-12.123,2.507,1.295,-0.606,14.832,341.461,80.667,11.543,976.979,1.17309082,-8.902,-16.949,300.959,300.959
81.418,3.617,3.616,256.22,1.171,3.512,0.861,0.074,14.295,341.143,83.58,11.555,976.985,1.17528415,-21.344,-13.119,293.583,293.583
81.519,3.034,3.034,262.691,0.835,3.009,0.386,0.044,13.662,340.767,87.085,11.555,976.992,1.17788661,-27.601,-7.067,291.58,291.58
81.618,1.767,1.759,260.724,5.352,1.736,0.284,0.165,13.661,340.766,87.094,11.555,976.994,1.17789531,-8.769,-6.748,299.062,299.062
81.719,0.691,0.552,158.522,-36.976,-0.202,0.513,-0.415,14.627,341.34,81.788,11.551,976.987,1.17393231,3.967,-9.694,302.251,302.251
81.819,2.111,0.517,152.765,-75.822,-0.237,0.46,-2.047,15.003,341.562,79.781,11.543,976.981,1.17239654,0.49,-14.354,303.247,303.247
81.918,2.569,2.428,218.668,-19.082,1.517,1.895,-0.84,14.95,341.532,80.141,11.559,976.958,1.17257774,1.046,-16.788,303.603,303.603
82.018,3.805,3.804,247.41,-1.218,3.512,1.461,-0.081,14.801,341.444,80.936,11.563,976.984,1.17321384,0.567,-14.013,302.699,302.699
82.118,3.852,3.848,261.578,2.472,3.807,0.564,0.166,14.103,341.029,84.682,11.564,977.0,1.17608607,0.089,-9.171,302.458,302.458
82.218,2.729,2.729,272.06,0.0,2.727,-0.098,0.0,13.733,340.809,86.683,11.555,976.99,1.17759192,0.645,-6.93,301.371,301.371
82.32,0.467,0.443,216.5,-18.695,0.263,0.356,-0.15,14.566,341.304,82.135,11.556,976.979,1.17416775,0.714,-10.66,302.743,302.743
82.422,0.848,0.806,130.587,-17.928,-0.612,0.525,-0.261,15.157,341.655,79.13,11.568,976.979,1.17175937,0.389,-14.686,301.772,301.772
82.519,1.788,1.677,202.474,-20.314,0.641,1.55,-0.621,14.961,341.538,80.045,11.551,976.994,1.17257977,1.133,-15.647,303.529,303.529
82.618,3.754,3.752,235.586,-1.821,3.096,2.121,-0.119,15.088,341.613,79.396,11.551,976.97,1.17203629,0.37,-12.68,303.044,303.044
82.718,4.065,4.062,250.669,1.984,3.833,1.345,0.141,14.502,341.266,82.544,11.568,976.989,1.17444026,1.258,-7.608,302.085,302.085
82.818,3.407,3.406,261.535,1.319,3.369,0.501,0.078,13.866,340.888,85.941,11.555,976.981,1.17703772,0.269,-6.677,301.787,301.787
82.919,1.653,1.652,255.707,2.474,1.601,0.408,0.071,13.884,340.899,85.847,11.556,976.981,1.17696118,0.8,-10.216,302.319,302.319
83.019,1.281,1.045,149.247,-35.33,-0.534,0.898,-0.741,14.895,341.5,80.451,11.564,976.981,1.17282557,0.706,-13.22,302.781,302.781
83.119,0.801,0.678,149.204,-32.181,-0.347,0.582,-0.427,14.943,341.529,80.295,11.581,976.96,1.17260206,0.84,-15.006,303.578,303.578
83.218,2.568,2.433,214.399,-18.673,1.375,2.008,-0.822,14.889,341.496,80.433,11.555,976.972,1.17284346,0.771,-12.301,303.748,303.748
83.318,3.832,3.78,238.032,-9.377,3.207,2.002,-0.624,14.709,341.39,81.443,11.568,976.965,1.173563,1.142,-9.053,303.03,303.03
83.418,3.899,3.899,249.051,0.0,3.641,1.394,0.0,14.01,340.974,85.162,11.559,976.982,1.17644417,1.045,-8.046,302.407,302.407
83.521,2.443,2.442,247.486,0.452,2.256,0.935,0.019,13.625,340.745,87.333,11.561,976.979,1.17802322,0.605,-10.708,302.263,302.263
83.618,1.115,1.065,186.324,-17.201,0.117,1.059,-0.33,14.089,341.02,84.638,11.543,976.98,1.17612815,0.533,-14.81,303.311,303.311
83.718,2.233,2.163,114.055,-14.311,-1.975,0.882,-0.552,15.027,341.576,79.663,11.543,976.96,1.17227483,-5.099,-15.642,301.779,301.779
83.818,1.092,0.905,132.669,-34.01,-0.666,0.614,-0.611,14.829,341.458,80.642,11.535,976.978,1.17310679,-1.516,-12.722,301.4,301.4
83.918,3.33,3.122,208.655,-20.36,1.497,2.739,-1.158,14.608,341.329,81.95,11.563,976.967,1.17398095,0.162,-7.964,302.246,302.246
84.018,3.647,3.622,237.39,-6.722,3.051,1.952,-0.427,14.27,341.129,83.77,11.564,976.953,1.17534602,2.637,-7.964,303.606,303.606
84.122,2.989,2.989,243.833,-0.661,2.683,1.318,-0.034,13.629,340.749,87.398,11.576,976.969,1.17798579,4.003,-11.364,304.709,304.709
84.219,1.45,1.395,229.744,-15.916,1.064,0.901,-0.398,13.658,340.765,87.163,11.564,976.964,1.17786551,2.738,-14.406,305.144,305.144
84.318,2.898,2.504,143.065,-30.218,-1.505,2.002,-1.459,14.49,341.257,82.387,11.527,976.964,1.17447615,1.442,-15.46,304.564,304.564
84.418,2.525,2.292,120.812,-24.847,-1.968,1.174,-1.061,14.893,341.497,80.398,11.551,976.96,1.17281699,1.345,-10.997,303.596,303.596
84.519,1.319,0.953,182.445,-43.703,0.041,0.952,-0.911,14.775,341.425,80.775,11.507,976.952,1.17330551,0.664,-6.784,303.511,303.511
84.619,3.699,3.676,220.552,-6.341,2.39,2.793,-0.409,14.736,341.404,81.195,11.548,976.967,1.17346609,0.948,-6.877,302.856,302.856
84.719,3.556,3.551,244.607,2.972,3.208,1.523,0.184,14.172,341.07,84.285,11.561,976.967,1.17576587,0.371,-10.61,302.449,302.449
84.819,2.597,2.588,252.704,4.583,2.471,0.77,0.207,13.563,340.708,87.652,11.555,976.976,1.17827594,0.429,-15.033,304.534,304.534
84.919,0.937,0.875,233.658,20.944,0.705,0.518,0.335,13.743,340.815,86.587,11.548,976.971,1.17753208,0.33,-14.925,304.214,304.214
85.019,2.207,2.105,120.647,-17.431,-1.811,1.073,-0.661,14.633,341.344,81.782,11.556,976.968,1.17388237,0.812,-11.807,303.439,303.439
85.119,1.748,1.685,113.516,-15.45,-1.545,0.672,-0.466,14.627,341.339,81.698,11.535,976.967,1.17391407,0.576,-8.023,303.048,303.048
85.222,1.314,1.264,183.953,-15.842,0.087,1.261,-0.359,14.409,341.211,82.976,11.556,976.972,1.1748029,0.709,-8.629,303.56,303.56
85.321,2.276,2.255,230.491,7.785,1.74,1.435,0.308,14.142,341.05,84.232,11.522,976.965,1.17589974,0.708,-12.663,304.38,304.38
85.421,1.917,1.89,253.543,9.549,1.813,0.535,0.318,13.668,340.769,86.918,11.531,976.98,1.17785943,0.303,-15.137,304.254,304.254
85.521,1.008,1.008,268.509,0.0,1.008,0.026,0.0,13.496,340.668,87.965,11.543,976.958,1.17853332,0.893,-14.497,304.59,304.59
85.621,2.27,2.175,114.697,-16.652,-1.976,0.909,-0.65,14.594,341.32,81.919,11.543,976.971,1.17405236,0.546,-10.82,302.996,302.996
85.721,1.817,1.785,87.954,-10.67,-1.784,-0.064,-0.336,14.856,341.475,80.526,11.54,976.982,1.17299771,0.926,-7.543,303.303,303.303
85.822,0.592,0.442,85.735,-41.713,-0.441,-0.033,-0.394,14.702,341.385,81.419,11.556,976.981,1.17361677,0.764,-8.147,303.262,303.262
85.921,2.285,2.253,233.704,-9.676,1.816,1.334,-0.384,14.744,341.408,81.085,11.535,976.971,1.17344105,0.838,-11.075,303.383,303.383
86.021,2.974,2.974,262.273,0.815,2.947,0.4,0.042,14.392,341.199,82.953,11.535,976.972,1.17488182,0.972,-14.41,303.897,303.897
86.121,3.188,3.188,283.655,0.0,3.098,-0.753,0.0,13.688,340.781,86.808,11.532,976.972,1.17776775,0.757,-13.836,304.564,304.564
86.221,1.619,1.619,304.537,-0.803,1.334,-0.918,-0.023,14.143,341.051,84.302,11.535,976.972,1.17589974,0.708,-10.647,303.823,303.823
86.322,1.518,1.473,86.022,-14.087,-1.469,-0.102,-0.37,14.948,341.528,79.961,11.522,976.989,1.17264056,0.371,-7.694,303.7,303.7
86.422,2.206,2.198,77.928,-4.93,-2.149,-0.46,-0.19,14.947,341.53,80.123,11.553,976.979,1.17261899,0.682,-8.146,303.474,303.474
86.522,0.959,0.248,205.859,-74.976,0.108,0.224,-0.926,14.89,341.495,80.304,11.532,976.965,1.17284012,0.776,-12.237,304.176,304.176
86.622,2.49,2.47,242.942,-7.156,2.2,1.124,-0.31,14.733,341.402,81.118,11.531,976.962,1.17347693,0.258,-14.778,304.487,304.487
86.722,2.969,2.969,255.626,0.981,2.876,0.737,0.051,14.079,341.015,84.815,11.565,976.984,1.17616343,0.846,-14.116,303.629,303.629
86.822,1.585,1.584,274.68,1.96,1.579,-0.129,0.054,13.715,340.798,86.673,11.535,976.99,1.1776731,0.748,-10.534,303.029,303.029
86.922,0.45,0.45,132.797,0.0,-0.33,0.306,0.0,14.399,341.203,82.917,11.535,976.959,1.17483819,0.43,-7.808,302.759,302.759
87.024,1.798,1.797,81.525,-1.199,-1.778,-0.265,-0.038,14.946,341.528,80.039,11.535,976.982,1.17263412,0.873,-9.148,302.721,302.721
87.124,0.633,0.599,74.103,-18.866,-0.576,-0.164,-0.205,14.677,341.367,81.306,11.511,976.971,1.17372656,0.721,-12.766,302.425,302.425
87.224,1.738,1.52,227.089,-28.989,1.113,1.035,-0.842,14.71,341.387,81.158,11.515,976.968,1.1735878,0.7,-15.078,303.94,303.94
87.324,2.981,2.981,249.957,-0.52,2.8,1.022,-0.027,14.274,341.129,83.549,11.528,976.987,1.17538488,1.05,-14.394,302.749,302.749
87.424,2.046,2.046,277.293,0.0,2.029,-0.26,0.0,13.478,340.656,88.004,11.532,976.978,1.17863572,0.541,-10.435,303.012,303.012
87.524,1.151,1.149,298.856,-3.057,1.006,-0.555,-0.061,13.561,340.706,87.554,11.537,976.979,1.17829335,0.917,-7.469,301.723,301.723
87.626,0.552,0.315,126.982,-55.191,-0.251,0.189,-0.453,14.627,341.338,81.62,11.52,976.986,1.17394567,0.876,-8.58,301.851,301.851
87.726,1.273,1.239,79.925,-13.144,-1.22,-0.217,-0.289,14.723,341.394,81.113,11.519,976.975,1.17354202,0.618,-12.274,303.14,303.14
87.826,0.633,0.398,204.681,-51.087,0.166,0.362,-0.493,14.74,341.403,80.894,11.496,976.975,1.17348039,0.631,-14.56,303.807,303.807
87.926,2.67,2.626,242.176,-10.367,2.322,1.226,-0.48,14.708,341.386,81.191,11.52,976.987,1.17361391,0.263,-13.014,303.397,303.397
88.026,2.829,2.829,267.037,0.724,2.825,0.146,0.036,14.079,341.013,84.589,11.524,976.984,1.17618251,0.596,-9.505,303.304,303.304
88.126,3.031,3.031,288.772,1.02,2.869,-0.975,0.054,13.629,340.745,87.018,11.511,976.964,1.17800641,0.81,-7.344,302.915,302.915
88.23,0.611,0.297,313.393,-60.956,0.216,-0.204,-0.534,14.518,341.273,82.241,11.528,976.988,1.17438996,0.938,-9.376,302.712,302.712
88.331,1.781,1.749,90.834,-10.924,-1.748,0.025,-0.337,15.09,341.613,79.285,11.532,976.973,1.1720401,0.657,-13.074,304.099,304.099
88.431,1.355,1.05,79.317,-39.259,-1.031,-0.195,-0.858,14.893,341.495,80.16,11.507,976.977,1.17285347,0.904,-15.002,303.222,303.222
88.531,1.225,1.14,243.914,-21.419,1.024,0.501,-0.447,14.863,341.476,80.216,11.488,976.998,1.17300904,0.759,-13.259,303.137,303.137
88.631,2.72,2.72,257.044,-0.255,2.65,0.61,-0.012,14.622,341.334,81.605,11.512,976.993,1.17397773,0.74,-9.916,303.613,303.613
88.731,2.754,2.754,269.885,0.955,2.754,0.006,0.046,13.907,340.91,85.468,11.512,976.99,1.17689526,0.825,-8.271,302.452,302.452
88.832,1.646,1.645,297.404,-0.997,1.461,-0.757,-0.029,13.838,340.868,85.758,11.496,976.97,1.17716122,0.701,-9.829,302.802,302.802
88.931,1.359,1.29,95.274,-18.317,-1.285,0.119,-0.427,14.841,341.464,80.459,11.512,976.979,1.17306781,0.671,-13.081,303.562,303.562
89.031,1.838,1.828,83.339,-5.994,-1.815,-0.212,-0.192,14.932,341.518,80.011,11.517,976.995,1.17271352,0.63,-14.753,303.681,303.681
89.131,0.498,0.271,40.78,-57.02,-0.177,-0.205,-0.418,14.673,341.364,81.31,11.507,976.988,1.17376614,0.53,-12.812,303.487,303.487
89.231,3.025,2.98,227.867,-9.811,2.21,1.999,-0.515,14.629,341.34,81.658,11.529,976.961,1.17390251,0.497,-9.501,303.234,303.234
89.331,2.948,2.948,253.509,-0.529,2.827,0.837,-0.027,14.022,340.978,84.767,11.5,976.983,1.17642355,0.731,-8.06,303.18,303.18
89.434,2.614,2.612,277.943,-1.988,2.587,-0.361,-0.091,13.623,340.74,86.97,11.496,976.992,1.17807317,0.56,-10.026,303.859,303.859
89.534,0.86,0.78,307.368,-24.947,0.62,-0.473,-0.363,13.834,340.867,85.902,11.517,976.974,1.17717564,0.451,-12.739,303.247,303.247
89.634,1.641,1.641,116.675,0.937,-1.466,0.737,0.027,14.713,341.389,81.129,11.513,976.985,1.17359412,0.944,-13.944,304.318,304.318
89.734,1.21,1.21,96.72,-1.58,-1.201,0.142,-0.033,14.99,341.553,79.758,11.525,976.96,1.17243326,0.699,-11.956,303.426,303.426
89.834,1.252,1.108,219.437,-27.705,0.704,0.856,-0.582,14.827,341.455,80.442,11.496,976.978,1.17312896,1.054,-9.271,303.106,303.106
89.934,3.061,3.053,243.519,-4.265,2.732,1.361,-0.228,14.63,341.339,81.585,11.517,976.967,1.17391145,0.718,-7.756,302.901,302.901
90.036,2.749,2.749,273.79,0.0,2.743,-0.182,0.0,14.017,340.977,84.957,11.529,976.973,1.17641771,0.726,-9.754,303.498,303.498
90.136,2.852,2.852,285.614,0.0,2.747,-0.768,0.0,13.766,340.826,86.265,11.513,976.986,1.1774714,0.921,-13.102,302.984,302.984
90.237,0.714,0.441,68.442,-51.812,-0.41,-0.162,-0.561,14.788,341.432,80.696,11.505,976.985,1.17329395,0.543,-14.513,303.946,303.946
90.337,2.344,2.291,84.36,-12.177,-2.28,-0.225,-0.494,15.35,341.764,77.699,11.48,976.978,1.17100966,0.618,-13.041,303.931,303.931
90.437,1.667,1.627,72.225,-12.612,-1.549,-0.497,-0.364,15.025,341.573,79.489,11.508,976.984,1.17232573,0.605,-10.136,302.844,302.844
90.537,1.54,1.53,232.823,-6.49,1.219,0.925,-0.174,15.068,341.599,79.335,11.521,976.992,1.17215645,0.555,-8.934,303.034,303.034
90.638,2.927,2.92,252.345,3.829,2.783,0.886,0.195,14.568,341.302,81.824,11.501,976.976,1.17418098,0.727,-10.758,303.159,303.159
90.738,2.895,2.894,282.478,1.386,2.826,-0.625,0.07,13.908,340.91,85.422,11.505,976.98,1.17688239,0.621,-13.491,303.455,303.455
90.838,2.628,2.621,301.528,3.972,2.234,-1.371,0.182,13.952,340.937,85.222,11.512,976.977,1.17669761,-1.914,-13.938,302.662,302.662
90.938,1.252,1.202,109.438,-16.25,-1.134,0.4,-0.35,14.879,341.487,80.285,11.517,976.986,1.17291975,-43.255,-8.558,284.723,284.723
91.038,1.501,1.496,141.553,-4.348,-0.93,1.172,-0.114,14.911,341.506,80.095,11.512,976.982,1.17278528,-45.117,-6.063,282.872,282.872
91.138,2.16,2.055,196.104,-17.896,0.57,1.975,-0.664,14.647,341.348,81.41,11.501,976.968,1.1738503,-6.866,-8.257,300.505,300.505
91.238,2.785,2.761,227.625,-7.407,2.04,1.861,-0.359,14.596,341.32,81.809,11.525,976.983,1.17406535,37.671,-7.954,304.318,304.318
91.338,3.208,3.208,248.471,-0.786,2.984,1.177,-0.044,14.028,340.982,84.85,11.521,976.97,1.17637479,25.663,-11.109,305.76,305.76
91.438,1.964,1.964,253.864,0.549,1.887,0.546,0.019,13.721,340.801,86.607,11.529,976.971,1.17763019,18.738,-11.965,306.537,306.537
91.538,1.121,0.892,64.465,-37.315,-0.804,-0.384,-0.68,14.675,341.366,81.303,11.508,976.977,1.17374277,20.63,-10.585,306.103,306.103
91.638,1.855,1.666,70.92,-26.101,-1.574,-0.545,-0.816,14.922,341.51,79.867,11.48,976.99,1.17276299,4.282,-10.185,303.829,303.829
91.74,1.934,1.658,76.874,-30.96,-1.615,-0.377,-0.995,15.017,341.569,79.578,11.518,976.991,1.17236125,-0.2,-8.979,301.8,301.8
91.84,0.822,0.768,263.171,-20.92,0.763,0.091,-0.294,14.928,341.515,79.945,11.501,976.99,1.17272902,0.741,-11.132,303.026,303.026
91.94,2.43,2.423,278.496,4.424,2.396,-0.358,0.187,14.642,341.345,81.434,11.5,976.975,1.17387986,0.18,-11.714,303.642,303.642
92.04,2.902,2.89,288.166,5.284,2.746,-0.901,0.267,13.934,340.926,85.254,11.501,976.991,1.17679119,2.182,-13.199,304.461,304.461
92.14,2.435,2.429,308.987,-4.121,1.888,-1.528,-0.175,14.08,341.014,84.559,11.521,977.016,1.17621338,25.914,-10.783,306.97,306.97
92.24,2.861,2.854,61.928,-3.943,-2.518,-1.343,-0.197,15.171,341.66,78.765,11.512,976.988,1.17173374,2.676,-10.296,302.815,302.815
92.344,2.56,2.524,77.264,-9.528,-2.462,-0.557,-0.424,15.148,341.646,78.843,11.505,976.99,1.17183185,-4.682,-8.88,301.9,301.9
92.444,0.537,0.363,85.881,-47.416,-0.362,-0.026,-0.395,15.091,341.612,79.154,11.508,977.0,1.17207694,-0.931,-11.115,301.275,301.275
92.54,2.296,2.261,240.469,-9.98,1.967,1.115,-0.398,14.901,341.498,80.04,11.492,976.996,1.17285275,3.833,-13.012,303.868,303.868
92.641,2.571,2.571,279.724,0.0,2.534,-0.434,0.0,14.422,341.214,82.508,11.484,976.987,1.17479551,0.004,-13.466,303.299,303.299
92.741,2.227,2.227,250.171,0.0,2.095,0.755,0.0,13.918,340.914,85.188,11.473,976.991,1.17687118,-0.782,-10.951,302.356,302.356
92.841,0.755,0.755,238.398,0.0,0.643,0.395,0.0,14.212,341.091,83.727,11.5,976.978,1.17563808,3.015,-9.685,303.776,303.776
92.941,1.434,1.344,130.745,-20.399,-1.018,0.877,-0.5,14.889,341.492,80.147,11.501,976.96,1.17285311,-1.428,-8.465,301.705,301.705
93.041,0.841,0.75,149.409,-26.906,-0.382,0.646,-0.381,14.829,341.457,80.499,11.508,976.96,1.1730938,1.823,-10.537,302.446,302.446
93.141,2.186,2.057,217.75,-19.727,1.26,1.627,-0.738,14.714,341.389,81.081,11.505,976.977,1.17358518,-0.34,-12.904,302.79,302.79
93.241,3.684,3.682,246.844,1.964,3.385,1.448,0.126,14.496,341.259,82.228,11.505,976.972,1.17446673,-3.398,-13.413,300.63,300.63
93.341,3.384,3.38,253.743,2.75,3.245,0.946,0.162,13.923,340.919,85.354,11.507,976.965,1.17680359,-39.127,-9.779,284.696,284.696
93.441,2.556,2.535,219.62,7.417,1.616,1.952,0.33,13.686,340.779,86.685,11.508,976.96,1.17777002,-42.214,-8.096,283.542,283.542
93.541,2.835,2.834,172.614,-1.659,-0.364,2.81,-0.082,14.481,341.251,82.393,11.521,976.961,1.17450881,-32.298,-10.269,289.57,289.57
93.642,3.114,3.113,168.924,1.274,-0.598,3.055,0.069,15.029,341.576,79.467,11.508,976.937,1.17225027,28.904,-10.903,306.103,306.103
93.742,3.635,3.49,201.613,-16.247,1.285,3.245,-1.017,15.071,341.602,79.409,11.538,976.934,1.17206395,35.915,-10.778,306.502,306.502
93.842,4.288,4.288,224.622,0.18,3.012,3.052,0.013,14.936,341.521,80.029,11.524,976.951,1.17264235,19.812,-11.697,305.912,305.912
93.942,4.279,4.278,247.293,1.173,3.947,1.651,0.088,14.433,341.223,82.646,11.52,976.943,1.17468321,21.055,-9.995,306.504,306.504
94.042,3.237,3.237,251.343,0.0,3.067,1.036,0.0,13.783,340.836,86.141,11.508,976.963,1.17737508,4.307,-10.613,303.749,303.749
94.144,0.994,0.982,222.094,8.965,0.658,0.728,0.155,14.165,341.064,84.095,11.52,976.961,1.17580283,0.499,-10.734,303.589,303.589
94.244,1.993,1.954,161.446,-11.402,-0.622,1.853,-0.394,14.921,341.512,80.089,11.521,976.96,1.17271471,0.8,-12.492,303.777,303.777
94.344,2.411,2.097,194.731,-29.606,0.533,2.028,-1.191,15.16,341.655,78.91,11.529,976.969,1.17174792,0.344,-12.896,304.039,304.039
94.444,3.761,3.724,214.696,-8.106,2.12,3.062,-0.53,15.195,341.675,78.685,11.52,976.979,1.17162335,0.442,-12.148,304.51,304.51
94.544,4.152,4.15,243.789,1.661,3.723,1.833,0.12,14.989,341.553,79.779,11.528,976.97,1.17244756,22.949,-9.58,306.507,306.507
94.645,3.963,3.96,260.413,2.195,3.904,0.66,0.152,14.277,341.13,83.465,11.517,976.985,1.17537189,8.987,-9.293,303.889,303.889
94.746,2.605,2.604,262.427,1.477,2.581,0.343,0.067,13.844,340.873,85.822,11.512,977.0,1.17716849,-3.703,-10.934,301.394,301.394
94.845,0.891,0.834,225.449,-20.579,0.594,0.585,-0.313,14.391,341.197,82.832,11.512,976.988,1.17491448,-2.027,-11.82,300.702,300.702
94.945,1.4,1.041,137.251,-41.934,-0.707,0.765,-0.935,14.981,341.547,79.735,11.512,976.997,1.1725173,3.124,-12.301,303.424,303.424
95.045,1.201,0.673,217.862,-55.924,0.413,0.531,-0.995,14.872,341.483,80.34,11.52,976.976,1.17293477,0.139,-11.701,302.171,302.171
95.145,2.973,2.923,236.904,-10.524,2.449,1.596,-0.543,14.88,341.488,80.279,11.517,976.986,1.17291462,-0.136,-10.264,301.569,301.569
95.247,3.822,3.821,261.766,1.163,3.782,0.547,0.078,14.427,341.219,82.638,11.512,976.996,1.17477632,3.371,-9.49,303.33,303.33
95.35,4.048,4.048,278.743,0.0,4.001,-0.615,0.0,13.693,340.784,86.806,11.537,976.988,1.17776179,-1.404,-10.874,301.078,301.078
95.445,3.811,3.811,286.727,0.0,3.65,-1.097,0.0,13.658,340.764,86.977,11.532,976.965,1.1778779,2.23,-12.897,302.436,302.436
95.545,0.904,0.884,294.852,-12.114,0.802,-0.371,-0.19,14.597,341.319,81.727,11.511,976.999,1.17408681,0.919,-14.357,303.492,303.492
95.646,1.202,0.316,50.663,-74.739,-0.245,-0.2,-1.159,14.895,341.497,80.239,11.524,976.972,1.17283261,-3.803,-12.559,301.301,301.301
95.745,1.811,1.508,236.771,-33.617,1.261,0.826,-1.003,14.955,341.532,79.909,11.52,976.983,1.17260325,-29.509,-9.405,291.716,291.716
95.846,4.062,4.056,242.103,3.054,3.585,1.898,0.216,15.047,341.587,79.46,11.524,976.988,1.17223608,-41.327,-7.832,285.521,285.521
95.947,4.284,4.253,243.917,6.95,3.82,1.87,0.518,14.343,341.168,82.975,11.492,977.001,1.17513394,-39.163,-9.299,284.505,284.505
96.046,3.014,2.942,242.057,12.602,2.599,1.378,0.658,13.907,340.911,85.512,11.52,976.983,1.17688382,12.281,-13.854,306.413,306.413
96.146,0.758,0.731,214.564,15.189,0.415,0.602,0.198,14.514,341.271,82.245,11.525,976.97,1.17438579,35.713,-10.334,306.586,306.586
96.247,1.163,1.152,141.924,-7.845,-0.711,0.907,-0.159,15.172,341.662,78.866,11.532,976.979,1.17171252,21.953,-9.612,305.346,305.346
96.347,1.024,0.756,196.174,-42.44,0.21,0.726,-0.691,15.178,341.665,78.766,11.519,977.005,1.17172182,20.84,-8.532,305.634,305.634
96.451,2.88,2.875,229.232,3.373,2.177,1.877,0.169,15.26,341.714,78.464,11.541,976.991,1.17136407,8.926,-9.853,305.609,305.609
96.551,3.144,3.114,250.567,7.804,2.937,1.036,0.427,14.804,341.443,80.738,11.528,976.996,1.17323375,-1.4,-12.173,303.447,303.447
96.651,2.816,2.795,258.363,6.948,2.738,0.564,0.341,14.002,340.968,85.038,11.529,976.986,1.17649388,1.081,-12.608,303.694,303.694
96.751,1.151,1.109,245.622,15.594,1.01,0.458,0.31,13.901,340.908,85.614,11.532,976.975,1.17689693,0.875,-12.186,304.087,304.087
96.851,1.557,1.509,149.029,-14.327,-0.776,1.294,-0.385,14.848,341.469,80.481,11.524,976.976,1.17302728,0.837,-10.338,303.008,303.008
96.951,1.014,0.927,125.513,-23.906,-0.755,0.538,-0.411,15.046,341.586,79.425,11.517,976.982,1.17223465,19.809,-8.962,305.691,305.691
97.051,1.507,1.287,241.228,-31.32,1.128,0.62,-0.783,14.843,341.466,80.511,11.524,976.979,1.17305601,13.793,-10.223,304.318,304.318
97.151,3.329,3.328,252.474,-0.753,3.174,1.002,-0.044,14.779,341.429,80.928,11.54,976.986,1.1733166,-5.015,-11.969,301.838,301.838
97.251,3.762,3.762,279.085,0.0,3.714,-0.594,0.0,14.098,341.025,84.504,11.528,976.979,1.17609274,-3.646,-13.268,301.387,301.387
97.351,4.464,4.464,293.331,-0.22,4.099,-1.768,-0.017,13.568,340.711,87.564,11.545,976.971,1.17825305,3.589,-12.716,303.168,303.168
97.451,3.036,3.031,294.111,-3.321,2.767,-1.238,-0.176,14.051,340.999,84.926,11.557,976.996,1.17629313,0.92,-11.494,303.278,303.278
97.553,1.072,0.68,5.766,-50.629,-0.068,-0.677,-0.829,14.805,341.444,80.731,11.528,976.997,1.17322922,-1.819,-10.317,300.971,300.971
97.653,2.061,1.389,49.46,-47.632,-1.056,-0.903,-1.523,14.934,341.523,80.254,11.565,976.977,1.17266309,1.906,-11.299,303.163,303.163
97.753,0.951,0.692,222.394,-43.285,0.467,0.511,-0.652,14.843,341.468,80.647,11.55,976.982,1.17304671,-0.837,-11.603,302.285,302.285
97.853,2.984,2.984,271.829,-0.634,2.983,-0.095,-0.033,14.709,341.388,81.339,11.548,976.984,1.17359626,1.019,-13.374,301.879,301.879
97.953,3.875,3.875,279.066,0.0,3.827,-0.611,0.0,13.977,340.954,85.331,11.556,976.997,1.1766001,1.602,-12.581,304.3,304.3
98.053,3.384,3.384,284.783,0.913,3.272,-0.863,0.054,13.652,340.76,87.035,11.537,976.983,1.17792261,-1.2,-11.102,302.456,302.456
98.153,1.252,0.231,67.948,-79.367,-0.214,-0.087,-1.231,14.672,341.365,81.431,11.529,976.987,1.17375851,-21.899,-8.505,295.569,295.569
98.253,1.274,1.215,121.862,-17.537,-1.032,0.641,-0.384,15.115,341.628,79.134,11.528,976.983,1.1719501,-41.995,-7.658,285.88,285.88
98.353,2.366,2.299,197.948,-13.716,0.708,2.187,-0.561,15.008,341.564,79.681,11.528,976.958,1.17235518,-42.26,-9.563,281.505,281.505
98.453,4.804,4.803,211.034,-0.958,2.476,4.116,-0.08,14.958,341.534,79.906,11.522,976.964,1.17256713,-38.419,-11.343,282.618,282.618
98.553,5.39,5.38,212.547,3.49,2.894,4.535,0.328,14.56,341.299,82.057,11.535,976.941,1.17415774,-35.454,-10.838,285.324,285.324
98.653,5.724,5.718,195.975,2.515,1.574,5.497,0.251,14.208,341.091,84.041,11.553,976.894,1.17553186,-37.194,-9.291,286.369,286.369
98.754,6.044,6.036,193.532,2.886,1.412,5.869,0.304,14.227,341.103,83.911,11.548,976.877,1.17543411,-36.858,-8.61,286.445,286.445
98.855,6.851,6.851,189.398,0.0,1.119,6.759,0.0,14.29,341.14,83.597,11.553,976.838,1.17512906,-38.167,-10.524,285.537,285.537
98.954,7.538,7.538,191.277,0.0,1.474,7.392,0.0,14.695,341.38,81.392,11.545,976.797,1.1734271,-29.137,-13.441,289.641,289.641
99.054,7.593,7.592,197.414,0.867,2.272,7.244,0.115,14.719,341.394,81.261,11.543,976.788,1.17332149,37.412,-11.308,306.437,306.437
99.154,7.178,7.174,208.296,1.977,3.401,6.317,0.248,14.538,341.286,82.225,11.545,976.799,1.17407286,36.49,-11.625,306.83,306.83
99.254,6.738,6.697,205.044,6.308,2.835,6.067,0.74,14.138,341.05,84.473,11.561,976.808,1.17571139,-19.041,-10.336,293.908,293.908
99.354,5.839,5.839,193.993,0.0,1.412,5.666,0.0,14.166,341.065,84.155,11.532,976.825,1.17563021,-22.619,-9.704,293.792,293.792
99.454,6.71,6.696,187.262,3.638,0.846,6.642,0.426,14.072,341.01,84.666,11.532,976.801,1.17598283,-24.303,-11.851,292.654,292.654
99.554,6.739,6.739,183.408,0.0,0.401,6.727,0.0,14.358,341.18,83.23,11.553,976.826,1.17483675,-24.86,-13.817,291.389,291.389
99.654,7.822,7.822,190.851,-0.048,1.473,7.682,-0.007,14.59,341.319,82.014,11.557,976.83,1.17388952,-25.261,-14.855,290.511,290.511
99.754,8.107,8.107,189.035,0.0,1.273,8.006,0.0,14.536,341.282,81.984,11.498,976.803,1.17410588,-27.017,-10.942,291.588,291.588
99.855,8.368,8.368,192.339,0.0,1.788,8.174,0.0,14.325,341.16,83.32,11.537,976.79,1.17493451,-14.996,-9.69,298.076,298.076
99.955,8.471,8.458,192.128,3.076,1.777,8.27,0.455,14.342,341.17,83.227,11.537,976.781,1.17485321,-11.242,-10.3,298.45,298.45
100.055,8.039,8.032,188.893,2.352,1.242,7.935,0.33,14.431,341.223,82.814,11.548,976.775,1.17447901,-19.629,-11.403,294.404,294.404
100.155,9.142,9.104,192.398,5.21,1.955,8.892,0.83,14.731,341.401,81.162,11.537,976.782,1.17326772,-12.501,-20.912,299.076,299.076
100.255,8.947,8.947,193.156,0.0,2.036,8.712,0.0,14.491,341.259,82.494,11.548,976.777,1.17423654,6.454,-51.017,325.777,325.777
100.358,9.541,9.496,188.772,5.607,1.448,9.385,0.932,14.437,341.229,82.96,11.581,976.753,1.17441475,17.737,-43.196,322.944,322.944
100.458,8.965,8.965,187.956,0.0,1.241,8.879,0.0,14.367,341.185,83.128,11.543,976.729,1.174685,-1.81,-8.617,301.4,301.4
100.558,9.597,9.597,186.207,0.0,1.038,9.54,0.0,14.548,341.292,82.12,11.535,976.716,1.17393482,0.684,-9.731,302.513,302.513
100.658,10.452,10.451,191.535,0.777,2.09,10.24,0.142,14.554,341.297,82.183,11.553,976.688,1.17387116,-6.298,-16.044,300.94,300.94
100.758,10.905,10.905,191.656,0.249,2.203,10.68,0.047,14.393,341.202,83.103,11.564,976.677,1.17450738,-5.937,-14.983,301.824,301.824
100.858,10.887,10.875,192.935,2.749,2.434,10.599,0.522,14.381,341.194,83.079,11.548,976.635,1.17451358,-0.189,-13.352,303.119,303.119
100.958,10.211,10.211,190.335,0.0,1.832,10.045,0.0,13.962,340.946,85.414,11.556,976.618,1.17620265,4.683,-11.504,302.839,302.839
101.058,10.988,10.978,189.222,2.493,1.759,10.836,0.478,13.952,340.939,85.394,11.543,976.62,1.17625082,5.42,-12.935,303.26,303.26
101.158,11.837,11.837,188.107,0.0,1.669,11.719,0.0,13.871,340.891,85.826,11.54,976.607,1.17656875,-0.814,-13.559,301.953,301.953
101.258,12.282,12.268,185.447,2.728,1.165,12.213,0.584,14.372,341.188,83.038,11.532,976.552,1.17445648,11.05,-15.28,306.209,306.209
101.359,11.855,11.855,190.773,0.0,2.216,11.646,0.0,14.132,341.046,84.405,11.543,976.536,1.17541492,6.458,-11.582,303.717,303.717
101.46,11.556,11.556,191.421,0.0,2.288,11.327,0.0,14.026,340.984,85.036,11.553,976.565,1.17587638,3.018,-10.914,302.263,302.263
101.56,11.77,11.761,192.839,2.304,2.613,11.467,0.473,14.177,341.072,84.089,11.531,976.541,1.17523909,2.754,-7.452,301.728,301.728
101.66,11.737,11.686,186.779,5.352,1.379,11.604,1.095,14.147,341.053,84.207,11.522,976.562,1.17539346,7.915,-14.02,304.912,304.912
101.76,9.661,9.649,184.536,2.872,0.763,9.619,0.484,14.399,341.203,82.868,11.527,976.57,1.17437112,8.653,-18.969,306.524,306.524
101.86,10.974,10.972,192.153,0.906,2.31,10.726,0.173,14.3,341.145,83.448,11.535,976.614,1.1748246,3.061,-9.008,301.234,301.234
101.96,11.078,11.078,188.927,0.0,1.719,10.944,0.0,13.99,340.96,85.051,11.519,976.6,1.17608166,2.226,-8.918,302.289,302.289
102.061,11.79,11.79,191.304,0.0,2.311,11.561,0.0,14.36,341.181,83.166,11.543,976.596,1.17455292,-1.171,-8.773,301.064,301.064
102.161,12.052,12.036,189.986,2.949,2.087,11.854,0.62,14.305,341.148,83.396,11.531,976.581,1.17476499,1.71,-11.461,302.511,302.511
102.261,11.944,11.93,190.976,2.774,2.271,11.712,0.578,14.052,340.999,84.891,11.551,976.567,1.1757766,1.746,-10.326,302.961,302.961
102.361,11.659,11.659,190.996,0.0,2.224,11.445,0.0,14.344,341.172,83.277,11.548,976.545,1.17455554,3.217,-9.906,302.741,302.741
102.461,11.088,11.088,188.941,0.0,1.723,10.953,0.0,14.264,341.125,83.742,11.553,976.532,1.17486608,2.516,-7.235,303.169,303.169
102.561,11.124,11.124,188.729,0.0,1.688,10.995,0.0,14.43,341.221,82.66,11.519,976.541,1.17421043,2.53,-9.04,302.189,302.189
102.662,12.039,12.037,195.093,0.9,3.134,11.622,0.189,14.155,341.06,84.276,11.543,976.54,1.17532218,6.343,-14.852,305.128,305.128
102.762,12.265,12.201,191.894,5.856,2.515,11.94,1.251,14.153,341.059,84.342,11.553,976.549,1.17534018,151.097,-120.031,198.946,198.946
102.862,10.894,10.894,193.009,0.0,2.452,10.614,0.0,14.384,341.197,83.178,11.569,976.572,1.17441392,153.645,-121.371,201.054,201.054
102.962,10.4,10.4,194.618,0.0,2.625,10.063,0.0,14.017,340.977,84.968,11.531,976.593,1.17595816,165.807,-110.757,194.678,194.678
103.064,10.625,10.608,190.922,3.191,2.01,10.416,0.591,14.266,341.124,83.583,11.527,976.619,1.17497313,-179.354,-128.267,219.323,219.323
103.163,10.842,10.842,193.967,0.0,2.617,10.522,0.0,14.132,341.046,84.386,11.54,976.625,1.17552376,-176.929,-120.262,211.176,211.176
103.263,10.873,10.873,188.541,0.0,1.615,10.752,0.0,14.311,341.153,83.455,11.548,976.59,1.17474282,14.272,-73.075,351.901,351.901
103.363,10.397,10.397,191.357,0.0,2.047,10.194,0.0,14.102,341.028,84.549,11.54,976.624,1.1756438,163.277,-106.723,189.052,189.052
103.463,9.808,9.808,191.574,0.0,1.968,9.608,0.0,14.11,341.034,84.624,11.561,976.623,1.17560244,160.018,-139.638,218.844,218.844
103.564,9.918,9.918,192.301,0.0,2.113,9.69,0.0,14.193,341.083,84.189,11.565,976.682,1.1753298,168.562,-116.931,201.966,201.966
103.664,9.937,9.894,192.143,5.326,2.081,9.673,0.922,14.613,341.331,81.776,11.535,976.71,1.17366242,15.134,-51.848,328.638,328.638
103.764,9.449,9.437,186.652,2.82,1.093,9.374,0.465,14.381,341.193,83.006,11.535,976.749,1.17465425,7.212,-36.083,313.113,313.113
103.864,9.707,9.658,186.519,5.757,1.096,9.595,0.974,14.297,341.144,83.536,11.548,976.785,1.17503917,6.075,-17.803,306.008,306.008
103.965,8.76,8.76,187.167,0.0,1.093,8.691,0.0,14.44,341.228,82.655,11.528,976.791,1.1744678,2.944,-13.294,303.436,303.436
104.065,9.073,9.058,184.434,3.279,0.7,9.031,0.519,14.363,341.182,83.11,11.535,976.8,1.17479289,5.668,-13.116,304.723,304.723
104.165,9.65,9.597,190.235,6.007,1.705,9.444,1.01,14.567,341.302,81.948,11.522,976.832,1.17400193,5.784,-12.538,303.651,303.651
104.265,10.731,10.731,190.72,0.0,1.996,10.544,0.0,14.795,341.439,80.826,11.537,976.786,1.17301095,8.102,-15.706,306.046,306.046
104.365,10.227,10.209,199.161,3.376,3.351,9.643,0.602,14.868,341.481,80.353,11.519,976.746,1.17267048,1.383,-16.594,304.621,304.621
104.47,10.691,10.691,198.918,0.0,3.466,10.113,0.0,14.372,341.187,83.039,11.532,976.741,1.17468488,-11.363,-15.78,299.274,299.274
104.57,9.975,9.975,194.762,0.0,2.542,9.646,0.0,14.425,341.218,82.661,11.515,976.71,1.17443597,-18.328,-13.452,295.641,295.641
104.67,10.243,10.243,198.256,0.0,3.209,9.728,0.0,14.491,341.259,82.492,11.548,976.731,1.17418039,-3.458,-12.858,301.933,301.933
104.77,10.691,10.66,203.233,4.37,4.205,9.795,0.815,14.708,341.387,81.235,11.528,976.71,1.17327595,-154.649,-174.253,246.764,246.764
104.87,10.201,10.19,189.08,2.688,1.608,10.062,0.478,14.15,341.054,84.127,11.511,976.779,1.17564833,173.234,-97.462,192.727,192.727
104.97,9.303,9.303,177.457,0.626,-0.413,9.294,0.102,14.262,341.123,83.706,11.545,976.794,1.17519474,172.298,-99.137,191.512,191.512
105.07,9.437,9.437,188.219,0.0,1.349,9.34,0.0,14.331,341.162,83.197,11.52,976.84,1.17497826,154.919,125.063,250.59,250.59
105.171,10.507,10.501,204.124,1.865,4.292,9.584,0.342,14.016,340.976,84.908,11.52,976.825,1.17624497,-8.069,72.803,327.767,327.767
105.272,9.679,9.679,197.877,-0.101,2.971,9.212,-0.017,14.11,341.032,84.458,11.532,976.806,1.17583334,156.574,-113.963,197.096,197.096
105.372,9.626,9.623,179.753,1.435,-0.042,9.623,0.241,14.024,340.98,84.837,11.515,976.853,1.17624819,-178.809,-93.632,183.942,183.942
105.472,9.598,9.588,192.168,2.569,2.021,9.373,0.43,14.051,340.996,84.666,11.511,976.859,1.1761483,-158.605,177.698,242.877,242.877
105.573,6.173,6.173,208.04,0.0,2.902,5.448,0.0,14.312,341.152,83.322,11.525,976.85,1.17506278,179.393,100.081,213.487,213.487
105.673,9.157,9.153,215.973,1.757,5.376,7.407,0.281,14.135,341.045,84.121,11.496,976.935,1.17590237,-168.761,106.686,213.158,213.158
105.773,9.323,9.323,197.86,-0.049,2.859,8.874,-0.008,14.594,341.317,81.66,11.496,976.901,1.17398596,167.148,-125.265,212.947,212.947
105.873,9.253,9.251,181.2,1.153,0.194,9.249,0.186,14.139,341.048,84.21,11.515,976.898,1.17583454,15.238,-74.349,342.046,342.046
105.973,9.427,9.427,178.585,-0.181,-0.233,9.424,-0.03,13.975,340.952,85.172,11.527,976.916,1.17652035,171.119,-108.309,200.963,200.963
106.073,8.265,8.255,182.154,2.877,0.31,8.249,0.415,14.237,341.104,83.475,11.479,976.906,1.17545688,161.313,-140.861,219.848,219.848
106.173,4.43,4.428,181.595,1.745,0.123,4.426,0.135,15.203,341.679,78.597,11.511,976.957,1.17156911,150.919,123.963,250.682,250.682
106.273,4.567,4.549,199.822,5.122,1.543,4.28,0.408,14.776,341.426,80.786,11.511,977.042,1.1734072,22.93,64.93,298.944,298.944
106.373,7.198,7.133,219.81,7.684,4.567,5.48,0.962,14.927,341.514,79.887,11.488,977.133,1.17291296,128.366,178.451,241.513,241.513
106.473,5.959,5.959,210.444,0.0,3.019,5.137,0.0,14.295,341.14,83.336,11.511,977.157,1.17550993,22.213,-66.841,342.467,342.467
106.573,4.745,4.724,193.412,5.44,1.096,4.595,0.45,13.695,340.784,86.655,11.512,977.149,1.17795956,20.19,-56.11,329.711,329.711
106.673,2.55,2.549,177.231,-1.484,-0.123,2.546,-0.066,13.682,340.776,86.755,11.517,977.139,1.17799973,-152.312,178.166,245.695,245.695
106.773,3.348,3.343,246.808,-3.04,3.073,1.316,-0.178,14.63,341.338,81.514,11.503,977.179,1.174173,0.813,76.811,325.327,325.327
106.874,3.598,3.36,209.683,-20.926,1.664,2.919,-1.285,14.999,341.557,79.618,11.507,977.246,1.17274797,145.968,-127.65,206.195,206.195
106.974,5.474,5.086,213.769,-21.705,2.827,4.228,-2.024,14.818,341.451,80.624,11.521,977.278,1.17351973,-1.269,-41.02,310.229,310.229
107.074,5.82,5.817,253.426,-1.912,5.575,1.659,-0.194,14.629,341.336,81.345,11.472,977.231,1.17424977,-0.681,49.139,308.127,308.127
107.174,6.885,6.885,269.356,-0.265,6.885,0.077,-0.032,14.073,341.008,84.503,11.503,977.255,1.1765393,-8.085,35.911,307.388,307.388
107.274,4.068,4.065,266.862,-2.219,4.059,0.222,-0.157,13.449,340.638,88.045,11.511,977.295,1.17914748,-3.536,-49.892,318.587,318.587
107.374,1.859,1.756,243.559,-19.132,1.573,0.782,-0.609,13.942,340.929,85.121,11.484,977.249,1.17708015,-6.703,-55.24,320.78,320.78
107.474,0.836,0.393,197.17,-61.955,0.116,0.375,-0.737,14.868,341.48,80.27,11.503,977.242,1.17327702,-2.602,-37.891,313.473,313.473
107.574,0.619,0.608,143.847,-10.473,-0.359,0.491,-0.112,15.12,341.629,78.977,11.503,977.228,1.17223382,-4.717,67.05,320.706,320.706
107.674,2.104,2.103,245.392,-1.959,1.912,0.876,-0.072,15.219,341.687,78.42,11.492,977.228,1.17183936,-5.014,68.54,323.353,323.353
107.774,4.162,4.162,269.148,0.0,4.161,0.062,0.0,14.824,341.452,80.399,11.484,977.253,1.17347896,-2.402,60.794,315.188,315.188
107.874,4.946,4.946,278.797,0.0,4.888,-0.756,0.0,14.121,341.037,84.315,11.517,977.233,1.17631209,8.644,-67.791,345.837,345.837
107.974,3.22,3.217,285.866,2.284,3.095,-0.879,0.128,14.235,341.103,83.519,11.484,977.233,1.17586088,-1.788,-54.778,323.983,323.983
108.074,0.947,0.946,3.18,0.656,-0.053,-0.945,0.011,15.083,341.605,79.047,11.48,977.235,1.17240512,-8.934,5.065,300.6,300.6
108.174,0.455,0.421,73.177,-22.202,-0.403,-0.122,-0.172,15.221,341.687,78.347,11.48,977.247,1.17185795,-2.049,38.085,305.738,305.738
108.274,2.873,2.71,245.118,-19.405,2.459,1.14,-0.955,15.372,341.777,77.635,11.488,977.275,1.17127585,-4.667,-17.69,302.758,302.758
108.374,4.91,4.91,253.41,0.892,4.705,1.402,0.076,15.277,341.721,78.171,11.5,977.253,1.1716305,-4.153,-1.503,301.33,301.33
108.475,6.121,6.121,261.227,-0.631,6.049,0.933,-0.067,14.496,341.258,82.117,11.484,977.292,1.17486238,-2.769,23.591,302.755,302.755
108.575,5.056,5.046,267.677,-3.565,5.042,0.205,-0.314,13.835,340.864,85.649,11.473,977.308,1.17759585,-3.499,-16.081,302.645,302.645
108.675,3.911,3.825,278.235,-12.057,3.785,-0.548,-0.817,13.898,340.902,85.32,11.477,977.292,1.17731535,-4.334,-21.797,303.766,303.766
108.775,1.704,0.872,253.728,-59.235,0.837,0.244,-1.464,14.969,341.538,79.673,11.488,977.294,1.17293632,-6.346,-20.158,302.863,302.863
108.875,1.706,0.814,220.482,-61.52,0.528,0.619,-1.5,14.999,341.555,79.414,11.468,977.274,1.17279792,-1.858,-32.702,309.842,309.842
108.975,3.807,2.898,224.047,-40.437,2.015,2.083,-2.469,14.662,341.356,81.201,11.477,977.253,1.174142,-3.661,-33.326,307.778,307.778
109.075,4.401,4.35,240.964,-8.683,3.804,2.111,-0.664,14.262,341.117,83.213,11.456,977.26,1.17579305,-6.579,-30.533,305.828,305.828
109.175,4.204,4.202,249.641,-1.657,3.94,1.462,-0.122,13.494,340.663,87.679,11.492,977.247,1.17891288,-2.932,-24.16,305.239,305.239
109.275,2.423,2.423,276.242,-0.457,2.409,-0.264,-0.019,13.457,340.64,87.778,11.473,977.227,1.17904723,-4.275,33.898,305.374,305.374
109.375,0.616,0.589,276.576,-17.151,0.585,-0.067,-0.182,14.388,341.193,82.65,11.477,977.217,1.17521644,-3.465,44.28,307.389,307.389
109.475,0.819,0.348,102.556,-64.808,-0.34,0.076,-0.741,14.825,341.454,80.501,11.505,977.231,1.17343855,-5.032,-31.112,303.826,303.826
109.576,1.824,1.13,220.293,-51.704,0.731,0.862,-1.431,14.623,341.332,81.36,11.468,977.241,1.17428923,-4.55,-38.696,307.403,307.403
109.676,3.967,3.911,238.91,-9.645,3.349,2.02,-0.665,14.682,341.369,81.176,11.492,977.226,1.17402089,0.554,-10.456,303.502,303.502
109.776,5.068,5.067,258.382,0.588,4.963,1.02,0.052,14.188,341.073,83.613,11.456,977.245,1.17607737,-4.072,26.625,303.548,303.548
109.876,4.14,4.128,273.194,-4.291,4.122,-0.23,-0.31,13.535,340.687,87.373,11.48,977.253,1.17875516,-2.142,-10.323,302.587,302.587
109.976,1.539,1.374,286.906,-26.788,1.314,-0.399,-0.693,14.003,340.966,84.87,11.5,977.25,1.17682385,-2.451,-36.127,308.535,308.535
110.076,1.156,0.326,137.351,-73.598,-0.221,0.24,-1.109,14.889,341.489,79.912,11.456,977.254,1.17322755,-4.109,-4.193,301.651,301.651
110.176,1.266,0.786,206.848,-51.61,0.355,0.702,-0.992,14.993,341.55,79.314,11.444,977.246,1.17279708,-4.503,-2.382,302.065,302.065
110.276,3.24,2.897,235.586,-26.594,2.39,1.637,-1.45,14.994,341.55,79.304,11.443,977.238,1.17278636,-4.542,-26.98,305.803,305.803
110.376,4.327,4.327,251.587,0.865,4.105,1.367,0.065,14.815,341.444,80.168,11.432,977.224,1.1735028,-4.648,-16.52,303.618,303.618
110.476,4.087,4.087,273.654,0.0,4.079,-0.26,0.0,13.948,340.931,84.971,11.464,977.257,1.17707193,-4.411,-8.827,303.31,303.31
110.576,3.204,3.204,286.564,0.888,3.071,-0.913,0.05,13.635,340.745,86.701,11.461,977.239,1.17833614,0.284,-8.76,303.992,303.992
110.677,1.422,0.556,235.7,-66.982,0.459,0.313,-1.309,14.333,341.159,82.791,11.449,977.236,1.17547619,-9.678,-7.959,300.452,300.452
110.777,1.14,0.956,113.931,-33.029,-0.873,0.388,-0.621,14.895,341.493,79.91,11.461,977.244,1.17318869,-1.85,-10.117,303.397,303.397
110.877,1.515,0.8,219.996,-58.11,0.514,0.613,-1.286,14.726,341.393,80.758,11.457,977.23,1.17386019,-3.667,18.841,303.377,303.377
110.977,3.636,3.213,239.842,-27.905,2.778,1.614,-1.702,14.816,341.445,80.202,11.44,977.244,1.17351615,-4.19,12.144,302.186,302.186
111.077,4.414,4.412,246.346,-1.897,4.041,1.77,-0.146,14.233,341.1,83.294,11.443,977.256,1.17590988,-4.448,-19.416,303.99,303.99
111.177,3.226,3.226,249.644,-0.057,3.024,1.122,-0.003,13.397,340.603,87.979,11.449,977.24,1.17931902,-1.086,-24.563,305.76,305.76
111.277,2.263,2.259,270.438,-3.204,2.259,-0.017,-0.126,13.517,340.675,87.315,11.452,977.235,1.17881954,-5.094,39.347,307.001,307.001
111.377,1.389,0.913,251.514,-48.881,0.866,0.29,-1.046,14.595,341.314,81.378,11.444,977.245,1.17441952,-3.221,28.615,303.26,303.26
111.477,0.959,0.567,175.108,-53.776,-0.048,0.565,-0.774,14.864,341.474,79.955,11.44,977.261,1.17334151,-3.357,-38.746,310.452,310.452
111.577,2.335,1.936,226.696,-34.004,1.409,1.328,-1.306,14.821,341.448,80.224,11.449,977.265,1.17352068,-1.666,-36.019,310.889,310.889
111.677,3.703,3.703,256.219,0.344,3.597,0.882,0.022,14.719,341.387,80.682,11.435,977.262,1.17393756,-3.13,25.069,303.804,303.804
111.777,3.902,3.902,273.829,0.0,3.893,-0.261,0.0,14.119,341.033,83.985,11.456,977.233,1.17634428,-2.05,-14.92,304.708,304.708
111.877,3.26,3.257,286.835,2.498,3.118,-0.943,0.142,13.711,340.788,86.081,11.428,977.241,1.17803979,-4.319,-37.364,309.889,309.889
111.977,1.874,1.873,296.685,-2.097,1.673,-0.841,-0.069,14.185,341.07,83.525,11.437,977.245,1.17609823,-4.333,-1.554,300.877,300.877
112.077,0.452,0.315,16.939,-45.881,-0.092,-0.301,-0.325,14.855,341.468,80.003,11.44,977.256,1.17337406,-4.117,8.183,300.465,300.465
112.178,0.879,0.138,89.64,-80.945,-0.138,-0.001,-0.868,15.019,341.565,79.163,11.44,977.249,1.17269802,-4.156,-25.271,303.623,303.623
112.278,2.975,2.871,242.471,-15.192,2.546,1.327,-0.78,15.085,341.604,78.785,11.432,977.253,1.17243814,-2.603,-9.675,302.132,302.132
112.378,4.275,4.274,263.268,-1.384,4.244,0.501,-0.103,14.855,341.466,79.829,11.407,977.25,1.17338061,-5.833,17.383,302.127,302.127
112.478,4.97,4.967,286.433,-2.062,4.764,-1.405,-0.179,14.005,340.964,84.519,11.439,977.26,1.17685342,-2.683,-16.671,303.708,303.708
112.578,3.279,3.276,286.135,-2.331,3.147,-0.911,-0.133,13.844,340.869,85.459,11.449,977.26,1.17750883,-3.275,-17.134,303.082,303.082
112.678,1.685,1.642,283.284,-13.048,1.598,-0.377,-0.38,14.74,341.4,80.552,11.432,977.253,1.17383981,-4.391,-0.421,300.816,300.816
112.778,1.387,1.056,250.473,-40.417,0.996,0.353,-0.899,14.83,341.454,80.175,11.449,977.253,1.17346787,-3.854,-14.619,302.298,302.298
112.878,3.036,2.755,240.88,-24.856,2.407,1.341,-1.276,15.02,341.564,78.984,11.407,977.27,1.17273283,-4.878,-9.082,301.796,301.796
112.978,4.829,4.829,248.966,0.0,4.507,1.733,0.0,14.996,341.551,79.212,11.428,977.259,1.17280662,-2.727,-8.727,302.242,302.242
113.078,4.942,4.942,271.132,0.0,4.941,-0.098,0.0,14.126,341.033,83.682,11.407,977.259,1.17636991,-4.146,-25.988,304.466,304.466
113.178,5.019,5.017,283.893,-1.538,4.87,-1.205,-0.135,13.498,340.663,87.377,11.444,977.263,1.17893374,-4.21,-24.173,305.516,305.516
113.278,3.741,3.736,289.227,-3.064,3.527,-1.23,-0.2,13.675,340.767,86.266,11.424,977.262,1.17821622,-3.283,5.872,301.368,301.368
113.378,1.403,1.341,293.555,-17.088,1.23,-0.536,-0.412,14.475,341.241,81.857,11.416,977.26,1.17493737,-3.571,-12.009,303.03,303.03
113.478,1.556,0.263,341.19,-80.274,0.085,-0.249,-1.533,14.844,341.461,79.971,11.424,977.271,1.17344224,-3.361,-25.497,305.983,305.983
113.578,2.869,2.756,246.593,-16.092,2.529,1.095,-0.795,14.87,341.476,79.859,11.428,977.278,1.17334437,-3.541,4.455,301.552,301.552
113.679,4.229,4.228,264.634,0.129,4.21,0.395,0.009,14.65,341.344,80.867,11.403,977.266,1.17423677,-3.158,4.827,301.677,301.677
113.779,4.091,4.091,273.21,0.0,4.084,-0.229,0.0,14.018,340.971,84.407,11.433,977.266,1.17680717,-3.914,-17.794,303.146,303.146
113.879,2.804,2.804,284.749,0.0,2.712,-0.714,0.0,13.855,340.873,85.188,11.412,977.261,1.17747962,-3.68,12.353,301.005,301.005
113.979,1.85,1.849,293.092,-2.303,1.701,-0.725,-0.074,14.544,341.284,81.647,11.444,977.253,1.17463803,-4.182,20.793,302.675,302.675
114.079,0.668,0.385,137.907,-54.763,-0.258,0.286,-0.546,15.186,341.663,78.228,11.424,977.253,1.1720283,-4.118,-19.827,303.3,303.3
114.179,1.61,1.252,217.938,-38.959,0.77,0.988,-1.012,15.016,341.561,78.964,11.399,977.26,1.17274046,-3.404,-19.012,304.497,304.497
114.279,4.037,4.034,253.101,-2.049,3.86,1.173,-0.144,15.138,341.634,78.405,11.411,977.245,1.17221904,-4.148,20.056,302.632,302.632
114.379,4.592,4.592,270.74,0.0,4.592,-0.059,0.0,14.559,341.29,81.351,11.404,977.252,1.17458999,-3.904,0.484,301.899,301.899
114.479,4.003,4.003,282.775,0.0,3.904,-0.885,0.0,13.783,340.83,85.573,11.409,977.256,1.17777061,-2.831,-29.324,307.21,307.21
114.579,2.876,2.873,290.133,2.728,2.697,-0.989,0.137,13.905,340.903,84.887,11.407,977.255,1.17726862,-2.981,-10.335,303.549,303.549
114.679,0.524,0.459,101.684,-28.678,-0.45,0.093,-0.251,15.028,341.569,78.968,11.412,977.254,1.17268002,-3.74,6.208,301.325,301.325
114.779,0.835,0.482,92.066,-54.792,-0.481,0.017,-0.682,15.051,341.582,78.826,11.407,977.244,1.17257464,-3.374,-16.651,302.85,302.85
114.879,1.943,1.626,227.032,-33.229,1.189,1.108,-1.065,14.905,341.495,79.511,11.396,977.251,1.17318296,-4.066,-10.401,302.555,302.555
114.979,3.24,3.238,252.772,-2.191,3.093,0.959,-0.124,14.733,341.393,80.374,11.391,977.237,1.17386866,-5.194,8.268,300.762,300.762
115.079,3.669,3.669,276.288,0.0,3.647,-0.402,0.0,14.035,340.98,84.195,11.411,977.25,1.17672741,-3.467,-7.573,301.047,301.047
115.18,3.931,3.93,290.045,0.748,3.692,-1.347,0.051,13.545,340.688,86.855,11.399,977.236,1.17872798,-4.146,-10.156,301.704,301.704
115.28,0.867,0.497,350.081,-55.064,0.086,-0.489,-0.711,14.559,341.289,81.262,11.388,977.247,1.17459095,-3.893,3.984,301.291,301.291
115.38,0.609,0.461,97.238,-40.78,-0.457,0.058,-0.398,14.969,341.534,79.313,11.42,977.256,1.17291725,-3.911,-0.734,301.769,301.769
115.48,1.222,0.71,197.918,-54.479,0.218,0.675,-0.994,14.931,341.511,79.397,11.399,977.256,1.17308056,-3.325,-11.889,302.759,302.759
115.58,2.978,2.881,240.023,-14.651,2.496,1.44,-0.753,14.982,341.541,79.137,11.399,977.25,1.17286575,-3.664,-7.829,301.685,301.685
115.68,3.979,3.979,263.492,0.644,3.953,0.451,0.045,14.611,341.322,81.116,11.412,977.237,1.17435539,-4.471,-8.892,302.214,302.214
115.78,3.199,3.198,271.336,1.374,3.197,-0.075,0.077,13.917,340.908,84.692,11.384,977.246,1.17721939,-4.032,-15.059,303.465,303.465
115.88,1.366,1.363,246.629,3.249,1.252,0.541,0.077,13.901,340.899,84.8,11.388,977.247,1.17728376,-4.461,-8.471,302.126,302.126
115.98,1.357,1.278,138.033,-19.732,-0.854,0.95,-0.458,14.777,341.42,80.253,11.411,977.233,1.17367685,-4.329,-11.644,301.84,301.84
116.08,0.987,0.973,119.044,-9.551,-0.851,0.472,-0.164,15.064,341.589,78.661,11.388,977.231,1.17251599,-3.538,-23.343,304.924,304.924
116.18,1.465,1.416,214.956,-14.923,0.811,1.16,-0.377,15.068,341.591,78.681,11.396,977.236,1.17250204,-3.714,-10.337,301.722,301.722
116.28,3.421,3.421,240.447,0.977,2.976,1.687,0.058,14.987,341.544,79.128,11.403,977.244,1.17283618,-3.231,-5.398,301.41,301.41
116.38,3.2,3.187,256.563,5.266,3.1,0.741,0.294,14.333,341.157,82.639,11.42,977.242,1.17549694,-3.762,-17.17,302.972,302.972
116.48,2.044,2.044,277.945,0.0,2.024,-0.283,0.0,13.794,340.836,85.477,11.403,977.225,1.17768919,-3.314,-8.801,301.923,301.923
116.581,1.344,1.344,285.114,0.0,1.297,-0.35,0.0,14.087,341.011,83.915,11.411,977.236,1.17649972,-3.603,4.358,301.254,301.254
116.681,1.03,0.859,104.935,-33.489,-0.83,0.221,-0.568,14.936,341.514,79.371,11.399,977.235,1.17303491,-3.856,-8.566,301.483,301.483
116.781,0.72,0.14,97.767,-78.818,-0.138,0.019,-0.706,14.826,341.449,79.936,11.399,977.228,1.17347407,-3.938,-12.688,301.88,301.88
116.881,2.85,2.807,247.528,-9.968,2.594,1.073,-0.493,14.895,341.49,79.621,11.407,977.248,1.17321336,-4.29,5.695,301.489,301.489
116.981,4.112,4.112,258.183,0.617,4.025,0.842,0.044,14.564,341.293,81.299,11.399,977.24,1.17455709,-3.843,0.252,301.569,301.569
117.081,4.06,4.06,275.951,0.0,4.038,-0.421,0.0,13.814,340.848,85.365,11.403,977.249,1.17763555,-3.838,-21.614,303.659,303.659
117.181,3.961,3.961,288.878,-0.623,3.748,-1.282,-0.043,13.563,340.7,86.849,11.416,977.247,1.17866111,-3.824,-10.882,302.641,302.641
117.281,0.502,0.412,340.885,-34.771,0.135,-0.39,-0.286,14.715,341.382,80.427,11.384,977.258,1.17396891,-3.563,0.324,301.742,301.742
117.381,0.623,0.557,137.008,-26.421,-0.38,0.408,-0.277,15.07,341.592,78.565,11.376,977.244,1.17251027,-3.351,-14.303,304.238,304.238
117.481,2.355,2.144,211.136,-24.477,1.108,1.835,-0.976,14.957,341.525,79.204,11.388,977.248,1.17297125,-3.717,-15.111,303.008,303.008
117.581,3.833,3.82,237.531,-4.747,3.223,2.051,-0.317,14.901,341.493,79.534,11.396,977.242,1.17318654,-3.336,-2.038,302.116,302.116
117.681,4.508,4.507,250.607,1.164,4.251,1.496,0.092,14.384,341.187,82.268,11.403,977.254,1.17530727,-3.765,-4.759,302.245,302.245
117.781,3.585,3.585,251.097,0.0,3.392,1.162,0.0,13.747,340.807,85.584,11.376,977.256,1.17793155,-4.36,-9.016,301.587,301.587
117.881,1.657,1.645,259.615,6.985,1.618,0.296,0.202,14.272,341.119,82.72,11.376,977.246,1.17576683,-4.396,5.747,302.326,302.326
117.981,1.32,1.267,218.931,-16.148,0.796,0.986,-0.367,14.904,341.494,79.521,11.396,977.268,1.17320728,-4.162,4.116,301.966,301.966
118.082,4.039,3.942,205.103,-12.587,1.672,3.57,-0.88,15.271,341.711,77.557,11.376,977.242,1.17169142,-3.979,-8.29,302.413,302.413
118.182,4.694,4.641,219.563,-8.601,2.956,3.578,-0.702,15.277,341.715,77.612,11.392,977.239,1.17165661,-3.789,-1.294,301.56,301.56
118.282,5.105,5.099,238.554,2.967,4.35,2.66,0.264,14.917,341.501,79.384,11.383,977.243,1.17312872,-4.214,1.782,302.928,302.928
118.382,4.458,4.455,246.162,2.086,4.075,1.801,0.162,14.063,340.995,83.843,11.376,977.238,1.17661214,-3.925,-5.425,303.152,303.152
118.482,2.841,2.793,242.272,10.517,2.472,1.3,0.519,13.853,340.87,85.041,11.384,977.23,1.17746055,-3.875,-7.299,302.943,302.943
118.582,1.295,1.264,195.04,-12.736,0.328,1.22,-0.286,14.459,341.232,81.966,11.42,977.23,1.1749661,-3.706,-4.57,302.269,302.269
118.682,1.908,1.86,174.086,-12.913,-0.192,1.85,-0.426,14.996,341.55,79.151,11.416,977.227,1.17277396,-4.062,-9.72,302.638,302.638
118.782,4.152,4.07,204.922,-11.434,1.715,3.691,-0.823,14.928,341.508,79.33,11.384,977.222,1.17305815,-4.309,-10.721,303.584,303.584
118.882,4.402,4.386,225.813,-4.764,3.145,3.057,-0.366,14.842,341.456,79.68,11.366,977.221,1.17341661,-4.149,-5.763,303.369,303.369
118.982,4.745,4.743,245.726,1.775,4.324,1.95,0.147,14.304,341.139,82.66,11.396,977.232,1.17561102,-3.941,-10.072,302.428,302.428
119.082,4.013,4.004,246.639,4.004,3.675,1.587,0.28,13.541,340.686,86.875,11.399,977.234,1.17873991,-4.208,-14.396,304.171,304.171
119.182,2.789,2.741,239.962,10.621,2.373,1.372,0.514,13.657,340.754,86.132,11.384,977.208,1.1782372,-3.314,-7.453,302.776,302.776
119.282,1.864,1.864,192.69,-0.71,0.409,1.818,-0.023,14.619,341.325,80.947,11.388,977.208,1.17429769,-3.663,-6.416,302.56,302.56
119.382,3.53,3.455,200.643,-11.837,1.218,3.233,-0.724,14.93,341.508,79.235,11.367,977.228,1.17306566,-3.859,-9.885,302.578,302.578
119.482,5.263,5.207,216.837,-8.373,3.122,4.167,-0.766,15.038,341.575,78.89,11.407,977.214,1.1725899,-3.633,-5.705,302.937,302.937
119.582,5.751,5.751,234.852,-0.342,4.702,3.311,-0.034,14.749,341.404,80.458,11.423,977.223,1.17377317,-3.892,-5.624,301.659,301.659
119.683,5.501,5.498,239.768,1.857,4.75,2.768,0.178,14.025,340.973,84.145,11.392,977.233,1.17675686,-3.912,-12.984,303.002,303.002
119.783,4.314,4.306,236.038,3.516,3.571,2.405,0.265,13.66,340.756,86.163,11.392,977.205,1.17821872,-4.372,-10.93,302.33,302.33
119.883,2.558,2.558,213.72,0.685,1.42,2.128,0.031,14.259,341.112,82.938,11.403,977.205,1.17576087,-3.743,-6.676,302.529,302.529
119.983,2.472,2.471,180.589,-1.036,0.025,2.471,-0.045,14.965,341.531,79.242,11.403,977.212,1.17288792,-3.799,-15.666,303.787,303.787
120.083,4.291,4.211,204.306,-11.051,1.733,3.838,-0.823,15.145,341.637,78.211,11.38,977.206,1.17215681,-3.73,-19.467,303.235,303.235
120.183,5.04,5.036,226.214,-2.274,3.636,3.485,-0.2,15.123,341.623,78.297,11.376,977.18,1.17221701,-3.224,-11.768,303.129,303.129
120.283,5.264,5.24,242.744,5.432,4.658,2.4,0.498,14.632,341.332,80.859,11.384,977.212,1.17425311,-3.747,-11.955,303.076,303.076
120.383,4.372,4.354,243.688,5.177,3.903,1.93,0.395,13.714,340.787,85.721,11.367,977.218,1.17802382,-3.813,-17.132,303.341,303.341
120.483,3.021,2.981,235.093,9.278,2.445,1.706,0.487,13.699,340.779,85.944,11.392,977.214,1.17806959,-3.598,-11.798,302.941,302.941
120.583,2.154,2.152,193.123,-2.214,0.489,2.096,-0.083,14.748,341.4,80.187,11.371,977.208,1.17378068,-4.034,-6.492,302.481,302.481
120.683,2.392,2.388,171.537,-3.066,-0.351,2.362,-0.128,14.895,341.488,79.475,11.379,977.208,1.17317927,-4.081,-10.964,302.202,302.202
120.783,4.308,4.251,207.685,-9.346,1.975,3.764,-0.7,14.871,341.475,79.664,11.392,977.209,1.17327034,-4.07,-11.784,302.551,302.551
120.883,4.408,4.408,230.619,0.162,3.407,2.796,0.012,14.605,341.316,80.973,11.379,977.199,1.17434824,-3.59,-4.055,301.991,301.991
120.983,4.416,4.389,242.418,6.336,3.89,2.032,0.487,13.887,340.89,84.829,11.379,977.221,1.17731392,-3.75,-3.107,302.466,302.466
121.084,1.49,1.487,209.202,-3.565,0.726,1.298,-0.093,13.453,340.632,87.215,11.371,977.223,1.1791029,-3.808,-8.618,303.132,303.132
121.184,1.573,1.478,176.148,-20.093,-0.099,1.474,-0.541,13.935,340.921,84.763,11.414,977.222,1.17710245,-3.372,-7.025,302.441,302.441
121.284,1.99,1.959,169.754,-10.009,-0.349,1.928,-0.346,14.653,341.345,80.724,11.379,977.222,1.17418146,-3.726,-1.81,302.458,302.458
121.384,3.382,3.329,194.981,-10.162,0.861,3.216,-0.597,14.794,341.429,80.014,11.383,977.208,1.17358589,-4.078,-5.816,303.48,303.48
121.484,5.018,4.982,214.862,-6.84,2.848,4.088,-0.598,14.759,341.407,80.174,11.379,977.195,1.17371738,-4.117,-7.684,302.54,302.54
121.584,5.081,5.072,236.329,3.412,4.221,2.812,0.302,14.43,341.213,81.91,11.382,977.219,1.17508435,-3.713,-6.755,302.923,302.923
121.684,4.259,4.259,248.515,0.0,3.963,1.56,0.0,13.679,340.768,86.144,11.407,977.205,1.17813647,-4.036,-6.779,302.649,302.649
121.784,3.006,3.003,252.124,2.525,2.858,0.922,0.132,13.664,340.758,86.107,11.386,977.216,1.17821884,-4.13,-5.421,303.433,303.433
121.884,1.384,1.359,219.525,11.004,0.865,1.048,0.264,14.594,341.311,81.115,11.395,977.212,1.174402,-3.962,-2.761,302.568,302.568
121.984,1.044,0.988,203.781,-18.792,0.398,0.904,-0.336,15.139,341.633,78.296,11.391,977.255,1.17223692,-3.754,-3.587,303.411,303.411
122.084,3.614,3.566,212.904,-9.333,1.937,2.994,-0.586,15.174,341.653,78.055,11.378,977.229,1.17206991,-3.793,-4.121,302.756,302.756
122.184,4.601,4.595,236.896,2.851,3.85,2.51,0.229,15.128,341.627,78.421,11.404,977.253,1.17227614,-3.611,-0.032,302.591,302.591
122.284,5.143,5.13,243.703,4.009,4.599,2.273,0.36,14.33,341.154,82.537,11.399,977.251,1.17552567,-3.564,-0.435,302.235,302.235
122.384,4.534,4.53,244.736,2.315,4.097,1.933,0.183,13.585,340.711,86.579,11.391,977.225,1.17855477,-4.078,-3.793,302.533,302.533
122.484,2.784,2.765,237.711,6.737,2.337,1.477,0.327,13.798,340.838,85.42,11.396,977.204,1.17765069,-4.132,-0.369,302.24,302.24
122.585,1.78,1.774,190.644,-4.793,0.328,1.743,-0.149,14.638,341.336,80.843,11.386,977.209,1.17422533,-4.134,-1.621,302.378,302.378
122.685,2.775,2.72,201.474,-11.484,0.996,2.531,-0.553,14.881,341.48,79.537,11.378,977.233,1.17326427,-3.953,-8.175,302.457,302.457
122.785,4.631,4.57,219.317,-9.333,2.896,3.536,-0.751,14.779,341.419,80.042,11.374,977.237,1.17368555,-4.253,-7.941,302.509,302.509
122.885,5.232,5.227,241.134,2.601,4.578,2.523,0.237,14.496,341.252,81.591,11.388,977.235,1.17483151,-3.972,-4.853,302.389,302.389
122.985,4.794,4.794,247.517,0.0,4.43,1.833,0.0,13.684,340.769,85.95,11.378,977.224,1.17815185,-3.549,-10.477,304.26,304.26
123.085,3.124,3.123,248.492,1.866,2.905,1.145,0.102,13.393,340.597,87.593,11.378,977.232,1.17935717,-3.5,-13.642,303.132,303.132
123.185,1.535,1.528,192.216,-5.647,0.323,1.493,-0.151,14.438,341.217,81.893,11.386,977.233,1.17507005,-3.695,-8.587,303.132,303.132
123.285,1.76,1.638,181.906,-21.497,0.054,1.637,-0.645,14.846,341.459,79.726,11.379,977.239,1.17341602,-3.763,-9.107,303.003,303.003
123.385,3.745,3.608,206.752,-15.549,1.624,3.222,-1.004,14.874,341.475,79.539,11.371,977.231,1.17329621,-3.928,-13.783,303.265,303.265
123.485,5.157,5.131,223.424,-5.665,3.527,3.727,-0.509,14.808,341.437,79.918,11.379,977.211,1.17353404,-4.133,-9.461,302.345,302.345
123.585,5.296,5.292,238.707,2.171,4.522,2.749,0.201,14.207,341.079,82.994,11.362,977.209,1.17599416,-4.011,-7.554,301.985,301.985
123.685,4.396,4.395,244.722,1.249,3.974,1.877,0.096,13.548,340.688,86.623,11.362,977.198,1.17868328,-3.991,-13.318,302.449,302.449
123.785,2.587,2.587,230.895,-0.079,2.008,1.632,-0.004,13.764,340.819,85.667,11.407,977.225,1.17781043,-3.997,-12.867,302.101,302.101
123.885,1.842,1.825,196.222,-7.573,0.51,1.753,-0.243,14.638,341.335,80.736,11.366,977.229,1.17425787,-3.833,-8.632,302.501,302.501
123.985,3.317,3.222,197.809,-13.747,0.985,3.067,-0.788,14.958,341.525,79.085,11.366,977.208,1.1729269,-3.782,-11.962,302.161,302.161
124.086,4.701,4.651,212.675,-8.402,2.511,3.915,-0.687,14.96,341.527,79.162,11.383,977.218,1.17292202,-3.219,-15.578,303.014,303.014
124.186,5.147,5.14,230.451,2.871,3.964,3.273,0.258,14.735,341.393,80.252,11.371,977.199,1.17382193,-3.773,-12.979,302.858,302.858
124.286,5.047,5.023,241.341,5.523,4.408,2.409,0.486,13.971,340.94,84.361,11.378,977.199,1.17694235,-3.821,-12.572,302.78,302.78
124.386,3.823,3.791,233.711,7.327,3.056,2.244,0.488,13.52,340.671,86.806,11.366,977.2,1.17880154,-3.854,-15.595,302.681,302.681
124.486,3.157,3.142,215.979,5.66,1.846,2.542,0.311,13.802,340.838,85.187,11.359,977.22,1.1776706,-4.224,-14.168,302.778,302.778
124.586,2.198,2.126,183.574,-14.693,0.133,2.122,-0.558,14.691,341.368,80.621,11.396,977.216,1.17401326,-3.802,-12.676,302.654,302.654
124.686,4.749,4.67,204.774,-10.464,1.957,4.24,-0.862,14.724,341.386,80.247,11.359,977.193,1.17386425,-3.979,-14.606,302.712,302.712
124.786,4.808,4.784,218.076,-5.641,2.951,3.766,-0.473,14.679,341.36,80.52,11.367,977.214,1.17406821,-4.072,-12.659,302.498,302.498
124.886,5.019,5.006,236.933,4.132,4.195,2.731,0.362,14.227,341.091,82.846,11.355,977.219,1.17592764,-3.595,-9.555,303.154,303.154
124.986,4.43,4.415,242.757,4.619,3.925,2.021,0.357,13.423,340.614,87.398,11.374,977.193,1.17918611,-3.807,-9.337,302.563,302.563
125.086,2.846,2.839,228.362,4.08,2.122,1.886,0.203,13.425,340.615,87.388,11.374,977.191,1.17917717,-3.717,-8.592,302.692,302.692
125.186,2.449,2.392,180.756,-12.414,0.032,2.392,-0.527,14.445,341.221,81.81,11.378,977.193,1.17499518,-3.799,-6.55,302.308,302.308
125.286,3.016,2.71,181.475,-26.054,0.07,2.709,-1.325,14.807,341.436,79.88,11.371,977.19,1.17351639,-3.868,-6.233,302.641,302.641
125.386,5.124,5.062,207.617,-8.908,2.346,4.485,-0.793,14.752,341.404,80.248,11.386,977.191,1.17373729,-4.009,-6.928,302.2,302.2
125.486,5.686,5.683,225.74,-1.931,4.07,3.966,-0.192,14.73,341.391,80.359,11.386,977.184,1.17381549,-4.214,-4.826,301.744,301.744
125.587,5.801,5.801,236.803,0.095,4.854,3.176,0.01,14.131,341.035,83.513,11.382,977.18,1.17626154,-4.056,-4.88,301.901,301.901
125.687,3.589,3.589,224.123,0.335,2.499,2.576,0.021,13.588,340.712,86.448,11.371,977.194,1.17851245,-3.899,-7.9,302.513,302.513
125.787,3.522,3.455,216.445,-11.196,2.052,2.779,-0.684,13.966,340.935,84.217,11.347,977.152,1.17691863,-3.783,-6.382,302.754,302.754
125.887,3.612,3.558,200.902,-9.929,1.27,3.324,-0.623,14.848,341.46,79.687,11.374,977.159,1.173311,-3.937,-3.281,302.806,302.806
125.987,4.534,4.465,205.032,-10.04,1.889,4.045,-0.79,14.979,341.537,78.917,11.355,977.171,1.17279899,-3.573,-4.471,302.325,302.325
126.087,5.018,4.998,222.165,-5.21,3.355,3.704,-0.456,14.996,341.548,78.891,11.367,977.173,1.17272782,-3.85,-4.922,302.69,302.69
126.187,5.77,5.765,241.926,2.423,5.087,2.713,0.244,14.642,341.337,80.653,11.355,977.181,1.17418694,-3.666,-3.827,302.606,302.606
126.287,5.48,5.465,237.452,4.227,4.606,2.94,0.404,13.95,340.928,84.474,11.378,977.193,1.17702007,-4.042,-2.435,302.558,302.558
126.387,3.557,3.54,226.328,5.515,2.561,2.445,0.342,13.644,340.746,86.216,11.386,977.19,1.17826998,-3.956,-3.218,302.249,302.249
126.487,2.572,2.57,201.126,-2.412,0.926,2.397,-0.108,14.312,341.143,82.563,11.386,977.159,1.17549515,-4.139,-1.87,302.141,302.141
126.587,2.583,2.523,179.721,-12.409,-0.012,2.522,-0.555,14.86,341.467,79.608,11.371,977.188,1.1732986,-4.032,-1.23,302.348,302.348
126.687,5.179,5.109,205.263,-9.428,2.18,4.62,-0.848,14.856,341.464,79.587,11.362,977.171,1.17330003,-4.065,-3.776,302.168,302.168
126.787,4.553,4.531,224.39,-5.627,3.17,3.238,-0.446,14.618,341.324,80.877,11.374,977.189,1.1742841,-3.942,-2.98,301.659,301.659
126.887,5.018,5.017,245.825,1.408,4.577,2.055,0.123,14.094,341.012,83.652,11.37,977.197,1.17644143,-3.643,-2.761,302.298,302.298
126.987,3.913,3.904,251.937,3.951,3.711,1.21,0.27,13.356,340.574,87.763,11.37,977.216,1.17949331,-3.855,-4.919,302.42,302.42
127.087,2.59,2.577,236.287,5.896,2.143,1.43,0.266,13.616,340.729,86.289,11.371,977.218,1.17842603,-3.557,-7.529,303.003,303.003
127.188,2.699,2.656,197.327,-10.276,0.791,2.536,-0.482,14.547,341.28,81.149,11.355,977.223,1.17462456,-3.83,-6.421,302.754,302.754
127.288,3.116,2.965,191.573,-17.932,0.595,2.905,-0.96,14.872,341.474,79.501,11.362,977.181,1.17324388,-3.773,-8.786,302.043,302.043
127.388,5.238,5.105,207.776,-12.925,2.379,4.517,-1.172,14.727,341.386,80.163,11.346,977.19,1.17385483,-3.906,-11.297,301.888,301.888
127.488,5.878,5.878,232.53,-0.664,4.665,3.576,-0.068,14.607,341.316,80.857,11.359,977.193,1.17434287,-3.941,-9.403,303.116,303.116
127.588,5.366,5.366,243.086,0.776,4.785,2.429,0.073,13.858,340.871,84.809,11.347,977.201,1.17742062,-3.876,-8.829,301.877,301.877
127.688,3.764,3.764,243.707,-0.544,3.375,1.667,-0.036,13.585,340.709,86.319,11.346,977.208,1.1785506,-3.666,-12.569,302.943,302.943
127.788,2.145,2.142,208.98,-3.408,1.038,1.873,-0.128,14.361,341.171,82.234,11.374,977.2,1.17534864,-3.752,-11.084,302.548,302.548
127.888,2.541,2.443,195.765,-15.952,0.664,2.351,-0.698,14.968,341.529,78.858,11.333,977.2,1.17288744,-3.645,-7.471,302.156,302.156
127.988,5.172,5.021,208.119,-13.887,2.366,4.428,-1.241,14.967,341.529,78.942,11.347,977.194,1.17288244,-3.851,-10.292,302.282,302.282
128.088,5.797,5.738,220.665,-8.221,3.739,4.352,-0.829,14.96,341.525,79.018,11.355,977.194,1.17290759,-3.815,-11.04,302.062,302.062
128.188,5.63,5.629,240.419,0.736,4.895,2.779,0.072,14.393,341.19,82.065,11.374,977.195,1.1752131,-3.791,-7.778,302.226,302.226
128.288,4.922,4.922,246.252,0.203,4.505,1.982,0.017,13.615,340.729,86.361,11.382,977.192,1.17839372,-3.783,-10.758,303.479,303.479
128.388,3.074,3.074,248.158,-0.226,2.854,1.144,-0.012,13.625,340.734,86.281,11.378,977.215,1.17838347,-3.953,-12.967,303.153,303.153
128.488,1.99,1.93,204.57,-14.107,0.802,1.755,-0.485,14.679,341.359,80.475,11.357,977.212,1.17407286,-3.867,-10.821,302.771,302.771
128.589,2.423,2.277,198.407,-19.956,0.719,2.161,-0.827,14.864,341.469,79.567,11.367,977.223,1.17332697,-3.831,-11.169,302.555,302.555
128.689,4.361,4.261,217.362,-12.236,2.586,3.387,-0.924,14.786,341.422,79.881,11.351,977.212,1.17363596,-3.549,-14.284,302.395,302.395
128.789,5.085,5.051,237.136,-6.559,4.243,2.741,-0.581,14.486,341.246,81.593,11.378,977.207,1.17484474,-3.777,-12.083,302.896,302.896
128.889,4.995,4.994,245.024,1.207,4.527,2.109,0.105,13.761,340.814,85.458,11.367,977.22,1.17783535,-3.962,-10.027,302.799,302.799
128.989,4.061,4.061,249.992,0.0,3.816,1.389,0.0,13.297,340.537,87.958,11.346,977.213,1.17974281,-3.946,-12.13,302.749,302.749
129.089,2.787,2.787,246.914,0.0,2.564,1.093,0.0,13.551,340.689,86.536,11.35,977.221,1.1787045,-3.982,-10.163,302.478,302.478
129.189,2.089,2.021,202.456,-14.733,0.772,1.867,-0.531,14.736,341.394,80.265,11.374,977.213,1.17383325,-3.992,-6.863,301.991,301.991
129.289,3.673,3.532,209.904,-15.954,1.761,3.062,-1.01,14.923,341.504,79.24,11.362,977.218,1.17308021,-4.078,-7.781,302.473,302.473
129.389,4.605,4.555,229.575,-8.412,3.467,2.954,-0.674,14.987,341.541,78.871,11.354,977.226,1.17283309,-3.917,-6.935,302.379,302.379
129.489,4.989,4.988,246.866,0.57,4.587,1.96,0.05,14.56,341.289,81.204,11.378,977.215,1.17455316,-4.018,-4.116,302.089,302.089
129.589,4.685,4.685,249.211,-0.283,4.38,1.663,-0.023,13.796,340.834,85.135,11.345,977.229,1.17770827,-3.882,-4.781,302.204,302.204
129.689,2.724,2.724,262.782,-0.812,2.702,0.342,-0.039,13.679,340.764,85.766,11.341,977.244,1.1782105,-3.891,-6.052,302.135,302.135
129.789,1.057,0.916,248.258,-29.945,0.85,0.339,-0.527,14.631,341.33,80.666,11.347,977.255,1.17432141,-3.811,-4.162,302.698,302.698
129.889,1.458,1.241,200.114,-31.675,0.427,1.165,-0.765,14.926,341.506,79.225,11.362,977.273,1.17313457,-4.003,-3.968,301.431,301.431
129.989,3.235,3.002,218.337,-21.86,1.862,2.355,-1.204,15.016,341.558,78.705,11.35,977.256,1.17275453,-3.99,-6.491,302.496,302.496
130.09,4.607,4.603,245.349,-2.126,4.184,1.92,-0.171,14.9,341.491,79.442,11.378,977.239,1.17319429,-3.761,-5.414,302.58,302.58
130.19,4.861,4.861,251.435,0.0,4.608,1.548,0.0,14.146,341.041,83.192,11.338,977.259,1.17631543,-4.018,-4.099,301.9,301.9
130.29,3.952,3.952,258.027,0.475,3.866,0.82,0.033,13.553,340.69,86.598,11.362,977.23,1.17870486,-3.878,-6.397,302.779,302.779
130.39,2.605,2.605,255.429,0.059,2.521,0.655,0.003,13.917,340.905,84.41,11.334,977.248,1.17723918,-3.957,-5.85,303.173,303.173
130.49,1.609,1.577,199.766,-11.477,0.533,1.484,-0.32,14.787,341.423,79.962,11.367,977.238,1.17365813,-3.898,-3.417,301.944,301.944
130.59,3.125,3.035,205.314,-13.775,1.298,2.743,-0.744,14.975,341.532,78.809,11.33,977.25,1.17292368,-3.988,-3.547,301.899,301.899
130.69,3.985,3.979,228.577,-3.195,2.983,2.632,-0.222,14.985,341.541,78.968,11.37,977.218,1.1728251,-3.857,-4.95,302.542,302.542
130.79,4.843,4.831,244.232,4.062,4.351,2.1,0.343,14.482,341.241,81.441,11.346,977.249,1.17492497,-3.752,-3.932,302.44,302.44
130.89,4.415,4.415,249.918,0.0,4.146,1.516,0.0,13.79,340.831,85.156,11.342,977.234,1.17774117,-3.958,-2.766,301.824,301.824
130.99,3.544,3.544,247.137,-0.144,3.265,1.377,-0.009,13.561,340.695,86.51,11.355,977.243,1.17868936,-3.659,-3.968,302.606,302.606
131.09,2.0,1.949,202.622,-13.004,0.75,1.799,-0.45,14.554,341.284,81.055,11.345,977.221,1.17459714,-3.763,-4.668,301.931,301.931
131.19,2.787,2.697,201.438,-14.6,0.986,2.511,-0.703,14.978,341.534,78.724,11.317,977.217,1.17287457,-3.679,-5.412,302.28,302.28
131.29,4.228,4.155,210.542,-10.677,2.111,3.578,-0.783,15.066,341.587,78.349,11.33,977.214,1.17250907,-3.72,-8.344,302.61,302.61
131.39,5.196,5.193,233.394,-2.159,4.168,3.096,-0.196,14.913,341.496,79.123,11.33,977.227,1.17314553,-3.689,-8.236,301.936,301.936
131.49,5.34,5.34,245.218,0.421,4.848,2.238,0.039,14.22,341.087,82.875,11.354,977.204,1.17593682,-3.737,-8.178,302.625,302.625
131.591,4.354,4.352,253.966,-1.448,4.183,1.202,-0.11,13.577,340.705,86.431,11.357,977.219,1.17859244,-3.833,-10.722,302.253,302.253
131.691,2.457,2.428,253.334,-8.784,2.326,0.696,-0.375,13.914,340.905,84.613,11.367,977.219,1.17720664,-3.651,-11.767,303.005,303.005
131.791,1.54,1.448,202.751,-19.873,0.56,1.335,-0.523,14.82,341.442,79.707,11.35,977.213,1.17350161,-3.908,-9.72,303.236,303.236
131.891,3.746,3.578,205.189,-17.22,1.523,3.238,-1.109,14.961,341.525,78.934,11.341,977.197,1.17290926,-3.95,-9.906,301.844,301.844
131.991,4.56,4.425,219.208,-13.962,2.797,3.429,-1.1,14.958,341.524,78.993,11.349,977.207,1.17293143,-3.761,-11.816,303.719,303.719
132.091,5.162,5.16,240.959,-1.439,4.511,2.505,-0.13,14.657,341.344,80.472,11.336,977.222,1.17418265,-4.054,-10.192,302.494,302.494
132.191,4.8,4.8,249.881,-0.013,4.507,1.651,-0.001,13.911,340.903,84.554,11.354,977.201,1.17720008,-3.918,-8.526,301.799,301.799
132.291,3.449,3.449,249.939,-0.196,3.24,1.183,-0.012,13.67,340.759,85.797,11.337,977.206,1.17820323,-3.95,-10.62,301.871,301.871
132.391,1.358,1.358,219.292,-1.079,0.86,1.051,-0.026,14.409,341.198,81.871,11.354,977.192,1.17515111,-3.845,-10.597,302.661,302.661
132.491,1.447,1.399,175.773,-14.753,-0.103,1.395,-0.368,14.856,341.463,79.469,11.341,977.208,1.17335045,-3.887,-8.302,301.677,301.677
132.591,4.022,3.897,208.111,-14.344,1.836,3.437,-0.997,14.906,341.492,79.198,11.337,977.207,1.17314839,-3.692,-9.903,302.536,302.536
132.691,4.135,4.13,221.161,-2.859,2.718,3.109,-0.206,14.742,341.395,80.06,11.341,977.219,1.17383158,-3.852,-10.811,302.697,302.697
132.791,4.375,4.37,238.502,2.714,3.726,2.283,0.207,14.196,341.073,83.047,11.361,977.2,1.17602873,-3.701,-10.096,302.486,302.486
132.891,3.562,3.556,241.936,3.406,3.138,1.673,0.212,13.481,340.646,86.822,11.331,977.216,1.17899275,-3.971,-9.609,302.162,302.162
132.991,2.276,2.268,227.095,4.759,1.661,1.544,0.189,13.564,340.697,86.487,11.354,977.205,1.17863142,-3.961,-10.653,302.132,302.132
133.092,2.989,2.891,153.188,-14.707,-1.304,2.58,-0.759,14.617,341.322,80.818,11.361,977.208,1.17431986,-4.058,-10.117,302.781,302.781
133.192,1.591,1.541,138.298,-14.373,-1.025,1.151,-0.395,14.802,341.431,79.792,11.349,977.205,1.17356455,-3.946,-8.647,302.783,302.783
133.292,2.41,1.937,204.692,-36.526,0.809,1.76,-1.434,14.765,341.409,79.934,11.34,977.209,1.17372286,-4.157,-8.413,302.862,302.862
133.392,3.768,3.741,226.769,-6.799,2.726,2.563,-0.446,14.58,341.298,80.809,11.324,977.206,1.17447972,-3.825,-7.632,302.203,302.203
133.492,3.639,3.584,240.737,9.947,3.127,1.752,0.629,14.005,340.958,83.968,11.341,977.206,1.17682695,-3.916,-6.443,301.933,301.933
133.592,1.985,1.806,233.916,24.511,1.46,1.064,0.824,13.661,340.753,85.797,11.329,977.216,1.17825508,-3.988,-5.671,301.686,301.686
133.692,0.92,0.79,150.102,-30.897,-0.394,0.684,-0.473,14.498,341.251,81.375,11.349,977.203,1.17480409,-3.974,-5.045,302.922,302.922
133.792,2.019,1.926,140.372,-17.518,-1.228,1.483,-0.608,15.156,341.641,77.996,11.349,977.213,1.17213547,-4.007,-4.566,302.153,302.153
133.892,1.485,1.403,184.358,-19.156,0.107,1.399,-0.487,15.092,341.603,78.272,11.341,977.232,1.17241979,-3.932,-4.732,302.312,302.312
133.992,3.587,3.585,218.298,-1.446,2.222,2.814,-0.091,14.966,341.529,78.972,11.352,977.222,1.17291665,-3.849,-4.182,301.871,301.871
134.092,3.752,3.713,239.135,8.237,3.187,1.905,0.537,14.51,341.258,81.289,11.345,977.241,1.1748035,-3.834,-3.638,302.133,302.133
134.192,2.81,2.799,242.814,5.116,2.489,1.279,0.251,13.863,340.873,84.684,11.33,977.225,1.17743516,-3.888,-5.488,302.522,302.522
134.293,1.047,1.017,184.254,-13.881,0.075,1.014,-0.251,13.867,340.876,84.705,11.337,977.215,1.17740548,-3.854,-6.5,302.722,302.722
134.393,2.482,2.461,156.84,-7.342,-0.968,2.263,-0.317,14.785,341.42,79.794,11.333,977.215,1.17365146,-3.875,-4.967,301.975,301.975
134.493,1.759,1.746,155.84,-7.028,-0.715,1.593,-0.215,14.896,341.485,79.143,11.317,977.209,1.17320025,-3.765,-5.721,302.519,302.519
134.593,3.243,3.179,204.522,-11.388,1.319,2.892,-0.64,14.834,341.449,79.521,11.329,977.198,1.17343557,-3.863,-7.905,302.292,302.292
134.693,4.123,4.122,232.014,0.817,3.249,2.537,0.059,14.716,341.38,80.215,11.345,977.23,1.17394876,-3.772,-6.619,302.237,302.237
134.793,4.43,4.429,248.885,1.191,4.132,1.596,0.092,14.147,341.042,83.2,11.341,977.203,1.17624295,-3.886,-5.532,302.522,302.522
134.893,3.497,3.497,255.099,0.459,3.38,0.899,0.028,13.644,340.744,85.981,11.345,977.211,1.17831182,-4.03,-6.969,302.455,302.455
134.993,1.278,1.277,237.92,-1.859,1.082,0.678,-0.041,14.243,341.098,82.547,11.316,977.206,1.17586076,-3.918,-7.892,302.481,302.481
135.093,0.991,0.673,144.217,-47.239,-0.393,0.546,-0.727,14.725,341.386,80.279,11.366,977.236,1.17391038,-3.957,-6.06,302.43,302.43
135.193,1.834,1.424,198.291,-39.099,0.447,1.352,-1.157,15.008,341.553,78.697,11.341,977.228,1.17275739,-3.828,-6.131,302.348,302.348
135.294,3.554,3.548,223.92,-3.222,2.461,2.556,-0.2,15.074,341.591,78.302,11.329,977.226,1.17249262,-3.727,-8.475,301.725,301.725
135.394,4.764,4.72,234.852,7.812,3.859,2.717,0.647,14.612,341.318,80.735,11.341,977.233,1.17437863,-3.692,-8.219,302.386,302.386
135.494,4.47,4.455,245.681,4.795,4.059,1.834,0.374,13.858,340.871,84.837,11.352,977.24,1.17746532,-3.622,-7.453,301.806,301.806
135.594,2.199,2.147,225.483,12.419,1.531,1.505,0.473,13.884,340.886,84.602,11.336,977.234,1.17735875,-3.709,-9.291,302.541,302.541
135.694,2.65,2.629,181.886,-7.206,0.087,2.627,-0.332,14.669,341.352,80.493,11.351,977.226,1.17413199,-3.604,-11.379,302.561,302.561
135.794,2.063,2.016,164.748,-12.255,-0.53,1.945,-0.438,15.153,341.638,77.879,11.324,977.207,1.17214692,-3.665,-9.62,302.915,302.915
135.894,5.161,4.908,206.289,-17.99,2.174,4.401,-1.594,15.2,341.665,77.59,11.313,977.197,1.17194951,-3.92,-9.818,302.938,302.938
135.994,5.625,5.617,225.4,-3.02,3.999,3.944,-0.296,15.116,341.617,78.133,11.337,977.204,1.17228925,-3.862,-11.926,302.165,302.165
136.094,5.573,5.571,240.047,1.429,4.827,2.781,0.139,14.4,341.191,81.732,11.32,977.188,1.17519689,-3.888,-10.722,302.583,302.583
136.195,4.069,4.056,239.086,4.611,3.48,2.084,0.327,13.788,340.829,85.155,11.34,977.184,1.17768931,-3.956,-9.08,302.269,302.269
136.295,2.572,2.549,218.559,7.69,1.589,1.993,0.344,14.083,341.003,83.495,11.331,977.175,1.17647457,-3.995,-9.861,302.319,302.319
136.395,2.282,2.256,175.393,-8.768,-0.181,2.248,-0.348,15.011,341.555,78.743,11.352,977.198,1.17270494,-3.821,-9.988,302.9,302.9
136.495,3.52,3.462,198.417,-10.444,1.094,3.284,-0.638,15.159,341.642,77.914,11.337,977.188,1.17209482,-3.827,-8.085,302.348,302.348
136.595,4.689,4.65,217.737,-7.401,2.846,3.678,-0.604,15.045,341.574,78.485,11.336,977.19,1.17256343,-3.695,-7.69,302.274,302.274
136.695,4.879,4.879,244.068,-0.392,4.388,2.134,-0.033,14.625,341.327,80.75,11.357,977.222,1.17430341,-3.783,-8.189,301.655,301.655
136.795,4.384,4.383,254.303,1.177,4.22,1.186,0.09,13.932,340.913,84.229,11.316,977.222,1.1771543,-3.78,-8.233,302.567,302.567
136.895,2.92,2.92,253.078,0.18,2.793,0.85,0.009,13.754,340.807,85.144,11.305,977.215,1.17788124,-3.988,-7.144,302.363,302.363
136.995,1.197,1.169,210.274,-12.505,0.589,1.009,-0.259,14.812,341.436,79.634,11.329,977.224,1.17355657,-3.885,-6.616,302.627,302.627
137.095,1.994,1.818,194.705,-24.281,0.461,1.758,-0.82,15.235,341.686,77.407,11.312,977.217,1.17183173,-3.912,-7.379,301.569,301.569
137.195,3.65,3.513,211.76,-15.736,1.849,2.987,-0.99,15.228,341.681,77.445,11.312,977.237,1.17188597,-3.912,-7.549,302.597,302.597
137.295,4.219,4.19,240.851,-6.624,3.66,2.041,-0.487,15.197,341.663,77.604,11.313,977.259,1.17203546,-3.929,-6.419,302.762,302.762
137.395,4.518,4.518,261.975,0.992,4.473,0.631,0.078,14.563,341.29,81.049,11.352,977.238,1.17457628,-3.871,-5.908,302.265,302.265
137.495,3.525,3.525,265.796,0.0,3.515,0.258,0.0,13.966,340.935,84.179,11.34,977.253,1.1770457,-3.841,-6.467,302.704,302.704
137.595,1.531,1.528,253.616,3.212,1.466,0.431,0.086,14.355,341.166,82.129,11.349,977.25,1.17544317,-3.957,-5.934,302.186,302.186
137.696,0.984,0.957,167.795,-13.445,-0.202,0.935,-0.229,15.204,341.67,77.772,11.352,977.255,1.1719892,-4.042,-4.129,302.121,302.121
137.796,1.501,1.3,208.016,-29.998,0.611,1.148,-0.751,15.354,341.756,76.759,11.3,977.237,1.17137647,-3.884,-4.49,301.62,301.62
137.896,3.643,3.614,228.585,-7.255,2.71,2.39,-0.46,15.39,341.78,76.872,11.357,977.233,1.17120612,-3.86,-5.757,302.026,302.026
137.996,4.92,4.916,251.212,2.293,4.654,1.583,0.197,15.066,341.588,78.481,11.356,977.259,1.17255151,-3.714,-4.256,301.768,301.768
138.096,4.941,4.941,275.279,0.0,4.92,-0.455,0.0,14.185,341.064,82.881,11.321,977.264,1.17616653,-3.881,-3.315,301.438,301.438
138.196,5.263,5.262,288.357,-1.089,4.994,-1.657,-0.1,13.671,340.76,85.829,11.344,977.247,1.17824531,-3.7,-5.155,302.173,302.173
138.296,3.39,3.374,287.898,-5.588,3.211,-1.037,-0.33,14.22,341.084,82.647,11.312,977.274,1.17604029,-3.668,-5.865,302.632,302.632
138.396,1.809,1.663,266.636,-23.146,1.66,0.098,-0.711,14.958,341.523,78.93,11.337,977.273,1.17301655,-3.921,-4.28,302.638,302.638
138.496,3.173,2.948,248.075,-21.72,2.735,1.101,-1.174,15.071,341.588,78.23,11.312,977.265,1.17255723,-3.714,-4.972,302.227,302.227
138.596,4.738,4.719,253.828,-5.047,4.533,1.314,-0.417,15.017,341.558,78.624,11.336,977.284,1.17278922,-3.719,-7.492,302.426,302.426
138.696,4.915,4.913,261.683,1.414,4.861,0.711,0.121,14.308,341.136,82.179,11.312,977.273,1.17567956,-3.7,-6.911,303.092,303.092
138.796,3.871,3.871,268.096,0.0,3.869,0.129,0.0,13.692,340.772,85.663,11.336,977.257,1.1781733,-3.82,-6.039,302.103,302.103
138.896,2.892,2.892,274.957,0.0,2.882,-0.25,0.0,13.662,340.754,85.788,11.328,977.253,1.17829382,-3.997,-8.02,302.077,302.077
138.996,0.448,0.434,274.996,-14.201,0.432,-0.038,-0.11,14.695,341.366,80.186,11.319,977.255,1.17407417,-4.01,-8.855,302.173,302.173
139.097,1.591,1.451,208.731,-24.194,0.697,1.272,-0.652,15.055,341.578,78.268,11.304,977.253,1.17261314,-3.904,-7.511,301.966,301.966
139.197,2.968,2.762,227.491,-21.475,2.036,1.867,-1.087,15.14,341.629,77.907,11.316,977.244,1.17225003,-3.737,-7.656,302.053,302.053
139.297,3.943,3.941,249.369,-1.948,3.688,1.389,-0.134,14.78,341.416,79.73,11.316,977.252,1.17372489,-3.822,-9.167,301.618,301.618
139.397,3.877,3.877,264.192,0.86,3.857,0.392,0.058,14.043,340.981,83.821,11.351,977.26,1.17673302,-3.834,-8.908,301.934,301.934
139.497,2.721,2.721,275.01,0.0,2.711,-0.238,0.0,13.708,340.781,85.581,11.337,977.251,1.17810261,-3.69,-8.059,301.932,301.932
139.597,0.666,0.59,285.083,-27.592,0.57,-0.154,-0.308,14.231,341.093,82.804,11.351,977.263,1.17596591,-3.81,-9.243,302.433,302.433
139.697,1.162,0.77,115.214,-48.512,-0.697,0.328,-0.871,15.132,341.625,78.004,11.327,977.266,1.17230451,-3.829,-10.096,302.727,302.727
139.797,1.591,0.994,205.303,-51.339,0.425,0.899,-1.242,14.996,341.545,78.696,11.328,977.245,1.17283297,-3.781,-9.767,301.91,301.91
139.897,3.422,3.342,245.321,-12.354,3.037,1.396,-0.732,15.124,341.62,77.963,11.312,977.257,1.17233157,-3.794,-9.664,302.555,302.555
139.997,4.375,4.374,265.765,0.891,4.362,0.323,0.068,14.762,341.406,79.873,11.325,977.241,1.17378235,-3.825,-10.407,302.125,302.125
140.097,4.878,4.878,279.437,0.0,4.812,-0.8,0.0,13.906,340.898,84.387,11.319,977.261,1.17730737,-4.002,-10.387,302.323,302.323
140.197,4.229,4.229,289.896,0.205,3.977,-1.439,0.015,13.87,340.877,84.619,11.325,977.252,1.17744207,-3.72,-10.266,302.19,302.19
140.297,0.614,0.584,293.84,18.048,0.534,-0.236,0.19,14.894,341.485,79.276,11.34,977.261,1.17326307,-3.885,-9.504,302.425,302.425
140.397,0.314,0.305,171.809,13.175,-0.044,0.302,0.072,14.957,341.522,78.891,11.328,977.271,1.17302108,-3.868,-9.594,302.333,302.333
140.498,3.026,2.878,244.758,-17.959,2.603,1.227,-0.933,14.643,341.337,80.67,11.359,977.26,1.17427635,-3.862,-9.775,302.018,302.018
140.598,4.619,4.619,256.75,0.137,4.496,1.059,0.011,14.638,341.332,80.465,11.316,977.274,1.17433167,-3.854,-8.451,302.467,302.467
140.698,4.947,4.947,271.229,0.0,4.946,-0.106,0.0,13.844,340.862,84.825,11.337,977.27,1.17756438,-3.952,-7.42,302.316,302.316
140.798,5.122,5.122,278.992,0.0,5.059,-0.801,0.0,13.217,340.49,88.375,11.339,977.273,1.18014586,-3.909,-7.966,302.257,302.257
140.898,4.866,4.866,285.264,0.0,4.694,-1.281,0.0,13.405,340.602,87.284,11.337,977.266,1.17936361,-3.878,-7.781,302.05,302.05
140.998,2.217,2.187,277.049,-9.477,2.17,-0.268,-0.365,14.346,341.159,82.036,11.323,977.282,1.17552781,-3.696,-6.256,302.353,302.353
141.098,2.15,1.679,242.845,-38.644,1.494,0.766,-1.343,14.773,341.412,79.739,11.311,977.284,1.17379403,-3.773,-6.265,302.539,302.539
141.198,4.148,4.111,248.577,-7.569,3.827,1.502,-0.546,14.891,341.482,79.204,11.323,977.269,1.17329133,-3.703,-7.311,301.677,301.677
141.298,4.841,4.84,256.815,1.215,4.713,1.104,0.103,14.53,341.27,81.241,11.356,977.255,1.17473173,-3.896,-6.792,302.309,302.309
141.398,4.767,4.767,266.524,0.0,4.758,0.289,0.0,13.696,340.774,85.614,11.331,977.256,1.17815864,-4.013,-5.627,302.139,302.139
141.498,4.291,4.291,281.976,-0.533,4.198,-0.89,-0.04,13.466,340.637,86.887,11.327,977.279,1.17913401,-3.708,-7.079,302.405,302.405
141.598,1.994,1.994,293.253,-0.203,1.832,-0.787,-0.007,14.38,341.179,81.832,11.319,977.28,1.17538822,-3.963,-7.39,302.737,302.737
141.698,0.303,0.298,139.984,11.114,-0.191,0.228,0.058,14.88,341.477,79.294,11.331,977.259,1.17331862,-3.876,-5.879,303.022,303.022
141.798,2.419,1.758,236.727,-43.388,1.47,0.965,-1.662,14.955,341.521,78.959,11.339,977.271,1.1730274,-3.813,-5.705,302.547,302.547
141.898,4.306,4.305,254.511,1.191,4.149,1.15,0.089,14.91,341.494,79.144,11.331,977.259,1.17319906,-3.93,-6.161,301.767,301.767
141.999,4.338,4.338,269.64,0.0,4.338,0.027,0.0,14.25,341.102,82.561,11.325,977.265,1.17590296,-3.975,-5.607,302.311,302.311
142.099,4.403,4.403,278.788,0.0,4.351,-0.673,0.0,13.577,340.705,86.395,11.351,977.268,1.17865288,-3.919,-4.76,302.387,302.387
142.199,3.779,3.779,285.231,0.0,3.647,-0.993,0.0,13.668,340.757,85.749,11.327,977.263,1.1782825,-3.675,-5.407,302.028,302.028
142.299,0.856,0.855,226.804,-1.519,0.623,0.585,-0.023,14.768,341.409,79.767,11.311,977.248,1.17377281,-3.832,-5.908,302.081,302.081
142.399,2.524,2.193,224.561,-29.669,1.539,1.562,-1.249,14.848,341.458,79.569,11.351,977.247,1.17342806,-3.916,-5.585,302.2,302.2
142.499,3.705,3.643,247.048,-10.497,3.355,1.421,-0.675,14.747,341.398,79.986,11.332,977.247,1.17384517,-3.783,-5.945,301.989,301.989
142.599,4.42,4.42,252.694,0.0,4.22,1.315,0.0,14.427,341.208,81.608,11.323,977.252,1.17516112,-3.754,-6.797,302.104,302.104
142.699,4.263,4.262,258.769,1.438,4.18,0.83,0.107,13.74,340.8,85.394,11.335,977.258,1.17797923,-3.953,-7.584,302.229,302.229
142.799,2.832,2.832,278.047,0.0,2.804,-0.396,0.0,13.429,340.615,87.073,11.323,977.258,1.1792618,-3.775,-7.777,302.031,302.031
142.899,0.277,0.227,300.623,34.903,0.196,-0.116,0.159,14.534,341.271,81.001,11.315,977.245,1.17471898,-3.851,-7.737,301.771,301.771
142.999,0.582,0.582,357.063,0.0,0.03,-0.581,0.0,14.743,341.395,79.983,11.327,977.241,1.1738596,-3.843,-8.645,301.376,301.376
143.099,1.904,1.508,236.885,-37.63,1.263,0.824,-1.163,14.792,341.425,79.779,11.337,977.252,1.17366731,-3.753,-9.023,302.167,302.167
143.199,3.873,3.862,245.225,-4.418,3.506,1.618,-0.298,14.879,341.475,79.248,11.321,977.252,1.1733191,-3.662,-8.953,301.679,301.679
143.299,4.487,4.485,259.099,1.761,4.404,0.848,0.138,14.292,341.126,82.216,11.304,977.251,1.17572033,-4.086,-8.423,302.667,302.667
143.399,3.813,3.812,265.76,1.004,3.802,0.282,0.067,13.63,340.734,85.984,11.331,977.266,1.17844462,-3.832,-8.631,302.963,302.963
143.499,1.872,1.872,288.207,-0.663,1.778,-0.585,-0.022,13.819,340.845,84.773,11.302,977.26,1.17767298,-3.6,-9.511,302.502,302.502
143.6,0.591,0.253,176.887,-64.668,-0.014,0.253,-0.534,14.722,341.383,80.108,11.331,977.259,1.17396295,-3.666,-8.948,302.134,302.134
143.7,1.84,1.661,200.589,-25.44,0.584,1.555,-0.79,14.825,341.443,79.533,11.322,977.242,1.17352593,-3.884,-8.498,301.633,301.633
143.8,3.259,2.965,229.508,-24.518,2.255,1.925,-1.352,14.978,341.534,78.736,11.319,977.254,1.17291844,-3.924,-9.279,302.238,302.238
143.9,4.543,4.542,248.039,-1.306,4.212,1.698,-0.104,14.825,341.444,79.61,11.337,977.247,1.17352712,-3.803,-9.674,302.043,302.043
144.0,4.396,4.393,261.42,2.151,4.344,0.655,0.165,14.029,340.972,83.781,11.331,977.255,1.17679179,-3.856,-8.88,302.721,302.721
144.1,3.291,3.291,269.051,-0.676,3.291,0.054,-0.039,13.533,340.677,86.452,11.318,977.227,1.17879772,-3.87,-9.449,302.765,302.765
144.2,1.215,1.212,267.535,-4.306,1.21,0.052,-0.091,14.245,341.099,82.533,11.315,977.242,1.17589879,-3.944,-9.94,302.519,302.519
144.3,0.637,0.487,207.048,-40.045,0.222,0.434,-0.41,14.705,341.373,80.244,11.34,977.26,1.1740303,-3.64,-9.762,302.884,302.884
144.4,2.41,2.21,219.424,-23.495,1.404,1.707,-0.961,14.744,341.396,80.026,11.337,977.237,1.17384458,-3.808,-9.131,302.122,302.122
144.5,3.926,3.84,241.618,-12.016,3.378,1.825,-0.817,14.71,341.375,80.09,11.316,977.238,1.17399347,-4.099,-9.123,301.784,301.784
144.6,4.525,4.525,256.679,0.91,4.403,1.043,0.072,14.208,341.078,82.824,11.332,977.236,1.17603517,-3.66,-9.113,302.046,302.046
144.7,3.845,3.845,275.24,0.0,3.829,-0.351,0.0,13.416,340.608,87.196,11.332,977.254,1.17930543,-4.035,-7.93,302.232,302.232
144.8,3.596,3.596,281.849,0.0,3.52,-0.738,0.0,13.357,340.571,87.46,11.319,977.232,1.17953014,-3.838,-7.703,302.376,302.376
144.9,1.292,1.255,290.714,13.795,1.174,-0.444,0.308,14.495,341.248,81.3,11.332,977.256,1.17488575,-3.701,-7.611,302.508,302.508
145.001,1.288,1.136,215.72,-28.042,0.664,0.923,-0.605,14.736,341.391,80.022,11.328,977.255,1.17390156,-3.955,-6.72,301.681,301.681
145.101,2.918,2.727,236.553,-20.839,2.276,1.503,-1.038,14.843,341.453,79.371,11.309,977.259,1.17347789,-3.982,-6.273,301.885,301.885
145.201,4.601,4.601,251.594,-0.798,4.365,1.453,-0.064,14.768,341.409,79.789,11.316,977.26,1.17378211,-3.801,-6.311,302.334,302.334
145.301,4.678,4.678,263.346,0.0,4.646,0.542,0.0,14.023,340.967,83.731,11.316,977.257,1.17682445,-3.716,-6.384,301.846,301.846
145.401,3.669,3.669,268.255,0.0,3.667,0.112,0.0,13.518,340.666,86.42,11.298,977.239,1.17888236,-3.862,-5.689,302.041,302.041
145.501,1.392,1.388,267.81,4.39,1.387,0.053,0.107,14.178,341.059,82.894,11.316,977.255,1.17618811,-3.927,-5.781,302.258,302.258
145.601,0.753,0.752,212.04,-2.769,0.399,0.638,-0.036,14.865,341.467,79.311,11.319,977.265,1.17339206,-3.623,-7.599,301.839,301.839
145.701,2.509,2.397,207.656,-17.125,1.113,2.124,-0.739,15.082,341.597,78.32,11.34,977.248,1.17248046,-3.976,-5.93,301.582,301.582
145.801,4.026,4.008,232.469,-5.421,3.178,2.441,-0.38,15.147,341.634,77.907,11.323,977.266,1.17224467,-3.907,-5.789,301.104,301.104
145.901,4.824,4.823,247.309,0.733,4.45,1.861,0.062,14.691,341.362,80.055,11.29,977.227,1.17406809,-3.848,-7.178,302.402,302.402
146.001,4.334,4.327,254.189,3.292,4.163,1.179,0.249,13.943,340.919,84.049,11.295,977.242,1.17714286,-4.176,-6.842,302.242,302.242
146.101,2.597,2.589,255.326,4.659,2.504,0.656,0.211,13.85,340.863,84.537,11.291,977.238,1.17752016,-3.798,-6.448,302.058,302.058
146.201,0.667,0.664,177.726,-5.845,-0.026,0.663,-0.068,14.775,341.412,79.644,11.294,977.227,1.17372584,-3.872,-6.414,301.799,301.799
146.301,0.862,0.603,180.07,-45.582,0.001,0.603,-0.616,14.841,341.453,79.457,11.323,977.22,1.1734345,-4.11,-7.128,302.008,302.008
146.401,2.644,2.612,223.611,-8.924,1.801,1.891,-0.41,14.875,341.472,79.176,11.304,977.242,1.17332911,-4.109,-7.383,302.129,302.129
146.502,4.443,4.44,249.751,2.011,4.166,1.537,0.156,14.638,341.331,80.351,11.294,977.237,1.17429662,-3.616,-7.409,301.388,301.388
146.602,4.773,4.742,261.81,6.462,4.694,0.676,0.537,13.961,340.93,84.001,11.304,977.245,1.1770699,-4.059,-6.349,301.335,301.335
146.702,3.927,3.918,261.347,4.01,3.873,0.589,0.275,13.418,340.607,86.986,11.298,977.247,1.17930377,-3.906,-7.847,302.56,302.56
146.802,2.253,2.174,257.864,15.219,2.125,0.457,0.591,13.685,340.765,85.42,11.286,977.231,1.17819154,-3.881,-9.526,302.476,302.476
146.902,0.971,0.79,163.27,-35.518,-0.228,0.757,-0.564,14.637,341.332,80.467,11.316,977.255,1.17430997,-3.896,-8.534,302.677,302.677
147.002,2.239,2.056,203.449,-23.339,0.818,1.886,-0.887,14.846,341.454,79.28,11.295,977.244,1.17345381,-3.783,-8.159,301.718,301.718
147.102,3.953,3.912,225.481,-8.27,2.79,2.743,-0.569,15.009,341.551,78.497,11.304,977.22,1.1727581,-3.731,-10.54,302.115,302.115
147.202,4.866,4.866,244.057,0.243,4.376,2.129,0.021,14.725,341.382,79.815,11.279,977.24,1.17394853,-4.017,-10.863,301.567,301.567
147.302,4.72,4.72,252.113,0.0,4.492,1.45,0.0,13.925,340.908,84.246,11.312,977.238,1.17720711,-3.812,-9.814,302.352,302.352
147.402,3.403,3.403,254.121,0.0,3.273,0.931,0.0,13.563,340.694,86.347,11.328,977.256,1.17870891,-4.026,-9.512,302.817,302.817
147.502,1.844,1.842,234.517,-1.951,1.5,1.069,-0.063,14.507,341.254,81.073,11.302,977.25,1.17484152,-3.626,-10.481,302.435,302.435
147.602,1.497,1.491,200.626,-5.237,0.525,1.395,-0.137,15.029,341.562,78.29,11.283,977.231,1.17269993,-3.813,-11.134,301.529,301.529
147.702,2.988,2.927,226.596,-11.543,2.127,2.011,-0.598,15.195,341.661,77.516,11.294,977.237,1.17202568,-4.228,-10.161,301.609,301.609
147.802,4.915,4.915,251.726,-0.579,4.667,1.541,-0.05,15.1,341.604,77.973,11.29,977.25,1.17243075,-4.059,-9.003,301.796,301.796
147.902,5.221,5.22,265.55,1.207,5.204,0.405,0.11,14.432,341.209,81.445,11.298,977.244,1.17514443,-3.713,-9.598,302.088,302.088
148.003,5.229,5.226,278.099,-1.885,5.174,-0.736,-0.172,13.601,340.716,86.005,11.306,977.255,1.17855704,-3.756,-10.198,301.924,301.924
148.103,2.999,2.999,273.558,-0.179,2.993,-0.186,-0.009,13.763,340.812,85.081,11.302,977.267,1.17790997,-4.238,-8.084,301.642,301.642
148.203,1.361,1.162,244.084,-31.381,1.045,0.508,-0.709,14.723,341.381,79.846,11.283,977.252,1.17396939,-3.675,-8.274,302.56,302.56
148.303,1.832,1.664,217.542,-24.723,1.014,1.319,-0.766,14.807,341.432,79.525,11.304,977.259,1.1736269,-3.498,-9.616,301.336,301.336
148.403,4.051,3.748,243.072,-22.294,3.341,1.697,-1.537,14.814,341.435,79.483,11.302,977.276,1.17362082,-3.687,-8.729,302.042,302.042
148.503,5.001,5.001,252.176,-0.464,4.761,1.531,-0.041,14.514,341.257,80.997,11.294,977.262,1.17483282,-4.228,-7.513,301.779,301.779
148.603,5.032,5.032,260.079,-0.132,4.956,0.867,-0.012,13.656,340.748,85.629,11.294,977.244,1.17832375,-4.185,-7.763,301.956,301.956
148.703,3.476,3.474,270.078,-2.178,3.474,-0.005,-0.132,13.437,340.617,86.748,11.275,977.256,1.17924547,-3.804,-8.23,301.446,301.446
148.803,1.071,0.942,244.976,-28.418,0.854,0.398,-0.51,14.451,341.219,81.242,11.279,977.245,1.17507482,-3.797,-7.69,302.115,302.115
148.903,1.231,0.979,203.403,-37.342,0.389,0.898,-0.747,14.77,341.41,79.744,11.309,977.258,1.17377353,-3.957,-6.949,301.741,301.741
149.003,2.807,2.45,220.754,-29.188,1.6,1.856,-1.369,14.898,341.484,78.969,11.286,977.246,1.17324889,-4.161,-6.381,301.753,301.753
149.103,4.519,4.479,242.747,-7.623,3.982,2.051,-0.599,14.93,341.504,78.848,11.294,977.241,1.17310786,-3.801,-6.891,301.628,301.628
149.203,4.953,4.952,256.941,0.852,4.824,1.119,0.074,14.379,341.177,81.705,11.294,977.252,1.17537057,-3.603,-6.486,301.019,301.019
149.303,4.563,4.563,267.478,-0.084,4.558,0.201,-0.007,13.555,340.688,86.248,11.304,977.268,1.17876506,-3.859,-4.992,302.312,302.312
149.403,2.715,2.714,273.726,-1.943,2.708,-0.176,-0.092,13.802,340.835,84.838,11.298,977.25,1.17772949,-4.136,-5.308,301.822,301.822
149.504,1.087,1.022,253.297,-20.039,0.978,0.294,-0.373,14.652,341.34,80.356,11.309,977.251,1.17424858,-3.638,-6.522,301.698,301.698
149.604,1.914,1.766,218.124,-22.631,1.09,1.389,-0.736,15.145,341.631,77.745,11.29,977.286,1.17228913,-3.822,-5.236,301.664,301.664
149.704,4.083,3.639,237.092,-26.981,3.055,1.977,-1.852,15.13,341.624,77.97,11.319,977.271,1.17232096,-3.891,-4.679,301.49,301.49
149.804,5.112,5.112,250.21,0.438,4.81,1.731,0.039,14.898,341.486,79.102,11.311,977.266,1.17326462,-3.484,-7.409,301.428,301.428
149.904,5.034,5.034,255.389,0.668,4.871,1.27,0.059,14.108,341.015,83.067,11.279,977.274,1.17651308,-3.879,-6.85,301.762,301.762
150.004,3.598,3.598,265.467,0.0,3.587,0.284,0.0,13.589,340.709,86.104,11.312,977.252,1.17860174,-4.074,-5.285,301.416,301.416
150.104,2.166,2.166,271.277,0.0,2.166,-0.048,0.0,13.704,340.777,85.404,11.302,977.25,1.17812967,-4.014,-6.879,301.747,301.747
150.204,1.34,0.403,189.497,-72.49,0.067,0.398,-1.278,14.792,341.423,79.615,11.306,977.235,1.17365909,-3.751,-8.035,301.781,301.781
150.304,2.47,2.216,210.791,-26.192,1.134,1.904,-1.09,14.846,341.454,79.277,11.294,977.234,1.17344236,-3.895,-7.357,301.735,301.735
150.404,3.854,3.609,239.579,-20.539,3.112,1.828,-1.352,14.87,341.469,79.171,11.298,977.241,1.17335057,-4.046,-7.003,301.767,301.767
150.504,4.803,4.803,254.725,0.795,4.633,1.265,0.067,14.355,341.164,81.948,11.315,977.25,1.17545962,-3.831,-7.937,301.622,301.622
150.604,4.331,4.331,275.338,-0.052,4.312,-0.403,-0.004,13.603,340.715,85.839,11.279,977.247,1.17855358,-4.027,-8.314,301.531,301.531
150.704,3.356,3.356,280.286,-0.162,3.302,-0.599,-0.01,13.409,340.602,87.061,11.302,977.252,1.17934525,-4.004,-7.939,301.978,301.978
150.804,0.68,0.56,269.466,-34.591,0.56,0.005,-0.386,14.677,341.354,80.189,11.302,977.242,1.17413855,-3.803,-8.177,301.675,301.675
150.904,1.168,0.994,222.124,-31.735,0.666,0.737,-0.615,14.9,341.487,79.062,11.306,977.25,1.17323661,-3.879,-8.778,301.963,301.963
151.005,3.318,2.775,243.152,-33.254,2.476,1.253,-1.819,14.918,341.497,78.93,11.298,977.274,1.17319775,-4.008,-9.235,302.2,302.2
151.105,4.372,4.371,251.426,1.038,4.143,1.392,0.079,14.907,341.489,78.886,11.279,977.27,1.1732446,-3.609,-8.693,301.516,301.516
151.205,4.479,4.478,263.956,1.429,4.453,0.472,0.112,14.218,341.082,82.579,11.298,977.266,1.17604434,-4.057,-8.766,301.608,301.608
151.305,3.543,3.543,267.217,0.0,3.538,0.172,0.0,13.685,340.765,85.514,11.302,977.245,1.17820477,-3.675,-9.848,302.426,302.426
151.405,1.387,1.387,267.333,-0.802,1.385,0.065,-0.019,14.317,341.14,82.035,11.294,977.268,1.17564499,-3.916,-9.876,301.999,301.999
151.505,0.641,0.574,212.199,-26.453,0.306,0.486,-0.286,14.92,341.499,79.027,11.318,977.236,1.173136,-3.772,-9.346,302.567,302.567
151.605,2.544,2.431,210.395,-17.098,1.23,2.097,-0.748,15.166,341.644,77.639,11.29,977.246,1.17215574,-4.016,-9.686,301.989,301.989
151.705,4.084,4.055,232.39,-6.768,3.212,2.475,-0.481,15.173,341.648,77.689,11.306,977.271,1.17215395,-3.94,-10.16,302.404,302.404
151.805,4.837,4.837,249.763,0.579,4.538,1.673,0.049,14.7,341.367,79.991,11.287,977.26,1.17407465,-4.037,-9.694,302.069,302.069
151.905,4.553,4.552,258.175,1.257,4.456,0.933,0.1,13.895,340.889,84.234,11.281,977.242,1.1773454,-3.974,-9.341,302.015,302.015
152.005,3.901,3.901,282.527,0.0,3.808,-0.846,0.0,13.756,340.808,85.118,11.302,977.242,1.17790723,-3.898,-9.553,302.179,302.179
152.105,1.305,1.302,292.932,-3.789,1.199,-0.507,-0.086,14.745,341.395,79.858,11.306,977.241,1.17385936,-3.98,-9.481,301.973,301.973
152.205,0.252,0.074,167.487,-72.847,-0.016,0.073,-0.241,14.883,341.474,78.961,11.269,977.241,1.17331231,-3.766,-8.632,301.599,301.599
152.305,2.771,2.604,247.117,-19.954,2.399,1.013,-0.946,14.905,341.489,78.957,11.29,977.255,1.17323005,-3.759,-8.097,302.131,302.131
152.405,4.377,4.376,256.489,-1.527,4.254,1.022,-0.117,14.845,341.453,79.242,11.287,977.265,1.17348576,-3.808,-8.623,302.234,302.234
152.506,4.545,4.545,268.641,0.0,4.544,0.108,0.0,14.106,341.014,83.024,11.269,977.251,1.17649555,-3.734,-8.319,302.028,302.028
152.606,3.959,3.959,273.688,0.0,3.951,-0.255,0.0,13.478,340.642,86.605,11.29,977.268,1.1790868,-3.685,-7.012,301.648,301.648
152.706,3.19,3.19,284.32,0.0,3.091,-0.789,0.0,13.413,340.603,86.956,11.287,977.259,1.17934632,-3.689,-7.106,301.858,301.858
152.806,1.113,1.113,296.171,-0.422,0.999,-0.491,-0.008,14.505,341.252,81.022,11.29,977.26,1.17486835,-3.854,-7.394,302.756,302.756
152.906,2.544,1.145,234.353,-63.263,0.93,0.667,-2.272,14.831,341.445,79.344,11.292,977.275,1.17355216,-3.857,-7.089,301.351,301.351
153.006,3.141,3.067,246.762,-12.431,2.818,1.21,-0.676,14.827,341.442,79.303,11.281,977.249,1.17354178,-3.898,-6.448,302.129,302.129
153.106,4.152,4.152,260.339,0.738,4.093,0.697,0.053,14.569,341.289,80.617,11.278,977.247,1.17459416,-3.98,-6.521,301.948,301.948
153.206,4.466,4.466,274.886,0.0,4.449,-0.38,0.0,13.886,340.884,84.317,11.287,977.259,1.17740047,-3.702,-7.082,301.849,301.849
153.306,4.202,4.202,285.197,-0.034,4.055,-1.101,-0.002,13.641,340.739,85.781,11.306,977.263,1.17840493,-3.819,-6.629,301.666,301.666
153.406,1.873,1.872,293.211,2.13,1.72,-0.738,0.07,14.431,341.206,81.233,11.257,977.253,1.17517626,-3.981,-6.195,301.844,301.844
153.506,0.259,0.206,59.233,-37.198,-0.177,-0.105,-0.157,14.982,341.534,78.567,11.29,977.245,1.17290509,-3.83,-5.898,301.856,301.856
153.606,1.712,1.509,235.931,-28.193,1.25,0.845,-0.809,14.955,341.517,78.556,11.262,977.268,1.17305374,-3.573,-6.102,301.948,301.948
153.706,3.697,3.695,251.75,1.399,3.51,1.157,0.09,14.993,341.542,78.589,11.306,977.27,1.17288208,-3.965,-5.695,301.325,301.325
153.806,4.5,4.5,270.591,0.0,4.5,-0.046,0.0,14.444,341.216,81.36,11.294,977.258,1.17511106,-3.928,-6.066,302.513,302.513
153.906,5.199,5.199,279.512,0.0,5.127,-0.859,0.0,13.656,340.747,85.54,11.279,977.271,1.17836213,-3.579,-6.364,301.509,301.509
154.006,4.463,4.46,291.138,-1.845,4.16,-1.609,-0.144,13.55,340.685,86.249,11.298,977.27,1.17879093,-4.128,-5.936,301.521,301.521
154.107,0.602,0.464,310.212,-39.672,0.354,-0.299,-0.385,14.653,341.339,80.273,11.294,977.254,1.17425609,-3.856,-6.618,301.521,301.521
154.207,0.738,0.671,224.804,-24.6,0.473,0.476,-0.307,14.773,341.412,79.713,11.306,977.278,1.17378783,-3.634,-7.65,301.702,301.702
154.307,2.833,2.737,241.024,-15.024,2.394,1.326,-0.735,14.824,341.44,79.302,11.278,977.25,1.17355812,-3.929,-7.339,302.214,302.214
154.407,4.226,4.223,256.212,2.172,4.102,1.007,0.16,14.603,341.31,80.553,11.298,977.267,1.17447197,-3.858,-7.6,302.755,302.755
154.507,4.262,4.262,271.064,0.0,4.261,-0.079,0.0,13.864,340.871,84.458,11.29,977.255,1.17748594,-3.817,-8.273,302.737,302.737
154.607,3.371,3.371,282.321,0.0,3.293,-0.719,0.0,13.419,340.606,86.843,11.274,977.243,1.17930532,-3.906,-8.315,301.989,301.989
154.707,0.399,0.344,333.71,-30.492,0.152,-0.308,-0.203,14.477,341.232,80.896,11.24,977.26,1.17499948,-3.87,-8.643,302.888,302.888
154.807,0.493,0.076,218.388,-81.145,0.047,0.06,-0.488,14.775,341.41,79.485,11.264,977.254,1.173769,-3.873,-8.934,302.974,302.974
154.907,1.598,1.241,226.725,-39.015,0.904,0.851,-1.006,14.888,341.478,79.045,11.29,977.249,1.17329311,-3.735,-8.925,301.497,301.497
155.007,3.558,3.533,242.001,-6.737,3.12,1.659,-0.417,14.912,341.493,78.92,11.29,977.258,1.17320406,-3.925,-8.985,301.979,301.979
155.107,4.575,4.574,256.792,0.867,4.453,1.045,0.069,14.44,341.213,81.336,11.285,977.277,1.17515576,-3.859,-9.199,301.618,301.618
155.207,4.137,4.137,263.3,-0.007,4.109,0.483,-0.001,13.685,340.765,85.444,11.29,977.248,1.1782105,-3.624,-9.128,302.757,302.757
155.307,2.409,2.408,268.077,-1.904,2.407,0.081,-0.08,13.849,340.863,84.578,11.298,977.273,1.17756331,-3.946,-8.912,302.219,302.219
155.407,0.883,0.724,230.917,-34.938,0.562,0.456,-0.506,14.767,341.406,79.549,11.269,977.267,1.17381287,-3.649,-9.422,303.034,303.034
155.507,1.65,1.449,202.43,-28.573,0.553,1.339,-0.789,15.044,341.571,78.273,11.294,977.284,1.17269731,-4.109,-8.967,302.319,302.319
155.608,3.015,2.889,228.693,-16.585,2.171,1.907,-0.861,15.077,341.589,77.977,11.269,977.265,1.17255187,-3.708,-9.022,301.943,301.943
155.708,4.488,4.486,248.306,-1.848,4.168,1.658,-0.145,14.867,341.467,79.229,11.306,977.25,1.17337012,-3.821,-9.13,301.752,301.752
155.808,4.643,4.641,262.253,1.943,4.598,0.626,0.157,14.115,341.019,83.043,11.281,977.251,1.17645657,-3.907,-9.188,302.222,302.222
155.908,3.42,3.42,272.486,0.0,3.417,-0.148,0.0,13.659,340.749,85.495,11.274,977.258,1.17833591,-3.965,-9.139,301.633,301.633
156.008,1.437,1.436,287.965,-1.878,1.366,-0.443,-0.047,14.306,341.132,81.911,11.261,977.255,1.17568564,-3.935,-8.751,301.475,301.475
156.108,0.565,0.283,205.423,-59.992,0.121,0.255,-0.49,14.909,341.49,78.849,11.274,977.266,1.17323327,-3.812,-8.403,302.116,302.116
156.208,2.058,1.838,208.858,-26.715,0.887,1.61,-0.925,14.93,341.503,78.79,11.282,977.274,1.17315567,-3.942,-8.174,301.794,301.794
156.308,3.496,3.383,234.743,-14.603,2.763,1.953,-0.881,14.846,341.453,79.169,11.274,977.266,1.17348862,-3.856,-8.029,301.756,301.756
156.408,4.242,4.242,251.674,0.672,4.027,1.334,0.05,14.498,341.246,80.944,11.269,977.263,1.17490625,-3.978,-7.593,301.477,301.477
156.508,3.704,3.704,266.2,-0.207,3.696,0.245,-0.013,13.858,340.866,84.374,11.269,977.26,1.17752588,-3.535,-6.968,302.216,302.216
156.608,2.463,2.463,270.276,0.0,2.463,-0.012,0.0,13.622,340.727,85.767,11.285,977.252,1.17847645,-3.959,-6.602,302.136,302.136
156.708,0.842,0.747,171.097,-27.537,-0.116,0.738,-0.389,14.763,341.404,79.589,11.273,977.259,1.17382061,-3.788,-6.778,302.443,302.443
156.808,1.256,0.811,200.329,-49.818,0.282,0.76,-0.96,15.029,341.56,78.177,11.261,977.255,1.1727376,-3.86,-6.294,301.811,301.811
156.908,3.119,2.785,219.83,-26.781,1.784,2.139,-1.406,15.157,341.637,77.561,11.266,977.258,1.17221701,-3.785,-6.394,302.669,302.669
157.009,4.025,4.012,243.082,-4.66,3.577,1.816,-0.327,15.048,341.572,78.079,11.261,977.268,1.17267275,-4.039,-5.924,301.882,301.882
157.109,4.562,4.561,254.328,1.255,4.392,1.232,0.1,14.356,341.161,81.596,11.252,977.253,1.17548215,-3.72,-6.024,301.72,301.72
157.209,3.453,3.45,263.865,2.195,3.431,0.369,0.132,13.853,340.865,84.566,11.298,977.266,1.17754138,-4.092,-6.015,302.547,302.547
157.309,1.214,1.211,283.288,4.369,1.178,-0.278,0.092,14.472,341.231,81.079,11.269,977.265,1.17501748,-3.766,-6.212,302.223,302.223
157.409,0.345,0.344,120.695,-4.378,-0.295,0.175,-0.026,15.247,341.69,77.114,11.266,977.256,1.17185032,-4.111,-6.379,301.761,301.761
157.509,1.899,1.86,198.555,-11.521,0.592,1.764,-0.379,15.253,341.695,77.183,11.285,977.261,1.1718241,-3.765,-6.553,302.289,302.289
157.609,4.354,4.316,225.564,-7.626,3.082,3.021,-0.578,15.286,341.714,76.999,11.281,977.254,1.17168415,-3.786,-6.624,301.594,301.594
157.709,4.842,4.841,244.906,0.984,4.384,2.053,0.083,14.862,341.463,79.086,11.274,977.246,1.17339909,-4.106,-6.136,302.264,302.264
157.809,4.051,4.051,250.569,0.0,3.82,1.348,0.0,14.04,340.974,83.379,11.269,977.24,1.176754,-3.768,-6.356,302.014,302.014
157.909,2.35,2.338,245.37,5.611,2.126,0.975,0.23,13.812,340.839,84.554,11.257,977.261,1.17771757,-3.764,-7.038,302.106,302.106
158.009,1.379,1.253,168.839,-24.7,-0.242,1.229,-0.576,14.887,341.476,78.833,11.249,977.238,1.17330074,-3.723,-6.49,301.295,301.295
158.109,1.428,1.393,167.442,-12.828,-0.303,1.359,-0.317,15.007,341.546,78.144,11.233,977.227,1.17280412,-3.731,-6.371,301.867,301.867
158.209,2.895,2.767,208.558,-17.133,1.323,2.43,-0.853,15.012,341.55,78.241,11.257,977.251,1.17280221,-3.878,-7.054,301.612,301.612
158.309,4.29,4.128,234.515,-15.808,3.361,2.396,-1.169,15.008,341.547,78.22,11.249,977.231,1.17279971,-3.626,-7.584,302.103,302.103
158.409,4.514,4.514,248.837,0.0,4.209,1.63,0.0,14.273,341.112,82.064,11.257,977.26,1.17582858,-3.992,-7.406,302.216,302.216
158.51,3.669,3.668,246.377,1.634,3.36,1.47,0.105,13.657,340.746,85.342,11.244,977.232,1.17832613,-3.692,-7.649,301.66,301.66
158.61,1.9,1.885,237.927,7.085,1.598,1.001,0.234,13.856,340.865,84.355,11.264,977.234,1.17750251,-3.867,-8.046,301.643,301.643
158.71,0.981,0.923,194.192,-19.713,0.226,0.895,-0.331,14.835,341.446,79.176,11.264,977.236,1.17350101,-4.135,-8.395,300.902,300.902
158.81,2.507,1.618,200.845,-49.795,0.576,1.512,-1.915,15.113,341.609,77.694,11.249,977.239,1.17238224,-3.82,-7.99,301.944,301.944
158.91,4.103,4.039,216.754,-10.166,2.417,3.236,-0.724,15.037,341.564,77.993,11.233,977.228,1.17268324,-3.742,-8.622,302.153,302.153
159.01,4.649,4.649,243.866,0.629,4.174,2.048,0.051,14.792,341.421,79.44,11.273,977.243,1.17368305,-3.856,-9.089,302.529,302.529
159.11,4.496,4.496,250.976,0.0,4.251,1.466,0.0,14.056,340.983,83.228,11.257,977.25,1.17670548,-3.866,-8.395,301.89,301.89
159.21,3.094,3.094,251.433,0.0,2.933,0.985,0.0,13.905,340.895,84.163,11.278,977.246,1.17731214,-3.712,-8.103,302.431,302.431
159.31,1.158,1.157,235.619,0.986,0.955,0.654,0.02,14.785,341.416,79.389,11.256,977.242,1.17371655,-3.761,-8.978,302.74,302.74
159.41,1.117,1.037,202.043,-21.919,0.389,0.961,-0.417,15.283,341.712,77.059,11.29,977.258,1.17169821,-4.053,-8.721,301.922,301.922
159.51,2.654,2.509,216.328,-18.994,1.486,2.021,-0.864,15.356,341.756,76.672,11.285,977.259,1.17140114,-3.621,-7.84,302.338,302.338
159.61,4.167,4.086,239.246,-11.362,3.511,2.089,-0.821,15.21,341.669,77.375,11.281,977.271,1.17201221,-3.692,-8.107,300.811,300.811
159.71,4.943,4.943,248.406,0.0,4.596,1.819,0.0,14.654,341.338,80.071,11.257,977.249,1.17426038,-3.967,-8.343,301.398,301.398
159.81,4.163,4.157,258.28,3.116,4.071,0.844,0.226,14.004,340.953,83.531,11.261,977.273,1.17694545,-23.747,-7.336,294.689,294.689
159.91,2.964,2.959,248.475,3.435,2.753,1.086,0.178,14.049,340.981,83.445,11.29,977.266,1.17673993,-47.369,-5.87,284.159,284.159
160.011,1.778,1.777,198.428,-2.389,0.562,1.685,-0.074,14.83,341.444,79.338,11.29,977.267,1.17355132,2.832,-7.531,303.281,303.281
160.111,3.081,2.894,204.651,-20.041,1.207,2.63,-1.056,15.014,341.552,78.225,11.256,977.24,1.17278135,47.386,-3.28,300.68,300.68
160.211,3.224,3.095,227.963,-16.281,2.298,2.072,-0.904,15.035,341.565,78.187,11.269,977.235,1.17268491,6.319,-12.163,304.902,304.902
160.311,4.568,4.568,244.736,0.56,4.131,1.95,0.045,14.737,341.388,79.701,11.269,977.236,1.17389894,-14.472,-7.205,297.115,297.115
160.411,4.342,4.342,261.505,0.501,4.294,0.641,0.038,13.991,340.946,83.664,11.273,977.241,1.17695332,-4.995,-1.405,300.398,300.398
160.511,3.509,3.509,280.462,0.0,3.451,-0.637,0.0,13.647,340.742,85.581,11.277,977.244,1.17836714,-3.317,-8.67,301.14,301.14
160.611,1.482,1.475,300.774,5.571,1.267,-0.755,0.144,14.567,341.287,80.576,11.268,977.243,1.17460275,-4.435,-10.625,301.297,301.297
160.711,0.852,0.851,178.303,-1.646,-0.025,0.851,-0.024,14.942,341.509,78.589,11.256,977.262,1.17310035,-21.295,-4.268,294.572,294.572
160.811,3.021,2.955,203.427,-12.053,1.175,2.711,-0.631,15.002,341.543,78.206,11.24,977.252,1.17285097,-48.517,-2.618,282.303,282.303
160.911,4.824,4.82,218.781,-2.522,3.019,3.757,-0.212,14.925,341.499,78.692,11.259,977.268,1.17317486,-42.975,-6.699,285.209,285.209
161.011,5.24,5.215,235.499,5.581,4.298,2.954,0.51,14.548,341.276,80.653,11.264,977.219,1.17465222,5.935,-7.247,304.294,304.294
161.111,3.645,3.634,262.397,4.504,3.602,0.481,0.286,13.859,340.867,84.387,11.273,977.214,1.17746425,44.258,-0.929,300.892,300.892
161.211,2.285,2.283,283.492,2.357,2.22,-0.533,0.094,14.164,341.048,82.657,11.259,977.255,1.17626584,37.56,-7.921,305.222,305.222
161.311,-99.53,-99.51,0.0,0.0,-99.4,-99.41,-99.42,-99.44,-99.43,47.705,-99.44,977.259,13.83893394,-5.937,-12.707,301.339,301.339
161.411,0.597,0.597,143.178,0.349,-0.358,0.478,0.004,15.271,341.704,77.004,11.268,977.253,1.1717478,-26.956,1.489,294.512,294.512
161.512,3.316,3.31,212.888,-3.461,1.798,2.78,-0.2,15.25,341.691,76.99,11.245,977.246,1.17183304,-51.196,-1.816,283.898,283.898
161.612,4.418,4.386,229.518,6.909,3.336,2.847,0.531,14.954,341.516,78.507,11.252,977.25,1.17303848,-44.826,-9.574,281.339,281.339
161.712,4.606,4.513,237.458,11.521,3.804,2.428,0.92,14.362,341.167,81.772,11.29,977.229,1.17541587,-39.664,-7.271,285.32,285.32
161.812,2.978,2.962,212.193,5.915,1.578,2.507,0.307,13.93,340.908,83.865,11.249,977.206,1.17717302,6.013,-1.36,303.182,303.182
161.912,2.526,2.523,166.602,-2.863,-0.585,2.455,-0.126,14.371,341.172,81.652,11.277,977.196,1.17534089,42.282,-2.927,302.342,302.342
162.012,2.354,2.354,151.095,0.896,-1.138,2.061,0.037,14.801,341.426,79.366,11.268,977.198,1.17359149,35.302,-13.596,308.075,308.075
162.112,0.946,0.939,136.065,6.809,-0.652,0.676,0.112,14.721,341.379,79.846,11.28,977.202,1.1739192,29.977,-8.77,307.361,307.361
162.212,2.373,2.353,220.814,-7.356,1.538,1.781,-0.304,14.677,341.35,79.817,11.232,977.213,1.17413199,-6.59,3.317,302.062,302.062
162.312,3.24,3.239,247.033,1.479,2.982,1.264,0.084,14.272,341.112,82.129,11.268,977.202,1.17575955,-8.162,-4.136,301.615,301.615
162.412,2.663,2.646,254.453,6.446,2.55,0.709,0.299,13.64,340.738,85.64,11.28,977.218,1.17836404,-22.16,-14.386,295.094,295.094
162.512,1.097,1.063,230.367,14.154,0.819,0.678,0.268,13.73,340.791,85.15,11.283,977.221,1.1779958,-47.308,-7.212,282.303,282.303
162.612,2.936,2.923,159.446,-5.326,-1.026,2.737,-0.273,14.459,341.223,81.16,11.271,977.221,1.17501736,-37.604,-0.003,289.709,289.709
162.712,2.274,2.274,149.443,-0.583,-1.156,1.958,-0.023,14.951,341.515,78.644,11.275,977.191,1.17297077,33.862,-7.802,305.638,305.638
162.813,1.217,1.204,186.775,-8.258,0.142,1.196,-0.175,14.902,341.484,78.736,11.245,977.221,1.17322123,44.367,-12.363,307.457,307.457
162.913,2.283,2.282,247.482,1.242,2.108,0.874,0.049,14.921,341.495,78.608,11.239,977.23,1.17315447,9.51,-7.321,305.012,305.012
163.013,2.825,2.82,262.418,3.231,2.795,0.372,0.159,14.381,341.177,81.6,11.277,977.226,1.17533731,-14.931,1.542,299.436,299.436
163.113,1.99,1.985,266.36,3.983,1.981,0.126,0.138,13.781,340.823,84.942,11.296,977.232,1.17779398,-19.033,-10.354,296.51,296.51
163.213,1.075,1.068,163.869,-6.612,-0.297,1.026,-0.124,14.41,341.195,81.503,11.287,977.21,1.17519701,-36.753,-13.215,284.251,284.251
163.313,2.06,2.06,126.667,-0.991,-1.652,1.23,-0.036,15.117,341.614,77.809,11.275,977.213,1.1723218,29.253,-9.317,306.919,306.919
163.413,0.687,0.687,113.087,0.0,-0.632,0.269,0.0,15.101,341.605,77.957,11.288,977.223,1.1723938,28.703,1.087,300.849,300.849
163.513,2.069,2.054,235.04,-7.025,1.683,1.177,-0.253,15.192,341.657,77.333,11.256,977.226,1.17203891,-11.507,-6.966,298.651,298.651
163.613,3.308,3.299,253.525,4.369,3.163,0.936,0.252,14.864,341.462,78.961,11.251,977.253,1.17340946,-3.936,-19.565,302.545,302.545
163.713,2.949,2.949,273.681,0.0,2.943,-0.189,0.0,14.062,340.988,83.335,11.283,977.236,1.17665231,-4.046,-10.544,301.479,301.479
163.813,1.727,1.683,291.453,12.891,1.566,-0.616,0.385,13.958,340.925,83.701,11.247,977.24,1.1770978,-4.581,2.303,301.306,301.306
163.913,1.278,1.244,60.289,13.237,-1.08,-0.617,0.293,14.964,341.524,78.647,11.288,977.235,1.17296505,-4.276,-9.383,301.141,301.141
164.013,1.803,1.803,69.805,1.123,-1.692,-0.622,0.035,15.059,341.578,77.975,11.251,977.236,1.17259431,-4.04,-18.188,302.307,302.307
164.114,0.359,0.229,274.846,-50.361,0.228,-0.019,-0.277,14.974,341.528,78.489,11.267,977.234,1.17293322,-4.43,-5.365,302.058,302.058
164.214,2.761,2.76,241.782,-1.338,2.432,1.305,-0.064,14.872,341.467,78.992,11.265,977.234,1.17335093,-3.951,1.864,300.896,300.896
164.314,3.12,3.117,266.325,2.435,3.111,0.2,0.133,14.103,341.013,83.098,11.28,977.234,1.17648351,-5.522,-12.614,301.469,301.469
164.414,2.449,2.448,281.218,2.033,2.401,-0.476,0.087,13.678,340.759,85.355,11.267,977.235,1.17823303,-4.44,-13.697,302.689,302.689
164.514,1.299,1.263,292.224,13.528,1.169,-0.478,0.304,13.82,340.846,84.728,11.296,977.242,1.1776458,-3.54,1.378,301.676,301.676
164.614,0.546,0.529,94.553,-14.397,-0.527,0.042,-0.136,14.77,341.408,79.585,11.279,977.236,1.17375934,-4.009,-2.87,301.783,301.783
164.714,1.054,1.023,89.972,-13.873,-1.023,-0.001,-0.253,14.936,341.506,78.727,11.276,977.24,1.17309201,-4.229,-12.468,302.585,302.585
164.814,1.837,1.664,220.053,-25.115,1.071,1.273,-0.78,14.944,341.51,78.633,11.266,977.217,1.17303681,-1.733,-5.898,301.749,301.749
164.914,3.084,3.084,246.632,-0.087,2.831,1.223,-0.005,14.654,341.337,80.04,11.251,977.229,1.1742394,-5.363,0.212,301.595,301.595
165.014,2.875,2.875,270.436,0.0,2.875,-0.022,0.0,14.013,340.96,83.624,11.287,977.215,1.1768254,-4.086,-6.406,301.251,301.251
165.114,2.065,2.038,287.847,9.23,1.94,-0.625,0.331,13.8,340.832,84.747,11.279,977.22,1.17771053,-3.986,-9.37,301.955,301.955
165.214,1.879,1.807,119.012,-15.889,-1.581,0.877,-0.514,14.725,341.383,79.93,11.3,977.231,1.17393029,-3.755,-2.802,301.446,301.446
165.315,1.787,1.779,98.206,-5.4,-1.761,0.254,-0.168,15.154,341.634,77.548,11.26,977.235,1.17220473,-4.218,-2.627,301.663,301.663
165.415,0.615,0.471,126.974,-40.103,-0.376,0.283,-0.396,14.945,341.512,78.681,11.276,977.215,1.17302549,-4.261,-8.052,301.665,301.665
165.515,2.615,2.613,222.457,-2.293,1.764,1.928,-0.105,14.932,341.503,78.679,11.263,977.231,1.17310393,-3.559,-6.122,301.871,301.871
165.615,2.976,2.968,250.789,4.328,2.802,0.976,0.225,14.472,341.23,80.986,11.251,977.223,1.17497456,-3.703,-2.617,301.609,301.609
165.715,2.058,2.052,264.224,4.2,2.042,0.207,0.151,13.834,340.852,84.445,11.259,977.21,1.17756641,-3.918,-5.036,301.428,301.428
165.815,0.619,0.555,286.542,26.254,0.532,-0.158,0.274,13.983,340.942,83.762,11.283,977.212,1.17694688,-4.001,-6.282,300.55,300.55
165.915,1.807,1.79,107.439,-8.003,-1.707,0.536,-0.252,14.949,341.512,78.526,11.25,977.227,1.17303407,-4.197,-5.374,301.348,301.348
166.015,1.466,1.458,97.677,-5.923,-1.445,0.195,-0.151,14.928,341.501,78.674,11.259,977.243,1.17313445,-4.341,-6.612,300.521,300.521
166.115,1.158,1.117,210.496,-15.352,0.567,0.962,-0.307,14.869,341.466,79.019,11.267,977.24,1.17336607,-4.344,-5.252,301.254,301.254
166.215,2.658,2.654,246.092,2.955,2.427,1.076,0.137,14.651,341.339,80.328,11.303,977.225,1.1742214,-4.249,-6.245,301.243,301.243
166.315,2.667,2.667,270.694,0.0,2.667,-0.032,0.0,13.999,340.95,83.542,11.259,977.232,1.17691481,-4.337,-9.183,301.373,301.373
166.415,1.346,1.327,285.365,9.858,1.279,-0.351,0.231,13.773,340.817,84.92,11.283,977.219,1.17781878,-4.123,-6.874,299.953,299.953
166.515,1.336,1.25,116.89,-20.614,-1.115,0.566,-0.47,14.727,341.382,79.769,11.272,977.235,1.17393708,-4.108,-4.64,301.225,301.225
166.615,1.769,1.764,94.69,-4.481,-1.758,0.144,-0.138,14.876,341.47,78.94,11.259,977.232,1.17333436,-4.124,-8.495,301.22,301.22
166.715,1.041,0.845,96.868,-35.766,-0.839,0.101,-0.609,14.801,341.427,79.447,11.283,977.234,1.17363095,-3.897,-10.49,301.17,301.17
166.816,2.116,2.053,228.536,-14.046,1.538,1.359,-0.514,14.797,341.424,79.387,11.267,977.239,1.17365837,-4.088,-6.928,300.776,300.776
166.916,2.824,2.823,251.972,0.92,2.685,0.874,0.045,14.419,341.2,81.398,11.276,977.232,1.17519164,-4.682,-5.389,300.524,300.524
167.016,2.032,2.032,275.057,0.0,2.024,-0.179,0.0,13.827,340.848,84.525,11.266,977.212,1.17759633,-4.63,-11.331,301.175,301.175
167.116,0.081,0.073,110.539,26.452,-0.068,0.026,0.036,14.248,341.097,82.209,11.259,977.218,1.17588103,-4.348,-12.097,301.121,301.121
167.216,2.12,2.118,98.515,-2.753,-2.094,0.314,-0.102,15.134,341.623,77.636,11.259,977.231,1.1722796,-4.275,-5.374,301.211,301.211
167.316,1.548,1.548,89.435,0.0,-1.548,-0.015,0.0,15.138,341.626,77.724,11.279,977.216,1.1722393,-3.957,-7.326,300.376,300.376
167.416,0.579,0.535,192.861,-22.364,0.119,0.522,-0.22,15.087,341.595,77.896,11.263,977.225,1.17246485,-4.605,-13.101,301.242,301.242
167.516,2.422,2.421,242.082,1.538,2.139,1.134,0.065,14.951,341.514,78.58,11.263,977.241,1.17303634,-4.332,-10.184,301.099,301.099
167.616,2.534,2.531,271.23,2.735,2.53,-0.054,0.121,14.231,341.087,82.299,11.259,977.223,1.17595744,-4.21,-4.592,301.6,301.6
167.716,1.724,1.72,293.171,3.848,1.581,-0.677,0.116,14.037,340.973,83.436,11.276,977.23,1.17675126,-3.966,-8.824,301.357,301.357
167.816,0.657,0.644,66.445,-11.493,-0.59,-0.257,-0.131,14.707,341.372,79.974,11.291,977.23,1.1740042,-4.05,-12.357,301.829,301.829
167.916,1.828,1.826,91.192,-2.351,-1.826,0.038,-0.075,15.223,341.677,77.344,11.288,977.225,1.17190135,-4.609,-6.028,301.058,301.058
168.016,0.983,0.98,90.676,-4.362,-0.98,0.012,-0.075,14.918,341.495,78.747,11.263,977.239,1.17316747,-4.395,-4.835,302.072,302.072
168.116,1.699,1.602,231.592,-19.485,1.255,0.995,-0.567,15.007,341.548,78.335,11.27,977.238,1.17280221,-4.193,-10.924,302.346,302.346
168.216,2.526,2.524,257.0,2.728,2.459,0.568,0.12,14.615,341.315,80.301,11.263,977.224,1.17438459,-4.112,-8.742,300.9,300.9
168.317,2.142,2.14,282.333,2.458,2.09,-0.457,0.092,13.896,340.89,84.218,11.279,977.242,1.1773417,-4.105,-3.331,300.821,300.821
168.417,1.104,1.095,309.366,-7.632,0.846,-0.694,-0.147,13.866,340.87,84.196,11.246,977.23,1.17746329,-4.197,-7.482,301.368,301.368
168.517,1.791,1.768,98.18,-9.201,-1.75,0.252,-0.286,14.712,341.373,79.871,11.276,977.243,1.17400849,-4.03,-9.517,301.778,301.778
168.617,1.819,1.806,87.463,-6.912,-1.804,-0.08,-0.219,14.926,341.5,78.746,11.27,977.227,1.17311895,-4.192,-4.345,300.942,300.942
168.717,0.567,0.249,99.7,-63.895,-0.246,0.042,-0.509,14.81,341.432,79.358,11.274,977.234,1.17359805,-4.079,-4.469,300.246,300.246
168.817,2.103,2.095,235.288,-5.004,1.723,1.193,-0.183,14.765,341.404,79.528,11.263,977.226,1.17377663,-4.019,-8.288,301.106,301.106
168.917,2.211,2.211,265.075,0.0,2.203,0.19,0.0,14.169,341.05,82.628,11.259,977.24,1.17623019,-4.226,-5.822,300.819,300.819
169.017,1.562,1.516,286.789,13.935,1.452,-0.438,0.376,13.763,340.811,85.036,11.294,977.243,1.17788374,-4.369,-3.05,300.92,300.92
169.117,1.715,1.701,119.48,-7.133,-1.481,0.837,-0.213,14.626,341.324,80.411,11.294,977.244,1.17435312,-4.387,-6.032,300.651,300.651
169.217,2.277,2.277,99.199,-0.338,-2.248,0.364,-0.013,15.119,341.615,77.805,11.276,977.227,1.17233157,-4.21,-6.511,300.928,300.928
169.317,1.226,1.225,94.562,2.266,-1.221,0.097,0.048,14.957,341.519,78.609,11.274,977.227,1.17298973,-3.997,-3.106,300.109,300.109
