Timestamp [s],Angular position [turns],Angular velocity [turns/s],Torque [Nm],Linear position [m],Linear speed [m/s],Voltage [V],Current [A],Reference x_ref [m],Estimated plane position [m],Estimated plane velocity [m/s],Reference velocity [m/s],tvec_x [m],tvec_y [m],tvec_z [m],rvec_x [rad],rvec_y [rad],rvec_z [rad],qx,qy,qz,qw
17.09,0,-0.012,-0.008,0,-0.002,30.238,-0.616,0,0,0,0,,,,,,,,,,
17.19,0,0.041,-0.017,0,0.005,30.254,-1.045,0,0,0,0,,,,,,,,,,
17.29,0,0.039,-0.01,0,0.005,30.229,-0.247,0,0,0,0,,,,,,,,,,
17.39,0,0.026,-0.02,0,0.003,30.254,-0.817,0,0,0,0,,,,,,,,,,
17.49,0,-0.006,-0.016,0,-0.001,30.241,-0.931,0,0,0,0,,,,,,,,,,
17.59,0,-0.001,-0.015,0,0,30.238,-0.66,0,0,0,0,,,,,,,,,,
17.69,0,-0.01,-0.018,0,-0.001,30.236,-0.089,0,0,0,0,,,,,,,,,,
17.791,0,-0.016,-0.008,0,-0.002,30.229,-0.547,0,0,0,0,,,,,,,,,,
17.891,0,-0.023,-0.016,0,-0.003,30.243,-0.463,0,0,0,0,,,,,,,,,,
17.991,0,0.01,-0.012,0,0.001,30.225,-0.495,0,0,0,0,,,,,,,,,,
18.091,0,0.001,-0.012,0,0,30.22,-0.658,0,0,0,0,,,,,,,,,,
18.191,0,0.028,-0.015,0,0.004,30.243,-0.565,0,0,0,0,,,,,,,,,,
18.291,0,0.017,-0.01,0,0.002,30.25,-0.586,0,0,0,0,,,,,,,,,,
18.391,0,0.006,-0.015,0,0.001,30.241,-0.481,0,0,0,0,,,,,,,,,,
18.491,0,-0.002,-0.015,0,0,30.227,-0.397,0,0,0,0,,,,,,,,,,
18.591,0,0.005,-0.014,0,0.001,30.238,-0.692,0,0,0,0,,,,,,,,,,
18.691,0,-0.037,-0.004,0,-0.005,30.241,-0.453,0,0,0,0,,,,,,,,,,
18.791,0,0.031,-0.014,0,0.004,30.266,-0.613,0,0,0,0,,,,,,,,,,
18.891,0,-0.013,-0.013,0,-0.002,30.236,-0.625,0,0,0,0,,,,,,,,,,
18.992,0,-0.023,-0.011,0,-0.003,30.22,-0.413,0,0,0,0,,,,,,,,,,
19.092,0,-0.029,-0.01,0,-0.004,30.238,0.027,0,0,0,0,,,,,,,,,,
19.192,0,0.01,-0.004,0,0.001,30.25,-0.442,0,0,0,0,,,,,,,,,,
19.292,0,-0.02,-0.009,0,-0.003,30.215,-0.057,0,0,0,0,,,,,,,,,,
19.392,0,0.003,-0.011,0,0,30.215,-0.347,0,0,0,0,,,,,,,,,,
19.492,0,0.025,-0.016,0,0.003,30.234,-0.431,0,0,0,0,,,,,,,,,,
19.592,0,0.022,-0.009,0,0.003,30.234,-0.354,0,0,0,0,,,,,,,,,,
19.692,0,-0.036,-0.012,0,-0.005,30.236,-0.343,0,0,0,0,,,,,,,,,,
19.792,0,-0.01,-0.009,0,-0.001,30.236,-0.817,67.761,0,0,1.235,,,,,,,,,,
19.892,0.113,3.619,-0.52,0.014,0.461,30.11,-21.426,67.761,0,0,0.047,,,,,,,,,,
19.992,0.609,3.623,0.292,0.077,0.461,30.231,10.118,67.761,0,0,0.045,,,,,,,,,,
20.092,0.699,-0.324,0.023,0.089,-0.041,30.234,0.644,67.761,0,0,0.079,,,,,,,,,,
20.192,0.706,0.233,-0.042,0.09,0.03,30.22,-2.082,0.09,0,0,0,,,,,,,,,,
20.292,0.706,0.01,-0.025,0.09,0.001,30.225,-0.492,0.09,0,0,0,,,,,,,,,,
20.392,0.706,-0.022,-0.026,0.09,-0.003,30.231,-0.711,0.09,0,0,0,,,,,,,,,,
20.493,0.707,-0.007,-0.012,0.09,-0.001,30.213,-0.603,0.09,0,0,0,,,,,,,,,,
20.593,0.707,0.047,-0.019,0.09,0.006,30.227,-0.532,0.09,0,0,0,,,,,,,,,,
20.693,0.707,-0.013,-0.012,0.09,-0.002,30.222,-0.547,0.09,0,0,0,,,,,,,,,,
20.793,0.707,-0.006,-0.022,0.09,-0.001,30.231,-0.828,67.761,0,0,2.215,,,,,,,,,,
20.893,0.823,3.514,-0.578,0.105,0.447,30.138,-21.303,67.761,0,0,1.753,,,,,,,,,,
20.993,1.606,11.775,-0.558,0.204,1.498,29.966,-23.311,67.761,0,0,1.759,,,,,,,,,,
21.093,3.044,15.899,-0.099,0.387,2.023,30.12,-4.653,67.761,0,0,1.761,,,,,,,,,,
21.193,4.557,14.403,-0.037,0.58,1.832,30.193,-3.028,67.761,0,0,1.775,,,,,,,,,,
21.293,5.923,14.182,-0.13,0.754,1.804,30.156,-6.223,67.761,0,0,1.277,,,,,,,,,,
21.393,7.153,10.204,0.051,0.91,1.298,30.236,1.545,67.761,0,0,0.828,,,,,,,,,,
21.493,7.939,6.017,0.023,1.01,0.766,30.236,0.307,67.761,0,0,0.868,,,,,,,,,,
21.593,8.483,6.169,-0.283,1.079,0.785,30.147,-10.686,67.761,0,0,1.091,,,,,,,,,,
21.693,9.244,8.904,-0.289,1.176,1.133,30.122,-11.454,67.761,0,0,1.002,,,,,,,,,,
21.793,10.134,8.27,-0.068,1.289,1.052,30.19,-3.622,67.761,0,0,1.042,,,,,,,,,,
21.893,10.936,8.311,-0.159,1.391,1.058,30.183,-6.686,67.761,0,0,1.077,,,,,,,,,,
21.993,11.762,8.537,-0.199,1.497,1.086,30.165,-8.029,67.761,0,0,1.016,,,,,,,,,,
22.093,12.594,7.854,-0.156,1.602,0.999,30.179,-6.04,67.761,0,0,1.067,,,,,,,,,,
22.194,13.415,8.36,-0.174,1.707,1.064,30.177,-7.644,67.761,0,0,1.094,,,,,,,,,,
22.294,14.274,8.688,-0.137,1.816,1.105,30.167,-7.193,67.761,0,0,1.055,,,,,,,,,,
22.394,15.127,8.346,-0.127,1.925,1.062,30.186,-5.874,67.761,0,0,1.02,,,,,,,,,,
22.494,15.929,8.274,-0.113,2.027,1.053,30.202,-3.962,67.761,0,0,1.076,,,,,,,,,,
22.594,16.748,8.409,-0.163,2.131,1.07,30.172,-7.456,67.761,0,0,1.06,,,,,,,,,,
22.694,17.603,8.331,-0.127,2.24,1.06,30.188,-5.467,67.761,0,0,1.146,,,,,,,,,,
22.795,18.476,8.951,-0.149,2.351,1.139,30.197,-5.796,67.761,0,0,1.135,,,,,,,,,,
22.895,19.385,9.132,-0.091,2.466,1.162,30.211,-3.527,67.761,0,0,1.151,,,,,,,,,,
22.994,20.285,8.974,-0.128,2.581,1.142,30.197,-4.476,67.761,0,0,1.018,,,,,,,,,,
23.095,21.13,7.787,-0.049,2.688,0.991,30.211,-3.6,67.761,0,0,1.084,,,,,,,,,,
23.195,21.929,8.715,-0.121,2.79,1.109,30.179,-5.138,67.761,0,0,1.16,,,,,,,,,,
23.295,22.82,9.363,-0.103,2.904,1.191,30.186,-4.77,67.761,0,0,1.144,,,,,,,,,,
23.395,23.745,8.949,-0.105,3.021,1.139,30.195,-4.208,67.761,0,0,1.183,,,,,,,,,,
23.495,24.658,9.028,-0.117,3.137,1.149,30.19,-5.101,67.761,0,0,1.488,,,,,,,,,,
23.595,25.69,11.374,-0.265,3.269,1.447,30.145,-9.663,67.761,0,0,1.464,,,,,,,,,,
23.696,26.914,12.676,-0.001,3.424,1.613,30.204,-0.433,67.761,0,0,1.438,,,,,,,,,,
23.796,28.066,11.457,-0.07,3.571,1.458,30.183,-4.538,67.761,0,0,1.472,,,,,,,,,,
23.896,29.185,11.23,-0.17,3.713,1.429,30.172,-5.53,67.761,0,0,1.434,,,,,,,,,,
23.996,30.319,11.136,-0.117,3.858,1.417,30.177,-3.632,67.761,0,0,1.413,,,,,,,,,,
24.096,31.427,11.045,-0.185,3.999,1.405,30.167,-7.455,67.761,0,0,1.776,,,,,,,,,,
24.196,32.639,13.413,-0.382,4.153,1.707,30.021,-15.619,67.761,0,0,2.028,,,,,,,,,,
24.296,34.185,16.066,-0.29,4.35,2.044,30.058,-10.209,67.761,0,0,1.86,,,,,,,,,,
24.396,35.775,14.958,-0.075,4.552,1.903,30.17,-3.899,67.761,0,0,1.811,,,,,,,,,,
24.496,37.177,13.335,-0.209,4.73,1.697,30.156,-8.64,67.761,0,0,1.716,,,,,,,,,,
24.596,38.517,13.264,-0.198,4.901,1.688,30.138,-7.652,67.761,0,0,1.644,,,,,,,,,,
24.696,39.808,12.93,-0.184,5.065,1.645,30.142,-8.421,67.761,0,0,1.748,,,,,,,,,,
24.796,41.131,13.486,-0.269,5.233,1.716,30.094,-12.392,67.761,0,0,1.657,,,,,,,,,,
24.896,42.478,13.145,-0.126,5.405,1.673,30.142,-5.445,67.761,0,0,1.667,,,,,,,,,,
24.996,43.767,13.115,-0.177,5.569,1.669,30.115,-7.214,67.761,0,0,1.662,,,,,,,,,,
25.096,45.07,13.227,-0.174,5.735,1.683,30.133,-7.158,67.761,0,0,1.653,,,,,,,,,,
25.196,46.37,13.225,-0.18,5.9,1.683,30.142,-6.546,67.761,0,0,2.083,,,,,,,,,,
25.297,47.806,15.923,-0.433,6.083,2.026,29.953,-18.183,67.761,0,0,2.158,,,,,,,,,,
25.397,49.547,17.854,-0.174,6.304,2.272,30.081,-8.082,67.761,0,0,2.315,,,,,,,,,,
25.497,51.362,18.352,-0.225,6.535,2.335,30.078,-7.026,67.761,0,0,2.376,,,,,,,,,,
25.597,53.227,18.662,-0.205,6.772,2.375,30.065,-9.651,67.761,0,0,2.327,,,,,,,,,,
25.697,55.078,18.452,-0.167,7.008,2.348,30.106,-7.14,67.761,0,0,2.256,,,,,,,,,,
25.797,56.854,17.343,-0.196,7.234,2.207,30.106,-5.673,67.761,0,0,2.049,,,,,,,,,,
25.897,58.525,15.687,-0.12,7.446,1.996,30.138,-5.414,67.761,0,0,2.139,,,,,,,,,,
25.997,60.134,16.535,-0.255,7.651,2.104,30.056,-11.76,67.761,0,0,2.023,,,,,,,,,,
26.097,61.765,16.018,-0.129,7.859,2.038,30.117,-6.533,67.761,0,0,2.119,,,,,,,,,,
26.197,63.388,16.59,-0.196,8.065,2.111,30.094,-5.23,67.761,0,0,2.202,,,,,,,,,,
26.297,65.105,17.56,-0.188,8.284,2.234,30.09,-7.476,67.761,0,0,2.131,,,,,,,,,,
26.397,66.82,16.584,-0.152,8.502,2.11,30.136,-3.868,67.761,0,0,2.347,,,,,,,,,,
26.497,68.567,18.423,-0.226,8.724,2.344,30.056,-10.158,67.761,0,0,2.572,,,,,,,,,,
26.597,70.53,20.344,-0.234,8.974,2.588,30.056,-8.357,67.761,0,0,2.407,,,,,,,,,,
26.697,72.532,18.959,-0.045,9.229,2.412,30.174,-1.321,67.761,0,0,2.447,,,,,,,,,,
26.797,74.412,19.123,-0.161,9.468,2.433,30.11,-5.336,67.761,0,0,2.528,,,,,,,,,,
26.897,76.355,19.766,-0.181,9.715,2.515,30.088,-5.364,67.761,0,0,2.533,,,,,,,,,,
26.997,78.363,20.003,-0.128,9.971,2.545,30.12,-4.11,67.761,0,0,2.451,,,,,,,,,,
27.098,80.333,18.981,-0.121,10.221,2.415,30.165,-2.957,67.761,0,0,2.448,,,,,,,,,,
27.198,82.23,18.834,-0.171,10.462,2.396,30.101,-7.145,67.761,0,0,2.425,,,,,,,,,,
27.298,84.133,18.688,-0.166,10.705,2.378,30.124,-6.863,67.761,0,0,2.409,,,,,,,,,,
27.398,86.022,18.997,-0.097,10.945,2.417,30.136,-3.931,67.761,0,0,2.421,,,,,,,,,,
27.498,87.907,19.402,-0.115,11.185,2.469,30.117,-4.028,67.761,0,0,2.443,,,,,,,,,,
27.598,89.816,19.165,-0.19,11.428,2.438,30.088,-6.382,67.761,0,0,2.432,,,,,,,,,,
27.698,91.729,18.833,-0.16,11.671,2.396,30.117,-6.413,67.761,0,0,2.542,,,,,,,,,,
27.798,93.679,19.484,-0.251,11.919,2.479,30.049,-9.25,67.761,0,0,2.443,,,,,,,,,,
27.898,95.641,18.803,-0.148,12.169,2.392,30.094,-7.04,67.761,0,0,2.435,,,,,,,,,,
27.998,97.536,18.965,-0.147,12.41,2.413,30.106,-7.22,67.761,0,0,2.395,,,,,,,,,,
28.098,99.412,19.068,-0.165,12.649,2.426,30.094,-5.806,67.761,0,0,2.489,,,,,,,,,,
28.198,101.325,19.505,-0.213,12.892,2.482,30.044,-8.895,67.761,0,0,2.491,,,,,,,,,,
28.298,103.293,19.807,-0.184,13.142,2.52,30.099,-7.668,67.761,0,0,2.474,,,,,,,,,,
28.398,105.241,19.333,-0.211,13.39,2.46,30.078,-6.651,67.761,0,0,2.663,,,,,,,,,,
28.498,107.247,21.007,-0.267,13.646,2.673,30.021,-10.694,67.761,0,0,2.632,,,,,,,,,,
28.598,109.353,20.877,-0.175,13.913,2.656,30.104,-4.682,67.761,0,0,2.45,,,,,,,,,,
28.699,111.362,18.917,-0.14,14.169,2.407,30.122,-4.537,67.761,0,0,2.634,,,,,,,,,,
28.799,113.314,20.374,-0.341,14.418,2.592,29.992,-12.567,67.761,0,0,2.502,,,,,,,,,,
28.899,115.342,19.823,-0.154,14.676,2.522,30.081,-6.055,67.761,0,0,2.296,,,,,,,,,,
28.999,117.21,17.416,-0.137,14.913,2.216,30.11,-6.823,67.761,0,0,2.319,,,,,,,,,,
29.099,118.972,18.062,-0.194,15.137,2.298,30.044,-9.683,67.761,0,0,2.326,,,,,,,,,,
29.199,120.787,18.485,-0.237,15.368,2.352,30.062,-9.863,67.761,0,0,2.288,,,,,,,,,,
29.299,122.611,17.951,-0.192,15.6,2.284,30.085,-9.375,67.761,0,0,2.412,,,,,,,,,,
29.399,124.452,19.622,-0.2,15.835,2.497,30.058,-9.111,67.761,0,0,2.204,,,,,,,,,,
29.499,126.275,17.333,-0.136,16.067,2.205,30.138,-5.139,67.761,0,0,2.271,,,,,,,,,,
29.599,128.005,17.604,-0.227,16.287,2.24,30.085,-6.842,67.761,0,0,2.517,,,,,,,,,,
29.699,129.874,19.772,-0.283,16.525,2.516,30.003,-7.377,67.761,0,0,2.467,,,,,,,,,,
29.799,131.883,19.95,-0.11,16.78,2.538,30.129,-3.055,67.761,0,0,2.425,,,,,,,,,,
29.899,133.804,18.787,-0.166,17.025,2.39,30.108,-8.589,67.761,0,0,2.462,,,,,,,,,,
29.999,135.702,18.585,-0.273,17.266,2.365,30.033,-8.9,67.761,0,0,2.265,,,,,,,,,,
30.099,137.557,18.022,-0.066,17.502,2.293,30.145,-3.23,67.761,0,0,2.317,,,,,,,,,,
30.2,139.339,17.621,-0.241,17.729,2.242,30.083,-5.73,67.761,0,0,2.26,,,,,,,,,,
30.3,141.131,17.288,-0.25,17.957,2.2,30.074,-9.011,67.761,0,0,2.183,,,,,,,,,,
30.4,142.86,17.267,-0.092,18.177,2.197,30.124,-2.037,67.761,0,0,2.212,,,,,,,,,,
30.5,144.572,17.484,-0.168,18.395,2.225,30.115,-8.579,67.761,0,0,2.171,,,,,,,,,,
30.6,146.285,16.963,-0.144,18.613,2.158,30.117,-6.428,67.761,0,0,1.958,,,,,,,,,,
30.7,147.895,15.679,-0.006,18.817,1.995,30.188,-1.137,67.761,0,0,1.847,,,,,,,,,,
30.8,149.33,14.023,-0.134,19,1.784,30.122,-3.886,67.761,0,0,1.663,,,,,,,,,,
30.9,150.663,12.39,-0.17,19.17,1.576,30.136,-6.914,67.761,0,0,1.585,,,,,,,,,,
31,151.895,12.482,-0.094,19.326,1.588,30.158,-3.7,67.761,0,0,1.488,,,,,,,,,,
31.1,153.072,11.801,-0.102,19.476,1.502,30.156,-5.905,67.761,0,0,1.615,,,,,,,,,,
31.2,154.274,12.798,-0.199,19.629,1.628,30.129,-8.834,67.761,0,0,1.967,,,,,,,,,,
31.3,155.677,14.997,-0.362,19.807,1.908,30.001,-11.918,67.761,0,0,2.758,,,,,,,,,,
31.4,157.432,21.184,-0.412,20.031,2.695,29.877,-19.798,67.761,0,0,2.606,,,,,,,,,,
31.5,159.577,21.856,-0.101,20.304,2.781,30.074,-4.939,67.761,0,0,2.62,,,,,,,,,,
31.6,161.69,20.109,-0.178,20.573,2.559,30.092,-5.543,67.761,0,0,2.531,,,,,,,,,,
31.701,163.692,18.812,-0.253,20.827,2.394,30.078,-7.975,67.761,0,0,2.549,,,,,,,,,,
31.801,165.651,19.595,-0.296,21.076,2.493,30.012,-12.658,67.761,0,0,2.521,,,,,,,,,,
31.901,167.634,19.682,-0.202,21.329,2.504,30.033,-11.802,67.761,0,0,2.337,,,,,,,,,,
32.001,169.526,17.999,-0.147,21.57,2.29,30.108,-4.861,67.761,0,0,2.3,,,,,,,,,,
32.101,171.293,17.57,-0.277,21.794,2.235,30.037,-9.795,67.761,0,0,2.49,,,,,,,,,,
32.201,173.154,19.058,-0.437,22.031,2.425,29.905,-17.734,67.761,0,0,2.509,,,,,,,,,,
32.301,175.158,19.659,-0.283,22.286,2.501,29.989,-11.888,67.761,0,0,2.608,,,,,,,,,,
32.401,177.193,19.867,-0.343,22.545,2.528,29.976,-11.833,67.761,0,0,2.536,,,,,,,,,,
32.501,179.213,19.232,-0.275,22.802,2.447,30.014,-8.227,67.761,0,0,2.423,,,,,,,,,,
32.601,181.142,18.449,-0.261,23.047,2.347,30.012,-12.673,67.761,0,0,2.448,,,,,,,,,,
32.701,183.026,18.785,-0.277,23.287,2.39,30.001,-7.826,67.761,0,0,2.42,,,,,,,,,,
32.801,184.934,20.079,-0.136,23.53,2.555,30.058,-7.938,67.761,0,0,2.615,,,,,,,,,,
32.901,186.913,21.118,-0.218,23.782,2.687,29.994,-9.439,67.761,0,0,2.614,,,,,,,,,,
33.001,189.004,21.06,-0.2,24.048,2.68,30.026,-7.917,67.761,0,0,2.597,,,,,,,,,,
33.101,191.061,20.308,-0.163,24.31,2.584,30.069,-8.31,67.761,0,0,2.595,,,,,,,,,,
33.201,193.088,20.405,-0.191,24.567,2.596,30.024,-10.061,67.761,0,0,2.61,,,,,,,,,,
33.301,195.129,20.477,-0.224,24.827,2.605,30.005,-12.345,67.761,0,0,2.673,,,,,,,,,,
33.401,197.211,20.491,-0.278,25.092,2.607,30.008,-9.624,67.761,0,0,2.687,,,,,,,,,,
33.502,199.35,21.042,-0.208,25.364,2.677,30.03,-5.708,67.761,0,0,2.836,,,,,,,,,,
33.602,201.528,22.228,-0.252,25.641,2.828,29.985,-10.191,67.761,0,0,2.711,,,,,,,,,,
33.702,203.719,21.138,-0.178,25.92,2.689,30.072,-6.056,67.761,0,0,2.695,,,,,,,,,,
33.802,205.823,20.927,-0.182,26.188,2.663,30.056,-6.443,67.761,0,0,2.682,,,,,,,,,,
33.902,207.916,21.755,-0.088,26.454,2.768,30.094,-3.956,67.761,0,0,2.586,,,,,,,,,,
34.002,209.978,20.71,-0.12,26.716,2.635,30.092,-4.557,67.761,0,0,2.667,,,,,,,,,,
34.102,212.027,20.84,-0.21,26.977,2.652,30.033,-7.217,67.761,0,0,3.048,,,,,,,,,,
34.202,214.246,23.633,-0.369,27.259,3.007,29.882,-12.625,67.761,0,0,3.176,,,,,,,,,,
34.302,216.759,25.928,-0.138,27.579,3.299,30.005,-4.649,67.761,0,0,3.206,,,,,,,,,,
34.402,219.327,25.75,-0.104,27.906,3.276,30.078,-1.915,67.761,0,0,3.349,,,,,,,,,,
34.502,221.9,27.042,-0.1,28.233,3.441,30.051,-4.945,67.761,0,0,3.445,,,,,,,,,,
34.602,224.586,26.973,-0.226,28.575,3.432,29.989,-10.155,67.761,0,0,3.394,,,,,,,,,,
34.702,227.284,26.696,-0.128,28.918,3.397,30.051,-4.619,67.761,0,0,3.408,,,,,,,,,,
34.802,229.943,27.751,-0.082,29.257,3.531,30.072,-4.443,67.761,0,0,3.647,,,,,,,,,,
34.902,232.693,27.691,-0.387,29.607,3.523,29.832,-13.696,67.761,0,0,3.692,,,,,,,,,,
35.002,235.614,29.066,-0.195,29.978,3.698,29.95,-11.697,67.761,0,0,3.679,,,,,,,,,,
35.103,238.555,28.754,-0.183,30.352,3.659,29.994,-8.527,67.761,0,0,3.747,,,,,,,,,,
35.203,241.455,29.895,-0.207,30.721,3.804,29.95,-9.005,67.761,0,0,3.929,,,,,,,,,,
35.303,244.465,31.453,-0.26,31.104,4.002,29.861,-11.735,67.761,0,0,3.912,,,,,,,,,,
35.403,247.567,30.566,-0.23,31.499,3.889,29.914,-11.313,67.761,0,0,3.636,,,,,,,,,,
35.503,250.531,28.257,-0.128,31.876,3.595,30.026,-6.996,67.761,0,0,3.284,,,,,,,,,,
35.603,253.194,24.501,-0.206,32.215,3.117,30.026,-8.784,67.761,0,0,3.255,,,,,,,,,,
35.703,255.67,24.286,-0.406,32.53,3.09,29.875,-15.651,67.761,0,0,3.293,,,,,,,,,,
35.803,258.218,25.277,-0.367,32.854,3.216,29.873,-11.902,67.761,0,0,3.393,,,,,,,,,,
35.903,260.871,27.431,-0.214,33.192,3.49,29.948,-6.751,67.761,0,0,4.017,,,,,,,,,,
36.003,263.705,29.57,-0.662,33.552,3.762,29.542,-22.761,67.761,0,0,4.439,,,,,,,,,,
36.103,267.044,35.73,-0.422,33.977,4.546,29.583,-19.829,67.761,0,0,4.409,,,,,,,,,,
36.203,270.641,34.225,-0.325,34.435,4.355,29.848,-14.452,67.761,0,0,4.439,,,,,,,,,,
36.303,274.151,33.416,-0.326,34.881,4.252,29.857,-12.58,67.761,0,0,4.441,,,,,,,,,,
36.403,277.614,33.52,-0.358,35.322,4.265,29.797,-15.12,67.761,0,0,4.454,,,,,,,,,,
36.503,281.102,34.366,-0.303,35.766,4.373,29.82,-15.803,67.761,0,0,4.49,,,,,,,,,,
36.603,284.618,34.143,-0.366,36.213,4.344,29.779,-17.086,67.761,0,0,4.433,,,,,,,,,,
36.703,288.121,33.863,-0.305,36.659,4.309,29.882,-14.348,67.761,0,0,4.477,,,,,,,,,,
36.803,291.608,34.013,-0.335,37.103,4.328,29.793,-15.113,67.761,0,0,4.379,,,,,,,,,,
36.904,295.109,33.469,-0.252,37.548,4.258,29.88,-10.541,67.761,0,0,4.498,,,,,,,,,,
37.004,298.583,34.364,-0.339,37.99,4.372,29.786,-15.683,67.761,0,0,4.446,,,,,,,,,,
37.104,302.097,34.565,-0.241,38.437,4.398,29.889,-14.895,67.761,0,0,3.895,,,,,,,,,,
37.204,305.43,31.902,0.104,38.861,4.059,30.19,1.346,67.761,0,0,3.917,,,,,,,,,,
37.304,308.417,30.179,-0.204,39.241,3.84,29.978,-8.872,67.761,0,0,3.935,,,,,,,,,,
37.404,311.441,31.371,-0.208,39.626,3.991,29.937,-9.876,67.761,0,0,4.443,,,,,,,,,,
37.504,314.684,33.349,-0.602,40.039,4.243,29.592,-18.842,67.761,0,0,4.438,,,,,,,,,,
37.604,318.234,34.513,-0.288,40.49,4.391,29.889,-5.335,67.761,0,0,4.368,,,,,,,,,,
37.704,321.731,32.989,-0.225,40.935,4.197,29.985,-3.819,67.761,0,0,4.388,,,,,,,,,,
37.804,325.144,33.268,-0.294,41.369,4.233,29.893,-10.967,67.761,0,0,4.401,,,,,,,,,,
37.904,328.58,33.567,-0.264,41.807,4.271,29.88,-11.931,67.761,0,0,4.397,,,,,,,,,,
38.004,332.038,34.469,-0.135,42.247,4.386,29.937,-8.199,67.761,0,0,4.442,,,,,,,,,,
38.104,335.51,34.762,-0.189,42.688,4.423,29.893,-10.682,67.761,0,0,4.484,,,,,,,,,,
38.204,339.019,35.765,-0.135,43.135,4.551,29.937,-8.715,67.761,0,0,4.365,,,,,,,,,,
38.304,342.486,34.47,-0.131,43.576,4.386,29.985,-7.98,67.761,0,0,3.967,,,,,,,,,,
38.404,345.745,30.446,-0.048,43.991,3.874,30.12,-1.783,67.761,0,0,3.976,,,,,,,,,,
38.505,348.815,30.519,-0.277,44.381,3.883,29.946,-7.132,67.761,0,0,3.949,,,,,,,,,,
38.605,351.887,31.4,-0.156,44.772,3.995,29.987,-5.254,67.761,0,0,4.381,,,,,,,,,,
38.705,355.124,33.845,-0.401,45.184,4.306,29.683,-18.248,67.761,0,0,4.379,,,,,,,,,,
38.805,358.621,34.396,-0.221,45.629,4.376,29.889,-10.356,67.761,0,0,4.352,,,,,,,,,,
38.905,362.085,34.076,-0.112,46.07,4.336,29.994,-6.705,67.761,0,0,4.098,,,,,,,,,,
39.005,365.372,32.097,-0.061,46.488,4.084,30.051,-2.371,67.761,0,0,4.189,,,,,,,,,,
39.105,368.572,32.273,-0.263,46.895,4.106,29.852,-12.259,67.761,0,0,4.205,,,,,,,,,,
39.205,371.857,33.489,-0.193,47.313,4.261,29.921,-6.178,67.761,0,0,4.198,,,,,,,,,,
39.305,375.169,32.301,-0.287,47.734,4.11,29.914,-11.579,67.761,0,0,4.198,,,,,,,,,,
39.405,378.458,33.523,-0.173,48.153,4.265,29.934,-7.756,67.761,0,0,4.314,,,,,,,,,,
39.505,381.787,33.843,-0.303,48.577,4.306,29.809,-9.66,67.761,0,0,4.25,,,,,,,,,,
39.605,385.159,32.86,-0.264,49.005,4.181,29.868,-11.772,67.761,0,0,4.228,,,,,,,,,,
39.705,388.473,33.661,-0.202,49.427,4.283,29.905,-7.494,67.761,0,0,4.226,,,,,,,,,,
39.805,391.766,32.64,-0.298,49.846,4.153,29.845,-10.707,67.761,0,0,4.265,,,,,,,,,,
39.905,395.101,33.557,-0.269,50.27,4.27,29.818,-15.783,67.761,0,0,3.693,,,,,,,,,,
40.005,398.298,29.678,0.024,50.677,3.776,30.138,1.41,67.761,0,0,3.7,,,,,,,,,,
40.105,401.138,27.369,-0.345,51.039,3.482,29.866,-14.357,67.761,0,0,4.241,,,,,,,,,,
40.206,404.144,31.922,-0.694,51.421,4.062,29.457,-29.758,67.761,0,0,3.958,,,,,,,,,,
40.306,407.422,33.092,-0.079,51.838,4.21,29.982,-3.187,67.761,0,0,3.917,,,,,,,,,,
40.406,410.544,30.377,-0.143,52.235,3.865,29.962,-9.299,67.761,0,0,3.897,,,,,,,,,,
40.506,413.565,30.073,-0.25,52.62,3.826,29.889,-12.596,67.761,0,0,3.998,,,,,,,,,,
40.606,416.651,30.64,-0.391,53.012,3.898,29.784,-16.449,67.761,0,0,3.981,,,,,,,,,,
40.706,419.801,31.494,-0.212,53.413,4.007,29.907,-5.46,67.761,0,0,3.916,,,,,,,,,,
40.806,422.903,31.37,-0.118,53.808,3.991,29.98,-4.089,67.761,0,0,3.926,,,,,,,,,,
40.906,425.964,31.822,-0.115,54.197,4.049,29.98,-5.625,67.761,0,0,3.976,,,,,,,,,,
41.006,429.066,31.606,-0.148,54.592,4.021,29.918,-10.765,67.761,0,0,3.928,,,,,,,,,,
41.106,432.173,30.091,-0.293,54.987,3.829,29.928,-9.771,67.761,0,0,3.9,,,,,,,,,,
41.206,435.23,29.624,-0.261,55.376,3.769,29.909,-8.623,67.761,0,0,3.902,,,,,,,,,,
41.306,438.278,30.472,-0.201,55.764,3.877,29.921,-7.309,67.761,0,0,4.315,,,,,,,,,,
41.406,441.465,34.381,-0.323,56.17,4.374,29.724,-13.398,67.761,0,0,4.29,,,,,,,,,,
41.506,444.886,35.031,-0.112,56.605,4.457,29.923,-4.296,67.761,0,0,4.227,,,,,,,,,,
41.606,448.257,32.729,-0.195,57.034,4.164,29.964,-5.228,67.761,0,0,4.22,,,,,,,,,,
41.706,451.546,32.736,-0.191,57.452,4.165,29.921,-9.219,67.761,0,0,4.227,,,,,,,,,,
41.807,454.839,33.256,-0.196,57.871,4.231,29.891,-5.894,67.761,0,0,4.19,,,,,,,,,,
41.908,458.175,32.268,-0.241,58.296,4.106,29.893,-10.93,67.761,0,0,3.99,,,,,,,,,,
42.007,461.37,31.563,-0.082,58.702,4.016,30.012,-2.707,67.761,0,0,4.014,,,,,,,,,,
42.108,464.473,31.778,-0.179,59.097,4.043,29.932,-7.86,67.761,0,0,3.937,,,,,,,,,,
42.208,467.571,30.54,-0.187,59.491,3.886,29.96,-10.162,67.761,0,0,3.918,,,,,,,,,,
42.308,470.644,30.004,-0.275,59.882,3.818,29.891,-11.87,67.761,0,0,3.868,,,,,,,,,,
42.408,473.683,29.202,-0.302,60.269,3.715,29.893,-11.931,67.761,0,0,3.897,,,,,,,,,,
42.508,476.718,29.387,-0.361,60.655,3.739,29.857,-8.529,67.761,0,0,3.883,,,,,,,,,,
42.608,479.767,30.138,-0.233,61.043,3.835,29.907,-7.236,67.761,0,0,3.581,,,,,,,,,,
42.708,482.699,27.036,-0.165,61.416,3.44,30.014,-4.6,67.761,0,0,3.443,,,,,,,,,,
42.808,485.393,26.889,-0.136,61.759,3.421,30.012,-4.714,67.761,0,0,3.38,,,,,,,,,,
42.908,488.014,26.674,-0.173,62.092,3.394,29.985,-9.278,67.761,0,0,3.345,,,,,,,,,,
43.008,490.632,25.458,-0.276,62.425,3.239,29.914,-13.144,67.761,0,0,3.364,,,,,,,,,,
43.108,493.258,26.205,-0.219,62.759,3.334,29.941,-6.742,67.761,0,0,3.261,,,,,,,,,,
43.208,495.85,26.02,-0.125,63.089,3.311,30.012,-2.828,67.761,0,0,3.432,,,,,,,,,,
43.308,498.464,27.578,-0.231,63.422,3.509,29.918,-11.296,67.761,0,0,3.357,,,,,,,,,,
43.408,501.14,25.909,-0.258,63.762,3.297,29.944,-9.785,67.761,0,0,3.436,,,,,,,,,,
43.508,503.804,27.161,-0.189,64.101,3.456,29.939,-6.309,67.761,0,0,3.362,,,,,,,,,,
43.608,506.472,26.922,-0.15,64.441,3.425,29.985,-7.219,67.761,0,0,3.454,,,,,,,,,,
43.708,509.139,26.568,-0.32,64.78,3.38,29.877,-12.693,67.761,0,0,3.406,,,,,,,,,,
43.809,511.858,27.193,-0.116,65.126,3.46,29.973,-3.93,67.761,0,0,3.419,,,,,,,,,,
43.909,514.539,26.534,-0.24,65.467,3.376,29.925,-10.527,67.761,0,0,3.316,,,,,,,,,,
44.009,517.164,25.229,-0.277,65.801,3.21,29.921,-9.621,67.761,0,0,3.488,,,,,,,,,,
44.109,519.814,27.552,-0.288,66.138,3.506,29.873,-9.489,67.761,0,0,3.476,,,,,,,,,,
44.209,522.538,26.323,-0.012,66.485,3.349,30.072,-1.077,67.761,0,0,3.626,,,,,,,,,,
44.309,524.964,23.032,0.092,66.793,2.931,30.149,1.753,67.761,0,0,3.469,,,,,,,,,,
44.409,526.983,19.018,-0.006,67.05,2.42,30.104,0.176,67.761,0,0,3.601,,,,,,,,,,
44.509,528.689,15.126,-0.078,67.267,1.925,30.09,-2.187,67.761,0,0,3.533,,,,,,,,,,
44.609,530.108,12.259,0,67.448,1.56,30.108,-0.3,67.761,0,0,3.587,,,,,,,,,,
44.709,531.207,9.635,0.004,67.588,1.226,30.156,-0.119,67.761,0,0,3.536,,,,,,,,,,
44.809,531.992,6.504,0.015,67.688,0.828,30.136,0.157,67.761,0,0,3.61,,,,,,,,,,
44.909,532.463,3.029,0.005,67.748,0.385,30.129,-0.046,67.761,0,0,3.555,,,,,,,,,,
45.009,532.628,0.207,0.033,67.769,0.026,30.154,0.816,67.761,0,0,3.734,,,,,,,,,,
45.109,532.606,0.013,-0.031,67.766,0.002,30.158,-0.787,67.761,0,0,3.649,,,,,,,,,,
45.209,532.608,-0.007,-0.008,67.766,-0.001,30.133,-0.4,67.761,0,0,3.719,,,,,,,,,,
45.309,532.608,0.045,-0.008,67.766,0.006,30.154,-0.119,67.761,0,0,3.677,,,,,,,,,,
45.41,532.608,0.022,0.003,67.766,0.003,30.161,-0.141,67.761,0,0,4.477,,,,,,,,,,
45.51,532.608,0.01,0.005,67.766,0.001,30.133,-0.005,67.761,0,0,4.429,,,,,,,,,,
45.61,532.608,0.021,0.02,67.766,0.003,30.142,0.399,67.761,0,0,4.509,,,,,,,,,,
45.71,532.608,-0.009,0.017,67.766,-0.001,30.147,0.736,67.761,0,0,4.379,,,,,,,,,,
45.81,532.607,-0.024,0.022,67.766,-0.003,30.142,0.705,67.761,0,0,5.119,,,,,,,,,,
45.91,532.606,-0.007,0.023,67.766,-0.001,30.145,0.398,67.761,0,0,9.942,,,,,,,,,,
46.01,532.601,0.012,0.024,67.765,0.002,30.149,0.867,67.761,0,0,14,,,,,,,,,,
46.11,532.601,-0.027,0.029,67.765,-0.003,30.14,0.769,67.761,0,0,14,,,,,,,,,,
46.21,532.6,0.004,0.027,67.765,0,30.156,1.323,67.761,0,0,14,,,,,,,,,,
46.31,532.6,-0.008,0.038,67.765,-0.001,30.142,1.511,67.761,0,0,14,,,,,,,,,,
46.41,532.599,-0.009,0.035,67.765,-0.001,30.133,1.284,67.761,0,0,14,,,,,,,,,,
46.51,532.597,-0.037,0.035,67.765,-0.005,30.151,1.673,67.761,0,0,7.012,,,,,,,,,,
46.61,532.591,-0.048,0.028,67.764,-0.006,30.138,0.98,67.761,0,0,3.956,,,,,,,,,,
46.71,532.59,-0.023,0.031,67.764,-0.003,30.156,1.201,67.761,0,0,14,,,,,,,,,,
46.81,532.589,0.023,0.031,67.764,0.003,30.158,1.246,67.761,0,0,14,,,,,,,,,,
46.91,532.589,0.029,0.037,67.764,0.004,30.165,1.109,67.761,0,0,13.219,,,,,,,,,,
47.011,532.588,0.007,0.038,67.764,0.001,30.172,1.963,67.761,0,0,14,,,,,,,,,,
47.111,532.588,-0.012,0.04,67.764,-0.002,30.138,1.346,67.761,0,0,14,,,,,,,,,,
47.211,532.587,0.056,0.047,67.763,0.007,30.147,1.338,67.761,0,0,14,,,,,,,,,,
47.311,532.587,-0.014,0.05,67.763,-0.002,30.17,2.122,67.761,0,0,9.686,,,,,,,,,,
47.411,532.586,-0.019,0.042,67.763,-0.002,30.154,1.684,67.763,0,0,0,,,,,,,,,,
47.511,532.586,0.022,0.061,67.763,0.003,30.177,1.83,67.763,0,0,0,,,,,,,,,,
47.611,532.586,-0.044,0.042,67.763,-0.006,30.172,2.556,67.763,0,0,0,,,,,,,,,,
47.711,532.586,-0.016,0.054,67.763,-0.002,30.174,2.042,67.763,0,0,0,,,,,,,,,,
47.811,532.586,0.006,0.051,67.763,0.001,30.163,2,67.763,0,0,0,,,,,,,,,,
47.912,532.586,0.005,0.061,67.763,0.001,30.174,2.222,67.763,0,0,0,,,,,,,,,,
48.011,532.585,-0.064,0.055,67.763,-0.008,30.174,2.714,67.763,0,0,0,,,,,,,,,,
48.111,532.585,0.055,0.074,67.763,0.007,30.158,2.276,67.763,0,0,0,,,,,,,,,,
48.211,532.585,-0.028,0.058,67.763,-0.004,30.17,2.604,67.763,0,0,0,,,,,,,,,,
48.311,532.585,-0.014,0.064,67.763,-0.002,30.17,2.826,67.763,0,0,0,,,,,,,,,,
48.411,532.585,-0.01,0.08,67.763,-0.001,30.177,3.075,67.763,0,0,0,,,,,,,,,,
48.511,532.585,0.03,0.082,67.763,0.004,30.177,3.345,67.763,0,0,0,,,,,,,,,,
48.612,532.585,0.026,0.091,67.763,0.003,30.17,3.15,67.763,0,0,0,,,,,,,,,,
48.712,532.585,0.077,0.09,67.763,0.01,30.172,3.26,67.763,0,0,0,,,,,,,,,,
48.812,532.585,-0.005,0.082,67.763,-0.001,30.181,3.273,67.763,0,0,0,,,,,,,,,,
48.912,532.585,0.037,0.1,67.763,0.005,30.19,3.134,67.763,0,0,0,,,,,,,,,,
49.012,532.585,-0.008,0.086,67.763,-0.001,30.167,3.843,67.763,0,0,0,,,,,,,,,,
49.112,532.585,-0.001,0.094,67.763,0,30.17,3.827,67.763,0,0,0,,,,,,,,,,
49.212,532.585,-0.013,0.1,67.763,-0.002,30.17,3.7,67.763,0,0,0,,,,,,,,,,
49.312,532.585,-0.04,0.109,67.763,-0.005,30.179,3.726,67.761,0,0,12.125,,,,,,,,,,
49.412,532.585,-0.006,0.093,67.763,-0.001,30.17,4.508,67.761,0,0,14,,,,,,,,,,
49.512,532.585,-0.002,0.108,67.763,0,30.158,4.2,67.761,0,0,14,,,,,,,,,,
49.613,532.585,0.026,0.112,67.763,0.003,30.167,4.671,67.761,0,0,14,,,,,,,,,,
49.713,532.585,-0.022,0.1,67.763,-0.003,30.179,4.268,67.763,0,0,0,,,,,,,,,,
49.813,532.585,-0.005,0.116,67.763,-0.001,30.181,4.405,67.763,0,0,0,,,,,,,,,,
49.913,532.584,-0.015,0.104,67.763,-0.002,30.199,4.611,67.763,0,0,0,,,,,,,,,,
50.013,532.584,0.01,0.12,67.763,0.001,30.172,4.569,67.763,0,0,0,,,,,,,,,,
50.113,532.583,0.002,0.12,67.763,0,30.167,4.439,67.763,0,0,0,,,,,,,,,,
50.213,532.578,-0.021,0.105,67.762,-0.003,30.179,4.452,67.762,0,0,0,,,,,,,,,,
50.313,532.574,-0.084,0.1,67.762,-0.011,30.163,3.407,67.763,0,0,0,,,,,,,,,,
50.413,532.568,-0.019,0.08,67.761,-0.002,30.183,3.872,67.761,0,0,0,,,,,,,,,,
50.513,532.568,0.001,0.083,67.761,0,30.186,3.687,67.761,0,0,0,,,,,,,,,,
50.613,532.567,-0.024,0.081,67.761,-0.003,30.206,3.671,67.761,0,0,0,,,,,,,,,,
50.713,532.567,-0.066,0.085,67.761,-0.008,30.181,3.352,67.761,0,0,0,,,,,,,,,,
50.813,532.566,0.008,0.09,67.761,0.001,30.167,3.145,67.761,0,0,0,,,,,,,,,,
50.913,532.566,-0.015,0.084,67.761,-0.002,30.161,3.318,67.761,0,0,0,,,,,,,,,,
51.013,532.565,-0.021,0.09,67.761,-0.003,30.181,3.644,67.761,0,0,0,,,,,,,,,,
51.113,532.563,-0.014,0.081,67.76,-0.002,30.199,3.107,67.76,0,0,0,,,,,,,,,,
51.213,532.562,-0.024,0.075,67.76,-0.003,30.165,3.248,67.76,0,0,0,,,,,,,,,,
51.313,532.562,0.082,0.088,67.76,0.01,30.181,3.084,67.763,0,0,0,,,,,,,,,,
51.413,532.562,0.021,0.076,67.76,0.003,30.183,3.382,67.76,0,0,0,,,,,,,,,,
51.514,532.562,0.019,0.084,67.76,0.002,30.209,3.032,67.76,0,0,0,,,,,,,,,,
51.614,532.562,-0.045,0.069,67.76,-0.006,30.177,3.256,67.76,0,0,0,,,,,,,,,,
51.714,532.562,0.008,0.083,67.76,0.001,30.172,3.161,67.76,0,0,0,,,,,,,,,,
51.814,532.562,-0.039,0.072,67.76,-0.005,30.188,3.032,67.76,0,0,0,,,,,,,,,,
51.914,532.562,0.016,0.077,67.76,0.002,30.179,3.2,67.76,0,0,0,,,,,,,,,,
52.014,532.562,-0.013,0.067,67.76,-0.002,30.19,2.825,67.76,0,0,0,,,,,,,,,,
52.114,532.562,-0.05,0.075,67.76,-0.006,30.193,3.094,67.76,0,0,0,,,,,,,,,,
52.214,532.562,-0.02,0.068,67.76,-0.003,30.177,3.125,67.76,0,0,0,,,,,,,,,,
52.314,532.562,0.053,0.078,67.76,0.007,30.177,2.932,67.76,0,0,0,,,,,,,,,,
52.414,532.562,0.044,0.078,67.76,0.006,30.174,2.873,67.76,0,0,0,,,,,,,,,,
52.514,532.562,0.046,0.085,67.76,0.006,30.183,2.772,67.76,0,0,0,,,,,,,,,,
52.614,532.562,-0.002,0.076,67.76,0,30.167,3.018,67.76,0,0,0,,,,,,,,,,
52.714,532.562,0.009,0.07,67.76,0.001,30.177,2.888,67.76,0,0,0,,,,,,,,,,
52.814,532.562,-0.005,0.08,67.76,-0.001,30.172,3.198,67.76,0,0,0,,,,,,,,,,
52.914,532.562,0.065,0.084,67.76,0.008,30.179,2.915,67.76,0,0,0,,,,,,,,,,
53.014,532.562,0.003,0.069,67.76,0,30.186,2.669,67.76,0,0,0,,,,,,,,,,
53.114,532.562,-0.019,0.064,67.76,-0.002,30.193,2.679,67.76,0,0,0,,,,,,,,,,
53.215,532.562,-0.038,0.074,67.76,-0.005,30.181,3.072,67.76,0,0,0,,,,,,,,,,
53.315,532.562,-0.027,0.073,67.76,-0.003,30.167,3.046,67.76,0,0,0,,,,,,,,,,
53.415,532.562,0,0.073,67.76,0,30.181,3.063,67.76,0,0,0,,,,,,,,,,
53.515,532.562,-0.022,0.063,67.76,-0.003,30.19,3.171,67.76,0,0,0,,,,,,,,,,
53.615,532.562,0.013,0.073,67.76,0.002,30.188,2.679,67.76,0,0,0,,,,,,,,,,
53.715,532.562,0.015,0.07,67.76,0.002,30.19,2.814,67.76,0,0,0,,,,,,,,,,
53.815,532.562,-0.005,0.072,67.76,-0.001,30.181,2.658,67.76,0,0,0,,,,,,,,,,
53.915,532.562,-0.013,0.076,67.76,-0.002,30.193,2.731,67.76,0,0,0,,,,,,,,,,
54.015,532.562,0.019,0.063,67.76,0.002,30.181,2.778,67.76,0,0,0,,,,,,,,,,
54.115,532.562,-0.018,0.065,67.76,-0.002,30.183,2.669,67.76,0,0,0,,,,,,,,,,
54.215,532.562,-0.002,0.069,67.76,0,30.199,2.524,67.76,0,0,0,,,,,,,,,,
54.315,532.562,-0.04,0.058,67.76,-0.005,30.19,2.79,67.76,0,0,0,,,,,,,,,,
54.415,532.562,-0.029,0.07,67.76,-0.004,30.183,2.538,67.76,0,0,0,,,,,,,,,,
54.515,532.562,-0.017,0.062,67.76,-0.002,30.188,2.401,67.76,0,0,0,,,,,,,,,,
54.615,532.562,-0.036,0.067,67.76,-0.005,30.197,2.926,67.76,0,0,0,,,,,,,,,,
54.715,532.562,-0.022,0.063,67.76,-0.003,30.183,2.696,67.76,0,0,0,,,,,,,,,,
54.816,532.562,-0.029,0.059,67.76,-0.004,30.197,2.889,67.76,0,0,0,,,,,,,,,,
54.916,532.562,0.009,0.063,67.76,0.001,30.183,2.625,67.76,0,0,0,,,,,,,,,,
55.016,532.562,0.056,0.074,67.76,0.007,30.174,2.52,67.76,0,0,0,,,,,,,,,,
55.116,532.562,-0.029,0.049,67.76,-0.004,30.181,2.405,67.76,0,0,0,,,,,,,,,,
55.216,532.562,0.046,0.066,67.76,0.006,30.17,2.437,67.76,0,0,0,,,,,,,,,,
55.316,532.562,0.025,0.072,67.76,0.003,30.19,2.425,67.76,0,0,0,,,,,,,,,,
55.416,532.562,0,0.066,67.76,0,30.179,2.587,67.76,0,0,0,,,,,,,,,,
55.516,532.562,-0.013,0.069,67.76,-0.002,30.179,2.507,67.76,0,0,0,,,,,,,,,,
55.616,532.562,0.007,0.062,67.76,0.001,30.19,2.228,67.76,0,0,0,,,,,,,,,,
55.716,532.562,0.029,0.067,67.76,0.004,30.188,2.655,67.76,0,0,0,,,,,,,,,,
55.816,532.562,-0.007,0.06,67.76,-0.001,30.195,2.794,67.76,0,0,0,,,,,,,,,,
55.916,532.562,-0.008,0.063,67.76,-0.001,30.193,2.177,67.76,0,0,0,,,,,,,,,,
56.016,532.562,0.012,0.057,67.76,0.001,30.225,2.43,67.76,0,0,0,,,,,,,,,,
56.116,532.562,-0.032,0.053,67.76,-0.004,30.206,2.838,67.76,0,0,0,,,,,,,,,,
56.216,532.562,-0.017,0.057,67.76,-0.002,30.181,2.293,67.76,0,0,0,,,,,,,,,,
56.316,532.562,0.043,0.064,67.76,0.006,30.19,2.398,67.76,0,0,0,,,,,,,,,,
56.417,532.562,0.037,0.068,67.76,0.005,30.181,1.997,67.76,0,0,0,,,,,,,,,,
56.517,532.562,0.021,0.068,67.76,0.003,30.188,2.54,67.76,0,0,0,,,,,,,,,,
56.617,532.562,0.032,0.065,67.76,0.004,30.177,2.364,67.76,0,0,0,,,,,,,,,,
56.717,532.562,-0.073,0.048,67.76,-0.009,30.193,2.348,67.76,0,0,0,,,,,,,,,,
56.817,532.562,0.002,0.058,67.76,0,30.195,1.917,67.76,0,0,0,,,,,,,,,,
56.917,532.562,-0.022,0.05,67.76,-0.003,30.186,2.392,67.76,0,0,0,,,,,,,,,,
57.017,532.562,0.022,0.056,67.76,0.003,30.181,2.17,67.76,0,0,0,,,,,,,,,,
57.117,532.562,0.028,0.055,67.76,0.004,30.179,2.116,67.76,0,0,0,,,,,,,,,,
57.217,532.562,-0.029,0.047,67.76,-0.004,30.179,2.42,67.76,0,0,0,,,,,,,,,,
57.317,532.562,0.014,0.052,67.76,0.002,30.186,1.999,67.76,0,0,0,,,,,,,,,,
57.417,532.562,-0.034,0.054,67.76,-0.004,30.197,2.535,67.76,0,0,0,,,,,,,,,,
57.517,532.562,-0.001,0.052,67.76,0,30.197,2.356,67.76,0,0,0,,,,,,,,,,
57.617,532.562,-0.003,0.054,67.76,0,30.193,1.966,67.76,0,0,0,,,,,,,,,,
57.717,532.562,0.015,0.054,67.76,0.002,30.197,2.497,67.76,0,0,0,,,,,,,,,,
57.817,532.562,-0.039,0.051,67.76,-0.005,30.202,2.456,67.76,0,0,0,,,,,,,,,,
57.917,532.562,-0.026,0.058,67.76,-0.003,30.163,2.231,67.76,0,0,0,,,,,,,,,,
58.017,532.562,0.025,0.057,67.76,0.003,30.193,2.277,67.76,0,0,0,,,,,,,,,,
58.118,532.562,0.002,0.059,67.76,0,30.199,2.15,67.76,0,0,0,,,,,,,,,,
58.218,532.562,-0.006,0.061,67.76,-0.001,30.183,2.12,67.76,0,0,0,,,,,,,,,,
58.318,532.562,0.047,0.05,67.76,0.006,30.195,1.736,67.76,0,0,0,,,,,,,,,,
58.418,532.562,0.022,0.05,67.76,0.003,30.199,1.505,67.76,0,0,0,,,,,,,,,,
58.518,532.562,-0.028,0.039,67.76,-0.004,30.195,2.378,67.76,0,0,0,,,,,,,,,,
58.618,532.562,0.048,0.057,67.76,0.006,30.202,2.226,67.76,0,0,0,,,,,,,,,,
58.718,532.563,-0.005,0.055,67.76,-0.001,30.172,1.882,67.76,0,0,0,,,,,,,,,,
58.818,532.562,0.001,0.052,67.76,0,30.195,2.251,67.76,0,0,0,,,,,,,,,,
58.918,532.562,0.061,0.061,67.76,0.008,30.177,1.992,67.76,0,0,0,,,,,,,,,,
59.018,532.563,0,0.052,67.76,0,30.181,2.018,67.76,0,0,0,,,,,,,,,,
59.118,532.563,-0.036,0.053,67.76,-0.005,30.213,1.851,67.76,0,0,0,,,,,,,,,,
59.218,532.563,0.014,0.052,67.76,0.002,30.172,1.749,67.76,0,0,0,,,,,,,,,,
59.318,532.563,0.017,0.044,67.76,0.002,30.183,1.755,67.76,0,0,0,,,,,,,,,,
59.418,532.563,-0.025,0.045,67.76,-0.003,30.199,2.125,67.76,0,0,0,,,,,,,,,,
59.518,532.563,0.018,0.053,67.76,0.002,30.19,1.931,67.76,0,0,0,,,,,,,,,,
59.618,532.562,0.028,0.045,67.76,0.004,30.177,1.97,67.76,0,0,0,,,,,,,,,,
59.719,532.563,-0.001,0.054,67.76,0,30.202,1.895,67.76,0,0,0,,,,,,,,,,
59.819,532.562,-0.017,0.048,67.76,-0.002,30.174,2.011,67.76,0,0,0,,,,,,,,,,
59.92,532.562,-0.021,0.047,67.76,-0.003,30.202,1.949,67.76,0,0,0,,,,,,,,,,
60.02,532.562,-0.01,0.047,67.76,-0.001,30.195,2.122,67.76,0,0,0,,,,,,,,,,
60.119,532.562,0.01,0.04,67.76,0.001,30.193,1.583,67.76,0,0,0,,,,,,,,,,
60.22,532.562,0.02,0.05,67.76,0.003,30.188,1.726,67.76,0,0,0,,,,,,,,,,
60.32,532.562,0.046,0.051,67.76,0.006,30.197,1.79,67.76,0,0,0,,,,,,,,,,
60.42,532.562,-0.015,0.043,67.76,-0.002,30.195,1.821,67.76,0,0,0,,,,,,,,,,
60.52,532.562,-0.042,0.048,67.76,-0.005,30.193,2.131,67.76,0,0,0,,,,,,,,,,
60.62,532.562,0.011,0.042,67.76,0.001,30.186,1.755,67.76,0,0,0,,,,,,,,,,
60.72,532.562,-0.043,0.054,67.76,-0.005,30.209,1.985,67.76,0,0,0,,,,,,,,,,
60.82,532.562,-0.017,0.044,67.76,-0.002,30.202,1.769,67.76,0,0,0,,,,,,,,,,
60.92,532.562,-0.019,0.05,67.76,-0.002,30.179,1.964,67.76,0,0,0,,,,,,,,,,
61.02,532.562,-0.007,0.049,67.76,-0.001,30.204,1.612,67.76,0,0,0,,,,,,,,,,
61.12,532.562,-0.015,0.037,67.76,-0.002,30.206,1.528,67.76,0,0,0,,,,,,,,,,
61.22,532.562,0.048,0.046,67.76,0.006,30.206,1.662,67.76,0,0,0,,,,,,,,,,
61.32,532.562,-0.03,0.042,67.76,-0.004,30.195,2.039,67.76,0,0,0,,,,,,,,,,
61.42,532.562,0.017,0.043,67.76,0.002,30.215,1.54,67.76,0,0,0,,,,,,,,,,
61.521,532.562,0.01,0.031,67.76,0.001,30.197,1.565,67.76,0,0,0,,,,,,,,,,
61.621,532.562,-0.003,0.041,67.76,0,30.19,1.268,67.76,0,0,0,,,,,,,,,,
61.721,532.562,-0.002,0.046,67.76,0,30.204,1.393,67.76,0,0,0,,,,,,,,,,
61.821,532.562,0.022,0.049,67.76,0.003,30.188,2.247,67.76,0,0,0,,,,,,,,,,
61.921,532.562,-0.016,0.031,67.76,-0.002,30.206,1.526,67.76,0,0,0,,,,,,,,,,
62.021,532.562,0.028,0.036,67.76,0.004,30.213,1.111,67.76,0,0,0,,,,,,,,,,
62.121,532.562,0.022,0.041,67.76,0.003,30.213,1.364,67.76,0,0,0,,,,,,,,,,
62.221,532.562,-0.014,0.033,67.76,-0.002,30.215,1.637,67.76,0,0,0,,,,,,,,,,
62.321,532.562,-0.044,0.036,67.76,-0.006,30.195,1.334,67.76,0,0,0,,,,,,,,,,
62.421,532.562,0.007,0.039,67.76,0.001,30.218,2.031,67.76,0,0,0,,,,,,,,,,
62.521,532.562,-0.013,0.035,67.76,-0.002,30.204,1.505,67.76,0,0,0,,,,,,,,,,
62.621,532.562,-0.005,0.042,67.76,-0.001,30.202,1.679,67.76,0,0,0,,,,,,,,,,
62.721,532.562,0.022,0.043,67.76,0.003,30.204,1.402,67.76,0,0,0,,,,,,,,,,
62.821,532.563,-0.005,0.029,67.76,-0.001,30.19,1.362,67.76,0,0,0,,,,,,,,,,
62.921,532.562,-0.008,0.029,67.76,-0.001,30.236,1.373,67.76,0,0,0,,,,,,,,,,
63.021,532.562,0.014,0.04,67.76,0.002,30.209,1.183,67.76,0,0,0,,,,,,,,,,
63.121,532.562,0.066,0.04,67.76,0.008,30.213,1.558,67.76,0,0,0,,,,,,,,,,
63.221,532.562,-0.006,0.037,67.76,-0.001,30.199,1.501,67.76,0,0,0,,,,,,,,,,
63.322,532.562,-0.002,0.037,67.76,0,30.195,1.681,67.76,0,0,0,,,,,,,,,,
63.422,532.563,0.024,0.042,67.76,0.003,30.188,1.298,67.76,0,0,0,,,,,,,,,,
63.522,532.562,0,0.045,67.76,0,30.202,1.886,67.76,0,0,0,,,,,,,,,,
63.622,532.562,0.01,0.031,67.76,0.001,30.206,1.426,67.76,0,0,0,,,,,,,,,,
63.722,532.563,0.029,0.038,67.76,0.004,30.202,1.132,67.76,0,0,0,,,,,,,,,,
63.822,532.562,-0.01,0.042,67.76,-0.001,30.213,1.374,67.76,0,0,0,,,,,,,,,,
63.922,532.562,-0.047,0.038,67.76,-0.006,30.186,1.471,67.76,0,0,0,,,,,,,,,,
64.022,532.563,0.066,0.045,67.76,0.008,30.195,1.182,67.76,0,0,0,,,,,,,,,,
64.122,532.563,-0.037,0.036,67.76,-0.005,30.206,1.377,67.76,0,0,0,,,,,,,,,,
64.222,532.563,-0.004,0.026,67.76,-0.001,30.195,1.24,67.76,0,0,0,,,,,,,,,,
64.322,532.563,-0.014,0.041,67.76,-0.002,30.19,1.201,67.76,0,0,0,,,,,,,,,,
64.422,532.562,-0.044,0.031,67.76,-0.006,30.186,1.431,67.76,0,0,0,,,,,,,,,,
64.522,532.563,-0.006,0.03,67.76,-0.001,30.199,1.551,67.76,0,0,0,,,,,,,,,,
64.622,532.563,0.005,0.024,67.76,0.001,30.202,1.052,67.76,0,0,0,,,,,,,,,,
64.722,532.562,-0.019,0.032,67.76,-0.002,30.193,1.482,67.76,0,0,0,,,,,,,,,,
64.822,532.562,0.057,0.036,67.76,0.007,30.218,1.371,67.76,0,0,0,,,,,,,,,,
64.922,532.563,-0.02,0.03,67.76,-0.003,30.186,1.054,67.76,0,0,0,,,,,,,,,,
65.022,532.563,0.052,0.04,67.76,0.007,30.193,1.127,67.76,0,0,0,,,,,,,,,,
65.123,532.562,-0.012,0.029,67.76,-0.001,30.195,1.383,67.76,0,0,0,,,,,,,,,,
65.223,532.563,0.006,0.032,67.76,0.001,30.197,0.931,67.76,0,0,0,,,,,,,,,,
65.323,532.563,-0.002,0.027,67.76,0,30.204,1.381,67.76,0,0,0,,,,,,,,,,
65.423,532.563,0.056,0.037,67.76,0.007,30.195,1.363,67.76,0,0,0,,,,,,,,,,
65.523,532.563,-0.003,0.032,67.76,0,30.206,1.214,67.76,0,0,0,,,,,,,,,,
65.623,532.562,-0.011,0.03,67.76,-0.001,30.19,1.192,67.76,0,0,0,,,,,,,,,,
65.723,532.562,0.047,0.029,67.76,0.006,30.197,1.047,67.76,0,0,0,,,,,,,,,,
65.823,532.563,-0.024,0.03,67.76,-0.003,30.204,0.804,67.76,0,0,0,,,,,,,,,,
65.923,532.562,-0.029,0.032,67.76,-0.004,30.197,1.292,67.76,0,0,0,,,,,,,,,,
66.023,532.562,-0.064,0.028,67.76,-0.008,30.177,1.604,67.76,0,0,0,,,,,,,,,,
66.123,532.562,0.038,0.029,67.76,0.005,30.202,1.221,67.76,0,0,0,,,,,,,,,,
66.223,532.562,0.028,0.036,67.76,0.004,30.204,0.948,67.76,0,0,0,,,,,,,,,,
66.323,532.562,-0.004,0.022,67.76,-0.001,30.204,1.021,67.76,0,0,0,,,,,,,,,,
66.423,532.562,-0.023,0.028,67.76,-0.003,30.211,0.98,67.76,0,0,0,,,,,,,,,,
66.524,532.563,0,0.022,67.76,0,30.197,0.935,67.76,0,0,0,,,,,,,,,,
66.624,532.563,-0.054,0.025,67.76,-0.007,30.193,1.164,67.76,0,0,0,,,,,,,,,,
66.724,532.563,0.021,0.028,67.76,0.003,30.209,0.907,67.76,0,0,0,,,,,,,,,,
66.824,532.563,-0.023,0.023,67.76,-0.003,30.204,1.205,67.76,0,0,0,,,,,,,,,,
66.924,532.563,0.005,0.031,67.76,0.001,30.204,0.903,67.76,0,0,0,,,,,,,,,,
67.024,532.563,0.014,0.034,67.76,0.002,30.193,0.872,67.76,0,0,0,,,,,,,,,,
67.124,532.563,-0.032,0.02,67.76,-0.004,30.225,1.114,67.76,0,0,0,,,,,,,,,,
67.224,532.563,0.064,0.028,67.76,0.008,30.188,0.805,67.76,0,0,0,,,,,,,,,,
67.324,532.563,0.008,0.03,67.76,0.001,30.197,0.921,67.76,0,0,0,,,,,,,,,,
67.424,532.563,-0.022,0.016,67.76,-0.003,30.202,1.163,67.76,0,0,0,,,,,,,,,,
67.524,532.563,0.003,0.023,67.76,0,30.206,0.922,67.76,0,0,0,,,,,,,,,,
67.624,532.563,0.01,0.023,67.76,0.001,30.206,0.316,67.76,0,0,0,,,,,,,,,,
67.724,532.563,0.03,0.022,67.76,0.004,30.213,1.163,67.76,0,0,0,,,,,,,,,,
67.824,532.563,0.022,0.023,67.76,0.003,30.218,0.853,67.76,0,0,0,,,,,,,,,,
67.925,532.563,-0.026,0.021,67.76,-0.003,30.206,1.103,67.76,0,0,0,,,,,,,,,,
68.025,532.563,0.029,0.028,67.76,0.004,30.197,0.843,67.76,0,0,0,,,,,,,,,,
68.125,532.563,0.028,0.024,67.76,0.004,30.22,1.046,67.76,0,0,0,,,,,,,,,,
68.225,532.563,0,0.024,67.76,0,30.209,0.782,67.76,0,0,0,,,,,,,,,,
68.325,532.563,-0.051,0.016,67.76,-0.006,30.179,0.765,67.76,0,0,0,,,,,,,,,,
68.425,532.563,-0.015,0.026,67.76,-0.002,30.206,1.457,67.76,0,0,0,,,,,,,,,,
68.525,532.563,0.017,0.03,67.76,0.002,30.206,0.901,67.76,0,0,0,,,,,,,,,,
68.625,532.563,-0.032,0.018,67.76,-0.004,30.206,1.107,67.76,0,0,0,,,,,,,,,,
68.725,532.563,0.006,0.02,67.76,0.001,30.197,0.879,67.76,0,0,0,,,,,,,,,,
68.825,532.563,0.01,0.012,67.76,0.001,30.19,1.11,67.76,0,0,0,,,,,,,,,,
68.925,532.563,-0.019,0.009,67.76,-0.002,30.206,0.961,67.76,0,0,0,,,,,,,,,,
69.025,532.563,0.041,0.021,67.76,0.005,30.19,0.692,67.76,0,0,0,,,,,,,,,,
69.125,532.563,0.008,0.026,67.76,0.001,30.193,0.896,67.76,0,0,0,,,,,,,,,,
69.225,532.563,0.042,0.028,67.76,0.005,30.197,0.799,67.76,0,0,0,,,,,,,,,,
69.325,532.563,-0.008,0.018,67.76,-0.001,30.209,0.726,67.76,0,0,0,,,,,,,,,,
69.426,532.563,0.007,0.018,67.76,0.001,30.211,1.068,67.76,0,0,0,,,,,,,,,,
69.526,532.563,-0.045,0.023,67.76,-0.006,30.213,0.884,67.76,0,0,0,,,,,,,,,,
69.626,532.563,0.001,0.018,67.76,0,30.202,0.884,67.76,0,0,0,,,,,,,,,,
69.726,532.563,0.027,0.024,67.76,0.003,30.199,0.794,67.76,0,0,0,,,,,,,,,,
69.826,532.563,0.006,0.02,67.76,0.001,30.22,0.586,67.76,0,0,0,,,,,,,,,,
69.926,532.563,0.031,0.016,67.76,0.004,30.19,0.745,67.76,0,0,0,,,,,,,,,,
70.026,532.563,-0.018,0.015,67.76,-0.002,30.213,0.775,67.76,0,0,0,,,,,,,,,,
70.126,532.563,0.028,0.022,67.76,0.004,30.213,0.664,67.76,0,0,0,,,,,,,,,,
70.226,532.563,0.017,0.021,67.76,0.002,30.206,0.813,67.76,0,0,0,,,,,,,,,,
70.326,532.563,-0.009,0.009,67.76,-0.001,30.186,0.801,67.76,0,0,0,,,,,,,,,,
70.426,532.563,0.03,0.025,67.76,0.004,30.206,0.785,67.76,0,0,0,,,,,,,,,,
70.526,532.563,0.02,0.013,67.76,0.003,30.218,0.861,67.76,0,0,0,,,,,,,,,,
70.626,532.563,-0.004,0.017,67.76,-0.001,30.197,0.667,67.76,0,0,0,,,,,,,,,,
70.726,532.563,-0.026,0.013,67.76,-0.003,30.213,0.736,67.76,0,0,0,,,,,,,,,,
70.826,532.563,0.007,0.016,67.76,0.001,30.206,0.788,67.76,0,0,0,,,,,,,,,,
70.926,532.563,-0.03,0.009,67.76,-0.004,30.199,0.667,67.76,0,0,0,,,,,,,,,,
71.027,532.563,0.015,0.016,67.76,0.002,30.206,0.393,67.76,0,0,0,,,,,,,,,,
71.127,532.563,-0.03,0.018,67.76,-0.004,30.213,0.845,67.76,0,0,0,,,,,,,,,,
71.227,532.563,0.027,0.02,67.76,0.003,30.206,0.527,67.76,0,0,0,,,,,,,,,,
71.327,532.563,0.023,0.021,67.76,0.003,30.197,0.704,67.76,0,0,0,,,,,,,,,,
71.427,532.563,-0.028,0.009,67.76,-0.004,30.215,0.811,67.76,0,0,0,,,,,,,,,,
71.527,532.564,0.052,0.015,67.76,0.007,30.193,0.587,67.76,0,0,0,,,,,,,,,,
71.627,532.564,0.025,0.024,67.761,0.003,30.213,0.543,67.761,0,0,0,,,,,,,,,,
71.727,532.564,-0.063,0.021,67.761,-0.008,30.215,0.727,67.761,0,0,0,,,,,,,,,,
71.827,532.564,0.007,0.024,67.761,0.001,30.19,0.71,67.761,0,0,0,,,,,,,,,,
71.927,532.564,0.045,0.014,67.761,0.006,30.204,0.709,67.761,0,0,0,,,,,,,,,,
72.027,532.564,-0.008,0.023,67.761,-0.001,30.213,0.964,67.761,0,0,0,,,,,,,,,,
72.127,532.564,-0.014,0.014,67.761,-0.002,30.199,0.944,67.761,0,0,0,,,,,,,,,,
72.227,532.564,0.028,0.02,67.761,0.004,30.211,0.454,67.761,0,0,0,,,,,,,,,,
72.327,532.564,0.021,0.013,67.761,0.003,30.211,0.839,67.761,0,0,0,,,,,,,,,,
72.427,532.564,-0.002,0.017,67.761,0,30.209,1.106,67.761,0,0,0,,,,,,,,,,
72.527,532.564,-0.005,0.021,67.761,-0.001,30.206,0.267,67.761,0,0,0,,,,,,,,,,
72.627,532.564,0.002,0.026,67.761,0,30.222,0.532,67.761,0,0,0,,,,,,,,,,
72.731,532.564,-0.034,0.022,67.761,-0.004,30.213,0.635,67.761,0,0,0,,,,,,,,,,
72.83,532.564,-0.001,0.018,67.761,0,30.213,0.695,67.761,0,0,0,,,,,,,,,,
72.93,532.564,-0.013,0.021,67.761,-0.002,30.188,0.573,67.761,0,0,0,,,,,,,,,,
73.03,532.564,0.015,0.017,67.761,0.002,30.206,0.653,67.761,0,0,0,,,,,,,,,,
73.13,532.564,-0.003,0.013,67.761,0,30.209,0.745,67.761,0,0,0,,,,,,,,,,
73.228,532.564,-0.017,0.016,67.761,-0.002,30.202,0.761,67.761,0,0,0,,,,,,,,,,
73.33,532.564,-0.029,0.018,67.761,-0.004,30.211,0.516,67.761,0,0,0,,,,,,,,,,
73.43,532.565,0.01,0.021,67.761,0.001,30.211,0.599,67.761,0,0,0,,,,,,,,,,
73.53,532.565,0.006,0.013,67.761,0.001,30.206,0.798,67.761,0,0,0,,,,,,,,,,
73.628,532.565,-0.028,0.02,67.761,-0.004,30.199,0.627,67.761,0,0,0,,,,,,,,,,
73.728,532.564,0.011,0.018,67.761,0.001,30.19,1.131,67.761,0,0,0,,,,,,,,,,
73.828,532.564,0.009,0.008,67.761,0.001,30.211,0.844,67.761,0,0,0,,,,,,,,,,
73.928,532.564,-0.003,0.02,67.761,0,30.209,0.447,67.761,0,0,0,,,,,,,,,,
74.028,532.565,-0.007,0.024,67.761,-0.001,30.215,0.56,67.761,0,0,0,,,,,,,,,,
74.128,532.564,-0.028,0.013,67.761,-0.004,30.218,0.935,67.761,0,0,0,,,,,,,,,,
74.229,532.565,-0.011,0.023,67.761,-0.001,30.197,0.999,67.761,0,0,0,,,,,,,,,,
74.331,532.565,-0.021,0.016,67.761,-0.003,30.213,0.882,67.761,0,0,0,,,,,,,,,,
74.431,532.565,0.017,0.022,67.761,0.002,30.211,0.915,67.761,0,0,0,,,,,,,,,,
74.531,532.565,0.017,0.024,67.761,0.002,30.215,0.869,67.761,0,0,0,,,,,,,,,,
74.631,532.565,-0.03,0.012,67.761,-0.004,30.22,0.527,67.761,0,0,0,,,,,,,,,,
74.731,532.565,0.014,0.012,67.761,0.002,30.209,0.883,67.761,0,0,0,,,,,,,,,,
74.831,532.564,-0.024,0.015,67.761,-0.003,30.222,0.925,67.761,0,0,0,,,,,,,,,,
75.082,532.564,-0.018,0.013,67.761,-0.002,30.202,0.698,0,67.671,0,-0.09,0.092081696,0.069455354,5.351675932,-2.886689885,-0.361008403,-0.279118705,0.981816036,0.122785562,0.094933377,-0.109309794
75.203,532.565,-0.008,0.036,67.761,-0.001,30.167,2.061,0,67.671,-0.002,-0.092,0.091364423,0.135592107,5.393878081,-3.038567414,-0.326739092,-0.387916824,0.985895425,0.106013964,0.125863728,-0.030488885
75.33,532.541,-0.376,0.186,67.758,-0.048,30.204,7.368,0,67.658,-0.044,-0.128,0.097559673,0.142144924,5.354101045,3.051659051,0.275756212,-0.518174935,0.981857229,0.08872329,-0.166720396,0.016996156
75.445,532.431,-1.151,0.081,67.744,-0.146,30.183,3.67,0,67.624,-0.133,-0.212,0.119131899,0.096262339,5.424840335,3.037527034,0.29931577,0.370785378,0.987364366,0.097294188,0.120525765,0.033451296
75.568,532.291,-1.053,0.079,67.726,-0.134,30.206,2.935,0,67.606,-0.14,-0.235,0.118498144,0.074121506,5.349982213,3.023186039,0.26340669,0.344697074,0.988914713,0.086162991,0.112753897,0.043705701
75.683,532.101,-1.805,0.094,67.702,-0.23,30.199,3.928,0,67.542,-0.294,-0.374,0.159566942,0.132575195,5.506444608,2.969542332,0.238726255,-0.234585048,0.990792479,0.079651391,-0.078269671,0.076549187
75.798,531.886,-1.692,0.132,67.674,-0.215,30.19,4.677,0,67.474,-0.406,-0.49,0.204416348,0.185067925,5.45955896,2.905705956,0.222870648,-0.057760512,0.990473928,0.075970373,-0.019688944,0.113147013
75.915,531.582,-3.087,0.136,67.636,-0.393,30.188,5.888,0,67.306,-0.824,-0.861,0.332433181,0.147181554,5.580081545,-2.975007591,-0.19138334,0.10890191,0.994144033,0.063953654,-0.036391229,-0.079140705
76.032,531.116,-4.201,0.113,67.576,-0.534,30.19,4.53,0,67.206,-0.83,-0.956,0.368205394,-0.017549472,5.505326235,-3.08761915,-0.199484415,0.345499374,0.991656066,0.06406876,-0.110964641,-0.014152361
76.148,530.449,-7.35,0.175,67.491,-0.935,30.142,8.434,0,67.041,-1.064,-1.23,0.452347357,0.005321359,5.473381109,-3.031118952,-0.152796391,-0.037597667,0.99724257,0.050270236,0.012369687,-0.053170963
76.264,529.517,-8.308,0.054,67.373,-1.057,30.151,4.035,0,66.933,-1.009,-1.293,0.444860239,0.185654861,5.44246142,2.967451042,0.19226974,0.082582914,0.994056908,0.064407824,0.027664186,0.083289789
76.381,528.473,-10.003,0.141,67.24,-1.273,30.149,5.272,0,66.8,-1.073,-1.419,0.437901216,0.285129547,5.397967682,2.856975505,0.224203782,-0.25247787,0.984401046,0.077251778,-0.086993913,0.13198031
76.499,527.234,-10.562,0.059,67.082,-1.344,30.163,2.901,0,66.692,-1.005,-1.42,0.392425716,0.155873928,5.26182508,2.9560663,0.221332051,0.351285249,0.987248998,0.073919129,0.117320105,0.078175261
76.615,525.934,-11.239,0.077,66.917,-1.43,30.145,2.399,0,66.527,-1.169,-1.574,0.38747728,-0.095583748,5.472725158,-3.046455797,-0.209951628,-0.312649657,0.99180344,0.068351803,0.10178615,-0.035965906
76.733,524.629,-10.629,0.19,66.751,-1.352,30.147,7.844,0,66.411,-1.097,-1.53,0.342523041,-0.113520451,5.472940707,-3.04233654,-0.209444355,-0.321942308,0.991425767,0.068252978,0.10491341,-0.037545395
76.852,523.211,-12.147,0.118,66.571,-1.546,30.163,3.715,0,66.281,-1.106,-1.536,0.286803656,0.250308807,5.489266297,3.078326382,0.197214102,-0.363665621,0.990933162,0.063484494,-0.117066314,0.017795114
76.969,521.757,-11.554,0.134,66.385,-1.47,30.163,5.06,0,66.185,-0.988,-1.388,0.20322113,0.401975098,5.323989048,3.035595755,0.214138352,0.396847624,0.98849267,0.069730692,0.129227011,0.03633526
77.086,520.348,-12.523,0.02,66.206,-1.593,30.17,2.066,0,66.076,-0.963,-1.223,0.128468068,0.202908468,5.307148353,2.995738816,0.184690179,0.320635303,0.990579044,0.061070151,0.106022131,0.061505307
77.201,519.06,-10.726,0.031,66.042,-1.365,30.195,0.465,0,65.972,-0.937,-1.077,0.065454546,-0.094320576,5.496013031,3.037468409,0.164568132,-0.049495884,0.997173847,0.054026253,-0.016249058,0.049613004
77.32,517.944,-9.157,0.062,65.9,-1.165,30.181,1.241,0,65.9,-0.812,-0.812,-0.002367634,-0.110042825,5.510747024,3.110913806,0.165121595,-0.367924705,0.991699335,0.052637581,-0.117287301,0.002324263
77.443,516.924,-8.093,0.031,65.771,-1.03,30.172,1.266,0,65.861,-0.621,-0.621,-0.087355184,0.219234288,5.420632227,3.053729248,0.171670254,-0.287281103,0.993446802,0.055848194,-0.093459004,0.034782845
77.562,516.121,-5.656,0.066,65.668,-0.72,30.186,1.743,0,65.848,-0.417,-0.417,-0.178868093,0.455980502,5.407305752,-3.09357119,-0.085383499,-0.096557868,0.998876431,0.027569291,0.031177359,-0.022666768
77.677,515.556,-4.445,0.085,65.597,-0.566,30.195,3.515,0,65.847,-0.259,-0.259,-0.254152387,0.311906075,5.350666649,3.046672253,0.093627749,-0.29815124,0.994005858,0.030546946,-0.097274683,0.039457236
77.798,515.149,-2.788,0.053,65.545,-0.355,30.204,1.49,0,65.875,-0.061,-0.061,-0.33107913,0.023013728,5.394834075,-2.917831517,-0.074512461,-0.233450074,0.990820023,0.025302502,0.0792736,-0.106541833
77.92,514.913,-1.392,0.093,65.515,-0.177,30.206,3.098,67.761,65.945,0.19,0.257,-0.432491939,-0.110164473,5.415681519,2.966598403,0.067112012,-0.202750163,0.993930377,0.022485237,-0.0679295,0.083560777
78.038,514.837,-0.191,0.054,65.505,-0.024,30.195,1.689,67.761,66.045,0.442,0.583,-0.535519687,0.0889409,5.294043503,3.056045261,0.073454491,0.664077944,0.976903681,0.023480661,0.212280949,0.006682493
78.163,514.932,1.773,-0.213,65.517,0.226,30.179,-8.536,67.761,66.147,0.605,0.844,-0.631276367,0.246737333,5.317633007,2.964604829,0.057390831,-0.256319577,0.992694612,0.019217256,-0.085828324,0.082592997
78.286,515.409,5.676,-0.206,65.578,0.722,30.151,-8.288,67.761,66.298,0.842,1.183,-0.718179737,0.257818472,5.277788701,2.895728646,0.072131561,-0.412477725,0.983953088,0.024509918,-0.140157722,0.10766335
78.401,516.225,7.442,-0.149,65.682,0.947,30.158,-7.976,67.761,66.392,0.813,1.309,-0.70702086,0.055358695,5.23935797,3.00200672,0.093377138,-0.5106468,0.98426389,0.030615436,-0.167425077,0.04749878
78.52,517.234,9.733,-0.27,65.81,1.238,30.101,-9.791,67.761,66.52,0.928,1.509,-0.712018838,-0.021101375,5.303707433,3.003410442,0.121917331,-0.40287396,0.988856006,0.040140596,-0.132643987,0.05438846
78.639,518.5,10.752,-0.139,65.971,1.368,30.145,-4.553,67.761,66.621,0.899,1.57,-0.648554255,0.078942608,5.463092099,2.971805361,0.11783325,-0.295228146,0.99142618,0.039310438,-0.09849128,0.076343219
78.755,519.874,12.287,-0.174,66.146,1.563,30.122,-4.653,67.761,66.736,0.926,1.629,-0.591254867,0.115330314,5.284675746,2.967988579,0.166065766,-0.423318848,0.9860806,0.055173471,-0.140642894,0.069429922
78.874,521.341,12.419,-0.179,66.333,1.58,30.11,-6.742,67.761,66.833,0.887,1.607,-0.502736187,0.061369259,5.375899902,-2.992914829,-0.210026498,-0.657839186,0.973802193,0.068336146,0.214040586,-0.035015527
78.99,522.852,12.896,-0.165,66.525,1.641,30.126,-5.243,67.761,66.955,0.945,1.625,-0.431303159,-0.027984261,5.417763533,-2.957120065,-0.231117135,-0.474775449,0.982096281,0.076756869,0.15767882,-0.068794384
79.107,524.341,12.493,-0.179,66.714,1.59,30.108,-5.883,67.761,67.054,0.908,1.55,-0.342533927,-0.034952716,5.435136369,3.045045368,0.267603202,-0.326402567,0.989966693,0.086999773,-0.10611588,0.033710614
79.223,525.826,12.749,-0.148,66.903,1.622,30.142,-6.043,67.761,67.173,0.95,1.49,-0.265606502,0.051047173,5.442995339,-2.95054142,-0.312431297,-0.44067991,0.981171529,0.103895743,0.146543471,-0.070944463
79.348,527.256,12.075,-0.113,67.085,1.536,30.133,-5.436,67.761,67.265,0.888,1.248,-0.183582787,0.125976673,5.401904979,2.83061813,0.364586281,-0.137030245,0.980673303,0.126311645,-0.047474402,0.141673649
79.464,528.71,11.336,-0.146,67.27,1.442,30.133,-4.646,67.761,67.39,0.931,1.171,-0.118765082,0.095960015,5.414018219,-2.960086382,-0.421955427,-0.336800083,0.981606998,0.139926457,0.111687726,-0.066288307
79.582,529.9,9.447,-0.068,67.422,1.202,30.165,-1.549,67.761,67.482,0.876,0.996,-0.064985917,0.00063026,5.461803204,2.975465621,0.431861301,-0.427397183,0.97843809,0.142011235,-0.140543275,0.052338324
79.699,530.95,9.251,-0.131,67.555,1.177,30.163,-4.129,67.761,67.595,0.91,0.99,-0.039151034,-0.010399017,5.35051096,2.91348478,0.465019171,-0.263246074,0.979634048,0.156358673,-0.088514215,0.089634434
79.819,531.882,7.516,-0.004,67.674,0.956,30.181,0.363,67.761,67.704,0.918,0.978,-0.028519263,0.011462852,5.226266058,-2.828990722,-0.475650457,-0.40217497,0.969298686,0.162972384,0.137797437,-0.122114397
79.937,532.501,2.675,0.032,67.753,0.34,30.202,2.482,67.761,67.783,0.813,0.873,-0.030133367,-0.00563021,5.323913242,-2.885922608,-0.479546583,-0.408732298,0.972685716,0.161628766,0.137761167,-0.093704328
80.05,532.603,-0.4,-0.033,67.765,-0.051,30.188,-2.425,67.761,67.845,0.706,0.753,-0.083515951,-0.051167177,5.372231631,2.885303629,0.510739587,-0.390035024,0.971883064,0.172037061,-0.131379045,0.092661243
80.165,532.588,-0.039,-0.016,67.764,-0.005,30.19,-0.768,67.761,67.924,0.701,0.701,-0.160045199,-0.123523139,5.281396197,-2.919344774,-0.491117912,-0.486900224,0.970636657,0.163289055,0.161886739,-0.070667167
80.284,532.587,0,-0.019,67.763,0,30.204,-0.646,67.761,67.943,0.492,0.542,-0.182714035,-0.153325311,5.369645867,3.016097518,0.525408526,-0.274295361,0.980669415,0.170834023,-0.089185801,0.033898789
80.397,532.587,0.014,-0.01,67.763,0.002,30.202,-0.815,67.761,67.933,0.265,0.373,-0.166168968,-0.089302311,5.351042875,2.927467239,0.46527525,-0.229294634,0.981169074,0.155941518,-0.076850323,0.084163639
80.516,532.587,0.01,-0.014,67.763,0.001,30.211,-0.792,67.761,67.893,0.022,0.183,-0.12897536,-0.019615788,5.188384227,2.840917347,0.440341509,-0.344176529,0.973766808,0.150933622,-0.117971641,0.122800398
80.643,532.586,-0.006,-0.015,67.763,-0.001,30.206,-0.108,67.761,67.853,-0.118,0.057,-0.089762308,0.020153752,5.2727656,3.020148854,0.446600545,-0.207184275,0.986151756,0.145825896,-0.067650684,0.040778769
80.762,532.587,0.041,-0.012,67.763,0.005,30.193,-0.479,0,67.813,-0.196,-0.096,-0.053842921,0.005003999,5.345718134,2.99588254,0.369027936,-0.402447621,0.982651894,0.121041461,-0.132003145,0.048160051
80.884,532.586,0.046,-0.002,67.763,0.006,30.195,-0.003,0,67.763,-0.285,-0.285,0.003881644,0.016157294,5.327277944,-2.939804946,-0.323500555,-0.356909878,0.983581205,0.108234754,0.119412633,-0.081202676
80.997,532.555,-0.35,0.184,67.759,-0.045,30.17,7.144,0,67.709,-0.347,-0.347,0.050687374,0.144337334,5.279482471,3.018297282,0.369964356,-0.2461418,0.988317158,0.121141851,-0.080597152,0.045364589
81.115,532.334,-2.817,0.154,67.731,-0.358,30.177,5.468,0,67.651,-0.411,-0.411,0.077716644,0.255114126,5.218496144,3.070012476,0.366984321,0.440346647,0.982969288,0.117502557,0.14099201,0.009261752
81.232,531.964,-3.015,0.044,67.684,-0.384,30.193,3.035,0,67.624,-0.34,-0.34,0.056594409,0.294872067,5.263387277,2.948537182,0.371168582,-0.556820096,0.973500592,0.122546474,-0.183841905,0.059000962
81.346,531.608,-3.008,0.087,67.639,-0.383,30.172,2.783,0,67.599,-0.291,-0.328,0.040726189,0.260881975,5.38145655,-3.108796585,-0.372750699,-0.254029293,0.9896366,0.118659335,0.080866238,-0.000120503
81.465,531.269,-2.243,0.098,67.596,-0.285,30.19,2.734,0,67.586,-0.221,-0.241,0.012584335,0.259517212,5.398184879,-3.059313047,-0.33478556,-0.403934112,0.985438043,0.107838074,0.130111575,-0.018809356
81.579,530.972,-2.221,0.094,67.558,-0.283,30.177,2.141,0,67.568,-0.194,-0.194,-0.014302968,0.32513342,5.200578773,-3.056493687,-0.364461294,-0.349333716,0.986396884,0.117619574,0.112737576,-0.021841739
81.697,530.755,-1.601,0.076,67.53,-0.204,30.195,3.288,0,67.54,-0.212,-0.212,-0.013152551,0.415309239,5.340256586,-3.093112517,-0.311894371,-0.385746441,0.987372657,0.09956184,0.123136642,-0.004477103
81.814,530.572,-1.562,0.105,67.507,-0.199,30.19,3.918,0,67.557,-0.073,-0.073,-0.047238968,0.411939277,5.285482041,2.919912133,0.197848676,-0.460323729,0.98165001,0.066515068,-0.154756983,0.089382775
81.926,530.378,-1.676,0.046,67.482,-0.213,30.181,1.224,0,67.552,-0.06,-0.06,-0.06511587,0.32644508,5.13773737,2.933398864,0.203241976,-0.484839562,0.981111668,0.067976802,-0.162160611,0.080641087
82.05,530.286,-0.047,0.086,67.471,-0.006,30.183,4.149,67.761,67.571,0.028,0.028,-0.100766393,0.267973499,5.24240246,2.966826999,0.126345394,-0.583217646,0.978735268,0.041680453,-0.192399381,0.057641065
82.164,530.26,-0.345,0.084,67.467,-0.044,30.183,2.982,67.761,67.567,0.007,0.042,-0.097063269,0.305608715,5.17094817,2.930196256,0.056796742,-0.633890422,0.974716234,0.018893174,-0.210860718,0.071477753
82.28,530.244,0.059,0.012,67.465,0.007,30.202,0.444,67.761,67.585,0.066,0.112,-0.1151899,0.349623377,5.274040128,3.052517029,0.062106654,0.652914836,0.9776413,0.019891136,0.209111531,0.009705591
82.406,530.252,0.092,-0.072,67.466,0.012,30.22,-3.118,67.466,67.586,0.043,0,-0.117270649,0.346329399,5.341603685,2.938477319,0.007920722,-0.518925934,0.981701574,0.002646195,-0.173365438,0.078736543
82.522,530.321,0.787,-0.095,67.475,0.1,30.202,-4.183,67.466,67.565,-0.04,0,-0.094839065,0.255291007,5.246862983,2.950945097,0.037841412,-0.5193644,0.982195447,0.012595173,-0.172865754,0.072463065
82.647,530.343,0.048,-0.095,67.478,0.006,30.202,-3.434,67.466,67.558,-0.049,0,-0.075941121,0.204982995,5.150450233,-2.949591471,0.067297816,-0.64008469,0.975176214,-0.0222496,0.211620955,-0.061260739
82.762,530.344,-0.019,-0.097,67.478,-0.002,30.17,-4.225,67.466,67.548,-0.061,0,-0.067334331,0.235875347,5.314498506,-3.036936604,0.062969812,-0.45329338,0.988223568,-0.020490468,0.147502322,-0.035176485
82.881,530.344,0,-0.108,67.478,0,30.197,-3.93,67.466,67.538,-0.071,0,-0.059280827,0.278104911,5.227743379,-2.992470029,-0.085517092,-0.652585604,0.97592165,0.027889329,0.212824995,-0.038789692
83.004,530.344,0.054,-0.113,67.478,0.007,30.199,-4.77,67.466,67.518,-0.109,0,-0.041873241,0.274938473,5.212435129,2.920532657,0.137701761,-0.538951927,0.978853576,0.046152492,-0.180636577,0.084178685
83.122,530.345,-0.036,-0.129,67.478,-0.005,30.195,-4.825,67.466,67.498,-0.129,0,-0.021697418,0.251745777,5.217883074,2.952208551,0.178599362,-0.606836658,0.975975553,0.059043461,-0.200615144,0.061148621
83.24,530.346,0.026,-0.128,67.478,0.003,30.195,-5.096,67.466,67.478,-0.145,0,-0.004120852,0.218101849,5.186291345,-2.974724829,-0.231337145,-0.490853341,0.982060937,0.0763725,0.162047893,-0.058856073
83.364,530.346,0.037,-0.141,67.478,0.005,30.179,-5.308,67.466,67.468,-0.121,0,0.007324003,0.234798437,5.076392046,3.010342971,0.232231628,0.698050197,0.971192512,0.074922233,0.225203949,0.021329446
83.484,530.348,0.046,-0.14,67.479,0.006,30.195,-5.555,67.466,67.449,-0.136,0,0.025552454,0.297755565,5.097294707,2.994302885,0.190015119,-0.689807837,0.972135367,0.061690625,-0.223954163,0.031490113
83.604,530.35,0.036,-0.14,67.479,0.005,30.186,-5.362,67.466,67.439,-0.115,0,0.039154638,0.287641193,5.149887307,-3.060302535,-0.187621403,-0.599212551,0.979555902,0.060054733,0.191798747,-0.00876956
83.719,530.35,0.026,-0.143,67.479,0.003,30.179,-6.225,67.466,67.429,-0.102,0,0.047834938,0.22791419,5.206408204,-3.043853073,-0.205268294,-0.460748355,0.986156258,0.066503411,0.149274575,-0.028111058
83.84,530.351,-0.015,-0.156,67.479,-0.002,30.193,-5.946,67.466,67.419,-0.096,0,0.059232981,0.165630672,5.161188852,-3.092460014,-0.165769425,-0.521375532,0.984708884,0.052784717,0.166017706,-0.000555829
83.954,530.352,0.017,-0.161,67.479,0.002,30.193,-6.577,67.466,67.408056,-0.058,0,0.063661598,0.200711247,5.137538772,-3.013044124,-0.138839755,-0.53250234,0.982965536,0.045294622,0.1737218,-0.039343214
84.071,530.355,0.087,-0.15,67.48,0.011,30.197,-6.196,67.466,67.41,-0.068,0,0.06657497,0.300048639,5.182841518,3.064224083,0.119224756,0.508261613,0.985659258,0.03835065,0.163490904,0.016606575
84.196,530.36,0.021,-0.153,67.48,0.003,30.193,-6.246,67.466,67.4015,-0.039,0,0.074367711,0.312726167,5.234163789,-3.072754775,-0.158322668,-0.449870973,0.988041667,0.050908518,0.144655626,-0.016022999
84.313,530.362,0.028,-0.158,67.48,0.004,30.183,-6.208,67.466,67.4,-0.054,0,0.075695932,0.23897655,5.23322195,2.939560053,0.195378495,-0.410907152,0.984787974,0.065454146,-0.137658838,0.0834173
84.439,530.364,0.059,-0.154,67.481,0.008,30.172,-6.622,67.466,67.401,-0.032,0,0.08059835,0.229836676,5.206116189,2.953063041,0.181284538,-0.4944882,0.981987778,0.060282899,-0.16443312,0.070906453
84.557,530.366,-0.002,-0.165,67.481,0,30.183,-6.367,67.466,67.411,0.013,0,0.073194445,0.285229876,5.144879102,3.047535575,0.228226661,0.646080675,0.975603878,0.073061925,0.206829025,0.0089879
84.676,530.367,0.005,-0.175,67.481,0.001,30.186,-6.518,67.466,67.421,0.042,0,0.06140477,0.34268619,5.04372536,-3.023787335,-0.227720697,-0.645880162,0.975091035,0.073433871,0.208279183,-0.02060877
84.815,530.367,-0.003,-0.158,67.481,0,30.195,-6.166,67.466,67.426838,0.025,0,0.061158157,0.317933739,5.079763687,2.974072631,0.157156575,-0.66943962,0.973330928,0.051432959,-0.219088895,0.044515284
84.933,530.367,0.004,-0.169,67.481,0.001,30.193,-6.839,67.466,67.411,-0.013,0,0.066677359,0.219255605,5.09707904,3.003844681,0.21200453,0.607850621,0.977206089,0.068968985,0.197745021,0.034762697
85.057,530.368,-0.021,-0.182,67.481,-0.003,30.188,-7.239,67.466,67.409388,-0.008,0,0.071959688,0.223690739,5.130289715,-3.056625161,-0.172822888,-0.467463483,0.986720997,0.055789625,0.150903696,-0.022299464
85.174,530.368,0.033,-0.168,67.481,0.004,30.188,-7.302,67.466,67.391,-0.068,0,0.08528123,0.271567993,5.165822887,3.045808659,0.175041371,0.644205986,0.976746041,0.056133193,0.206587385,0.01174256
85.303,530.369,-0.009,-0.184,67.481,-0.001,30.183,-7.064,67.466,67.382228,-0.041,0,0.0947124,0.271565354,5.165768753,3.046648261,0.175019948,0.641640149,0.976926089,0.056121199,0.205745773,0.01159758
85.42,530.369,-0.014,-0.185,67.481,-0.002,30.186,-7.261,67.466,67.371,-0.087,0,0.106053617,0.222481758,5.232490715,3.006429386,0.171057118,-0.574826917,0.979970999,0.055757509,-0.187369679,0.037954522
85.54,530.37,0.002,-0.186,67.481,0,30.186,-7.483,67.466,67.36056,-0.052,0,0.111614954,0.160144369,5.127365589,2.975746503,0.19856777,-0.511638195,0.981770608,0.065512301,-0.168801792,0.057797637
85.667,530.371,-0.006,-0.192,67.481,-0.001,30.195,-7.698,67.466,67.361,-0.064,0,0.116348869,0.166124637,5.213647493,2.959016254,0.185932759,-0.651407056,0.973412038,0.061165323,-0.214289959,0.052986986
85.785,530.374,0.082,-0.172,67.482,0.01,30.19,-6.886,67.466,67.362,-0.038,0,0.117092986,0.238300196,5.066297915,2.988291635,0.215604942,0.605463214,0.976761964,0.070473278,0.197903522,0.04247091
85.904,530.378,0.021,-0.181,67.482,0.003,30.186,-7.117,67.466,67.357478,-0.021,0,0.121261958,0.313505103,5.302013174,-3.105910543,-0.223634769,-0.341455256,0.991464968,0.071388418,0.108998929,-0.004488192
86.029,530.38,0.029,-0.172,67.483,0.004,30.199,-7.521,67.466,67.363,-0.012,0,0.116464023,0.303080169,5.218656728,2.932523798,0.176545345,-0.645153851,0.972781294,0.058563893,-0.214011425,0.06682764
86.145,530.381,0.008,-0.177,67.483,0.001,30.202,-7.21,67.466,67.361608,-0.007,0,0.117042714,0.253973541,5.216376593,-3.046355231,-0.212879729,-0.588690948,0.979410521,0.068441344,0.189265553,-0.015791249
86.271,530.382,-0.003,-0.185,67.483,0,30.195,-6.86,67.466,67.360726,-0.004,0,0.11769153,0.246218501,5.302265616,-3.053858295,-0.182899632,-0.453894117,0.987109586,0.059119305,0.146713826,-0.024384954
86.388,530.39,0.136,-0.159,67.484,0.017,30.186,-5.928,67.466,67.374,0.032,0,0.110905504,0.299830534,5.235934612,2.991128316,0.166399391,-0.572113643,0.979701345,0.054501743,-0.18738765,0.045833431
86.531,530.396,0.049,-0.155,67.485,0.006,30.202,-5.515,67.466,67.375,0.022,0,0.112749081,0.304013501,5.087438057,3.049418064,0.195053875,0.601118026,0.979101216,0.062627518,0.193005806,0.01368805
86.645,530.398,0.022,-0.134,67.485,0.003,30.17,-6.155,67.466,67.365,-0.013,0,0.115073335,0.210799115,5.127117606,-3.001929402,-0.194507102,-0.644980776,0.975217015,0.06318824,0.209530653,-0.032495011
86.76,530.398,-0.019,-0.145,67.485,-0.002,30.177,-6.02,67.466,67.363505,-0.008,0,0.120324172,0.140975372,5.229953811,3.021378791,0.17616837,-0.582730875,0.979865083,0.057133265,-0.188985783,0.029741944
86.884,530.398,0.017,-0.141,67.485,0.002,30.202,-5.523,67.466,67.355,-0.039,0,0.125103233,0.149548843,5.230137617,3.019411875,0.175654131,-0.583895083,0.979753695,0.056997121,-0.189465164,0.030610069
87,530.398,0.027,-0.141,67.485,0.003,30.19,-5.741,67.466,67.350476,-0.024,0,0.125166356,0.231063464,5.232707531,3.00346304,0.170613953,-0.580316051,0.979575052,0.05564549,-0.189269226,0.038903183
87.125,530.398,-0.011,-0.156,67.485,-0.001,30.186,-5.782,67.466,67.347476,-0.014,0,0.125174737,0.239651855,5.233049077,3.001785892,0.17008962,-0.579882595,0.979555464,0.055504364,-0.18922974,0.039780207
87.241,530.398,-0.018,-0.146,67.485,-0.002,30.177,-5.728,67.466,67.345852,-0.009,0,0.126586546,0.160010169,5.150993379,2.884256947,0.2079135,-0.542987289,0.975416314,0.070313507,-0.183630887,0.09949232
87.365,530.398,-0.01,-0.143,67.485,-0.001,30.174,-5.749,67.466,67.344736,-0.005,0,0.12857695,0.131040776,5.300652044,-3.069721826,-0.221050952,-0.52558549,0.983137616,0.07079583,0.168328889,-0.009683133
87.481,530.399,0.036,-0.141,67.485,0.005,30.181,-5.748,67.466,67.365,0.029,0,0.123468029,0.189622084,5.226260529,-3.01546492,-0.21448874,-0.340270284,0.989996219,0.070418011,0.111712888,-0.049689241
87.61,530.399,-0.008,-0.14,67.485,-0.001,30.186,-5.35,67.466,67.368741,0.017,0,0.120452396,0.262294572,5.146904345,3.023197705,0.224451142,-0.61290031,0.977187904,0.072549321,-0.198107708,0.024366623
87.737,530.399,0.009,-0.133,67.485,0.001,30.183,-5.644,67.466,67.3709,0.011,0,0.124738461,0.277702941,5.289141903,2.951239493,0.206897336,-0.348345991,0.987432536,0.069224189,-0.116550407,0.08124654
87.854,530.399,0.014,-0.139,67.485,0.002,30.188,-5.453,67.466,67.355,-0.025,0,0.128252381,0.234468133,5.21377784,2.95131594,0.181530633,-0.652827993,0.973073325,0.059852154,-0.2152428,0.056714728
87.979,530.398,0.021,-0.139,67.485,0.003,30.177,-5.283,67.466,67.351875,-0.015,0,0.129946958,0.235356055,5.232847295,3.00229406,0.170371988,-0.581586464,0.979469806,0.055582236,-0.189737037,0.039362059
88.094,530.399,-0.02,-0.136,67.485,-0.003,30.215,-5.978,67.466,67.345,-0.041,0,0.13732526,0.303851428,5.348851237,-3.108332606,-0.233145963,-0.216745908,0.994760764,0.074613783,0.069365268,-0.008500844
88.22,530.399,0.016,-0.138,67.485,0.002,30.186,-5.306,67.466,67.355,0.009,0,0.131440786,0.313330545,5.165930731,2.944202352,0.186631292,-0.566803371,0.977755692,0.06197937,-0.188232722,0.068708132
88.336,530.399,-0.03,-0.135,67.485,-0.004,30.188,-5.517,67.466,67.345,-0.025,0,0.137067276,0.267962764,5.302785212,-3.057609411,-0.183781709,-0.448379763,0.987413919,0.059349836,0.144798226,-0.022909036
88.452,530.399,-0.037,-0.141,67.485,-0.005,30.174,-4.971,66.716,67.3421,-0.015,2,0.138924164,0.198201144,5.300675597,2.963365941,0.161782912,-0.52397314,0.981294787,0.05357311,-0.173509489,0.063913387
88.575,530.399,-0.021,-0.103,67.485,-0.003,30.167,-3.621,66.716,67.340255,-0.009,2,0.140591751,0.134455962,5.227852881,2.982617135,0.137282836,-0.513435502,0.9829494,0.045242844,-0.169207476,0.055967776
88.695,530.149,-5.924,0.58,67.453,-0.754,30.028,22.439,66.716,67.293,-0.17,2,0.155338251,0.15085276,5.203592615,2.926347436,0.148320223,-0.603975939,0.975408265,0.049438002,-0.201316876,0.074873998
88.813,528.83,-15.83,0.446,67.285,-2.014,29.916,18.463,66.716,67.255,-0.229,2,0.03011966,0.203307851,5.232846503,3.089015062,0.195931417,0.534553052,0.983436107,0.062377822,0.170183299,0.000274905
88.929,526.886,-15.144,-0.266,67.038,-1.927,30.222,-10.982,66.716,67.358,0.204,2,-0.324977245,0.188598641,5.240833328,-3.029871986,-0.161096107,-0.724382127,0.971232485,0.05163973,0.232202369,-0.011084134
89.046,525.57,-8.487,-0.119,66.871,-1.08,30.218,-4.749,66.716,67.391,0.235,2,-0.518244493,0.138154746,5.327174558,3.03815826,0.150795504,-0.562848128,0.981816477,0.048731336,-0.181890974,0.024027798
89.166,524.791,-4.747,-0.024,66.772,-0.604,30.186,-0.814,66.716,67.392,0.145,2,-0.623685633,0.122174421,5.095847091,-2.899266051,-0.205055903,-0.966217725,0.945842305,0.06689643,0.315214121,-0.03933521
89.281,524.386,-1.747,-0.093,66.72,-0.222,30.197,-3.76,66.716,67.4,0.116,2,-0.680911031,0.194344188,5.141216594,2.957447307,0.157605129,-0.603042522,0.976767883,0.052052873,-0.199169252,0.059553419
89.399,524.354,0.303,-0.047,66.716,0.039,30.181,-1.334,66.716,67.406,0.091,2,-0.692718753,0.306445407,5.239463465,2.9473995,0.126958415,-0.609738977,0.976356971,0.042056305,-0.201982426,0.064509167
89.522,524.359,-0.015,-0.045,66.717,-0.002,30.204,-2.294,66.716,67.387,-0.01,2,-0.666245848,0.297004471,5.029014265,-2.947307499,-0.228606574,-1.018823615,0.942569407,0.07310997,0.325826868,-0.007395797
89.64,524.359,0.028,-0.032,66.717,0.004,30.193,-2.42,67.466,67.397,0.026,0.5,-0.676339268,0.241414971,5.110061121,2.906452379,0.115060726,-0.529898438,0.978835885,0.038750185,-0.178459351,0.092363379
89.768,524.359,0.056,-0.087,66.717,0.007,30.181,-4.025,67.466,67.407,0.049,0.5,-0.689250315,0.237599608,5.201796059,2.970150056,0.152068518,0.810691039,0.963115818,0.049310504,0.26287876,0.029515284
89.883,524.618,4.382,-0.275,66.75,0.558,30.117,-11.481,67.466,67.46,0.194,0.5,-0.710480348,0.308501739,5.238296121,2.926574125,0.084861488,-0.555850404,0.978838662,0.028383257,-0.185912894,0.080657672
90.003,525.19,4.377,-0.065,66.822,0.557,30.183,-3.658,67.466,67.412,-0.041,0.5,-0.594215499,0.365617506,5.257083859,2.953955229,0.074394974,-0.519921431,0.98210207,0.024734112,-0.172858379,0.07059553
90.119,525.652,3.501,-0.19,66.881,0.445,30.158,-6.721,67.466,67.421,0.004,0.5,-0.540938585,0.317959531,5.252383608,2.95683897,0.077921431,-0.534661958,0.981444696,0.025863964,-0.177466933,0.067844321
90.236,526.105,3.817,-0.176,66.939,0.486,30.193,-6.346,67.466,67.419,-0.006,0.5,-0.476165572,0.219708744,5.346833339,3.056057726,0.094295886,-0.435947457,0.989167116,0.030521148,-0.141104955,0.0265757
90.355,526.556,3.8,-0.187,66.996,0.484,30.154,-6.486,67.466,67.406,-0.046,0.5,-0.407347631,0.202389212,5.108627864,-3.075096698,-0.13651538,0.521773357,0.984918333,0.043724316,-0.167118044,-0.009778587
90.471,527.037,4.117,-0.112,67.057,0.524,30.17,-2.887,67.466,67.397,-0.057,0.5,-0.343404385,0.287326238,5.183955009,3.02210401,0.084840005,-0.573034166,0.981610143,0.027556897,-0.18612733,0.032229839
90.589,527.482,3.88,-0.171,67.114,0.494,30.17,-6.795,67.466,67.414,0.022,0.5,-0.299104911,0.329210206,5.175416225,2.978444443,0.09367604,-0.514262437,0.983243331,0.030924311,-0.169768186,0.058779263
90.703,527.955,4.221,-0.124,67.174,0.537,30.165,-5.245,67.466,67.404,-0.019,0.5,-0.228084865,0.290862767,5.172043647,2.979506939,0.096506696,-0.534979286,0.982193133,0.031813389,-0.176355683,0.056420124
90.821,528.401,4.18,-0.109,67.231,0.532,30.158,-6.566,66.716,67.411,0.012,2,-0.178203844,0.239615485,5.233304667,2.948033516,0.087917262,-0.500431439,0.982696713,0.029306317,-0.166813684,0.074976701
90.938,528.86,3.973,-0.116,67.289,0.506,30.179,-3.191,66.716,67.399,-0.031,2,-0.105165822,0.234560956,5.140928554,-3.017230833,-0.142814028,-0.58744211,0.980003316,0.046386315,0.19080251,-0.032190266
91.052,529.051,-1.72,0.423,67.314,-0.219,30.131,16.842,66.716,67.344,-0.208,2,-0.033768552,0.300829607,5.25377616,2.974696091,0.076599382,-0.449207269,0.986310605,0.025397816,-0.148942238,0.066049611
91.172,528.346,-10.836,0.468,67.224,-1.379,30.008,19.803,66.716,67.324,-0.194,2,-0.104408103,0.377751361,5.27496804,3.032685046,0.098237275,0.561879869,0.982386333,0.031822281,0.182011352,0.027862218
91.289,526.72,-14.295,-0.014,67.017,-1.819,30.156,-0.764,66.716,67.297,-0.206,2,-0.279167753,0.363680156,5.20928235,2.974435751,0.103634097,0.64890854,0.975342819,0.033982503,0.212782638,0.047698254
91.406,525.338,-8.329,-0.191,66.841,-1.06,30.199,-7.426,66.716,67.411,0.255,2,-0.56572054,0.269083349,5.16087196,2.950190655,0.103081321,-0.627032996,0.975709643,0.034091844,-0.207377154,0.06183166
91.524,524.66,-3.817,-0.017,66.755,-0.486,30.183,-0.87,66.716,67.415,0.167,2,-0.655320036,0.214465393,5.246721802,2.978301597,0.083448511,-0.515105001,0.983284091,0.027550465,-0.170061539,0.058927422
91.641,524.354,-0.829,-0.065,66.716,-0.105,30.206,-3.199,66.716,67.436,0.172,2,-0.717394073,0.244938588,5.325297804,2.967744589,0.107996612,-0.514117577,0.982684675,0.035760023,-0.170235493,0.06381166
91.76,524.355,0.054,-0.037,66.716,0.007,30.174,-1.532,66.716,67.416,0.038,2,-0.698463548,0.301874582,5.329254612,2.959226566,0.104500606,-0.515151992,0.982310794,0.034688818,-0.171003926,0.067969464
91.883,524.355,-0.009,-0.055,66.716,-0.001,30.202,-1.629,66.716,67.386,-0.077,2,-0.669923019,0.281082573,5.191415575,2.981242564,0.09029941,-0.548484512,0.981598921,0.029731832,-0.18059309,0.05445835
91.998,524.355,-0.015,-0.058,66.716,-0.002,30.183,-1.843,67.466,67.377145,-0.047,0.5,-0.666721015,0.1746397,5.304695546,-2.92798349,-0.117055719,-0.853483069,0.958378211,0.038314304,0.279359354,-0.0447389
92.121,524.355,-0.054,-0.07,66.716,-0.007,30.188,-3.141,67.466,67.376,-0.063,0.5,-0.657146914,0.120339557,5.305596662,-2.922239892,-0.113105055,-0.850119932,0.958424034,0.037095724,0.278818784,-0.048035027
92.237,524.581,4.095,-0.357,66.745,0.521,30.131,-11.676,67.466,67.385,-0.01,0.5,-0.640436265,0.179053727,5.312451515,2.974659204,0.111856882,-0.409379763,0.987660435,0.037139252,-0.135924207,0.068353132
92.354,525.139,4.376,-0.088,66.816,0.557,30.165,-3.551,67.466,67.336,-0.173,0.5,-0.518142585,0.257129426,5.240604148,2.967391452,0.082478581,-0.41654735,0.987351999,0.027443427,-0.138599462,0.071924106
92.475,525.606,3.472,-0.198,66.875,0.442,30.154,-7.033,67.466,67.255,-0.374,0.5,-0.377215932,0.247574708,4.849770651,2.978107409,0.019651955,-0.43753311,0.987222103,0.006514488,-0.145039214,0.06567882
92.591,526.071,4.16,-0.115,66.934,0.529,30.161,-6.485,67.466,67.274,-0.165,0.5,-0.344827403,0.208699752,5.343509302,-3.063937993,-0.080549606,-0.591930545,0.981469131,0.025802399,0.189612701,-0.009980186
92.713,526.522,3.936,-0.148,66.992,0.501,30.172,-7.834,67.466,67.232,-0.247,0.5,-0.240326392,0.161694026,5.314395367,2.965863243,0.016500855,-0.343411101,0.99033292,0.005509809,-0.114668577,0.077855422
92.827,527.012,4.116,-0.129,67.054,0.524,30.174,-4.217,67.466,67.204,-0.239,0.5,-0.151083693,0.249806119,5.264282134,-3.085308166,-0.053031229,-0.516182731,0.986129506,0.016949898,0.164982879,-0.006476669
92.946,527.46,4.025,-0.161,67.111,0.512,30.174,-6.879,67.466,67.211,-0.121,0.5,-0.099286224,0.336381544,5.319754524,-3.043207563,-0.042575511,-0.438326878,0.989140722,0.013838416,0.142470389,-0.033336459
93.066,527.926,4.209,-0.105,67.17,0.536,30.188,-4.996,67.466,67.21,-0.076,0.5,-0.035446505,0.346503205,5.343908322,3.001639259,-0.097104641,-0.21624756,0.994771203,-0.032181382,-0.071666455,0.06525743
93.182,528.401,4.103,-0.108,67.231,0.522,30.158,-6.324,66.716,67.221,-0.012,2,0.010939546,0.274515853,5.181834876,3.091463208,-0.078550768,0.449007375,0.989269296,-0.025136273,0.143682515,0.008352422
93.298,528.851,4.055,-0.102,67.288,0.516,30.167,-4.238,66.716,67.228,0.017,2,0.057211696,0.215482336,5.191826482,3.058817568,0.011046448,0.515725182,0.9858832,0.003560365,0.16622266,0.01979057
93.414,529.038,-1.869,0.391,67.312,-0.238,30.12,16.791,66.716,67.202,-0.078,2,0.111252408,0.240031954,5.169710175,-3.063049043,0.065197439,-0.51529501,0.985776305,-0.02098239,0.165836591,-0.017408093
93.531,528.314,-10.781,0.454,67.22,-1.372,29.966,20.042,66.716,67.18,-0.122,2,0.035855929,0.307961571,5.26513006,2.981387831,0.026194888,-0.465632859,0.986088632,0.008663912,-0.154007226,0.06193481
93.648,526.71,-14.377,-0.013,67.016,-1.829,30.149,-0.656,66.716,67.166,-0.121,2,-0.149041323,0.286768357,5.17453799,2.97313509,-0.090668206,-0.483421043,0.984569446,-0.030025257,-0.160087441,0.063980475
93.768,525.331,-8.22,-0.168,66.84,-1.046,30.229,-8.139,66.716,67.29,0.341,2,-0.446127386,0.170437153,5.181185212,3.008498264,0.050988046,-0.609476523,0.979328115,0.016597659,-0.198397154,0.035770517
93.885,524.648,-3.919,-0.015,66.753,-0.499,30.172,-0.585,66.716,67.293,0.217,2,-0.537019057,0.091577133,5.226041378,2.958620823,0.050783709,-0.492932325,0.983785395,0.016886338,-0.163907324,0.070820458
94,524.35,-0.831,-0.096,66.715,-0.106,30.218,-4.062,66.716,67.315,0.205,2,-0.599808218,0.119231477,5.170371198,2.982973721,0.06382841,-0.627391247,0.977324745,0.020912382,-0.205554942,0.046326882
94.117,524.354,0.06,-0.048,66.716,0.008,30.199,-1.64,66.716,67.306,0.092,2,-0.590529582,0.20608135,5.168136879,-2.951788535,0.041132892,-0.928937999,0.953534179,-0.013287408,0.300080484,-0.02340338
94.243,524.352,0.037,-0.054,66.716,0.005,30.188,-2.082,66.716,67.346,0.187,2,-0.630692768,0.266273171,5.250836049,2.962287437,-0.115097251,-0.572869328,0.979264178,-0.038048507,-0.18937744,0.061075089
94.359,524.352,-0.04,-0.054,66.716,-0.005,30.19,-1.744,67.466,67.356,0.145,0.5,-0.636671362,0.202300887,5.182267268,2.982575729,0.006167375,-0.61598393,0.978200532,0.002022725,-0.202025317,0.048014563
94.477,524.352,0.009,-0.062,66.716,0.001,30.199,-2.919,67.466,67.376,0.156,0.5,-0.663364114,0.157747487,5.334360217,2.974165064,0.019804455,-0.352272302,0.990371195,0.006594712,-0.117303624,0.073220657
94.592,524.553,3.879,-0.369,66.741,0.494,30.108,-12.713,67.466,67.391,0.146,0.5,-0.654887392,0.201324576,5.158007667,2.933793222,-0.074364955,-0.612377154,0.976078152,-0.024741351,-0.203738954,0.071761727
94.707,525.111,4.406,-0.092,66.812,0.561,30.17,-3.012,67.466,67.382,0.058,0.5,-0.566931159,0.29284201,5.120432571,2.943306095,0.067583655,-0.688861149,0.971751126,0.022313171,-0.227431866,0.058962849
94.826,525.573,3.962,-0.129,66.871,0.504,30.177,-7.311,67.466,67.381,0.031,0.5,-0.507778841,0.337059286,5.083975376,-2.951139164,-0.154341737,-0.990652539,0.946776604,0.049515505,0.317818508,-0.012396494
94.941,526.03,3.84,-0.173,66.929,0.489,30.14,-5.47,67.466,67.389,0.046,0.5,-0.456609209,0.27017993,5.027406158,2.932484155,0.093034228,-0.790903936,0.96377121,0.030576026,-0.259933355,0.051427741
95.06,526.478,3.9,-0.167,66.986,0.496,30.136,-6.873,67.466,67.406,0.085,0.5,-0.424482464,0.200264008,5.106696922,2.982803025,0.069460527,-0.69417687,0.972975503,0.022657678,-0.22643704,0.039135246
95.178,526.959,4.235,-0.127,67.047,0.539,30.19,-5.799,67.466,67.407,0.056,0.5,-0.359186448,0.195531283,5.172052326,2.955830083,0.060416606,-0.681726121,0.972817412,0.019884203,-0.224368459,0.053755889
95.295,527.42,3.785,-0.174,67.106,0.482,30.174,-5.258,67.466,67.386,-0.037,0.5,-0.283810089,0.267721048,5.175240633,2.938742094,0.055664292,-0.696958488,0.97107053,0.018393568,-0.230301206,0.060374312
95.415,527.875,4.332,-0.097,67.164,0.551,30.161,-5.89,67.466,67.394,0.004,0.5,-0.229193716,0.271165412,5.156905895,-2.976722854,-0.115943563,-0.812443,0.963684393,0.037535574,0.263020334,-0.026903068
95.531,528.35,3.866,-0.145,67.224,0.492,30.165,-5.822,0,67.374,-0.062,14,-0.153483563,0.173677245,5.147455736,-2.958901196,-0.10800782,-0.784528111,0.965254931,0.035234391,0.255929339,-0.039263596
95.646,528.802,3.852,-0.116,67.282,0.49,30.17,-4.341,0,67.372,0.29,14,-0.093762034,0.101952454,5.09332166,3.000635601,0.140415604,0.907460063,0.956225389,0.044746842,0.289184182,0.001798691
95.767,528.983,-2.108,0.381,67.305,-0.268,30.129,15.288,0,67.315,0.107,14,-0.005022865,0.123176826,5.205206467,2.911597997,0.108945756,-0.628273089,0.97368541,0.036433221,-0.210104671,0.080407518
95.899,528.233,-10.465,0.491,67.209,-1.332,29.971,18.341,0,67.259,-0.347,14,-0.048352198,0.205006838,5.211594612,2.856959716,0.128960822,-0.622907576,0.97048005,0.043806675,-0.211595345,0.107130096
96.024,526.238,-18.768,0.431,66.956,-2.388,29.873,17.273,0,67.196,-0.998,14,-0.243352748,0.274222897,5.089264636,-2.91863263,-0.178784006,-0.883642291,0.954554217,0.058472253,0.288999879,-0.043431699
96.156,523.38,-26.543,0.399,66.592,-3.377,29.829,16.054,0,66.922,-2.31,14,-0.329853694,0.223554522,4.926710285,2.874869229,0.050450864,-0.830692328,0.95790876,0.016810269,-0.276787358,0.074276381
96.287,519.35,-35.037,0.402,66.079,-4.458,29.681,18.059,0,66.179,-4.262,14,-0.09657398,0.145498041,4.347526277,2.980316679,0.05838844,-0.628593683,0.977186441,0.019144406,-0.206103341,0.047555916
96.409,514.297,-43.109,0.354,65.436,-5.485,29.59,18.824,0,65.396,-5.055,-5.055,0.040677234,0.164812586,3.935413163,2.912633863,0.092146215,-0.453889718,0.983027499,0.031099777,-0.153189895,0.096034349
96.532,508.659,-48.907,0.439,64.719,-6.223,29.432,18.046,0,64.619,-5.57,-5.57,0.101412001,0.21278062,3.818024795,-2.994775097,-0.115144982,0.19887185,0.994695839,0.038244686,-0.066054043,-0.068952118
96.672,502.76,-44.026,-0.386,63.968,-5.602,30.455,-14.196,0,63.868,-5.779,-5.779,0.097200021,0.205427033,3.728190164,2.88310433,0.080067177,-0.400690365,0.983584125,0.027315281,-0.136697336,0.11458614
96.797,496.801,-43.199,0.122,63.21,-5.496,29.925,10.959,0,62.9,-6.179,-6.179,0.305312634,0.128141779,3.772598856,-2.915904358,0.010570615,0.346089148,0.987801247,-0.003580936,-0.117242286,-0.102421286
96.919,491.168,-44.765,0.206,62.494,-5.696,29.841,9.413,0,61.904,-6.927,-6.927,0.591331295,0.066807243,3.793351948,-2.925642531,0.163710483,-0.020351207,0.99284692,-0.055556838,0.006906392,-0.105454884
97.041,485.339,-50.611,0.162,61.752,-6.44,29.861,3.433,0,60.892,-7.457,-7.466,0.86369066,0.041430944,3.679394948,-2.852451247,0.326894621,0.703630312,0.960794596,-0.11010831,-0.237004647,-0.092621282
97.165,479.083,-53.321,0.374,60.956,-6.784,29.459,14.956,0,59.886,-7.786,-7.999,1.068565194,-0.023041574,3.598100747,2.910290853,-0.300565026,-0.076635652,0.98863781,-0.10210318,-0.026033447,0.107202991
97.288,471.939,-60.502,0.245,60.047,-7.698,29.574,7.705,0,58.747,-8.321,-8.738,1.300962772,-0.215255436,3.504718417,2.917646222,-0.291738685,0.063059549,0.989395772,-0.098930782,0.021383967,0.104170211
97.412,464.323,-64.402,0.221,59.078,-8.194,29.658,6.992,0,57.598,-8.764,-9.417,1.475262883,-0.441182198,3.53268568,2.926461647,-0.261584333,0.104870195,0.990342748,-0.088522652,0.035489082,0.100625573
97.539,456.115,-67.799,0.262,58.034,-8.626,29.357,14.605,0,56.404,-9.086,-9.977,1.634594527,-0.6062264,3.659470208,2.94763521,-0.122373818,0.01489347,0.994555761,-0.041289908,0.005025176,0.095544389
97.662,446.88,-76.134,0.377,56.859,-9.687,29.309,8.278,0,55.169,-9.271,-10.422,1.69251236,-0.680248196,3.741493803,2.898734693,-0.027933364,-0.023539138,0.99257168,-0.009564817,-0.008060166,0.121016558
97.785,437.451,-79.064,0.316,55.659,-10.06,29.272,8.856,0,53.939,-9.648,-10.992,1.721435898,-0.831284895,3.854444534,2.89560082,0.142877956,-0.056664784,0.991297935,0.048913725,-0.019398973,0.120662885
97.905,427.452,-82.399,0.292,54.387,-10.484,29.311,7.79,0,52.737,-9.687,-11.221,1.654051208,-1.033670322,3.789081999,2.832843103,0.271487674,-0.133294112,0.983722976,0.09427584,-0.046287237,0.145803512
98.025,417.284,-87.003,0.249,53.093,-11.07,29.27,7.831,0,51.533,-9.77,-11.405,1.55557275,-1.13696801,3.663672637,2.866247927,0.326866831,-0.0528607,0.985248722,0.112357736,-0.018170423,0.127790968
98.143,406.693,-88.469,0.112,51.745,-11.256,29.592,8.137,0,50.375,-9.768,-11.499,1.374079672,-1.181616685,3.639917206,2.856837023,0.323673394,-0.099425668,0.984360722,0.11152592,-0.03425842,0.131993554
98.261,396.133,-88.663,0.062,50.402,-11.281,29.539,10.122,0,49.272,-9.616,-11.366,1.125161974,-1.157308356,3.521552836,2.835376363,0.273840022,-0.099851246,0.984226774,0.095056404,-0.034660749,0.145122601
98.379,385.487,-90.153,0.193,49.047,-11.471,29.491,2.839,0,48.147,-9.577,-11.236,0.904556381,-1.186275719,3.340449601,2.795847872,0.211998214,-0.089850665,0.982571318,0.074504542,-0.031577071,0.167348639
98.494,374.846,-89.991,0.114,47.693,-11.45,29.77,1.149,0,47.045645,-9.577,-9.577,,,,,,,,,,
98.606,364.801,-88.778,0.054,46.415,-11.296,29.777,0.573,0,45.973021,-9.577,-9.577,,,,,,,,,,
98.72,355.264,-82.16,-0.251,45.202,-10.454,30.506,-10.752,0,44.881243,-9.577,-9.577,,,,,,,,,,
98.83,346.409,-75.027,-0.087,44.075,-9.546,30.339,-6.674,0,43.827773,-9.577,-9.577,,,,,,,,,,
98.945,338.306,-74.828,0.189,43.044,-9.521,29.695,7.274,0,42.726418,-9.577,-9.577,,,,,,,,,,
99.058,329.717,-75.001,0.107,41.951,-9.543,29.651,7.795,0,41.644217,-9.577,-9.577,,,,,,,,,,
99.172,321.208,-75.063,0.076,40.869,-9.551,29.772,4.171,0,40.552439,-9.577,-9.577,,,,,,,,,,
99.286,312.641,-73.965,0.132,39.779,-9.411,29.72,8.117,0,39.460661,-9.577,-9.577,,,,,,,,,,
99.403,304.086,-74.05,0.122,38.69,-9.422,29.692,8.826,0,38.340152,-9.577,-9.577,,,,,,,,,,
99.523,295.298,-75.864,0.1,37.572,-9.652,29.72,3.249,0,37.190912,-9.577,-9.577,,,,,,,,,,
99.641,286.283,-75.779,0.098,36.425,-9.642,29.733,3.837,0,36.835,-9.335,-9.335,-0.414076322,-1.809446972,4.264570779,2.86485757,0.005298032,-0.077919648,0.990147877,0.001831098,-0.026930475,0.137399336
99.758,277.425,-75.428,0.22,35.298,-9.597,29.626,1.979,0,35.768,-9.227,-9.227,-0.467608701,-1.730782953,4.092988485,2.841087211,0.022736834,-0.198987851,0.986805885,0.007897273,-0.069115225,0.146201448
99.878,268.8,-73.872,0.028,34.201,-9.399,29.893,3.11,0,34.66076,-9.227,-9.227,,,,,,,,,,
100,260.141,-71.178,0.098,33.099,-9.056,29.733,7.072,0,33.535066,-9.227,-9.227,,,,,,,,,,
100.12,251.333,-73.346,0.18,31.978,-9.332,29.704,3.807,0,32.427826,-9.227,-9.227,,,,,,,,,,
100.239,242.642,-71.261,0.102,30.872,-9.067,29.738,8.57,0,31.562,-9.049,-8.754,-0.689118268,-1.845604964,4.434733774,-1.989637348,0.01960255,-0.428157085,-0.831789301,0.008195057,-0.178995676,0.525376005
100.361,234.034,-71.758,0.106,29.777,-9.13,29.706,6.84,0,30.517,-8.924,-8.506,-0.741958625,-1.862809565,4.562724434,2.813293309,-0.00221711,-0.127282338,0.985783144,-0.000776879,-0.044599965,0.161993307
100.486,225.508,-67.554,0.057,28.692,-8.595,29.934,3.277,0,29.562,-8.511,-8.047,-0.866659846,-1.468847498,5.258982036,2.664853093,0.07966551,-0.0566316,0.971282232,0.029036383,-0.020641013,0.235248086
100.609,217.174,-65.482,0.055,27.632,-8.332,29.864,3.588,0,28.402,-8.817,-8.136,-0.769890224,-0.882949415,5.110212477,2.622916605,0.057827228,-0.10932449,0.965859463,0.021294225,-0.040257511,0.255032129
100.729,209.289,-63.31,0.025,26.629,-8.055,29.962,2.567,0,27.289,-8.91,-8.128,-0.664027064,-1.721639792,4.797991852,2.858635469,0.118538762,-0.159162451,0.988109572,0.040973844,-0.055015739,0.13760046
100.852,201.798,-64.665,0.138,25.676,-8.228,29.692,7.149,0,26.266,-8.784,-8.005,-0.586042741,-1.602912473,4.934492326,2.827042192,0.160714003,-0.245080536,0.983544836,0.05591336,-0.08526498,0.149141326
100.971,193.875,-65.336,0.135,24.668,-8.313,29.827,0.585,0,25.138,-8.908,-8.133,-0.471767406,-0.906772061,5.080884113,-2.362138529,-0.202163265,-0.501624798,0.912576527,0.078102723,0.193795161,-0.35149322
101.093,186.386,-63.422,0.232,23.715,-8.069,29.736,3.962,0,24.125,-8.707,-8.014,-0.412398989,-0.652653218,5.493171147,2.645393387,0.379215204,-0.365695635,0.956645888,0.137134487,-0.132245445,0.220304154
101.215,178.634,-62.573,0.205,22.728,-7.961,29.672,8.901,0,23.018,-8.896,-8.316,-0.289647666,-0.743698674,5.594873584,-2.453617464,-0.428276821,-0.569042016,0.919334586,0.160469062,0.213211723,-0.289161477
101.335,170.865,-64.341,0.145,21.74,-8.186,29.834,2.991,0,21.95,-8.812,-8.392,-0.210086934,-0.725649511,5.60982969,2.778150261,0.619344397,-0.361424776,0.959298782,0.2138604,-0.12480043,0.135773448
101.456,163.202,-65.094,0.164,20.765,-8.282,29.574,10.972,0,20.915,-8.746,-8.446,-0.150476236,-0.335746052,5.583533567,2.690331948,0.712536462,-0.407893007,0.943558999,0.249902318,-0.143057111,0.163645685
101.575,155.203,-65.849,0.094,19.747,-8.378,29.683,7.822,0,19.887,-8.666,-8.386,-0.139096961,-0.14116455,5.600066282,-2.649473496,-0.745196693,-0.510120055,0.932686743,0.262329507,0.179576136,-0.170385093
101.696,147.311,-67.162,0.122,18.743,-8.545,29.775,2.673,0,18.923,-8.447,-8.209,-0.176271139,-0.49457705,5.556748865,2.733726176,0.784756555,-0.156971442,0.949430182,0.272547984,-0.054516588,0.146040638
101.818,139.342,-66.579,0.165,17.729,-8.471,29.765,2.915,0,17.919,-8.385,-8.176,-0.188070204,-0.417346858,5.529256766,2.800940824,0.794389653,-0.222508426,0.953371166,0.270390643,-0.07573638,0.110617906
101.936,131.465,-63.928,0.162,16.727,-8.134,29.749,4.873,0,16.957,-8.185,-8.007,-0.233519541,0.021735371,5.43920253,2.846940716,0.829619554,-0.374608722,0.9497229,0.276756268,-0.124967296,0.076259794
102.057,123.988,-64.037,0.137,15.776,-8.148,29.706,5.091,0,16.016,-8.127,-7.936,-0.237589656,0.184873521,5.389878842,2.781624557,0.821608345,-0.473738685,0.941639014,0.278131882,-0.160370611,0.101192342
102.179,116.299,-63.394,0.079,14.797,-8.066,29.848,2.373,0,15.037,-8.094,-7.884,-0.239367006,-0.129404459,4.961986791,2.921994836,0.903579377,-0.381978783,0.947582563,0.293024495,-0.123873057,0.029654631
102.3,108.651,-60.968,0.128,13.824,-7.757,29.775,6.302,0,14.084,-7.957,-7.747,-0.260019863,-0.136240342,4.952827197,-2.978982656,-0.940389264,0.308962604,0.94898327,0.299569948,-0.098422977,-0.001232094
102.419,101.297,-62.529,0.073,12.889,-7.956,29.823,3.062,0,13.189,-7.787,-7.583,-0.30230691,0.236301699,5.323799619,2.939409802,0.907203973,0.44008737,0.94575794,0.291893754,0.141598536,0.017023809
102.538,93.993,-60.484,0.116,11.959,-7.696,29.823,4.266,0,12.299,-7.639,-7.423,-0.336845044,0.683433582,5.307762201,3.024711824,0.812242898,-0.150202755,0.96467078,0.259048477,-0.047904137,0.003060613
102.657,86.912,-60.239,0.151,11.058,-7.664,29.816,1.487,0,11.388,-7.63,-7.358,-0.326147738,0.45384107,5.25746681,2.712232673,0.648794999,0.288445716,0.953621252,0.22811638,0.10141754,0.168178204
102.775,79.981,-58.273,0.11,10.176,-7.414,29.772,4.096,0,10.516,-7.525,-7.237,-0.336231356,0.360026633,5.301671067,-2.945222151,-0.578662117,0.308862354,0.974204187,0.191406634,-0.10216377,-0.062066636
102.897,73.183,-56.823,0.107,9.311,-7.23,29.763,5.175,0,9.621,-7.549,-7.221,-0.305849359,1.338330607,4.674285554,2.484317592,0.35814251,0.070243353,0.940605974,0.135599001,0.026595359,0.310106431
103.016,66.246,-56.66,0.054,8.429,-7.209,29.834,4.949,0,8.709,-7.522,-7.183,-0.282447993,1.617724088,4.32600633,-3.108420368,-0.356143225,0.229580218,0.990834054,0.113523524,-0.073180546,-0.002212389
103.143,59.523,-55.449,0.192,7.573,-7.055,29.706,8.205,0,7.803,-7.553,-7.205,-0.233122881,1.557411597,4.524373734,2.312634462,0.291498575,0.067305329,0.911568135,0.114899616,0.026529655,0.393875349
103.262,52.368,-57.309,0.222,6.663,-7.292,29.727,3.486,0,6.833,-7.592,-7.257,-0.16649448,1.377362082,4.469841033,-2.881761418,-0.301601031,0.118705495,0.986488837,0.103244512,-0.040635441,-0.120536741
103.383,45.734,-54.282,-0.022,5.819,-6.907,30.019,-0.036,0,5.939,-7.568,-7.328,-0.124419235,1.306574672,4.442552257,-2.793277118,-0.253474867,0.122670315,0.981101845,0.089029713,-0.043086335,-0.166302278
103.504,39.441,-50.331,-0.039,5.018,-6.404,30.115,-2.585,0,5.078,-7.376,-7.256,-0.064092271,1.667321799,4.250353441,-2.929639982,-0.254911283,0.137072563,0.990297823,0.086166932,-0.046334246,-0.098684438
103.623,33.658,-44.551,-0.017,4.282,-5.668,30.067,0.213,0,4.200256,-7.376,-7.376,,,,,,,,,,
103.742,28.419,-43.372,-0.061,3.616,-5.518,30.115,-3.213,0,3.346,-7.312,-7.312,0.266223108,1.503384307,4.348204383,-2.888565291,-0.107514096,0.085018843,0.991096371,0.036889189,-0.029170837,-0.124564175
103.862,23.612,-37.505,-0.01,3.004,-4.772,30.131,-1.789,0,2.414,-7.527,-7.527,0.586822254,0.896974334,5.257588061,-2.738853532,0.056907123,0.147361891,0.978619843,-0.020333486,-0.052653882,-0.197780994
103.982,19.247,-34.356,-0.058,2.449,-4.371,30.136,-1.347,0,1.659,-7.059,-7.059,0.785894964,1.098607884,4.92807029,2.29238523,-0.056627779,-0.249492075,0.90847034,-0.022441541,-0.0988735,0.405465226
104.111,15.268,-30.52,-0.073,1.943,-3.883,30.151,-4.053,0,0.893,-6.771,-6.914,1.051865656,1.509494312,4.263774562,2.277801127,-0.184513955,-0.450791005,0.898339641,-0.072770269,-0.177787,0.395072348
104.233,11.556,-26.692,-0.087,1.47,-3.396,30.136,-4.19,0,0.08,-6.608,-6.925,1.390557456,0.882385844,4.397284461,-2.87795333,0.437810808,0.032016657,0.982016425,-0.149389985,-0.010924737,-0.114921814
104.36,8.459,-23.699,-0.191,1.076,-3.015,30.202,-8.129,0,-0.574,-6.093,-6.678,1.647881458,0.36819774,4.381144638,-2.737710608,0.522050689,0.055118212,0.966763416,-0.184350934,-0.019463807,-0.176080639
104.484,5.757,-19.171,-0.171,0.732,-2.439,30.177,-7.054,0,-1.218,-5.695,-6.533,1.950561424,0.658945905,4.114035137,-2.927364797,0.762181113,-0.007284527,0.96608899,-0.251535027,0.00240404,-0.05827876
104.612,3.612,-14.881,-0.188,0.46,-1.893,30.179,-8.45,0,-1.73,-5.081,-6.216,2.190452312,0.464154889,3.979707714,-2.908219202,0.913036181,0.013060411,0.953036522,-0.299206066,-0.004279955,-0.04667761
104.736,1.9,-11.423,-0.323,0.242,-1.453,30.186,-12.872,0,-2.138,-4.335,-5.783,2.380293962,-0.10566561,3.974214955,2.325556703,-0.752766425,-1.245557922,0.830944213,-0.268970825,-0.445050059,0.197779816
104.864,0.762,-6.888,-0.216,0.097,-0.876,30.126,-9.733,0,-2.353,-3.303,-5.078,2.445043781,0.073223573,3.963611376,2.763155057,-1.146122777,-0.130019383,0.920317486,-0.381736389,-0.043305247,0.073605098
104.995,0.103,-3.164,-0.203,0.013,-0.403,30.115,-9.81,0,-2.785693,-3.303,-3.303,,,,,,,,,,
105.12,-0.062,0.344,-0.169,-0.008,0.044,30.108,-6.391,0,-3.198568,-3.303,-3.303,,,,,,,,,,
105.245,-0.02,-0.024,-0.12,-0.003,-0.003,30.113,-4.459,0,-3.611443,-3.303,-3.303,,,,,,,,,,
105.372,-0.02,-0.037,-0.13,-0.003,-0.005,30.099,-4.488,0,-4.030924,-3.303,-3.303,,,,,,,,,,
105.499,-0.02,-0.012,-0.133,-0.003,-0.001,30.101,-4.87,0,-4.450405,-3.303,-3.303,,,,,,,,,,
105.632,-0.02,0.018,-0.129,-0.003,0.002,30.11,-4.885,0,-4.889704,-3.303,-3.303,,,,,,,,,,
105.783,-0.017,-0.132,-0.15,-0.002,-0.017,30.101,-5.233,0,-1.522,-1.638,-2.953,1.518479988,-0.251811846,4.667361233,2.066123972,-1.268095267,0.240863058,0.795892831,-0.488483724,0.092783,0.34544112
105.91,-0.017,-0.178,-0.148,-0.002,-0.023,30.101,-5.68,0,-1.730026,-1.638,-1.638,,,,,,,,,,
106.037,-0.015,0.045,-0.133,-0.002,0.006,30.131,-5.059,0,-1.938052,-1.638,-1.638,,,,,,,,,,
106.166,-0.012,0.133,-0.123,-0.001,0.017,30.115,-4.404,0,-0.821,-0.313,-1.349,0.823350619,0.416096616,5.259951142,-1.906823526,1.135991484,1.064791821,0.730258972,-0.435052307,-0.407784868,-0.333410895
106.296,-0.013,-0.043,-0.138,-0.002,-0.005,30.108,-4.641,0,-0.512,0.762,-0.258,0.508132754,0.015127634,5.067407268,-1.907395158,1.07047463,1.068687236,0.735048788,-0.412526516,-0.411837712,-0.34628724
106.423,-0.011,0.058,-0.13,-0.001,0.007,30.115,-4.639,67.761,-0.211,1.374,0.954,0.212189102,-0.181949408,5.00834353,-1.962232725,1.078804648,0.993466327,0.753549309,-0.414289542,-0.381517368,-0.339075379
106.552,-0.011,0.003,-0.137,-0.001,0,30.115,-6.664,67.761,0.039,1.607,1.607,-0.041754583,0.408640776,5.209005313,-2.218912037,1.206010576,0.886419933,0.806714971,-0.438461178,-0.322269751,-0.230445131
106.681,0.348,7.131,-0.515,0.044,0.907,29.934,-20.313,67.761,0.204,1.481,1.481,-0.15877716,-0.207874974,5.051772553,-2.403569482,1.211208401,0.683119169,0.851222731,-0.428948749,-0.241926255,-0.181368465
106.818,1.827,14.026,-0.242,0.232,1.785,29.982,-5.592,67.761,0.392,1.467,1.467,-0.159259392,0.143613566,4.847300785,-2.577878384,1.271614571,0.374841414,0.882750065,-0.435442514,-0.128357988,-0.121104777
106.945,3.605,11.221,-0.089,0.459,1.428,30.101,-3.775,67.761,0.439,1.023,0.996,0.024543819,0.895746173,4.540239995,2.784444135,-1.348946712,0.141163109,0.898795384,-0.435428767,0.045566276,0.022189214
107.073,5.016,11.574,-0.116,0.638,1.473,30.072,-3.86,67.761,0.498,0.805,0.805,0.143539523,0.740021631,4.687771623,-2.717429312,1.343835594,0.200644914,0.89322968,-0.441724034,-0.065952771,-0.051680263
107.198,6.187,6.753,-0.026,0.787,0.859,30.115,-1.365,67.761,0.467,0.393,0.393,0.322350403,0.355862781,4.743454593,2.697810554,-1.227761305,0.626001417,0.889133498,-0.404640608,0.206315017,0.056051007
107.325,6.915,4.987,-0.22,0.88,0.634,30.085,-5.419,67.761,0.5,0.342,0.291,0.379897957,0.447219558,4.904245807,2.556995752,-1.268883722,-1.004563267,0.843565429,-0.418610958,-0.331410345,0.057701098
107.449,7.4,2.569,-0.056,0.941,0.327,30.115,-1.866,67.761,0.511,0.243,0.09,0.432285085,-0.337241447,5.02570674,2.633747944,-1.173710943,0.982535686,0.863606308,-0.384859977,0.322173585,0.047656312
107.57,7.636,1.514,-0.19,0.972,0.193,30.085,-6.114,67.761,0.612,0.468,0.164,0.362372567,0.03361143,5.087001762,-2.47475464,1.082601176,1.198781127,0.833777079,-0.36474244,-0.403884979,-0.093035787
107.693,7.764,0.471,-0.132,0.988,0.06,30.124,-5.635,67.761,0.668,0.466,0.115,0.322899212,0.413510568,5.059994555,2.389607104,-0.94265116,0.966701325,0.853541307,-0.3367046,0.345295054,0.19715115
107.815,7.868,1.506,-0.107,1.001,0.192,30.092,-3.717,67.761,0.751,0.55,0.169,0.250712945,0.125522553,5.198944643,2.499745823,-0.95923611,0.71359793,0.886682272,-0.340249655,0.253119588,0.184269356
107.942,8.016,0.698,-0.16,1.02,0.089,30.108,-6.819,67.761,0.93,0.905,0.725,0.093982964,0.543819883,5.498997672,-2.780711818,1.015951976,0.516716639,0.923136153,-0.337274072,-0.171538743,-0.068119769
108.067,8.172,1.291,-0.14,1.04,0.164,30.129,-5.077,67.761,1.03,0.859,0.839,0.011314889,0.801624059,5.494012354,2.563695515,-0.88010126,0.150293448,0.922939617,-0.316839623,0.054106183,0.211819823
108.194,8.635,6.234,-0.273,1.099,0.793,30.033,-12.075,67.761,1.159,0.926,0.926,-0.062797263,0.381628576,5.25920423,-2.827617365,0.911840899,-0.433529898,0.939486355,-0.30296252,0.144041916,-0.069505586
108.322,9.591,7.075,-0.056,1.22,0.9,30.101,-3.612,67.761,1.32,1.063,1.063,-0.101342184,0.358973499,5.71367417,-2.695327651,0.795568423,-0.60867884,0.929071544,-0.274230105,0.209809813,-0.132679153
108.445,10.506,6.871,-0.17,1.337,0.874,30.085,-5.359,67.761,1.437,1.006,1.006,-0.098153745,0.298918495,5.629349274,2.658653799,-0.840030388,-0.79759053,0.910085831,-0.28755145,-0.273023829,0.120482083
108.572,11.521,8.715,-0.088,1.466,1.109,30.09,-1.585,67.761,1.576,1.048,1.05,-0.108639954,0.094104167,5.181825306,-2.617780762,0.734134586,-1.150788426,0.882724868,-0.247552761,0.388049899,-0.094507747
108.695,12.542,7.82,-0.075,1.596,0.995,30.104,-4.637,67.761,1.696,1.013,1.063,-0.104457449,0.079012016,5.20399255,-2.609601613,0.660613624,-1.258937547,0.874969376,-0.221496142,0.422107265,-0.084814547
108.822,13.54,8.334,-0.102,1.723,1.06,30.094,-5.137,67.761,1.843,1.081,1.139,-0.116121944,0.354586793,5.242838893,-2.685894495,0.558120578,-1.367736431,0.875580903,-0.181943006,0.445871534,-0.038123493
108.948,14.592,8.255,-0.143,1.857,1.05,30.074,-6.37,67.761,1.977,1.073,1.156,-0.11675885,0.339197741,5.230088327,2.658624062,-0.552017674,-1.175126673,0.894822928,-0.185794629,-0.395516728,0.091317041
109.07,15.702,8.72,-0.146,1.998,1.109,30.067,-6.733,67.761,2.098,1.03,1.138,-0.100889865,0.140384681,5.344908751,2.805394346,-0.415194135,-1.014728657,0.929444115,-0.137556328,-0.336185741,0.064738251
109.195,16.817,9.074,-0.087,2.14,1.155,30.097,-4.939,67.761,2.21,0.985,1.108,-0.069327235,0.335081221,5.095256144,2.80999037,-0.372618334,-0.997183859,0.93296013,-0.123715032,-0.331080417,0.068306249
109.32,17.938,9.098,-0.051,2.282,1.158,30.099,-3.367,67.761,2.292,0.858,0.878,-0.00659711,0.006426693,5.53088023,3.008339536,-0.282003673,-0.729136325,0.967719204,-0.090714617,-0.234547735,0.016666167
109.442,19.022,8.808,-0.071,2.42,1.121,30.108,-1.233,67.761,2.36,0.734,0.734,0.056075083,-0.268433838,5.593273087,-3.09934971,0.173705417,0.306486618,0.993540324,-0.055683725,-0.098248614,-0.01114259
109.564,19.906,6.699,-0.038,2.533,0.852,30.124,-1.282,67.761,2.413,0.615,0.615,0.119902395,0.237088239,5.473724844,2.862250041,0.089893322,-0.191985629,0.988093551,0.031032583,-0.066276447,0.135334938
109.69,20.588,5.158,-0.116,2.62,0.656,30.11,-4.026,67.761,2.52,0.716,0.711,0.097377003,0.000849722,5.462861776,-3.014306253,-0.156982987,-0.115266354,0.996093447,0.051875858,0.038090376,-0.060463744
109.813,21.2,4.442,-0.137,2.697,0.565,30.09,-4.211,67.761,2.617,0.741,0.687,0.084635083,-0.042877866,5.038470846,-2.999015342,-0.267806674,-0.190036246,0.99212853,0.088595292,0.062867428,-0.062285963
109.939,21.852,5.924,-0.092,2.78,0.754,30.097,-5.665,67.761,2.74,0.839,0.759,0.040428636,0.519499798,5.343347192,3.087532502,0.427760996,0.228549818,0.987854255,0.136861886,0.073124383,0.008100535
110.063,22.555,5.237,-0.169,2.87,0.666,30.088,-4.867,67.761,2.8,0.697,0.645,0.06928929,-0.011334075,5.316587726,-2.884866183,-0.535862845,-0.313067095,0.973191602,0.180769987,0.10561123,-0.09521862
110.188,23.274,5.679,-0.13,2.961,0.723,30.108,-3.595,67.761,2.911,0.776,0.705,0.051348375,-0.167733579,5.488308805,-2.885975576,-0.65188569,0.068905408,0.971121462,0.21935743,-0.023186447,-0.090927516
110.322,23.973,4.721,-0.107,3.05,0.601,30.106,-5.655,67.761,3,0.735,0.673,0.053981318,0.243971777,5.496164301,-2.9625811,-0.790436636,0.007723834,0.965512218,0.257605177,-0.002517216,-0.037674847
110.445,24.638,5.252,-0.137,3.135,0.668,30.133,-6.084,67.761,3.065,0.646,0.6,0.066303245,-0.234019421,5.460874317,-2.900281445,-0.90493502,-0.402189126,0.945655795,0.295060001,0.131136404,-0.038444204
110.566,25.315,5.31,-0.073,3.221,0.676,30.106,-2.886,67.761,3.111,0.538,0.506,0.113218603,0.160075305,5.510256885,-2.740793603,-0.971357198,-0.049040406,0.936014605,0.331730387,0.0167479,-0.116409267
110.699,25.882,4.824,-0.058,3.293,0.614,30.113,-2.406,67.761,3.193,0.589,0.52,0.097268182,0.434256843,5.267546079,2.538030677,1.073786534,-0.342522469,0.898793738,0.38026042,-0.121297608,0.181269745
110.824,26.411,3.732,-0.152,3.36,0.475,30.122,-6.312,67.761,3.25,0.529,0.453,0.114361176,0.149672122,5.340564467,2.548251024,1.22136699,-0.425654004,0.882743318,0.423095503,-0.147451418,0.141465574
110.944,26.904,4.648,-0.015,3.423,0.591,30.124,-1.504,67.761,3.313,0.522,0.433,0.114575053,0.488461683,5.447289825,-2.665951041,-1.467512487,-0.337048658,0.870026419,0.47891901,0.109994982,-0.039896317
111.064,27.346,3.335,-0.093,3.479,0.424,30.12,-3.563,67.761,3.329,0.37,0.297,0.145452812,0.564109046,5.449162781,2.463295624,1.530336363,-0.477187892,0.833854947,0.51803711,-0.161533792,0.101145017
111.19,27.741,3.347,-0.089,3.53,0.426,30.124,-5.214,67.761,3.39,0.421,0.312,0.141463843,0.270541002,5.531035081,-2.470388159,-1.662608666,-0.170066078,0.825646569,0.555672652,0.056839033,-0.079403853
111.309,28.07,1.885,-0.09,3.572,0.24,30.136,-3.261,67.761,3.432,0.386,0.265,0.140724872,0.258936593,5.323064144,2.247136855,1.70790199,-0.542834623,0.774845825,0.588909715,-0.187177359,0.1332814
111.432,28.315,2.409,-0.115,3.603,0.307,30.12,-4.897,67.761,3.493,0.436,0.288,0.109054835,0.496894466,5.494846346,2.329273482,1.942067201,-0.405921183,0.760631399,0.634188001,-0.132554807,0.040922813
111.555,28.588,2.062,-0.133,3.637,0.262,30.147,-4.495,67.761,3.517,0.343,0.216,0.119310719,0.455225101,5.388727583,2.173592338,1.97687573,-0.383341653,0.730651028,0.664524924,-0.128859938,0.089167355
111.674,28.864,2.315,-0.068,3.673,0.295,30.131,-1.723,67.761,3.573,0.386,0.25,0.098905639,0.503319157,5.406439165,2.060058585,2.229552719,-0.571559839,0.66668743,0.721540049,-0.184971322,0.026333235
111.797,29.082,1.419,-0.112,3.7,0.18,30.133,-4.428,67.761,3.63,0.425,0.285,0.074239177,0.627195399,4.87663299,-2.044970739,-2.262478639,0.526035347,0.660607467,0.730871232,-0.169930489,-0.02342318
111.919,29.289,2.066,-0.139,3.727,0.263,30.11,-7.094,67.761,3.637,0.278,0.176,0.091182862,0.582878237,5.196399453,1.930879029,2.388770272,0.363935555,0.624079643,0.772074727,0.117627655,0.024268295
112.045,29.57,2.228,-0.072,3.762,0.283,30.14,-2.398,67.761,3.642,0.187,0.109,0.119533245,0.429940788,5.349326964,1.844422596,2.405225237,-0.67813253,0.593742703,0.774272087,-0.218299343,0.017825093
112.166,29.776,1.315,-0.028,3.789,0.167,30.167,-1.022,67.761,3.649,0.133,0.049,0.144799151,0.603745979,5.237902638,-1.81021891,-2.524204289,-0.357857441,0.57893001,0.807271213,0.114447159,-0.007421564
112.288,29.861,0.76,-0.065,3.799,0.097,30.14,-2.406,0,3.665226,0.083,-0.017,0.148556927,0.505371877,5.330956645,-1.738341592,-2.49808445,-0.326286776,0.567467313,0.815479119,0.106513634,-0.040367074
112.409,29.935,0.399,-0.019,3.809,0.051,30.138,-0.683,0,3.639,0.016,-0.091,0.171804968,0.350074374,5.453684568,1.596397856,2.451830935,-0.528086713,0.535055785,0.821766528,-0.176995885,0.084187511
112.531,29.937,0.027,0.015,3.809,0.003,30.131,1.111,0,3.659,0.076,-0.069,0.153766641,0.688502802,4.923949297,1.549477864,2.429041189,-0.599903564,0.523908861,0.821306475,-0.202839163,0.099153688
112.655,29.905,-0.3,0.157,3.805,-0.038,30.136,6.553,0,3.645,0.001,-0.139,0.160203404,0.641597802,4.917342198,1.511399489,2.416163159,-0.553383184,0.516908063,0.826342887,-0.189260504,0.118928337
112.783,29.862,-0.698,0.189,3.8,-0.089,30.131,9.309,0,3.65,0.015,-0.139,0.149949747,0.379746421,5.022827906,1.472050855,2.419031272,-0.60198545,0.504620186,0.829245815,-0.206361084,0.12298353
112.905,29.701,-1.29,0.141,3.779,-0.164,30.136,4.72,0,3.629,-0.054,-0.206,0.152685959,0.629802431,5.178166499,1.415771892,2.39557301,-0.663382218,0.490039314,0.829176622,-0.229615638,0.140015211
113.029,29.538,-1.197,0.13,3.758,-0.152,30.151,5.207,0,3.598,-0.133,-0.278,0.15934548,0.344132313,5.537174964,1.501152999,2.477961176,-0.395201928,0.510350782,0.842438728,-0.134357799,0.108568183
113.152,29.351,-1.919,0.156,3.734,-0.244,30.122,6.737,0,3.574,-0.155,-0.306,0.157299088,0.192914318,5.024194171,1.436244947,2.371682927,-0.38800736,0.505524444,0.834776614,-0.136569466,0.170122959
113.276,29.078,-2.36,0.144,3.7,-0.3,30.131,5.387,0,3.54,-0.206,-0.36,0.155026159,0.466750091,5.37885205,1.469380829,2.39808249,-0.507388037,0.508989991,0.830690016,-0.175757997,0.141394532
113.397,28.778,-2.45,0.176,3.662,-0.312,30.138,7.826,0,3.492,-0.277,-0.428,0.173242772,0.238769672,5.583370954,-1.551574294,-2.445450867,-0.074959434,0.531563278,0.837801892,0.025680809,-0.121938373
113.523,28.432,-3.003,0.185,3.618,-0.382,30.11,6.674,0,3.468,-0.246,-0.416,0.148583649,0.307653599,5.096162445,-1.552864907,-2.37067635,0.160964827,0.540793772,0.825601119,-0.056056889,-0.150938777
113.647,27.995,-3.419,0.131,3.562,-0.435,30.12,4.415,0,3.412,-0.324,-0.487,0.151277977,0.559156724,5.211351556,-1.647056676,-2.375100569,0.223665587,0.563979732,0.813274129,-0.076586835,-0.121022763
113.767,27.59,-3.342,0.179,3.51,-0.425,30.129,7.27,0,3.38,-0.296,-0.466,0.134628222,0.324121958,5.474435875,-1.642250482,-2.35750027,0.097103894,0.566189148,0.812781658,-0.033477945,-0.133022751
113.89,27.132,-3.712,0.156,3.452,-0.472,30.108,6.773,0,3.312,-0.403,-0.55,0.135479835,0.328422201,5.482406929,-1.629472809,-2.295977889,-0.041453232,0.571036981,0.804608874,0.014526986,-0.162204479
114.012,26.672,-3.741,0.178,3.394,-0.476,30.113,9.222,0,3.274,-0.368,-0.525,0.122280657,0.411090622,5.402519232,1.620895104,2.196886764,-0.105404112,0.58087625,0.787292985,-0.037773416,0.203287254
114.133,26.159,-4.508,0.125,3.328,-0.574,30.12,5.439,0,3.198,-0.466,-0.602,0.128180876,0.242724764,5.550217941,1.747901088,2.23248156,-0.05850789,0.609155669,0.778035329,-0.020390406,0.152232155
114.254,25.645,-4.004,0.193,3.263,-0.509,30.12,7.973,0,3.153,-0.429,-0.575,0.107294814,0.282279216,5.524889507,1.840887339,2.214581781,-0.300954621,0.630971743,0.759057057,-0.10315344,0.122745313
114.376,25.087,-4.864,0.143,3.192,-0.619,30.12,7.516,0,3.082,-0.494,-0.625,0.113686687,0.396891442,5.592629427,1.965643533,2.176967587,-0.279106934,0.663973321,0.735356322,-0.094279332,0.09747777
114.501,24.523,-4.386,0.197,3.12,-0.558,30.11,5.47,0,3.01,-0.53,-0.654,0.113317483,0.369072728,5.513483791,-2.073405254,-2.143767364,-0.220612809,0.691341838,0.71480289,0.073559602,-0.075447177
114.512,23.915,-4.943,0.169,3.043,-0.629,30.099,7.214,2.984,3.00417,-0.53,0,,,,,,,,,,
114.612,23.539,-2.355,0.015,2.995,-0.3,30.14,1.723,67.761,2.95117,-0.53,1.51,,,,,,,,,,
114.712,23.559,3.238,-0.499,2.997,0.412,30.044,-18.049,67.761,2.89817,-0.53,1.525,,,,,,,,,,
114.812,24.298,11.278,-0.575,3.092,1.435,29.864,-24.653,67.761,2.84517,-0.53,1.669,,,,,,,,,,
114.912,25.693,14.447,-0.168,3.269,1.838,30.019,-4.716,67.761,2.79217,-0.53,3.309,,,,,,,,,,
115.012,27.263,17.448,-0.464,3.469,2.22,29.871,-18.521,67.761,2.73917,-0.53,2.855,,,,,,,,,,
115.113,29.308,23.374,-0.449,3.729,2.974,29.763,-15.971,67.761,2.68564,-0.53,2.342,,,,,,,,,,
115.213,31.534,20.058,0.118,4.012,2.552,30.158,2.949,67.761,2.63264,-0.53,2.306,,,,,,,,,,
115.312,33.311,16.66,-0.278,4.238,2.12,29.987,-11.644,67.761,2.58017,-0.53,2.269,,,,,,,,,,
115.412,35.01,17.523,-0.362,4.454,2.23,29.946,-11.572,67.761,2.52717,-0.53,2.419,,,,,,,,,,
115.512,36.851,18.841,-0.377,4.689,2.397,29.891,-11.818,67.761,2.47417,-0.53,2.595,,,,,,,,,,
115.612,38.872,20.932,-0.275,4.946,2.663,29.916,-8.469,67.761,2.42117,-0.53,1.972,,,,,,,,,,
115.712,40.835,16.828,0.124,5.196,2.141,30.161,6.014,67.761,2.36817,-0.53,2.257,,,,,,,,,,
115.813,42.426,17.062,-0.29,5.398,2.171,29.948,-14.335,67.761,2.31464,-0.53,2.016,,,,,,,,,,
115.913,44.064,16.359,-0.147,5.606,2.081,30.035,-5.433,67.761,2.26164,-0.53,1.978,,,,,,,,,,
116.013,45.633,15.155,-0.255,5.806,1.928,30.028,-11.629,67.761,2.20864,-0.53,1.972,,,,,,,,,,
116.113,47.167,14.8,-0.305,6.001,1.883,29.989,-11.282,67.761,2.15564,-0.53,2.013,,,,,,,,,,
116.213,48.733,15.557,-0.239,6.2,1.979,30.001,-7.862,67.761,2.10264,-0.53,2.019,,,,,,,,,,
116.313,50.334,15.705,-0.21,6.404,1.998,30.001,-8.43,67.761,2.04964,-0.53,2.057,,,,,,,,,,
116.413,51.941,17.014,-0.133,6.609,2.165,30.033,-6.225,67.761,1.99664,-0.53,2.056,,,,,,,,,,
116.513,53.564,16.205,-0.182,6.815,2.062,30.035,-6.589,67.761,1.94364,-0.53,2.042,,,,,,,,,,
116.613,55.175,15.545,-0.264,7.02,1.978,30.01,-9.333,67.761,1.89064,-0.53,2.028,,,,,,,,,,
116.713,56.766,16.042,-0.179,7.223,2.041,30.033,-7.956,67.761,1.83764,-0.53,2.06,,,,,,,,,,
116.813,58.374,16.052,-0.166,7.427,2.042,30.035,-5.277,67.761,1.78464,-0.53,2.042,,,,,,,,,,
116.913,59.995,16.283,-0.144,7.633,2.072,30.058,-5.155,67.761,1.73164,-0.53,2.064,,,,,,,,,,
117.014,61.611,16.311,-0.18,7.839,2.075,30.049,-9.192,67.761,1.67811,-0.53,2.018,,,,,,,,,,
117.114,63.213,15.356,-0.144,8.043,1.954,30.067,-4.193,67.761,1.62511,-0.53,2,,,,,,,,,,
117.213,64.779,15.812,-0.116,8.242,2.012,30.076,-5.845,67.761,1.57264,-0.53,2.086,,,,,,,,,,
117.313,66.382,16.394,-0.14,8.446,2.086,30.069,-4.726,67.761,1.51964,-0.53,2.063,,,,,,,,,,
117.414,68.046,16.357,-0.054,8.658,2.081,30.097,-3.792,67.761,1.46611,-0.53,2.105,,,,,,,,,,
117.514,69.685,15.99,-0.201,8.866,2.034,30.053,-6.966,67.761,1.41311,-0.53,2.189,,,,,,,,,,
117.614,71.377,17.296,-0.106,9.082,2.201,30.058,-5.065,67.761,1.36011,-0.53,2.266,,,,,,,,,,
117.714,73.148,17.753,-0.158,9.307,2.259,30.042,-6.495,67.761,1.30711,-0.53,2.329,,,,,,,,,,
117.814,74.972,18.698,-0.093,9.539,2.379,30.065,-4.403,67.761,1.25411,-0.53,2.443,,,,,,,,,,
117.914,76.857,19.136,-0.165,9.779,2.435,30.046,-3.392,67.761,1.20111,-0.53,2.828,,,,,,,,,,
118.014,78.912,22.582,-0.223,10.04,2.873,29.944,-8.641,67.761,1.14811,-0.53,2.889,,,,,,,,,,
118.114,81.216,22.845,-0.177,10.334,2.907,29.989,-5.946,67.761,1.09511,-0.53,2.89,,,,,,,,,,
118.214,83.523,22.598,-0.129,10.627,2.875,30.033,-6.152,67.761,1.04211,-0.53,2.952,,,,,,,,,,
118.314,85.8,23.241,-0.19,10.917,2.957,29.989,-6.944,67.761,0.98911,-0.53,2.356,,,,,,,,,,
118.414,87.963,19.433,0.126,11.192,2.473,30.17,5.099,67.761,0.93611,-0.53,2.925,,,,,,,,,,
118.514,89.864,20.45,-0.548,11.434,2.602,29.786,-18.753,67.761,0.88311,-0.53,2.949,,,,,,,,,,
118.614,92.166,23.475,-0.341,11.727,2.987,29.855,-11.108,67.761,0.83011,-0.53,2.94,,,,,,,,,,
118.714,94.564,23.338,-0.155,12.032,2.969,29.987,-6.687,67.761,0.77711,-0.53,2.934,,,,,,,,,,
118.814,96.864,22.952,-0.169,12.324,2.92,30.003,-4.918,67.761,0.72411,-0.53,2.749,,,,,,,,,,
118.914,99.068,21.307,-0.158,12.605,2.711,30.033,-6.853,67.761,0.67111,-0.53,2.936,,,,,,,,,,
119.014,101.262,22.916,-0.3,12.884,2.916,29.893,-12.249,67.761,0.61811,-0.53,2.647,,,,,,,,,,
119.115,103.506,20.98,-0.085,13.169,2.669,30.085,-3.206,67.761,0.56458,-0.53,2.646,,,,,,,,,,
119.215,105.546,20.057,-0.227,13.429,2.552,29.989,-7.741,67.761,0.51158,-0.53,2.626,,,,,,,,,,
119.315,107.586,20.69,-0.198,13.689,2.632,29.978,-10.241,67.761,0.45858,-0.53,2.516,,,,,,,,,,
119.415,109.596,19.703,-0.178,13.944,2.507,30.019,-6.486,67.761,0.40558,-0.53,2.281,,,,,,,,,,
119.515,111.451,17.894,-0.083,14.18,2.277,30.069,-4.173,67.761,0.35258,-0.53,2.344,,,,,,,,,,
119.615,113.212,17.876,-0.259,14.405,2.275,29.964,-11.311,67.761,0.29958,-0.53,2.407,,,,,,,,,,
119.715,115.084,19.558,-0.183,14.643,2.488,29.978,-10.837,67.761,0.24658,-0.53,2.408,,,,,,,,,,
119.815,116.999,19.043,-0.195,14.886,2.423,30.005,-7.517,67.761,0.19358,-0.53,2.423,,,,,,,,,,
119.915,118.891,19.168,-0.159,15.127,2.439,30.01,-6.737,67.761,0.14058,-0.53,2.406,,,,,,,,,,
120.015,120.78,19.043,-0.207,15.367,2.423,29.992,-11.467,67.761,0.08758,-0.53,2.406,,,,,,,,,,
120.115,122.665,18.232,-0.311,15.607,2.32,29.969,-11.436,67.761,0.03458,-0.53,2.385,,,,,,,,,,
120.215,124.541,18.615,-0.185,15.846,2.368,30.008,-8.129,67.761,-0.01842,-0.53,2.302,,,,,,,,,,
120.315,126.363,17.909,-0.204,16.078,2.279,30.017,-5.318,67.761,-0.07142,-0.53,2.605,,,,,,,,,,
120.415,128.259,20.363,-0.39,16.319,2.591,29.875,-13.959,67.761,-0.12442,-0.53,2.618,,,,,,,,,,
120.515,130.364,21.208,-0.164,16.587,2.698,29.978,-6.509,67.761,-0.17742,-0.53,2.733,,,,,,,,,,
120.616,132.527,21.193,-0.25,16.862,2.696,29.95,-9.012,67.761,-0.23095,-0.53,3.002,,,,,,,,,,
120.716,134.779,24.097,-0.278,17.149,3.066,29.884,-12.799,67.761,-0.28395,-0.53,2.883,,,,,,,,,,
120.816,137.132,22.807,-0.144,17.448,2.902,29.989,-7.308,67.761,-0.33695,-0.53,2.827,,,,,,,,,,
120.916,139.364,21.685,-0.194,17.732,2.759,29.994,-5.946,67.761,-0.38995,-0.53,2.843,,,,,,,,,,
121.016,141.559,21.963,-0.205,18.011,2.794,29.955,-8.545,67.761,-0.44295,-0.53,2.896,,,,,,,,,,
121.116,143.812,23.325,-0.206,18.298,2.968,29.941,-8.531,67.761,-0.49595,-0.53,2.812,,,,,,,,,,
121.216,146.063,22.103,-0.126,18.584,2.812,30.037,-5.969,67.761,-0.54895,-0.53,2.733,,,,,,,,,,
121.316,148.212,20.628,-0.232,18.858,2.625,29.989,-8.15,67.761,-0.60195,-0.53,2.737,,,,,,,,,,
121.416,150.335,21.35,-0.245,19.128,2.716,29.971,-7.946,67.761,-0.65495,-0.53,2.702,,,,,,,,,,
121.516,152.466,21.481,-0.135,19.399,2.733,30.008,-7.549,67.761,-0.70795,-0.53,2.621,,,,,,,,,,
121.616,154.542,20.312,-0.139,19.663,2.584,30.037,-5.27,67.761,-0.76095,-0.53,2.449,,,,,,,,,,
121.717,156.522,18.854,-0.122,19.915,2.399,30.078,-3.932,67.761,-0.81448,-0.53,2.689,,,,,,,,,,
121.816,158.476,21.214,-0.285,20.164,2.699,29.921,-11.455,67.761,-0.86695,-0.53,3.022,,,,,,,,,,
121.916,160.732,23.76,-0.327,20.451,3.023,29.861,-9.703,67.761,-0.91995,-0.53,3.392,,,,,,,,,,
122.017,163.333,27.575,-0.223,20.782,3.509,29.887,-8.674,67.761,-0.97348,-0.53,3.399,,,,,,,,,,
122.117,166.081,27.224,-0.13,21.131,3.464,29.987,-8.942,67.761,-1.02648,-0.53,3.489,,,,,,,,,,
122.217,168.797,27.558,-0.176,21.477,3.506,29.969,-3.982,67.761,-1.07948,-0.53,3.374,,,,,,,,,,
122.317,171.483,26.904,-0.106,21.819,3.423,30.033,-5.747,67.761,-1.13248,-0.53,3.24,,,,,,,,,,
122.417,174.044,24.881,-0.168,22.144,3.166,30.003,-8.233,67.761,-1.18548,-0.53,3.376,,,,,,,,,,
122.517,176.604,25.93,-0.3,22.47,3.299,29.875,-14.645,67.761,-1.23848,-0.53,3.26,,,,,,,,,,
122.617,179.212,24.825,-0.208,22.802,3.159,29.994,-5.924,67.761,-1.29148,-0.53,3.366,,,,,,,,,,
122.717,181.806,26.814,-0.163,23.132,3.412,29.969,-5.044,67.761,-1.34448,-0.53,3.444,,,,,,,,,,
122.817,184.494,27.583,-0.175,23.474,3.509,29.941,-7.792,67.761,-1.39748,-0.53,3.341,,,,,,,,,,
122.917,187.164,25.281,-0.255,23.814,3.217,29.96,-8.912,67.761,-1.45048,-0.53,3.437,,,,,,,,,,
123.017,189.801,27.253,-0.214,24.149,3.468,29.928,-5.913,67.761,-1.50348,-0.53,3.276,,,,,,,,,,
123.117,192.433,26.565,-0.092,24.484,3.38,30.026,-5.779,67.761,-1.55648,-0.53,3.439,,,,,,,,,,
123.217,195.049,26.7,-0.267,24.817,3.397,29.877,-12.967,67.761,-1.60948,-0.53,3.569,,,,,,,,,,
123.317,197.813,28.586,-0.262,25.169,3.637,29.875,-5.615,67.761,-1.66248,-0.53,3.79,,,,,,,,,,
123.417,200.738,29.044,-0.368,25.541,3.695,29.797,-10.653,67.761,-1.71548,-0.53,3.701,,,,,,,,,,
123.517,203.711,28.127,-0.251,25.919,3.579,29.903,-7.111,67.761,-1.76848,-0.53,3.503,,,,,,,,,,
123.617,206.522,27.079,-0.127,26.277,3.445,30.014,-6.389,67.761,-1.82148,-0.53,3.671,,,,,,,,,,
123.718,209.312,28.558,-0.335,26.632,3.634,29.811,-11.219,67.761,-1.87501,-0.53,3.94,,,,,,,,,,
123.818,212.31,31.4,-0.354,27.013,3.995,29.754,-11.493,67.761,-1.92801,-0.53,4.225,,,,,,,,,,
123.918,215.571,33.414,-0.319,27.428,4.251,29.747,-14.928,67.761,-1.98101,-0.53,4.119,,,,,,,,,,
124.018,218.901,33.344,-0.094,27.852,4.243,29.969,-3.706,67.761,-2.03401,-0.53,4.748,,,,,,,,,,
124.118,222.264,35.524,-0.569,28.28,4.52,29.459,-21.212,67.761,-2.08701,-0.53,4.552,,,,,,,,,,
124.218,225.935,38.486,-0.076,28.747,4.897,29.898,-2.342,67.761,-2.14001,-0.53,4.59,,,,,,,,,,
124.318,229.572,35.62,-0.238,29.209,4.532,29.825,-15.191,67.761,-2.19301,-0.53,4.465,,,,,,,,,,
124.418,233.097,34.263,-0.24,29.658,4.359,29.859,-13.159,67.761,-2.24601,-0.53,4.518,,,,,,,,,,
124.518,236.591,34.365,-0.348,30.103,4.372,29.749,-16.068,67.761,-2.29901,-0.53,4.597,,,,,,,,,,
124.618,240.173,34.7,-0.372,30.558,4.415,29.715,-12.719,67.761,-2.35201,-0.53,4.66,,,,,,,,,,
124.718,243.823,36.953,-0.22,31.023,4.702,29.797,-4.924,67.761,-2.40501,-0.53,4.665,,,,,,,,,,
124.818,247.504,37.528,-0.143,31.491,4.775,29.855,-8.073,67.761,-2.45801,-0.53,4.775,,,,,,,,,,
124.918,251.21,36.045,-0.428,31.963,4.586,29.706,-12.772,67.761,-2.51101,-0.53,4.735,,,,,,,,,,
125.018,254.952,38.9,-0.111,32.439,4.949,29.923,-3.11,67.761,-2.56401,-0.53,4.609,,,,,,,,,,
125.118,258.609,35.275,-0.217,32.904,4.488,29.834,-13.025,67.761,-2.61701,-0.53,4.783,,,,,,,,,,
125.218,262.264,36.398,-0.374,33.369,4.631,29.685,-10.661,67.761,-2.67001,-0.53,4.656,,,,,,,,,,
125.318,265.982,38.199,-0.044,33.842,4.86,29.96,-2.126,67.761,-2.72301,-0.53,4.736,,,,,,,,,,
125.418,269.666,35.616,-0.399,34.311,4.532,29.731,-14.208,67.761,-2.77601,-0.53,4.678,,,,,,,,,,
125.519,273.388,37.475,-0.152,34.784,4.768,29.905,-4.295,67.761,-2.82954,-0.53,4.75,,,,,,,,,,
125.619,277.093,37.608,-0.169,35.256,4.785,29.834,-13.426,67.761,-2.88254,-0.53,4.74,,,,,,,,,,
125.719,280.812,37.125,-0.19,35.729,4.724,29.871,-4.36,67.761,-2.93554,-0.53,4.604,,,,,,,,,,
125.819,284.476,37.024,-0.075,36.195,4.711,29.98,-3.925,67.761,-2.98854,-0.53,4.688,,,,,,,,,,
125.919,288.099,36.636,-0.206,36.656,4.661,29.825,-13.581,67.761,-3.04154,-0.53,4.735,,,,,,,,,,
126.019,291.79,36.853,-0.256,37.126,4.689,29.82,-5.88,67.761,-3.09454,-0.53,4.71,,,,,,,,,,
126.119,295.516,37.681,-0.103,37.6,4.794,29.921,-6.72,67.761,-3.14754,-0.53,4.742,,,,,,,,,,
126.219,299.217,35.62,-0.316,38.071,4.532,29.8,-10.027,67.761,-3.20054,-0.53,4.727,,,,,,,,,,
126.319,302.923,38.492,-0.091,38.542,4.897,29.914,-2.611,67.761,-3.25354,-0.53,4.412,,,,,,,,,,
126.419,306.511,35.094,-0.004,38.999,4.465,30.049,-2.173,67.761,-3.30654,-0.53,4.171,,,,,,,,,,
126.519,309.806,32.561,-0.106,39.418,4.143,30.003,-2.827,67.761,-3.35954,-0.53,4.196,,,,,,,,,,
126.619,313.022,32.698,-0.209,39.827,4.16,29.873,-9.133,67.761,-3.41254,-0.53,4.191,,,,,,,,,,
126.719,316.302,33.53,-0.198,40.245,4.266,29.88,-7.212,67.761,-3.46554,-0.53,4.162,,,,,,,,,,
126.819,319.585,32.052,-0.201,40.662,4.078,29.882,-9.474,67.761,-3.51854,-0.53,4.196,,,,,,,,,,
126.919,322.857,33.384,-0.165,41.079,4.248,29.88,-6.761,67.761,-3.57154,-0.53,4.16,,,,,,,,,,
127.019,326.134,32.337,-0.222,41.495,4.114,29.887,-8.57,67.761,-3.62454,-0.53,4.458,,,,,,,,,,
127.119,329.502,34.903,-0.33,41.924,4.441,29.711,-15.778,67.761,-3.67754,-0.53,4.466,,,,,,,,,,
127.221,333.08,35.203,-0.184,42.379,4.479,29.843,-11.644,67.761,-3.7316,-0.53,4.529,,,,,,,,,,
127.321,336.638,34.15,-0.342,42.832,4.345,29.759,-14.063,67.761,-3.7846,-0.53,4.636,,,,,,,,,,
127.421,340.232,35.004,-0.375,43.289,4.454,29.731,-10.313,67.761,-3.8376,-0.53,4.033,,,,,,,,,,
127.521,343.729,31.831,0.081,43.734,4.05,30.108,3.16,67.761,-3.8906,-0.53,3.827,,,,,,,,,,
127.621,346.745,28.101,-0.217,44.118,3.575,29.969,-4.879,67.761,-3.9436,-0.53,3.977,,,,,,,,,,
127.721,349.701,29.735,-0.429,44.494,3.783,29.711,-15.089,67.761,-3.9966,-0.53,4.119,,,,,,,,,,
127.821,352.908,33.66,-0.186,44.902,4.283,29.823,-7.272,67.761,-4.0496,-0.53,4.132,,,,,,,,,,
127.921,356.203,31.999,-0.211,45.321,4.071,29.866,-7.841,67.761,-4.1026,-0.53,4.119,,,,,,,,,,
128.021,359.445,32.847,-0.162,45.734,4.179,29.905,-6.474,67.761,-4.1556,-0.53,4.01,,,,,,,,,,
128.121,362.609,30.919,-0.201,46.136,3.934,29.875,-12.168,67.761,-4.2086,-0.53,4.239,,,,,,,,,,
128.221,365.813,33.236,-0.337,46.544,4.229,29.752,-10.996,67.761,-4.2616,-0.53,4.622,,,,,,,,,,
128.321,369.292,36.745,-0.396,46.987,4.675,29.619,-13.718,67.761,-4.3146,-0.53,4.752,,,,,,,,,,
128.421,373.054,38.711,-0.123,47.465,4.925,29.797,-10.44,67.761,-4.3676,-0.53,5.177,,,,,,,,,,
128.521,376.961,41.642,-0.331,47.962,5.298,29.599,-11.448,67.761,-4.4206,-0.53,5.534,,,,,,,,,,
128.621,381.188,42.375,-0.525,48.5,5.392,29.434,-17.57,67.761,-4.4736,-0.53,5.321,,,,,,,,,,
128.721,385.515,42.915,-0.095,49.051,5.46,29.873,-5.435,67.761,-4.5266,-0.53,5.063,,,,,,,,,,
128.821,389.574,39.112,-0.099,49.567,4.976,29.898,-9.149,67.761,-4.5796,-0.53,5.11,,,,,,,,,,
128.921,393.493,40.123,-0.273,50.066,5.105,29.717,-11.598,67.761,-4.6326,-0.53,4.846,,,,,,,,,,
129.022,397.411,38.994,-0.156,50.564,4.961,29.864,-5.313,67.761,-4.68613,-0.53,4.132,,,,,,,,,,
129.122,401.029,34.183,0.193,51.025,4.349,30.172,5.524,67.761,-4.73913,-0.53,3.546,,,,,,,,,,
129.222,404.05,27.532,0.103,51.409,3.503,30.149,1.483,67.761,-4.79213,-0.53,3.596,,,,,,,,,,
129.322,406.694,25.817,-0.441,51.745,3.285,29.754,-15.414,67.761,-4.84513,-0.53,4.397,,,,,,,,,,
129.422,409.622,32.251,-0.693,52.118,4.103,29.352,-31.676,67.761,-4.89813,-0.53,4.377,,,,,,,,,,
129.522,413.095,35.942,-0.218,52.56,4.573,29.722,-13.214,67.761,-4.95113,-0.53,4.523,,,,,,,,,,
129.622,416.709,34.808,-0.287,53.02,4.429,29.793,-8.6,67.761,-5.00413,-0.53,4.803,,,,,,,,,,
129.722,420.383,38.322,-0.239,53.487,4.876,29.738,-9.759,67.761,-5.05713,-0.53,4.809,,,,,,,,,,
129.822,424.185,37.124,-0.289,53.971,4.724,29.754,-9.661,67.761,-5.11013,-0.53,4.817,,,,,,,,,,
129.922,427.982,38.92,-0.101,54.454,4.952,29.891,-3.989,67.761,-5.16313,-0.53,4.833,,,,,,,,,,
130.022,431.756,36.924,-0.279,54.934,4.698,29.772,-7.913,67.761,-5.21613,-0.53,4.64,,,,,,,,,,
130.122,435.464,37.459,-0.077,55.406,4.766,29.946,-4.046,67.761,-5.26913,-0.53,4.337,,,,,,,,,,
130.222,438.952,34.573,-0.049,55.85,4.399,29.992,-1.689,67.761,-5.32213,-0.53,4.366,,,,,,,,,,
130.322,442.306,33.76,-0.273,56.277,4.295,29.797,-8.653,67.761,-5.37513,-0.53,4.382,,,,,,,,,,
130.422,445.723,33.433,-0.297,56.711,4.254,29.784,-9.299,67.761,-5.42813,-0.53,4.214,,,,,,,,,,
130.522,449.102,33.205,-0.084,57.141,4.225,29.95,-7.046,67.761,-5.48113,-0.53,4.433,,,,,,,,,,
130.622,452.468,35.294,-0.252,57.569,4.491,29.775,-10.766,67.761,-5.53413,-0.53,4.338,,,,,,,,,,
130.723,455.955,35.235,-0.108,58.013,4.483,29.918,-3.784,67.761,-5.58766,-0.53,4.307,,,,,,,,,,
130.823,459.346,34.01,-0.135,58.445,4.327,29.921,-5.931,67.761,-5.64066,-0.53,3.537,,,,,,,,,,
130.923,462.548,29.503,0.231,58.852,3.754,30.179,6.214,67.761,-5.69366,-0.53,4.779,,,,,,,,,,
131.023,465.414,31.058,-0.47,59.217,3.952,29.601,-21.038,67.761,-5.74666,-0.53,4.779,,,,,,,,,,
131.123,468.835,37.847,-0.482,59.652,4.815,29.407,-17.006,67.761,-5.79966,-0.53,4.784,,,,,,,,,,
131.223,472.712,37.609,-0.256,60.145,4.785,29.743,-8.418,67.761,-5.85266,-0.53,4.812,,,,,,,,,,
131.323,476.559,38.053,-0.098,60.635,4.842,29.898,-9.326,67.761,-5.90566,-0.53,4.788,,,,,,,,,,
131.423,480.295,36.993,-0.268,61.11,4.707,29.804,-7.466,67.761,-5.95866,-0.53,4.281,,,,,,,,,,
131.523,483.877,34.697,0.027,61.566,4.415,30.056,2.208,67.761,-6.01166,-0.53,4.352,,,,,,,,,,
131.623,487.204,32.635,-0.313,61.989,4.152,29.784,-9.104,67.761,-6.06466,-0.53,4.317,,,,,,,,,,
131.723,490.565,33.079,-0.305,62.417,4.209,29.759,-12.457,67.761,-6.11766,-0.53,4.368,,,,,,,,,,
131.823,493.986,35.166,-0.185,62.852,4.474,29.811,-10.726,67.761,-6.17066,-0.53,4.421,,,,,,,,,,
131.923,497.451,36.037,-0.191,63.293,4.585,29.811,-11.034,67.761,-6.22366,-0.53,4.333,,,,,,,,,,
132.023,500.88,35.236,-0.123,63.729,4.483,29.887,-5.674,67.761,-6.27666,-0.53,4.361,,,,,,,,,,
132.123,504.278,34.673,-0.222,64.162,4.412,29.816,-7.193,67.761,-6.32966,-0.53,4.442,,,,,,,,,,
132.223,507.735,33.846,-0.357,64.601,4.306,29.72,-9.098,67.761,-6.38266,-0.53,4.757,,,,,,,,,,
132.323,511.347,37.345,-0.255,65.061,4.752,29.676,-7.557,67.761,-6.43566,-0.53,4.723,,,,,,,,,,
132.424,514.99,35.739,0.066,65.525,4.547,30.044,1.426,67.761,-6.48919,-0.53,4.797,,,,,,,,,,
132.524,518.2,29.607,-0.022,65.933,3.767,30.067,-0.272,67.761,-6.54219,-0.53,4.724,,,,,,,,,,
132.624,521.03,27.25,-0.005,66.293,3.467,30.062,-0.934,67.761,-6.59519,-0.53,4.76,,,,,,,,,,
132.724,523.557,23.344,-0.064,66.614,2.97,30.014,-3.667,67.761,-6.64819,-0.53,4.773,,,,,,,,,,
132.824,525.784,20.691,-0.035,66.898,2.633,30.058,-1.144,67.761,-6.70119,-0.53,4.758,,,,,,,,,,
132.924,527.7,17.404,-0.043,67.142,2.214,30.06,-0.589,67.761,-6.75419,-0.53,4.435,,,,,,,,,,
133.024,529.302,14.379,0,67.346,1.83,30.072,-0.046,67.761,-6.80719,-0.53,4.425,,,,,,,,,,
133.124,530.593,11.427,0.016,67.51,1.454,30.078,0.498,67.761,-6.86019,-0.53,4.369,,,,,,,,,,
133.224,531.569,8.308,0.063,67.634,1.057,30.101,2.373,67.761,-6.91319,-0.53,4.462,,,,,,,,,,
133.324,532.24,5.265,0.083,67.719,0.67,30.101,2.532,67.761,-6.96619,-0.53,4.434,,,,,,,,,,
133.424,532.597,2.086,0.12,67.765,0.265,30.078,4.044,67.761,-7.01919,-0.53,4.451,,,,,,,,,,
133.524,532.651,-0.272,0.08,67.772,-0.035,30.081,2.737,67.761,-7.07219,-0.53,4.789,,,,,,,,,,
133.624,532.646,0.009,0.11,67.771,0.001,30.09,4.213,67.761,-7.12519,-0.53,4.803,,,,,,,,,,
133.724,532.646,0.005,0.128,67.771,0.001,30.088,4.766,67.761,-7.17819,-0.53,4.79,,,,,,,,,,
133.824,532.645,-0.019,0.129,67.771,-0.002,30.104,5.307,67.761,-7.23119,-0.53,4.622,,,,,,,,,,
133.924,532.643,-0.058,0.138,67.771,-0.007,30.083,5.461,67.761,-7.28419,-0.53,4.595,,,,,,,,,,
134.024,532.638,-0.069,0.131,67.77,-0.009,30.094,6.104,67.761,-7.33719,-0.53,5.11,,,,,,,,,,
134.124,532.632,-0.113,0.112,67.769,-0.014,30.092,4.543,67.761,-7.39019,-0.53,5.437,,,,,,,,,,
134.225,532.617,0.019,0.111,67.767,0.002,30.104,4.211,67.761,-7.44372,-0.53,5.418,,,,,,,,,,
134.325,532.617,-0.007,0.126,67.767,-0.001,30.097,4.994,67.761,-7.49672,-0.53,7.312,,,,,,,,,,
134.425,532.609,-0.186,0.102,67.766,-0.024,30.088,4.067,67.761,-7.54972,-0.53,14,,,,,,,,,,
134.525,532.599,-0.033,0.093,67.765,-0.004,30.099,3.554,67.761,-7.60272,-0.53,14,,,,,,,,,,
134.625,532.596,-0.005,0.103,67.765,-0.001,30.092,3.656,67.761,-7.65572,-0.53,14,,,,,,,,,,
134.725,532.595,-0.01,0.096,67.764,-0.001,30.094,3.797,67.761,-7.70872,-0.53,14,,,,,,,,,,
134.825,532.594,-0.069,0.09,67.764,-0.009,30.115,3.903,67.761,-7.76172,-0.53,14,,,,,,,,,,
134.925,532.592,0.025,0.104,67.764,0.003,30.104,4.147,67.761,-7.81472,-0.53,14,,,,,,,,,,
135.025,532.59,-0.035,0.08,67.764,-0.004,30.115,4.134,67.761,-7.86772,-0.53,14,,,,,,,,,,
135.125,532.586,-0.121,0.07,67.763,-0.015,30.11,3.201,67.761,-7.92072,-0.53,14,,,,,,,,,,
135.225,532.574,0.018,0.08,67.762,0.002,30.113,2.982,67.761,-7.97372,-0.53,14,,,,,,,,,,
135.325,532.573,0.026,0.08,67.762,0.003,30.113,2.803,67.761,-8.02672,-0.53,14,,,,,,,,,,
135.425,532.573,0.015,0.076,67.762,0.002,30.11,2.519,67.761,-8.07972,-0.53,14,,,,,,,,,,
135.525,532.572,-0.024,0.071,67.762,-0.003,30.113,3.081,67.761,-8.13272,-0.53,14,,,,,,,,,,
135.625,532.572,0.026,0.065,67.761,0.003,30.11,2.518,67.761,-8.18572,-0.53,14,,,,,,,,,,
135.725,532.571,-0.006,0.068,67.761,-0.001,30.108,2.594,67.761,-8.23872,-0.53,14,,,,,,,,,,
135.825,532.57,-0.043,0.067,67.761,-0.005,30.124,2.599,67.761,-8.29172,-0.53,14,,,,,,,,,,
135.926,532.569,-0.044,0.069,67.761,-0.006,30.113,2.895,67.761,-8.34525,-0.53,0,,,,,,,,,,
136.026,532.561,-0.021,0.046,67.76,-0.003,30.124,2.157,67.76,-8.39825,-0.53,0,,,,,,,,,,
136.126,532.561,-0.027,0.052,67.76,-0.003,30.115,2.011,67.76,-8.45125,-0.53,0,,,,,,,,,,
136.226,532.561,0.001,0.04,67.76,0,30.094,1.759,67.76,-8.50425,-0.53,0,,,,,,,,,,
136.326,532.56,0.024,0.053,67.76,0.003,30.133,1.969,67.76,-8.55725,-0.53,0,,,,,,,,,,
136.426,532.56,0.048,0.049,67.76,0.006,30.129,1.562,67.76,-8.61025,-0.53,0,,,,,,,,,,
136.526,532.56,-0.02,0.048,67.76,-0.003,30.12,1.858,67.76,-8.66325,-0.53,0,,,,,,,,,,
136.626,532.56,-0.007,0.049,67.76,-0.001,30.101,1.942,67.76,-8.71625,-0.53,0,,,,,,,,,,
136.726,532.56,0.056,0.045,67.76,0.007,30.108,2.124,67.76,-8.76925,-0.53,0,,,,,,,,,,
136.826,532.56,0.013,0.041,67.76,0.002,30.138,1.701,67.76,-8.82225,-0.53,0,,,,,,,,,,
136.926,532.561,0.057,0.052,67.76,0.007,30.099,1.665,67.76,-8.87525,-0.53,0,,,,,,,,,,
137.026,532.561,0.004,0.043,67.76,0.001,30.117,2.283,67.76,-8.92825,-0.53,0,,,,,,,,,,
137.126,532.561,-0.017,0.048,67.76,-0.002,30.12,2.098,67.76,-8.98125,-0.53,0,,,,,,,,,,
137.226,532.561,0.008,0.048,67.76,0.001,30.122,1.68,67.76,-9.03425,-0.53,0,,,,,,,,,,
137.326,532.561,0.006,0.043,67.76,0.001,30.151,2.022,67.76,-9.08725,-0.53,0,,,,,,,,,,
137.426,532.562,-0.018,0.04,67.76,-0.002,30.136,2.072,67.76,-9.14025,-0.53,0,,,,,,,,,,
137.527,532.562,-0.024,0.047,67.76,-0.003,30.136,1.733,67.76,-9.19378,-0.53,0,,,,,,,,,,
137.627,532.562,-0.023,0.041,67.76,-0.003,30.122,1.6,67.76,-9.24678,-0.53,0,,,,,,,,,,
137.727,532.562,0,0.047,67.76,0,30.14,1.879,67.76,-9.29978,-0.53,0,,,,,,,,,,
137.827,532.563,0.005,0.046,67.76,0.001,30.115,2.044,67.76,-9.35278,-0.53,0,,,,,,,,,,
137.927,532.563,0.004,0.04,67.76,0,30.133,2.138,67.76,-9.40578,-0.53,0,,,,,,,,,,
138.027,532.563,0.003,0.048,67.76,0,30.136,1.88,67.76,-9.45878,-0.53,0,,,,,,,,,,
138.127,532.561,-0.072,0.034,67.76,-0.009,30.124,1.417,67.76,-9.51178,-0.53,0,,,,,,,,,,
138.227,532.569,-0.013,0.054,67.761,-0.002,30.117,2.407,67.761,-9.56478,-0.53,0,,,,,,,,,,
138.327,532.563,-0.037,0.049,67.76,-0.005,30.124,1.619,67.76,-9.61778,-0.53,0,,,,,,,,,,
138.427,532.564,-0.037,0.042,67.76,-0.005,30.12,1.321,67.76,-9.67078,-0.53,0,,,,,,,,,,
138.527,532.563,-0.025,0.038,67.76,-0.003,30.133,2.181,67.76,-9.72378,-0.53,0,,,,,,,,,,
138.627,532.563,0.079,0.062,67.76,0.01,30.136,1.932,67.761,-9.77678,-0.53,0,,,,,,,,,,
138.727,532.562,0.015,0.05,67.76,0.002,30.133,1.955,67.76,-9.82978,-0.53,0,,,,,,,,,,
138.827,532.563,0.051,0.051,67.76,0.006,30.14,1.895,67.76,-9.88278,-0.53,0,,,,,,,,,,
138.927,532.561,0.073,0.054,67.76,0.009,30.126,2.177,67.76,-9.93578,-0.53,0,,,,,,,,,,
139.027,532.562,0.039,0.047,67.76,0.005,30.124,1.815,67.76,-9.98878,-0.53,0,,,,,,,,,,
139.127,532.562,0.009,0.039,67.76,0.001,30.14,2.042,67.76,-10.04178,-0.53,0,,,,,,,,,,
139.227,532.562,-0.01,0.036,67.76,-0.001,30.126,1.499,67.76,-10.09478,-0.53,0,,,,,,,,,,
139.327,532.562,0.014,0.058,67.76,0.002,30.115,1.514,67.76,-10.14778,-0.53,0,,,,,,,,,,
139.428,532.562,-0.007,0.037,67.76,-0.001,30.142,1.565,67.76,-10.20131,-0.53,0,,,,,,,,,,
139.528,532.561,-0.074,0.036,67.76,-0.009,30.124,1.407,67.76,-10.25431,-0.53,0,,,,,,,,,,
139.628,532.562,0.009,0.034,67.76,0.001,30.124,1.701,67.76,-10.30731,-0.53,0,,,,,,,,,,
139.728,532.562,-0.009,0.042,67.76,-0.001,30.161,1.162,67.76,-10.36031,-0.53,0,,,,,,,,,,
139.828,532.562,0.035,0.043,67.76,0.004,30.138,1.343,67.76,-10.41331,-0.53,0,,,,,,,,,,
139.928,532.562,0.033,0.038,67.76,0.004,30.138,1.406,67.76,-10.46631,-0.53,0,,,,,,,,,,
140.028,532.562,-0.012,0.038,67.76,-0.002,30.131,1.913,67.76,-10.51931,-0.53,0,,,,,,,,,,
140.128,532.562,0.009,0.038,67.76,0.001,30.145,1.477,67.76,-10.57231,-0.53,0,,,,,,,,,,
140.228,532.562,0.039,0.034,67.76,0.005,30.133,1.4,67.76,-10.62531,-0.53,0,,,,,,,,,,
140.329,532.562,-0.012,0.032,67.76,-0.002,30.133,1.45,67.76,-10.67884,-0.53,0,,,,,,,,,,
140.429,532.562,-0.025,0.03,67.76,-0.003,30.133,1.641,67.76,-10.73184,-0.53,0,,,,,,,,,,
140.529,532.562,0.007,0.037,67.76,0.001,30.14,1.201,67.76,-10.78484,-0.53,0,,,,,,,,,,
140.629,532.562,0.009,0.033,67.76,0.001,30.138,1.186,67.76,-10.83784,-0.53,0,,,,,,,,,,
140.729,532.562,-0.003,0.038,67.76,0,30.133,1.291,67.76,-10.89084,-0.53,0,,,,,,,,,,
140.829,532.562,-0.035,0.031,67.76,-0.004,30.14,1.193,67.76,-10.94384,-0.53,0,,,,,,,,,,
140.929,532.562,-0.002,0.035,67.76,0,30.151,1.608,67.76,-10.99684,-0.53,0,,,,,,,,,,
141.03,532.562,0.02,0.03,67.76,0.003,30.151,1.283,67.76,-11.05037,-0.53,0,,,,,,,,,,
141.13,532.562,0.008,0.03,67.76,0.001,30.136,1.459,67.76,-11.10337,-0.53,0,,,,,,,,,,
141.23,532.562,-0.048,0.026,67.76,-0.006,30.142,1.07,67.76,-11.15637,-0.53,0,,,,,,,,,,
141.33,532.562,0.02,0.033,67.76,0.003,30.147,1.191,67.76,-11.20937,-0.53,0,,,,,,,,,,
141.43,532.562,0.011,0.041,67.76,0.001,30.147,1.278,67.76,-11.26237,-0.53,0,,,,,,,,,,
141.53,532.562,-0.028,0.035,67.76,-0.004,30.131,1.37,67.76,-11.31537,-0.53,0,,,,,,,,,,
141.758,532.562,-0.036,0.032,67.76,-0.005,30.142,1.168,67.761,67.64,0.931,0.811,0.116048396,0.410567387,5.146098655,2.925552406,0.306764065,-0.570613372,0.973776945,0.102107135,-0.189929993,0.072520284
141.885,532.562,-0.014,0.04,67.76,-0.002,30.126,1.229,67.761,67.758237,0.565,0.445,0.11906605,0.123380267,5.162125846,-2.968339683,-0.313115615,-0.319118972,0.986433053,0.104053992,0.106049016,-0.069829828
141.999,532.561,0.016,0.045,67.76,0.002,30.14,1.024,67.761,67.65,0.373,0.248,0.110289451,0.261249907,5.152982934,2.916086681,0.278051245,-0.647022298,0.969617445,0.092453815,-0.215139046,0.070777777
142.114,532.561,-0.061,0.014,67.76,-0.008,30.147,1.53,67.761,67.66,0.261,0.134,0.100643614,0.564695202,5.070148537,2.785746379,0.256909174,-0.485563176,0.969927505,0.089449375,-0.169061004,0.150525153
142.237,532.562,-0.04,0.021,67.76,-0.005,30.147,1.159,67.761,67.65,0.124,0.015,0.111583266,0.60268885,5.137356676,2.98831426,0.319722365,0.504390789,0.979523387,0.104800067,0.165331532,0.047078278
142.355,532.562,0.009,0.02,67.76,0.001,30.145,1.253,0,67.61,-0.052,-0.138,0.149792008,0.396619446,5.280962923,3.0735304,0.28760816,0.505890461,0.98252159,0.091940274,0.161719012,0.006728444
142.471,532.562,-0.007,0.08,67.76,-0.001,30.158,3.241,0,67.56,-0.199,-0.276,0.195035228,0.202567551,5.209104234,3.055461284,0.281731251,0.528006902,0.981256005,0.090477495,0.169568486,0.014035814
142.59,532.498,-1.024,0.176,67.752,-0.13,30.136,7.313,0,67.462,-0.458,-0.519,0.287703602,0.078916315,5.312799661,2.887521354,0.266602934,-0.293487628,0.984330527,0.090882586,-0.10004734,0.113244422
142.703,532.223,-2.835,0.061,67.717,-0.361,30.138,4.723,0,67.347,-0.655,-0.755,0.368909794,0.107050433,5.353670734,3.072212095,0.277587816,-0.384009235,0.988179336,0.08928633,-0.12351686,0.016526836
142.817,531.81,-4.324,0.161,67.665,-0.55,30.122,5.819,0,67.245,-0.757,-0.926,0.42167145,0.178143821,5.234962428,2.91641548,0.271503449,-0.425863282,0.981267729,0.091351035,-0.143287504,0.090759699
142.94,531.167,-6.562,0.144,67.583,-0.835,30.104,6.573,0,67.113,-0.914,-1.145,0.466973647,0.193109361,5.189622917,3.097861551,0.28214672,0.340230007,0.989955299,0.090163048,0.108724193,0.006178969
143.056,530.255,-7.569,0.093,67.467,-0.963,30.106,4.849,0,66.977,-0.986,-1.3,0.486658705,0.058624733,5.224691721,-2.991524752,-0.242599712,-0.051974252,0.994144906,0.08062085,0.017272108,-0.069841667
143.172,529.246,-8.997,0.192,67.338,-1.145,30.078,6.496,0,66.908,-0.83,-1.254,0.434852518,0.000716524,4.812830425,-3.0333708,-0.257784262,0.239593448,0.992378125,0.084335045,-0.078383855,-0.043922984
143.288,528.072,-10.629,0.039,67.189,-1.352,30.09,1.193,0,66.769,-0.981,-1.415,0.41503787,0.164280831,4.837122634,-3.099218055,-0.287426639,-0.052862083,0.995481483,0.092322609,0.016979517,-0.01431254
143.406,526.893,-10.127,0.055,67.039,-1.289,30.122,2.676,0,66.669,-0.929,-1.39,0.373975044,0.387925824,4.821173453,-3.058298861,-0.254007094,0.239783259,0.993041142,0.082477059,-0.077858526,-0.031699762
143.519,525.637,-10.828,0.178,66.879,-1.378,30.072,6.726,0,66.539,-1.003,-1.45,0.344766332,0.461885258,5.260677399,3.104466151,0.30902799,0.132601367,0.994139807,0.098959696,0.042462791,0.009483316
143.639,524.369,-11.722,0.019,66.718,-1.491,30.12,2.969,0,66.458,-0.89,-1.353,0.256653515,0.247523209,5.356733406,3.041875546,0.271392189,-0.336475126,0.989460873,0.088278415,-0.109448584,0.034570372
143.756,523.017,-12.019,0.033,66.546,-1.529,30.11,2.972,0,66.456,-0.546,-0.726,0.089157391,0.076255574,5.26374659,-3.048923677,-0.263379659,-0.359858016,0.989023554,0.085436277,0.116732359,-0.030109928
143.871,521.742,-10.32,0.011,66.384,-1.313,30.11,1.451,0,66.524,-0.105,-0.105,-0.144813916,0.296883153,5.279130306,2.983721868,0.244204024,-0.510452583,0.981141999,0.080301997,-0.167852933,0.052319792
143.987,520.816,-5.045,-0.155,66.266,-0.642,30.133,-5.842,67.761,66.606,0.22,0.22,-0.335269499,0.453000135,5.1959144,3.016927804,0.311590637,0.618563223,0.974385813,0.10063532,0.199779136,0.023089316
144.102,520.567,0.311,-0.093,66.234,0.04,30.14,-4.128,67.761,66.664,0.326,0.326,-0.429949823,0.375419515,5.288794684,2.989694628,0.238135264,-0.434012975,0.985042082,0.078460607,-0.142998232,0.055565592
144.216,520.717,2.002,-0.185,66.253,0.255,30.115,-6.981,67.761,66.703,0.335,0.392,-0.450982044,0.004082187,5.329304362,-3.012103173,-0.295796903,-0.54614122,0.978860057,0.096126778,0.177482574,-0.033054017
144.335,521.034,2.821,-0.155,66.294,0.359,30.108,-5.345,67.761,66.744,0.342,0.554,-0.451767564,-0.157425396,5.24692274,2.955484012,0.302512123,-0.346927842,0.985292841,0.100850835,-0.11565805,0.075168751
144.451,521.39,3.162,-0.19,66.339,0.402,30.113,-6.07,67.761,66.839,0.523,0.796,-0.499521538,-0.072246975,5.233467939,3.040171658,0.314716484,-0.43086023,0.984574344,0.10192246,-0.139536176,0.027474147
144.575,521.876,5.132,-0.128,66.401,0.653,30.094,-7.811,67.761,66.931,0.624,0.966,-0.529204396,0.02174422,5.173281689,2.937857505,0.318341767,-0.440647505,0.980399769,0.106234627,-0.14704958,0.076856476
144.692,522.617,6.364,-0.244,66.495,0.81,30.072,-9.25,67.761,67.055,0.779,1.177,-0.561139391,-0.074593673,5.204560146,-2.880946762,-0.357720748,-0.667119436,0.963966286,0.119693548,0.22321851,-0.081338491
144.81,523.515,8.179,-0.136,66.609,1.041,30.09,-7.148,67.761,67.169,0.856,1.318,-0.555731225,-0.219633593,5.330500488,-2.880063586,-0.323947019,-0.541968382,0.972250813,0.109357916,0.182957489,-0.096414519
144.925,524.583,9.525,-0.19,66.745,1.212,30.044,-8.341,67.761,67.285,0.905,1.419,-0.544245482,-0.178291084,5.393337779,3.048419496,0.322326194,-0.287174287,0.989633702,0.104639426,-0.093227771,0.031373701
145.04,525.78,10.453,-0.213,66.897,1.33,30.058,-8.13,67.761,67.367,0.831,1.405,-0.472301156,0.029854898,5.167430902,-2.955233683,-0.343959556,-0.819653004,0.957248842,0.111414163,0.265499102,-0.027780654
145.155,527.073,11.797,-0.11,67.062,1.501,30.076,-6.124,67.761,67.502,0.964,1.519,-0.443773398,0.175693172,5.310090323,2.958528529,0.283190706,-0.38574292,0.984590659,0.094245136,-0.128374248,0.072243628
145.27,528.356,11.049,-0.121,67.225,1.406,30.074,-4.576,67.761,67.605,0.937,1.489,-0.382346489,0.226200473,5.173217845,3.022454433,0.305313467,-0.60507422,0.975532358,0.098543476,-0.195294749,0.022040048
145.388,529.708,11.756,-0.18,67.397,1.496,30.053,-6.268,67.761,67.707,0.915,1.448,-0.312698583,0.160226628,5.411814255,2.961907531,0.266340149,-0.429995382,0.983425187,0.088431394,-0.142768903,0.068350791
145.502,531.083,10.813,0.043,67.572,1.376,30.117,1.122,67.761,67.802,0.872,1.332,-0.225349125,0.056297506,5.164611087,2.988867064,0.326880616,-0.594665428,0.974466082,0.106573516,-0.193879914,0.038321262
145.615,532.04,6.383,0.087,67.694,0.812,30.154,3.697,67.761,67.824,0.605,0.865,-0.130583829,0.059776558,5.215459887,2.941410578,0.326308198,-0.376842382,0.98285739,0.109034225,-0.125919966,0.079038283
145.731,532.504,2.176,-0.002,67.753,0.277,30.14,-0.132,67.761,67.873,0.536,0.776,-0.120096105,0.205095664,5.201245268,2.931846347,0.305134797,-0.455788346,0.979846451,0.101978485,-0.152328103,0.079356599
145.851,532.595,-0.229,-0.03,67.764,-0.029,30.138,-1.866,67.761,67.884,0.365,0.605,-0.124107276,0.339035079,5.069500368,2.903830152,0.288950653,-0.679868047,0.966576288,0.096180849,-0.226302607,0.072571719
145.966,532.584,0,-0.03,67.763,0,30.136,-0.693,67.761,67.923,0.347,0.523,-0.156964639,0.252825813,5.047656856,2.953713881,0.334751301,-0.615819847,0.971617383,0.11011567,-0.202572521,0.05290155
146.081,532.584,-0.03,-0.027,67.763,-0.004,30.136,-0.995,67.761,67.893,0.107,0.299,-0.130688839,0.0474318,4.712110377,2.963144124,0.32231955,-0.550900972,0.976087139,0.106175047,-0.181471886,0.055215126
146.201,532.583,-0.01,-0.015,67.763,-0.001,30.14,-0.911,67.761,67.90584,0.065,0.232,-0.12928692,0.051995756,4.728819621,2.973548182,0.313869711,-0.530555331,0.977835686,0.103214404,-0.174470331,0.052385698
146.315,532.583,0.019,-0.006,67.763,0.002,30.129,-0.873,67.761,67.913,0.105,0.245,-0.145033625,0.22790982,5.115493031,2.924700394,0.3248874,-0.572908584,0.973054407,0.10809077,-0.190607976,0.071764233
146.438,532.583,0.018,-0.011,67.763,0.002,30.145,-0.899,67.761,67.933,0.133,0.262,-0.16931249,0.246302297,5.216966079,2.897774466,0.262700574,-0.52282646,0.976011635,0.088481288,-0.176095384,0.092535213
146.554,532.583,-0.01,-0.004,67.763,-0.001,30.142,-0.699,67.761,67.953,0.144,0.278,-0.191526594,0.018928344,5.27117649,2.931667462,0.307444427,-0.534456374,0.975992536,0.10235249,-0.177927899,0.072829939
146.667,532.582,0.08,-0.011,67.763,0.01,30.142,-0.598,67.761,67.969272,0.087,0.243,-0.187980681,-0.113550362,5.098363666,-2.818972376,-0.290685305,-0.687314838,0.960561299,0.099050653,0.234201668,-0.112519054
146.779,532.582,-0.012,-0.013,67.763,-0.002,30.156,-0.381,67.761,67.943,0.018,0.195,-0.181912546,0.040520875,5.271491319,2.927663827,0.306119653,-0.536697802,0.975717643,0.102022078,-0.178868048,0.074651178
146.894,532.582,0.056,-0.005,67.763,0.007,30.154,-0.523,67.761,67.923,-0.06,0.134,-0.164533922,0.285805806,5.309974382,-2.952052997,-0.357622465,-0.504237429,0.976843369,0.118338368,0.166853708,-0.062712864
147.018,532.581,-0.011,-0.012,67.763,-0.001,30.147,0.222,67.761,67.893,-0.138,0.063,-0.128629848,0.406951395,5.137189115,-2.979746863,-0.414257375,-0.600960815,0.970624039,0.134940377,0.195757237,-0.036866978
147.134,532.581,-0.051,0.001,67.763,-0.007,30.145,-0.357,67.761,67.863,-0.179,0.012,-0.103014602,0.326409833,5.147685825,-3.024626427,-0.487211538,-0.40758638,0.978332525,0.157591328,0.13183612,-0.025488842
147.251,532.581,-0.007,-0.001,67.763,-0.001,30.133,-0.067,0,67.833,-0.212,-0.072,-0.073163908,0.236028702,5.156219078,2.88997637,0.427100152,-0.486372596,0.971873473,0.143630001,-0.163562799,0.089886518
147.368,532.581,0.004,0.02,67.763,0,30.149,0.157,0,67.813,-0.194,-0.094,-0.053683123,0.281747803,5.023020922,2.808717388,0.457831452,-0.499288759,0.964398068,0.157200496,-0.171435231,0.125834543
147.484,532.56,-0.161,0.155,67.76,-0.02,30.133,5.746,0,67.8,-0.161,-0.081,-0.03651576,0.356428071,4.758285209,2.881065312,0.426295526,-0.410888324,0.974620483,0.144209279,-0.138997257,0.099991804
147.603,532.493,-0.996,0.112,67.751,-0.127,30.129,4.376,0,67.781,-0.16,-0.1,-0.03227981,0.354081589,5.103634228,-3.03241826,-0.488863911,-0.55060109,0.971709843,0.156651832,0.176434928,-0.010530931
147.72,532.37,-0.763,0.036,67.736,-0.097,30.138,1.53,0,67.786,-0.083,-0.028,-0.052488742,0.209204156,5.243409531,-2.962507138,-0.414587247,-0.245960532,0.984597025,0.13778916,0.081745629,-0.070003563
147.838,532.282,-0.668,0.045,67.725,-0.085,30.142,0.919,0,67.775,-0.087,-0.034,-0.051559777,0.117619965,5.277786602,-2.94185855,-0.37864163,-0.377247223,0.981068567,0.126271673,0.125806658,-0.075714044
147.963,532.237,-0.294,0.026,67.719,-0.037,30.14,0.937,0,67.769,-0.072,-0.02,-0.052375396,0.08780826,5.192203068,2.985308146,0.357475853,-0.541709485,0.976258276,0.116902089,-0.177150345,0.043260083
148.085,532.206,-0.124,0.039,67.715,-0.016,30.165,1.977,0,67.755,-0.088,-0.031,-0.044443822,0.139030233,5.242039928,2.888546803,0.296275705,-0.439888381,0.978408476,0.100354497,-0.148998978,0.102201438
148.208,532.195,-0.25,0.063,67.714,-0.032,30.154,2.564,0,67.754,-0.057,-0.007,-0.041538045,0.161747582,5.238517816,-3.00870986,-0.282587107,-0.50144885,0.981434969,0.092179333,0.163571584,-0.039149821
148.322,532.17,-0.13,0.063,67.71,-0.017,30.145,2.42,67.761,67.75,-0.045,0.001,-0.03988816,0.088537698,5.110213011,3.018223096,0.250088751,-0.522842188,0.981486429,0.081325571,-0.170021398,0.034106676
148.436,532.161,-0.007,0.061,67.709,-0.001,30.133,2.536,67.709,67.749,-0.032,0,-0.039882377,-0.024481951,5.109345752,3.03910966,0.257675823,-0.524262005,0.981753821,0.083239584,-0.16935757,0.023422622
148.551,532.16,0.015,0.071,67.709,0.002,30.163,2.568,67.709,67.739,-0.054,0,-0.029779651,0.001186802,4.778162935,3.048581977,0.20732224,-0.354809056,0.990506389,0.067360499,-0.115280035,0.032713439
148.677,532.16,-0.017,0.082,67.709,-0.002,30.147,2.663,67.709,67.729,-0.066,0,-0.024957653,0.137899684,4.717907664,3.002704645,0.183129008,-0.498444564,0.983671636,0.059992184,-0.163288048,0.04613094
148.794,532.16,-0.003,0.08,67.709,0,30.151,3.09,67.709,67.721278,-0.04,0,-0.020199564,0.321277634,4.744964023,2.97539596,0.160303319,-0.48857831,0.983557722,0.052990449,-0.161506225,0.061007857
148.91,532.16,-0.01,0.079,67.709,-0.001,30.149,3.444,67.709,67.719,-0.058,0,-0.012086752,0.330857452,5.134365171,3.05597163,0.215889299,-0.537059088,0.982410651,0.069402459,-0.172649695,0.015642701
149.026,532.159,0.004,0.09,67.709,0,30.142,3.345,67.709,67.712272,-0.035,0,-0.006153117,0.271363631,5.185182114,2.906418306,0.187592435,-0.55239957,0.976598368,0.063033757,-0.185614203,0.088485827
149.141,532.159,0.031,0.089,67.709,0.004,30.154,3.276,67.709,67.709,-0.055,0,0.001427007,0.335232607,5.164202638,2.977042383,0.199768387,-0.379159136,0.987580341,0.066269575,-0.125779234,0.066880481
149.256,532.159,-0.018,0.084,67.709,-0.002,30.154,3.475,67.709,67.699,-0.068,0,0.005039286,0.448203509,5.177316714,2.786801262,0.166494834,-0.507846035,0.970779149,0.057998292,-0.176907607,0.15141909
149.37,532.158,0.012,0.092,67.709,0.002,30.14,3.536,67.709,67.689,-0.076,0,0.021573883,0.421632083,5.104600844,3.004955162,0.176283154,-0.657580317,0.974837167,0.057187998,-0.213325557,0.030236368
149.485,532.157,-0.084,0.085,67.709,-0.011,30.142,3.559,67.709,67.669,-0.115,0,0.038845856,0.242139477,5.195711158,2.905711659,0.190741727,-0.68972938,0.968291074,0.06356223,-0.229843453,0.074459555
149.6,532.156,0.011,0.088,67.709,0.001,30.149,3.707,67.709,67.649,-0.138,0,0.062255096,0.062510057,5.137898835,2.826424952,0.254167417,-0.471230548,0.973921344,0.087580274,-0.162375261,0.132065086
149.715,532.156,0.016,0.097,67.709,0.002,30.158,3.591,67.709,67.609,-0.223,0,0.096552161,0.050425484,5.269439849,-3.041007231,-0.267467452,-0.53266553,0.981103845,0.086291589,0.171851022,-0.021359613
149.827,532.155,-0.043,0.09,67.708,-0.005,30.14,3.815,67.709,67.608,-0.136,0,0.103481623,0.165508222,5.167111576,-3.03134213,-0.35513407,-0.425885112,0.98323489,0.11518997,0.138138515,-0.029969538
149.951,532.154,0.015,0.098,67.708,0.002,30.154,4.2,67.709,67.618,-0.048,0,0.094187889,0.228243694,5.022426317,3.025530481,0.330884024,0.660178911,0.971391456,0.106235226,0.211960236,0.013622575
150.066,532.153,-0.014,0.1,67.708,-0.002,30.145,4.075,67.709,67.61248,-0.029,0,0.085572684,0.15519418,5.008901927,2.96393794,0.311984035,-0.660973394,0.969956285,0.102097575,-0.216305237,0.04441773
150.184,532.151,-0.056,0.087,67.708,-0.007,30.142,3.773,67.709,67.628,0.016,0,0.080025545,0.06078506,5.136685698,-2.985883652,-0.293568717,-0.457707095,0.982421982,0.096590622,0.150595791,-0.053274837
150.301,532.14,-0.017,0.073,67.707,-0.002,30.142,2.737,67.709,67.637,0.038,0,0.066723649,0.102821821,5.147463428,2.922058517,0.248690452,-0.581999119,0.974524514,0.082939798,-0.194100291,0.075815826
150.414,532.14,-0.009,0.078,67.707,-0.001,30.131,2.967,67.709,67.647,0.057,0,0.064101679,0.249938906,5.176450913,-3.033449486,-0.256431501,-0.456980948,0.984913281,0.08325927,0.148374518,-0.031602602
150.531,532.14,0.025,0.074,67.707,0.003,30.138,2.919,67.709,67.653669,0.034,0,0.056703931,0.314781026,5.145625279,3.076078416,0.224185542,0.511110439,0.983907024,0.071707447,0.163482552,0.007646271
150.65,532.139,-0.004,0.076,67.707,-0.001,30.158,3.011,67.709,67.657,0.054,0,0.049621129,0.301684677,5.013623651,2.845848387,0.233707897,-0.492302995,0.974852239,0.080057205,-0.16863958,0.121715441
150.777,532.139,0.013,0.082,67.706,0.002,30.147,3.174,67.709,67.656,0.033,0,0.05416707,0.290099968,5.178280589,2.92815698,0.226272134,-0.487461209,0.980245296,0.075748055,-0.163185089,0.082170673
150.893,532.139,0.003,0.078,67.706,0,30.17,2.808,67.709,67.646,-0.012,0,0.059411948,0.326472205,5.17971991,-3.04654022,-0.260989344,-0.45534203,0.98517331,0.084397289,0.147245985,-0.025085191
151.01,532.139,-0.003,0.08,67.706,0,30.147,3.255,67.709,67.644596,-0.007,0,0.060681208,0.405311978,5.184629569,3.065697199,0.309544446,0.513719317,0.981356257,0.099087861,0.164446008,0.008888353
151.133,532.139,-0.014,0.072,67.706,-0.002,30.154,2.941,67.709,67.643735,-0.004,0,0.059686224,0.422731267,5.20416858,2.935121732,0.330875049,-0.434450121,0.98013519,0.110490231,-0.145077407,0.077970913
151.244,532.138,-0.023,0.073,67.706,-0.003,30.149,3.085,67.709,67.643291,-0.003,0,0.064360936,0.291350484,5.164801525,2.822537631,0.327333727,-0.362300182,0.975920141,0.113178855,-0.125268851,0.138123639
151.358,532.137,-0.025,0.061,67.706,-0.003,30.149,2.799,67.709,67.636,-0.037,0,0.068954035,0.136279586,5.061015126,2.861854976,0.299935844,-0.54508847,0.971644366,0.101832893,-0.185066031,0.106244302
151.482,532.136,-0.023,0.064,67.706,-0.003,30.142,3.262,67.709,67.631412,-0.023,0,0.067565274,0.052162914,4.731023469,2.978639458,0.284844251,-0.528603341,0.978979254,0.093618787,-0.173734254,0.051493224
151.599,532.136,-0.013,0.072,67.706,-0.002,30.138,2.885,67.709,67.628721,-0.014,0,0.069765548,0.118758285,4.725537697,2.981199215,0.272502157,-0.582878959,0.976463723,0.089255515,-0.190916513,0.045857777
151.718,532.136,-0.002,0.068,67.706,0,30.154,2.675,67.709,67.627055,-0.009,0,0.074864245,0.210010849,5.139085927,2.928392411,0.279266216,-0.500571107,0.978330061,0.093298471,-0.16723297,0.078732589
151.831,532.136,-0.008,0.06,67.706,-0.001,30.142,2.615,67.709,67.626038,-0.005,0,0.06737003,0.147560463,4.813970012,2.975917362,0.268494436,-0.524321052,0.97953824,0.088376301,-0.172582924,0.053940714
151.945,532.136,-0.013,0.075,67.706,-0.002,30.151,2.812,67.709,67.625468,-0.003,0,0.069294289,0.041384609,5.208645874,-2.94382226,-0.28459284,-0.556345743,0.976067476,0.094360933,0.184464597,-0.066038695
152.063,532.136,0.009,0.065,67.706,0.001,30.156,2.646,67.709,67.646,0.033,0,0.064540563,0.066986346,5.208743413,-2.948193416,-0.286506839,-0.557676552,0.976140662,0.094861814,0.184645538,-0.063691995
152.18,532.136,0.026,0.072,67.706,0.003,30.172,2.625,67.709,67.649861,0.02,0,0.060794067,0.256004993,5.240128906,2.928070205,0.256893404,-0.50456398,0.978700719,0.085866028,-0.168649348,0.079557061
152.3,532.136,-0.011,0.059,67.706,-0.001,30.151,2.945,67.709,67.652261,0.012,0,0.058203774,0.344066933,5.096937308,2.826693439,0.235708557,-0.547954158,0.970655022,0.080939691,-0.18816135,0.125987704
152.418,532.136,-0.001,0.069,67.706,0,30.17,2.823,67.709,67.653677,0.007,0,0.064753322,0.287932506,5.176820661,2.963350522,0.266224277,-0.558816825,0.977275251,0.087797375,-0.18429067,0.057110888
152.536,532.136,0,0.06,67.706,0,30.151,2.785,67.709,67.636,-0.029,0,0.065046599,0.185134092,4.779588892,2.973170413,0.235715862,-0.53607502,0.979630368,0.077666055,-0.176631439,0.055620693
152.653,532.136,-0.02,0.069,67.706,-0.002,30.145,2.872,67.709,67.626,-0.051,0,0.075274441,0.238341451,5.091842705,2.931556809,0.250619493,-0.626154436,0.972372696,0.083128374,-0.207690151,0.066676941
152.768,532.136,-0.011,0.075,67.706,-0.001,30.151,2.693,67.709,67.636,0.002,0,0.072485668,0.368951248,4.77499809,3.049206713,0.284748667,0.409696397,0.986544646,0.092127986,0.132553751,0.025915232
152.894,532.136,-0.028,0.069,67.706,-0.004,30.145,2.746,67.709,67.636252,0.001,0,0.071428937,0.386635224,4.726712307,2.968962277,0.243526679,-0.542544199,0.978940602,0.080296794,-0.178890298,0.056797742
153.011,532.136,-0.009,0.072,67.706,-0.001,30.161,2.739,67.709,67.626,-0.03,0,0.080084634,0.262957499,5.140543714,-3.021048276,-0.306163731,-0.453536371,0.983362081,0.099657396,0.14762772,-0.035685807
153.125,532.136,0.04,0.067,67.706,0.005,30.167,2.739,67.709,67.636,0.016,0,0.074276779,0.130029238,5.127434337,2.999800063,0.31258189,-0.541859643,0.978211131,0.101930488,-0.176696154,0.038621606
153.249,532.136,0.029,0.069,67.706,0.004,30.165,2.565,67.709,67.637984,0.01,0,0.074113942,0.096991547,5.170743235,2.999953856,0.279314674,-0.567770383,0.977772113,0.091036767,-0.185052862,0.03780794
153.366,532.136,-0.015,0.057,67.706,-0.002,30.158,2.37,67.709,67.639154,0.006,0,0.067369565,0.146385423,5.137149026,-2.914737821,-0.291112926,-0.539188699,0.975354817,0.097414729,0.180427993,-0.081480615
153.491,532.136,0.024,0.069,67.706,0.003,30.131,2.568,67.709,67.646,0.038,0,0.062780888,0.171815255,5.145395142,-2.921350335,-0.294357148,-0.534374557,0.975859116,0.098328195,0.178504535,-0.078528233
153.605,532.136,-0.022,0.061,67.706,-0.003,30.145,2.611,67.709,67.650332,0.023,0,0.061822846,0.106663198,5.014966078,-3.000390445,-0.294404408,-0.674826759,0.970857284,0.09526249,0.218358406,-0.026092105
153.724,532.136,-0.01,0.07,67.706,-0.001,30.154,2.479,67.709,67.653069,0.014,0,0.062451582,0.075505254,5.080697317,2.989021056,0.301764072,-0.678817448,0.970015753,0.097930359,-0.220294072,0.030815672
153.837,532.136,-0.021,0.073,67.706,-0.003,30.181,2.41,67.709,67.636,-0.025,0,0.068539307,0.145293872,5.149835117,-3.00087781,-0.306612558,-0.599820218,0.975186075,0.099638944,0.19492174,-0.033010827
153.951,532.136,-0.011,0.064,67.706,-0.001,30.149,2.836,67.709,67.63315,-0.015,0,0.072741791,0.267962905,5.159206881,2.992952278,0.307573751,-0.634729879,0.972796781,0.09997044,-0.206305723,0.033320892
154.066,532.136,-0.028,0.062,67.706,-0.004,30.145,2.592,67.709,67.626,-0.043,0,0.077141704,0.359233082,5.061718602,2.894466666,0.289244814,-0.622402008,0.969635411,0.096895921,-0.208502324,0.083337456
154.182,532.136,-0.011,0.065,67.706,-0.001,30.122,2.544,67.709,67.621012,-0.026,0,0.084277383,0.320804422,4.715047958,3.064026282,0.34447192,0.491687003,0.981294753,0.110321667,0.157469235,0.00965284
154.297,532.136,-0.003,0.056,67.706,0,30.161,2.767,66.959,67.616,-0.049,2,0.092204386,0.244069773,4.723230483,-3.081917797,-0.346274772,-0.472515403,0.982407429,0.110380267,0.150621357,-0.002246491
154.417,532.136,0.015,0.094,67.706,0.002,30.161,4.234,66.959,67.606,-0.065,2,0.100528509,0.245523665,4.994825711,3.030717656,0.381686014,0.652420121,0.970239341,0.122191121,0.208862633,0.009019513
154.529,531.834,-6.609,0.538,67.668,-0.841,29.973,21.213,66.959,67.538,-0.261,2,0.126597611,0.361532482,5.202793205,-3.037861285,-0.381711766,-0.25798612,0.988106259,0.124157014,0.083913542,-0.034490206
154.643,530.604,-14.393,0.487,67.511,-1.831,29.889,19.185,66.959,67.541,-0.146,2,-0.031581548,0.453796408,5.07527476,2.938872155,0.310316475,-0.704808234,0.966045524,0.102005064,-0.231679639,0.051725793
154.76,528.76,-14.923,-0.191,67.276,-1.899,30.199,-6.754,66.959,67.546,-0.07,2,-0.268279393,0.379211938,4.981141763,2.91799714,0.390032658,0.84550731,0.951936493,0.127240125,0.275829353,0.039306897
154.877,527.401,-8.976,-0.185,67.104,-1.142,30.177,-5.854,66.959,67.644,0.284,2,-0.544949384,0.184543479,5.221683422,2.950274117,0.307702345,-0.60191202,0.973132614,0.101494023,-0.198537558,0.057399621
154.995,526.636,-4.774,-0.015,67.006,-0.607,30.151,-0.712,66.959,67.636,0.148,2,-0.626828884,0.092295288,5.137211783,-2.919546573,-0.360697411,-1.091000216,0.930519986,0.114961739,0.347724375,-0.002027996
155.108,526.232,-1.666,-0.083,66.955,-0.212,30.142,-3.497,66.959,67.655,0.152,2,-0.700141322,0.153985857,5.187364727,-2.917627903,-0.357921085,-0.941116236,0.944934056,0.115920136,0.30479993,-0.027552754
155.226,526.194,0.187,-0.073,66.95,0.024,30.149,-2.731,66.959,67.65,0.075,2,-0.695942506,0.210376011,5.071051151,2.948511322,0.295585723,-0.640859,0.971064285,0.097348359,-0.211060844,0.054870491
155.339,526.196,0.028,-0.097,66.95,0.004,30.161,-3.357,66.959,67.64,0.013,2,-0.690614929,0.153448021,5.14056282,-2.901521315,-0.337794049,-1.010087795,0.938450181,0.109254026,0.326696574,-0.025380378
155.455,526.196,-0.019,-0.108,66.95,-0.002,30.154,-3.989,67.709,67.63,-0.027,0.5,-0.683217898,0.050712773,5.096985185,2.981370057,0.261721967,-0.652250804,0.972572533,0.085378062,-0.212775068,0.03924316
155.577,526.197,-0.026,-0.122,66.95,-0.003,30.147,-5.492,67.709,67.65,0.051,0.5,-0.704327611,0.054435916,5.254822616,2.98870301,0.267020882,-0.572742749,0.977447818,0.087328509,-0.187314078,0.04339276
155.695,526.445,4.49,-0.274,66.982,0.571,30.099,-10.814,67.709,67.682,0.134,0.5,-0.695052169,0.178532931,5.037607279,-2.886910526,-0.315938974,-0.973405136,0.941801163,0.103069247,0.317555422,-0.039317338
155.816,527.032,4.365,-0.096,67.057,0.555,30.124,-1.773,67.709,67.667,0.031,0.5,-0.606528082,0.340864617,5.12744929,2.977954947,0.229128104,-0.613946572,0.97559168,0.075063416,-0.201131709,0.046177841
155.935,527.501,3.504,-0.167,67.116,0.446,30.11,-6.407,67.709,67.656,-0.015,0.5,-0.535339854,0.323605299,4.964407534,2.939146779,0.267627004,-0.695089419,0.967904522,0.088133532,-0.22890323,0.054741468
156.051,527.965,4.106,-0.155,67.175,0.522,30.126,-5.003,67.709,67.665,0.021,0.5,-0.490238329,0.231652217,5.157066806,-2.908312924,-0.316259899,-0.830305625,0.955156403,0.103866976,0.272691335,-0.050272593
156.182,528.427,4.042,-0.13,67.234,0.514,30.14,-7.762,67.709,67.644,-0.058,0.5,-0.409033711,0.205551623,5.132248759,2.914296498,0.282728975,-0.572726271,0.973763993,0.094469213,-0.191367015,0.0789805
156.296,528.951,4.097,-0.107,67.301,0.521,30.131,-4.323,67.709,67.651,-0.015,0.5,-0.346316714,0.272362702,5.104384377,3.006179483,0.276306042,-0.626750874,0.974596192,0.089577757,-0.203191133,0.029179654
156.411,529.396,4.028,-0.138,67.357,0.512,30.136,-4.808,67.709,67.627,-0.091,0.5,-0.270841471,0.365828179,5.166512953,-3.035184324,-0.329453415,-0.695119111,0.969339377,0.105216729,0.221998487,-0.005223404
156.527,529.849,4.28,-0.124,67.415,0.545,30.129,-5.232,67.709,67.625,-0.063,0.5,-0.208727257,0.347541208,5.102836678,2.931147709,0.239608416,-0.537911704,0.977585272,0.079913291,-0.179402272,0.075866503
156.642,530.31,3.763,-0.15,67.474,0.479,30.133,-7.519,66.959,67.614,-0.077,2,-0.139063825,0.223304764,5.202400253,3.0039687,0.219357092,-0.324576098,0.990043869,0.072295409,-0.106973344,0.056064375
156.758,530.754,3.957,-0.131,67.53,0.503,30.138,-4.211,66.959,67.62,-0.024,2,-0.085736189,0.140258558,5.205271745,2.979196185,0.184000619,-0.448638394,0.985139705,0.060844035,-0.148352598,0.061557054
156.874,530.941,-1.925,0.393,67.554,-0.245,30.078,15.914,66.959,67.544,-0.273,2,0.009719275,0.158626067,5.139306179,-3.076877587,-0.216774888,-0.533969897,0.982892612,0.069247615,0.170573919,-0.005605343
156.99,530.218,-10.441,0.435,67.462,-1.328,29.937,17.875,66.959,67.502,-0.307,2,-0.03640266,0.211361803,4.996647545,3.008042744,0.181971554,-0.609701952,0.977803442,0.059152222,-0.198191554,0.033489567
157.106,528.636,-14.091,0.026,67.261,-1.793,30.113,0.456,66.959,67.551,-0.021,2,-0.293715609,0.183900702,5.142542494,3.012340476,0.193403197,-0.587313136,0.979035161,0.062857613,-0.190881547,0.033216099
157.223,527.264,-8.503,-0.201,67.086,-1.082,30.188,-9.164,66.959,67.616,0.209,2,-0.531181895,0.073893931,5.262586911,2.957443986,0.223254368,-0.559212418,0.978029909,0.07383046,-0.184932148,0.061698139
157.349,526.567,-4.184,-0.034,66.997,-0.532,30.163,-1.087,66.959,67.647,0.232,2,-0.651602758,-0.003978055,5.258554306,2.955091153,0.234658135,-0.487322405,0.981338346,0.077926201,-0.16183195,0.068651137
157.465,526.249,-0.956,-0.094,66.957,-0.122,30.145,-3.685,66.959,67.673912,0.139,2,-0.691887783,0.088506162,5.137941861,2.962237941,0.206289216,-0.501392317,0.98157791,0.068356743,-0.166143177,0.065027733
157.578,526.258,0.169,-0.025,66.958,0.022,30.129,-0.66,66.959,67.668,0.158,2,-0.714729424,0.288000441,5.21695124,2.91899744,0.135902918,-0.555448228,0.977923072,0.045530221,-0.18608637,0.083458537
157.701,526.261,-0.079,-0.047,66.959,-0.01,30.154,-1.471,66.959,67.689,0.166,2,-0.732907406,0.343974479,5.305806166,2.917937567,0.109348688,-0.452066601,0.983228525,0.036846145,-0.152328405,0.093274256
157.815,526.262,0.04,-0.028,66.959,0.005,30.165,-1.203,67.709,67.669,0.037,0.5,-0.706626618,0.225111446,5.123470707,2.899315348,0.122176806,-0.600426476,0.974506986,0.041065609,-0.201813092,0.089001264
157.936,526.262,-0.032,-0.045,66.959,-0.004,30.151,-2.038,67.709,67.673477,0.023,0.5,-0.710983405,0.148398402,5.19400992,2.947508965,0.190805921,-0.531720747,0.979704026,0.063420784,-0.176735326,0.070160171
158.053,526.484,4.271,-0.303,66.987,0.543,30.099,-11.114,67.709,67.687,0.074,0.5,-0.697815458,0.178622966,5.071375241,-2.936449147,-0.223144063,-0.980166734,0.945928328,0.071882154,0.315744436,-0.018921033
158.171,527.037,4.395,-0.091,67.057,0.559,30.138,-2.132,67.709,67.667,-0.021,0.5,-0.60845336,0.292557619,5.179973998,-2.910021221,-0.217546419,-0.886476138,0.953157864,0.071255865,0.290359292,-0.04587122
158.287,527.504,3.507,-0.193,67.117,0.446,30.104,-7.064,67.709,67.647,-0.082,0.5,-0.533449591,0.274392964,4.964847987,2.963028711,0.186504149,0.87808586,0.956795128,0.060224277,0.28354375,0.022782912
158.402,527.952,4.145,-0.131,67.174,0.527,30.131,-5.252,67.709,67.664,0.008,0.5,-0.490098753,0.148537641,5.159378463,2.98567556,0.061999957,-0.415630498,0.988259961,0.020522014,-0.137573883,0.063202247
158.522,528.404,4.146,-0.128,67.231,0.528,30.133,-7.783,67.709,67.671,0.031,0.5,-0.436340966,0.068304713,5.163557763,2.991833257,0.068523338,-0.558284579,0.981618618,0.022482464,-0.183172821,0.048653319
158.638,528.885,4.162,-0.147,67.292,0.53,30.12,-4.654,67.709,67.652,-0.042,0.5,-0.360945016,0.097921436,5.163982856,2.983050723,0.067443665,-0.575539485,0.980353965,0.02216478,-0.189146102,0.051367086
158.754,529.338,3.862,-0.162,67.35,0.491,30.129,-7.097,67.709,67.65,-0.034,0.5,-0.301257376,0.167287072,5.151061931,2.958097757,0.113670485,-0.587651527,0.978267453,0.037591772,-0.194341232,0.061734379
158.871,529.792,3.996,-0.161,67.408,0.508,30.106,-6.358,67.709,67.628,-0.096,0.5,-0.219678391,0.175072569,5.166070398,2.906159842,0.14731338,-0.453684857,0.982034835,0.049779392,-0.153306892,0.098115199
158.984,530.262,3.797,-0.142,67.468,0.483,30.122,-7.801,66.959,67.617152,-0.059,2,-0.162749602,0.116334657,5.232087953,-2.97908973,-0.231853204,-0.526919042,0.980421573,0.076303134,0.173409613,-0.053670069
159.104,530.697,3.828,-0.151,67.523,0.487,30.115,-4.29,66.959,67.613,-0.087,2,-0.088301346,0.063612465,5.212572459,2.989937039,0.190828224,-0.594887252,0.977932137,0.062415044,-0.194572446,0.0435277
159.217,530.884,-2.12,0.424,67.547,-0.27,30.083,18.097,66.959,67.557,-0.237,2,-0.00917402,0.127884178,5.09374526,2.941613294,0.214310381,-0.567624042,0.977051654,0.071182814,-0.188535322,0.068974661
159.331,530.156,-10.755,0.496,67.454,-1.368,29.937,20.843,66.959,67.544,-0.187,2,-0.087073454,0.309151626,5.21246648,2.989551723,0.215123791,-0.513300731,0.981863377,0.07065346,-0.168584201,0.050316638
159.447,528.608,-13.903,0.025,67.257,-1.769,30.11,0.214,66.959,67.527,-0.172,2,-0.267447412,0.394181938,5.111268303,2.917871662,0.235280862,-0.638488005,0.971295654,0.078319853,-0.212538692,0.072650238
159.563,527.246,-8.631,-0.242,67.084,-1.098,30.174,-9.629,66.959,67.594,0.12,2,-0.506130322,0.37888499,5.13041327,2.983699484,0.22774953,-0.523342262,0.980869007,0.074870964,-0.172044875,0.051873796
159.681,526.566,-4.064,-0.034,66.997,-0.517,30.154,-1.509,66.959,67.627,0.187,2,-0.629357567,0.273408484,5.122741431,2.988645614,0.234566476,-0.611669289,0.975987968,0.076601273,-0.199749968,0.04098393
159.807,526.262,-0.829,-0.071,66.959,-0.106,30.151,-3.635,66.959,67.659,0.216,2,-0.696048914,0.25737282,5.201922709,2.970273985,0.222052878,-0.555683653,0.978776602,0.073171755,-0.183111107,0.0557905
159.921,526.271,0.03,-0.011,66.96,0.004,30.172,-0.276,66.959,67.63,0.039,2,-0.673052713,0.33496283,5.023839439,2.875564389,0.179610949,-0.602110999,0.972157258,0.060722023,-0.203558849,0.098928745
160.046,526.272,-0.029,-0.012,66.96,-0.004,30.17,-0.766,66.959,67.65,0.093,2,-0.694364524,0.373659988,5.145448511,2.964021983,0.185216123,-0.538163599,0.980189872,0.06125021,-0.177968488,0.061672063
160.162,526.272,0.009,-0.016,66.96,0.001,30.154,-0.619,67.709,67.6,-0.098,0.5,-0.644711323,0.248168085,4.772529315,2.955582428,0.141904491,-0.585774661,0.977915396,0.046952027,-0.193815626,0.062549884
160.28,526.272,0.02,-0.044,66.96,0.003,30.161,-2.564,67.709,67.67,0.184,0.5,-0.705552404,0.080810381,5.219496328,3.005929097,0.185502272,-0.562417238,0.980395661,0.0605023,-0.183434606,0.038930261
160.403,526.491,4.092,-0.285,66.988,0.521,30.078,-11.159,67.709,67.708,0.236,0.5,-0.720696212,0.048602072,5.208145258,2.943813796,0.156568415,-0.662041189,0.972562519,0.051726292,-0.218721866,0.060060662
160.518,527.075,4.626,-0.066,67.062,0.589,30.136,-3.492,67.709,67.682,0.061,0.5,-0.618014328,0.14995765,5.121891545,-2.981405176,-0.227893662,-0.94349962,0.950872336,0.072683103,0.300914379,-0.00308271
160.638,527.523,3.696,-0.151,67.119,0.47,30.104,-7.573,67.709,67.679,0.027,0.5,-0.557787382,0.217122746,5.207819005,2.940101153,0.185680504,-0.642701033,0.973131945,0.061457624,-0.212724962,0.063128981
160.754,527.989,4.113,-0.158,67.178,0.523,30.12,-5.767,67.709,67.688,0.046,0.5,-0.511482855,0.14816165,5.184074542,2.906587864,0.201558438,-0.704660256,0.967135053,0.067066347,-0.234467928,0.07194919
160.87,528.442,3.782,-0.189,67.236,0.481,30.129,-6.178,67.709,67.676,-0.014,0.5,-0.439892399,0.034095714,5.135329612,2.973468381,0.213432597,-0.707794858,0.969725537,0.069605933,-0.230830351,0.038791059
160.985,528.904,4.522,-0.082,67.295,0.575,30.14,-5.285,67.709,67.685,0.021,0.5,-0.391827225,0.055302586,5.135275671,2.94592578,0.174863909,-0.773658048,0.964618488,0.057257708,-0.253327786,0.045362545
161.099,529.353,3.777,-0.15,67.352,0.481,30.113,-7.401,67.709,67.682,0.003,0.5,-0.332966016,0.236188202,5.097502183,2.927495929,0.245558264,-0.676594318,0.969124932,0.081290168,-0.223981327,0.063412454
161.218,529.799,3.785,-0.18,67.409,0.482,30.133,-4.963,67.709,67.699,0.06,0.5,-0.287662816,0.347880105,5.138304044,2.922391284,0.18932848,-0.741176604,0.965643373,0.062559655,-0.244906382,0.060332668
161.332,530.275,3.499,-0.217,67.469,0.445,30.11,-5.658,0,67.689,0.005,14,-0.223956794,0.34137719,5.183739956,2.870999927,0.229600688,-0.814880249,0.95652847,0.076495855,-0.271492921,0.074116555
161.447,530.716,3.987,-0.128,67.525,0.507,30.122,-5.534,0,67.695,0.291,14,-0.171387157,0.279695518,5.241939439,2.863012285,0.223236251,-0.699287728,0.964483087,0.075203166,-0.235573976,0.092853436
161.564,530.911,-1.681,0.418,67.55,-0.214,30.083,17.266,0,67.63,0.086,14,-0.076758584,0.268525318,5.233085309,2.877756941,0.266648576,-0.773682029,0.959170481,0.088875276,-0.257872009,0.074801067
161.678,530.19,-10.618,0.444,67.458,-1.351,29.941,17.97,0,67.538,-0.441,14,-0.083049207,0.335978121,5.030509733,2.804637911,0.262874485,-0.75273726,0.955761049,0.089582043,-0.256516875,0.112671946
161.795,528.564,-16.894,0.492,67.252,-2.149,29.864,15.208,0,67.452,-1.117,14,-0.1994994,0.369222089,4.895657274,2.814346831,0.246318554,-0.68624949,0.961404041,0.084144446,-0.234428474,0.116898557
161.91,526.078,-24.341,0.432,66.935,-3.097,29.797,14.66,0,67.195,-2.171,14,-0.264250828,0.267208448,4.593851233,2.83412872,0.123449731,-0.777847334,0.95867278,0.041758123,-0.263114749,0.099866856
162.028,522.841,-31.975,0.392,66.523,-4.068,29.697,16.983,0,66.673,-3.657,14,-0.147392265,0.147281294,4.453192312,2.857832529,0.064204695,-0.824005227,0.95730014,0.021506916,-0.276020485,0.083226114
162.143,518.691,-37.178,0.558,65.995,-4.73,29.482,25.903,0,66.075,-4.467,-4.307,-0.080047462,0.043839315,3.911234969,-2.849400852,0.022660573,-0.729840308,0.963853276,-0.007665284,0.24687961,-0.09989276
162.264,513.831,-47.036,0.321,65.377,-5.985,29.558,13.52,0,65.477,-4.756,-4.586,-0.104007054,0.062523618,3.695099344,3.000444756,-0.092461616,-0.553544708,0.981977797,-0.030260598,-0.18116268,0.044541956
162.382,508.54,-39.622,-0.322,64.704,-5.041,30.38,-14.907,0,64.924,-4.686,-4.619,-0.219169634,0.114057654,3.401376805,2.924512282,-0.155074257,-0.273759316,0.98928529,-0.052457527,-0.092605548,0.099935155
162.503,504.299,-34.252,0.066,64.164,-4.358,30.076,6.029,0,64.304,-4.905,-4.724,-0.135430074,0.076393918,3.295631159,2.959766028,-0.287853271,-0.189452672,0.990040229,-0.096286773,-0.063371822,0.080828299
162.622,500.075,-35.369,0.255,63.627,-4.5,29.887,5.536,0,63.617,-5.21,-5.21,0.011864286,-0.009440432,3.265524907,2.967749012,-0.413603717,-0.116002952,0.987160656,-0.137576768,-0.038585996,0.071397431
162.743,495.647,-36.407,0.21,63.063,-4.632,29.873,9.286,0,62.853,-5.69,-5.69,0.208337506,-0.099598827,3.23911546,2.989931732,-0.536177537,-0.029856202,0.982925174,-0.176265696,-0.009815078,0.05188613
162.863,490.866,-42.459,0.186,62.455,-5.402,29.832,7.795,0,62.075,-5.978,-5.978,0.378308796,-0.12152604,3.240136289,-2.787940353,0.574889072,0.484979563,0.95770801,-0.197484809,-0.166599264,-0.126648341
162.984,485.622,-44.072,0.309,61.788,-5.607,29.683,11.429,0,61.238,-6.372,-6.372,0.553064664,-0.172999086,3.341795011,2.787970912,-0.505676671,0.080557672,0.9719849,-0.176296706,0.028085243,0.152892267
163.106,479.936,-49.108,0.09,61.064,-6.248,29.907,4.207,0,60.364,-6.661,-6.74,0.695332675,-0.386496106,3.495941886,2.959616145,-0.420503533,0.016951564,0.987175373,-0.140258301,0.005654168,0.076029082
163.227,473.924,-51.438,0.198,60.299,-6.545,29.747,6.301,0,59.479,-6.93,-7.178,0.818607959,-0.601306123,3.566853343,2.974618715,-0.261301289,-0.037450821,0.993084751,-0.087236164,-0.012503061,0.077564178
163.347,467.59,-51.768,0.264,59.494,-6.587,29.674,10.33,0,58.534,-7.284,-7.668,0.961049344,-0.84010179,3.742124555,2.957538325,-0.020247823,0.037202842,0.99568031,-0.006816601,0.012524652,0.091746323
163.471,460.981,-57.164,0.227,58.653,-7.273,29.642,8.34,0,57.643,-7.322,-7.902,1.010898113,-0.913323625,3.674197079,2.977893433,0.247887434,-0.151007214,0.992500675,0.082618284,-0.050329122,0.074723551
163.591,453.579,-59.323,0.254,57.711,-7.548,29.532,11.122,0,56.681,-7.523,-8.26,1.029263101,-1.021054285,3.608430761,2.848597922,0.475440354,-0.165239434,0.97713155,0.163086467,-0.056680749,0.124112975
163.711,446.054,-61.89,0.124,56.753,-7.874,29.781,7.053,0,55.763,-7.536,-8.413,0.991466384,-1.229135157,3.527405792,2.844077308,0.663697187,-0.183074061,0.96629771,0.225496357,-0.062200857,0.107476424
163.833,438.355,-66.126,0.246,55.774,-8.414,29.644,4.835,0,54.854,-7.493,-8.457,0.923756706,-1.33999738,3.37374727,2.810933718,0.742610904,-0.190875647,0.958492404,0.253220809,-0.065086152,0.113733571
163.95,430.355,-67.466,0.185,54.756,-8.584,29.745,3.4,0,53.977319,-7.493,-7.493,,,,,,,,,,
164.068,422.575,-64.866,0.146,53.766,-8.253,29.754,5.604,0,53.146,-7.398,-8.296,0.615582912,-1.326015902,3.341324012,-1.985070052,-0.473165212,-0.073342307,-0.828859902,-0.197568681,-0.030623855,0.522513214
164.185,415.084,-58.929,-0.249,52.813,-7.498,30.403,-6.776,0,52.323,-7.23,-8.105,0.489113654,-1.281925852,3.368673106,2.725988225,0.827816892,-0.351457733,0.940943598,0.285741881,-0.121314502,0.135127772
164.306,407.861,-64.755,0.449,51.894,-8.239,29.343,12.865,0,51.464,-7.228,-7.991,0.434581756,-1.289619166,3.337380696,-2.056469486,-0.488920656,-0.221763766,0.845338874,0.200977277,0.091158918,-0.486518626
164.425,400.236,-64.238,0.03,50.924,-8.173,29.836,1.703,0,50.584,-7.291,-7.971,0.335193351,-1.296252506,3.331799103,2.768659939,0.792980531,-0.304646011,0.948816652,0.271753537,-0.104401846,0.122463178
164.541,392.716,-62.174,0.017,49.967,-7.911,29.889,4.029,0,49.777,-7.093,-7.473,0.193038757,-1.189032039,3.429079601,-2.164616969,-0.487652574,-0.299629485,0.869985875,0.195993498,0.120424732,-0.43612958
164.657,385.561,-60.702,0.167,49.057,-7.723,29.731,6.249,0,48.947,-7.142,-7.362,0.108266799,-1.007362791,3.49429382,2.797090249,0.677370833,-0.313971162,0.95884048,0.232202223,-0.107629084,0.122975774
164.773,378.47,-58.212,-0.01,48.154,-7.407,30.076,-1.105,0,48.134,-7.04,-7.08,0.022695734,-0.828186632,3.695485337,2.893179469,0.6541405,-0.271198764,0.968103958,0.218885836,-0.090747428,0.081416347
164.89,371.89,-58.504,0.13,47.317,-7.444,29.882,1.218,0,47.287,-7.167,-7.227,0.027562255,-0.71240073,3.578196593,2.874126062,0.645176465,-0.301680816,0.966689788,0.21700005,-0.101467979,0.09014478
165.003,365.357,-56.287,0.138,46.486,-7.162,29.905,1.743,0,46.436,-7.209,-7.309,0.052148826,-0.603204366,3.56584315,2.886941144,0.648922658,-0.276396662,0.967930831,0.21757016,-0.092670005,0.084766751
165.117,359.084,-55.575,0.21,45.688,-7.071,29.722,8.021,0,45.608,-7.277,-7.368,0.084249939,-0.450319123,3.602414956,2.915819822,0.600817796,-0.260561504,0.972835207,0.200457072,-0.086933837,0.076492674
165.23,352.541,-56.274,0.215,44.855,-7.16,29.706,8.802,0,44.765,-7.331,-7.41,0.091411006,-0.132089905,3.691690305,2.922215324,0.507490009,-0.266763999,0.978007848,0.169846899,-0.089280651,0.081741329
165.344,345.941,-58.889,0.132,44.016,-7.493,29.763,3.395,0,43.929266,-7.331,-7.331,,,,,,,,,,
165.461,339.372,-59.089,0.15,43.18,-7.518,29.823,1.118,0,43.1,-7.315,-7.397,0.078238291,0.275849681,3.744467989,3.111247099,0.297374479,0.213041376,0.993148789,0.094925634,0.068005458,0.004456892
165.575,332.628,-56.052,0.219,42.322,-7.132,29.795,8.521,0,42.232,-7.397,-7.471,0.086305277,0.438147109,3.767487869,-3.061918035,-0.122518959,0.32549791,0.993163928,0.039740257,-0.105578523,-0.029988319
165.692,325.985,-58.259,0.162,41.477,-7.413,29.745,6.636,0,41.367,-7.437,-7.503,0.107175524,0.563471255,3.719524497,2.980316846,0.049871022,0.224171904,0.994149529,0.016635564,0.074777416,0.076146632
165.806,319.131,-57.769,0.183,40.604,-7.35,29.775,6.851,0,40.464,-7.542,-7.605,0.135412382,0.799860224,3.803748644,2.90676191,-0.013167942,0.278239042,0.989340451,-0.004481818,0.094700959,0.11053105
165.922,312.416,-59.414,0.208,39.75,-7.559,29.727,3.854,0,39.59,-7.589,-7.668,0.160327051,0.911089844,3.650929683,2.863152514,-0.092446345,0.222986311,0.987513119,-0.031885126,0.076908899,0.133739299
166.037,305.514,-58.927,0.238,38.872,-7.497,29.674,9.246,0,38.652,-7.797,-7.866,0.218739094,1.066610531,3.8443563,2.921663594,-0.222295377,-0.330107399,0.986242264,-0.075038446,-0.111431675,0.096324504
166.151,298.648,-59.282,0.149,37.998,-7.543,29.752,8.158,0,37.763142,-7.797,-7.797,,,,,,,,,,
166.268,291.653,-60.887,0.153,37.108,-7.747,29.74,6.665,0,36.808,-7.909,-8.048,0.302579051,1.142714287,3.878318179,2.94354433,-0.149746784,0.214086442,0.991757667,-0.050453638,0.072131365,0.093103314
166.386,284.4,-61.817,0.189,36.185,-7.865,29.743,2.719,0,35.855,-7.971,-8.153,0.327577484,1.116896982,3.810013655,2.877961895,-0.176230076,-0.326545091,0.984669413,-0.060295575,-0.111724538,0.119616963
166.503,277.031,-62.665,0.189,35.248,-7.973,29.601,9.684,0,34.878,-8.093,-8.307,0.373961996,1.084163593,3.76367076,2.949296384,-0.111337638,-0.235545787,0.992052959,-0.037450571,-0.079230387,0.090282481
166.624,269.523,-63.336,0.19,34.293,-8.058,29.64,9.323,0,33.913,-8.15,-8.419,0.376806841,1.07378205,3.639594608,2.962871037,-0.013613602,-0.506987644,0.983398277,-0.004518453,-0.168272857,0.067761779
166.742,261.643,-64.401,0.19,33.29,-8.194,29.649,8.96,0,33.01,-7.883,-8.258,0.28036423,0.903056572,2.906293306,3.077717634,0.016147511,-0.492595777,0.987344255,0.005180187,-0.158026716,0.012330649
166.866,253.922,-67.147,0.153,32.308,-8.543,29.715,1.413,0,32.108,-7.786,-8.177,0.196259102,0.780931718,2.549142576,2.938584574,0.079570138,-0.422479908,0.985822069,0.026693803,-0.141731506,0.085758203
166.987,245.776,-65.404,0.002,31.271,-8.322,29.898,2.351,0,31.181,-7.667,-7.847,0.092034096,0.634869199,2.343715241,2.953535129,0.236743926,0.144509381,0.991807846,0.079499472,0.048526776,0.087419582
167.11,238.039,-63.108,0.091,30.287,-8.03,29.775,5.495,0,30.267,-7.625,-7.665,0.015459253,0.584252933,2.452039749,2.985806086,0.316609426,0.321211471,0.986946396,0.104653994,0.106175182,0.060919492
167.236,230.394,-61.772,0.126,29.314,-7.86,29.903,0.036,0,29.354,-7.494,-7.494,-0.038335428,0.631580447,2.734632172,3.106877511,0.330025023,0.221858901,0.991897019,0.10536329,0.070830337,0.004684424
167.354,222.899,-60.902,0.126,28.36,-7.749,29.861,1.415,0,28.42,-7.535,-7.535,-0.055651263,0.683088443,3.17529745,2.925750682,0.326877331,0.306320467,0.984401629,0.109981544,0.103064957,0.090747489
167.473,215.903,-59.763,0.159,27.47,-7.604,29.839,2.625,0,27.47,-7.712,-7.712,0.002506631,0.640487049,3.554685473,2.936885487,0.202089349,-0.318498368,0.987812426,0.067972133,-0.107125949,0.090168907
167.595,208.897,-60.352,0.163,26.579,-7.679,29.747,4.178,0,26.509,-7.855,-7.855,0.069440499,0.595084124,3.665297707,2.933849664,0.097206245,-0.384225665,0.986938776,0.032699907,-0.129252433,0.090423323
167.713,201.552,-59.324,0.237,25.644,-7.548,29.562,10.127,0,25.504,-8.003,-8.003,0.141262538,0.602972192,3.75487358,3.091676069,-0.063955621,0.357286937,0.993076793,-0.020543175,0.114764082,0.014341114
167.832,194.277,-62.46,0.099,24.719,-7.947,29.752,5.418,0,24.569,-7.953,-7.98,0.147962101,0.554021272,3.449488576,-3.055419516,0.194154219,-0.211392705,0.994958616,-0.063223859,0.068837353,-0.036352657
167.95,186.811,-64.224,0.092,23.769,-8.171,29.788,4.68,0,23.630546,-7.953,-7.953,,,,,,,,,,
168.065,179.47,-62.379,0.17,22.835,-7.937,29.699,5.369,0,22.715951,-7.953,-7.953,,,,,,,,,,
168.182,172.232,-62.194,0.076,21.914,-7.913,29.811,5.142,0,21.844,-7.877,-7.917,0.068878387,0.100914583,3.365589151,3.019428554,-0.284994132,-0.103473345,0.993573111,-0.093780165,-0.034048937,0.053464231
168.3,164.943,-63.234,0.136,20.986,-8.046,29.74,2.546,0,20.966,-7.73,-7.77,0.017914573,-0.037093478,3.460355369,-2.830439866,0.233318684,-0.170906445,0.983914197,-0.081105968,0.059410299,-0.147665471
168.418,157.609,-60.619,0.142,20.053,-7.713,29.797,6.363,0,20.083,-7.632,-7.632,-0.031967377,-0.100040981,3.697612199,2.935684096,-0.196031336,-0.077612484,0.992529932,-0.066276535,-0.026240124,0.099011171
168.535,150.456,-60.634,0.143,19.143,-7.715,29.768,4.295,0,19.243,-7.455,-7.455,-0.096220775,-0.251905333,4.101728826,2.815048868,-0.158894072,-0.225383042,0.983067876,-0.055488791,-0.078707986,0.155896115
168.65,143.461,-59.563,0.142,18.253,-7.578,29.756,4.663,0,18.383,-7.414,-7.414,-0.12975463,-0.45404841,4.569950108,2.864633022,-0.13804084,-0.138130747,0.988585974,-0.047637948,-0.047668975,0.134744447
168.765,136.72,-57.844,0.044,17.395,-7.36,29.864,6.969,0,17.545,-7.362,-7.348,-0.154386197,-0.785064865,5.283234435,2.951303633,0.032458647,-0.131970521,0.994570587,0.010938358,-0.044473228,0.093444267
168.88,130.006,-57.917,0.1,16.541,-7.369,29.795,5.257,0,16.681,-7.391,-7.317,-0.143253309,-0.954671669,5.506294592,2.943295877,-0.065897723,-0.033779886,0.994820007,-0.022273117,-0.011417441,0.098522604
168.994,123.443,-57.218,0.243,15.706,-7.28,29.654,7.619,0,15.776,-7.607,-7.467,-0.067786239,-1.040510729,5.603800782,2.829733842,-0.046239015,-0.080961024,0.987450728,-0.016135351,-0.028251781,0.154539792
169.108,116.903,-58.718,0.172,14.874,-7.471,29.786,2.498,0,14.994,-7.314,-7.232,-0.11913938,-0.480498105,5.671947331,2.673350024,-0.101204469,-0.143651963,0.971287686,-0.036769841,-0.052191962,0.229181609
169.225,110.252,-58.934,0.052,14.028,-7.498,29.756,5.316,0,14.138,-7.372,-7.268,-0.109686274,-0.778586049,5.520199725,2.649249188,-0.140660831,-0.194532958,0.967198022,-0.051352994,-0.071020836,0.238425872
169.341,103.543,-55.133,0.168,13.174,-7.015,29.793,6.369,0,13.304,-7.29,-7.197,-0.12820033,-1.647697211,4.73269096,2.8292427,-0.13371966,-0.126722861,0.986202455,-0.046611292,-0.044172385,0.15258082
169.461,96.922,-57.647,0.203,12.332,-7.335,29.683,4.587,0,12.422,-7.371,-7.236,-0.088453718,-1.92535016,5.166082714,2.795700493,-0.196707097,-0.075573999,0.982968335,-0.069162218,-0.026571819,0.168177817
169.576,90.143,-55.518,0.154,11.469,-7.064,29.733,7.669,0,11.609,-7.153,-7.069,-0.137895713,-0.09624102,5.753753102,2.414258446,-0.225509247,-0.042702115,0.932317257,-0.087085193,-0.01649033,0.350611995
169.692,83.624,-55.353,0.23,10.64,-7.043,29.715,8.014,0,10.73,-7.299,-7.158,-0.090966087,-0.359332791,5.777590561,2.459569141,-0.200263858,0.005404262,0.94065584,-0.076590393,0.002066846,0.330599804
169.808,77.144,-54.211,0.148,9.815,-6.898,29.829,6.244,0,9.855,-7.441,-7.361,-0.044053621,-1.984246954,5.070480962,2.751840853,-0.090964357,-0.193680957,0.978912557,-0.032358758,-0.068898142,0.189568358
169.929,70.669,-55.124,0.228,8.992,-7.014,29.654,12.325,0,9.052,-7.213,-7.116,-0.059794847,-1.338954649,5.570225173,2.701067235,-0.01757274,-0.17075294,0.974465914,-0.00633973,-0.061602658,0.215826559
170.044,63.777,-59.03,0.046,8.115,-7.511,29.786,4.983,0,8.155,-7.346,-7.266,-0.043994647,0.448506951,5.6881237,-2.558045427,-0.303748352,-0.281466901,0.950023905,0.112808081,0.104533048,-0.271664793
170.157,57.255,-55.826,0.004,7.285,-7.103,29.903,4.775,0,7.305,-7.323,-7.283,-0.016678204,-0.051948786,5.639973985,2.470296851,0.415602163,-0.282336427,0.93311911,0.15698774,-0.106648525,0.305400832
170.277,50.836,-58.234,0.104,6.468,-7.409,29.811,2.903,0,6.438,-7.474,-7.474,0.028073606,-1.535678129,4.856773125,-2.216333895,-0.53881817,-0.349799225,0.8781564,0.213490677,0.138597541,-0.405035541
170.397,44.252,-53.563,-0.1,5.63,-6.815,30.099,-4.104,0,5.62,-7.193,-7.193,0.014717396,-1.854881949,4.573351586,-2.199606145,-0.631337507,-0.404515617,0.868504243,0.249280675,0.159721107,-0.397553383
170.516,38.141,-47.932,-0.067,4.853,-6.099,30.12,-1.602,0,4.793,-7.12,-7.12,0.059053063,-1.512825044,4.690067797,2.857777468,0.971632618,-0.237154127,0.942336206,0.320390445,-0.078200253,0.056896033
170.638,32.516,-44.586,-0.013,4.137,-5.673,30.078,-2.359,0,3.987,-6.966,-6.966,0.147955542,-1.254627157,4.684794231,2.788676741,0.983733196,-0.271843466,0.935612766,0.330046621,-0.091204625,0.08590516
170.759,27.28,-41.695,-0.044,3.471,-5.305,30.092,-2.201,0,3.201,-6.777,-6.777,0.267774331,-1.471217024,4.517452288,-2.247986159,-0.75930195,-0.30649511,0.874463836,0.29536752,0.119226219,-0.365863549
170.874,22.512,-37.644,-0.037,2.864,-4.79,30.09,-2.39,0,2.421645,-6.777,-6.777,,,,,,,,,,
170.991,18.396,-35.066,-0.085,2.341,-4.462,30.113,-2.96,0,1.628736,-6.777,-6.777,,,,,,,,,,
171.109,14.638,-29.781,-0.033,1.862,-3.789,30.094,-0.751,0,0.82905,-6.777,-6.777,,,,,,,,,,
171.233,11.256,-27.145,-0.17,1.432,-3.454,30.17,-6.107,0,0.382,-6.459,-6.987,1.047983248,0.055697701,4.974748009,2.833059047,0.614137147,-0.060521078,0.96993823,0.210258624,-0.020720256,0.120755176
171.356,8.183,-21.71,-0.056,1.041,-2.762,30.11,-2.297,0,-0.269,-6.005,-6.581,1.311976424,-0.189815521,4.797526807,2.91062062,0.545099415,-0.137353105,0.978005184,0.183160268,-0.046152373,0.088476749
171.479,5.639,-19.246,-0.166,0.717,-2.449,30.161,-6.37,0,-0.903,-5.67,-6.349,1.618905542,0.651154275,4.48208917,2.754983898,0.444883501,-0.127557993,0.971289842,0.156846951,-0.044971509,0.17312608
171.603,3.525,-15.221,-0.222,0.449,-1.937,30.149,-8.036,0,-1.431,-5.131,-6.024,1.87837397,0.876957808,4.226469098,2.783829304,0.464622128,-0.12891496,0.973031496,0.162399312,-0.045059629,0.157498572
171.725,1.876,-11.271,-0.284,0.239,-1.434,30.138,-10.413,0,-1.821,-4.347,-5.524,2.061934687,0.406468757,4.270162191,-2.793663267,-0.539269302,1.165361431,0.908104675,0.175294202,-0.378810924,-0.03346829
171.847,0.766,-6.807,-0.177,0.097,-0.866,30.108,-8.012,0,-2.163,-3.737,-5.139,2.261799028,0.474257753,4.115018295,2.909397692,0.744235548,-0.345697214,0.96075509,0.245764989,-0.114157772,0.059306244
171.964,0.123,-3.597,-0.217,0.016,-0.458,30.104,-8.638,0,-2.424,-3.112,-4.741,2.44228313,0.095718556,4.092801695,-2.95347506,-0.954127226,0.352365972,0.945465898,0.305435034,-0.112799331,-0.008943504
172.082,-0.067,0.203,-0.184,-0.009,0.026,30.067,-6.879,0,-2.529,-2.237,-4.131,2.516974248,-0.569194622,3.970393695,-2.777130704,-1.259979871,0.411200714,0.902021686,0.409245833,-0.133559418,-0.032196415
172.199,-0.017,0.206,-0.077,-0.002,0.026,30.09,-2.598,0,-2.562,-1.469,-3.582,2.562922465,-0.50633137,3.949840652,-2.675452432,-1.420489545,0.493049288,0.871185111,0.462542084,-0.1605475,-0.036274286
172.335,-0.013,0.032,-0.087,-0.002,0.004,30.083,-2.954,0,-2.512,-0.721,-3.044,2.506320064,0.234325769,3.955330116,-2.278635879,-0.984607087,0.875074294,0.837793743,0.36201381,-0.321741519,-0.252051662
172.457,-0.012,0.009,-0.092,-0.002,0.001,30.078,-3.537,0,-2.599962,-0.721,-0.721,,,,,,,,,,
172.579,-0.014,-0.041,-0.107,-0.002,-0.005,30.09,-3.998,0,-2.222,0.005,-2.323,2.221537105,1.37465518,3.681851482,2.340637984,1.3111976,-0.80954244,0.823253639,0.461176911,-0.284733805,0.168807473
172.698,-0.014,0.053,-0.104,-0.002,0.007,30.083,-3.196,0,-1.972,0.809,-1.629,1.967776703,0.698150616,4.211651842,-2.250291485,-1.360712211,0.539901066,0.816444408,0.493689765,-0.195885381,-0.226534461
172.819,-0.013,-0.011,-0.096,-0.002,-0.001,30.081,-3.774,0,-1.692,1.414,-1.022,1.693672132,0.914798873,4.24422876,2.13255636,1.680765352,-0.801453827,0.744202678,0.586540219,-0.279685027,0.154626101
172.94,-0.012,-0.017,-0.107,-0.002,-0.002,30.083,-4.056,0,-1.322,2.055,-0.316,1.32280375,0.651086523,4.652738284,2.016971449,1.925210365,-0.879335952,0.685785517,0.654586055,-0.298980861,0.108746337
173.061,-0.011,0.046,-0.091,-0.001,0.006,30.083,-3.773,0,-1.081,2.028,-0.08,1.077616285,-0.245237062,5.331181576,-1.823980747,-1.956371674,-0.384650107,0.658762392,0.706577679,0.138923081,-0.217900144
173.185,-0.007,0.022,-0.091,-0.001,0.003,30.062,-3.313,67.761,-0.471,3.228,2.288,0.468984546,0.409893821,5.011055459,1.644423619,2.335358132,-0.811615028,0.55175474,0.783584537,-0.272321824,0.086039554
173.308,0.015,0.228,-0.06,0.002,0.029,30.09,-2.766,67.761,0.102,3.762,3.762,-0.095519785,0.374891666,5.362455571,1.441870041,2.524054852,-0.775990427,0.478182499,0.837078808,-0.257349852,0.066420031
173.431,0.351,6.907,-0.467,0.045,0.879,29.939,-18.072,67.761,0.515,3.598,3.598,-0.471200778,0.120094317,4.780523497,1.232047384,2.667377264,-0.694402807,0.407317705,0.881841072,-0.229571169,0.061202037
173.556,1.778,15.575,-0.397,0.226,1.982,29.868,-15.602,67.761,0.996,3.738,3.738,-0.770679471,0.813636415,4.499813457,0.9446548,2.680646155,-0.818531609,0.318035398,0.902488789,-0.275573708,0.091796526
173.68,4.199,22.146,-0.403,0.534,2.818,29.811,-14.156,67.761,1.394,3.518,3.518,-0.861281348,0.033671376,4.669204668,0.665057631,2.940747517,0.753151461,0.213975289,0.946154545,0.242318551,0.016966795
173.807,7.498,29.511,-0.284,0.954,3.755,29.807,-9.449,67.761,1.824,3.479,3.683,-0.866693503,0.110824227,5.21162462,-0.527926683,-3.065085368,-0.254861727,0.169163153,0.982143017,0.081665153,-0.010474903
173.933,11.209,27.617,0.052,1.426,3.514,30.097,1.133,67.761,2.066,2.862,3.455,-0.636187425,0.401564298,4.995873328,0.379477732,2.64394903,-0.573740989,0.135999523,0.94755443,-0.205620763,0.203383467
174.059,14.766,28.459,-0.115,1.879,3.621,29.971,-3.607,67.761,2.369,2.685,3.382,-0.486254296,0.138751572,5.299420771,-0.206911569,-2.855470414,-0.226798083,0.071392357,0.985245846,0.07825396,-0.134424971
174.182,18.243,26.267,-0.045,2.321,3.342,30.044,-0.488,67.761,2.581,2.298,2.818,-0.264389331,0.430508714,5.395965118,-0.089863449,2.598889215,-0.300012195,-0.03315819,0.958948979,-0.110699751,0.258965161
174.309,21.465,26.587,-0.065,2.731,3.383,30.033,-3.029,67.761,2.811,2.128,2.288,-0.081062946,0.811849348,5.234143152,-0.264036086,2.631113368,-0.299553232,-0.096367531,0.960300173,-0.10933053,0.237873311
174.43,24.479,21.533,0.025,3.115,2.74,30.09,0.642,67.761,3.045,2.009,2.009,0.073096475,0.487012768,5.397115967,-0.309476345,2.619613147,-0.285617415,-0.113180738,0.958036869,-0.104455123,0.241753193
174.552,26.737,16.526,-0.086,3.402,2.103,30.051,-3.752,67.761,3.222,1.801,1.801,0.182034697,0.365694135,5.358532354,0.394498972,-2.530502016,-0.077355356,-0.147551781,0.946466543,0.0289327,-0.28564393
174.675,28.621,14.721,-0.188,3.642,1.873,29.985,-8.724,67.761,3.442,1.801,1.801,0.195092627,0.041284211,5.50478204,-0.505618017,2.748067175,-0.194965557,-0.177902768,0.966913242,-0.068599043,0.16948026
174.796,30.367,14.247,-0.091,3.864,1.813,30.035,-4.314,67.761,3.664,1.792,1.792,0.195343623,-0.257240042,5.406051681,-0.497544294,2.674212899,-0.081040979,-0.178810548,0.961075186,-0.029125009,0.208597717
174.917,32.063,14.413,-0.136,4.08,1.834,30.014,-7.128,67.761,3.89,1.831,1.756,0.187329091,-0.2783646,5.516814842,0.464221043,-2.596084937,-0.077764067,-0.170408027,0.952980737,0.02854593,-0.248945676
175.035,33.772,13.79,-0.137,4.297,1.755,30.033,-5.798,67.761,4.097,1.787,1.673,0.204395055,0.020949346,5.238700938,0.365645061,-2.490954731,-0.017748605,-0.138220374,0.941625446,0.00670929,-0.306906553
175.155,35.408,14.065,-0.036,4.505,1.79,30.058,-2.425,67.761,4.295,1.744,1.603,0.209523306,0.548221846,5.356822821,-0.30443596,2.576795922,-0.071426761,-0.112942933,0.955967517,-0.02649867,0.269569695
175.277,36.988,13.181,-0.073,4.706,1.677,30.06,-2.968,67.761,4.496,1.716,1.548,0.211450062,0.974312376,5.333319236,0.119576471,-2.548128794,0.3100722,-0.044643671,0.951339524,-0.115764925,-0.282061226
175.397,38.517,12.266,-0.114,4.901,1.561,30.051,-4.325,67.761,4.741,1.829,1.614,0.164341146,1.261569637,5.092403374,-0.093759746,2.588032585,-0.223288677,-0.034752945,0.959278978,-0.082764079,0.267817442
175.516,39.971,12.165,-0.159,5.086,1.548,30.037,-7.532,67.761,4.966,1.847,1.628,0.122261883,1.354703877,4.582039104,-0.267234156,-2.551179448,0.499870363,0.098710316,0.942348582,-0.184640923,-0.261042436
175.635,41.445,13.163,-0.129,5.273,1.675,30.04,-5.329,67.761,5.143,1.714,1.54,0.12537231,0.933932568,5.30297999,-0.412188946,-2.694933805,0.313035798,0.147248913,0.962728564,-0.111827795,-0.19739811
175.753,42.991,12.949,-0.1,5.47,1.648,30.069,-3.968,67.761,5.37,1.783,1.608,0.097836996,0.548617004,5.437542547,-0.488447598,-2.76555735,0.221893977,0.171108965,0.968807419,-0.077732082,-0.161529041
175.871,44.429,12.42,-0.092,5.653,1.58,30.051,-6.208,67.761,5.563,1.724,1.571,0.089186407,0.62702846,4.967066667,0.565292706,2.811907675,-0.097164008,0.19516307,0.970790049,-0.033545146,0.135472436
175.988,45.869,12.821,-0.107,5.836,1.631,30.037,-2.799,67.761,5.746,1.661,1.534,0.087229319,0.579493487,4.983056042,0.709571062,2.900269855,-0.063906468,0.236879331,0.968210259,-0.021334187,0.077472126
176.109,47.346,12.166,-0.115,6.024,1.548,30.062,-3.229,67.761,5.914,1.567,1.467,0.111577452,0.73723895,4.871861826,0.821356262,2.885862781,-0.04063142,0.273038833,0.959331101,-0.013506874,0.070364761
176.227,48.797,11.676,-0.139,6.209,1.486,30.037,-5.191,67.761,6.079,1.482,1.391,0.131848052,0.91159916,4.849437337,-0.989151867,-2.92722457,0.412532157,0.317292031,0.938971114,-0.132328685,-0.012171001
176.344,50.153,10.932,-0.126,6.381,1.391,30.046,-4.027,67.761,6.241,1.45,1.35,0.138457468,0.838239063,4.862325191,1.001333471,2.712856234,-0.629198741,0.336952287,0.912885806,-0.211727622,0.090961942
176.463,51.446,10.483,-0.114,6.546,1.334,30.06,-2.998,67.761,6.396,1.386,1.277,0.154280266,0.749329935,4.868304099,1.133565025,2.699259866,-0.131908099,0.384653406,0.915941723,-0.044760467,0.105304408
176.581,52.696,10.453,-0.082,6.705,1.33,30.056,-3.373,67.761,6.545,1.341,1.223,0.164752129,0.551380922,4.939738632,-1.280550425,-2.678484511,0.230991862,0.428587825,0.896462824,-0.077310739,-0.081792003
176.724,53.887,10.211,-0.023,6.856,1.299,30.065,-1.294,67.761,6.706,1.353,1.211,0.153065199,0.416596596,4.908576947,1.211833488,2.44410124,-0.182446238,0.434058151,0.875435507,-0.06534914,0.20232569
176.841,55.252,9.199,-0.132,7.03,1.17,30.049,-4.97,67.761,6.89,1.326,1.177,0.139979438,0.497878639,4.959854637,-1.485420607,-2.572504584,0.008599331,0.498217515,0.862830928,-0.002884259,-0.085403628
176.961,56.35,9.548,-0.089,7.17,1.215,30.065,-2.234,67.761,7.03,1.271,1.126,0.142929185,0.845775314,5.346012703,1.440904168,2.440844656,-0.331898514,0.49969107,0.846460372,-0.115099066,0.143408085
177.079,57.469,8.967,-0.099,7.312,1.141,30.067,-4.482,67.761,7.172,1.241,1.098,0.141723389,1.169752221,4.735536367,-1.680506602,-2.469598096,0.237576404,0.55933559,0.821974818,-0.079074333,-0.072445473
177.195,58.506,8.373,-0.143,7.444,1.065,30.078,-5.323,67.761,7.274,1.092,0.97,0.166722684,0.841642312,5.373071902,-1.699077325,-2.401190866,-0.014588047,0.574723844,0.81221827,0.004934501,-0.099848063
177.311,59.499,8.193,-0.135,7.57,1.042,30.053,-2.82,67.761,7.4,1.091,0.95,0.166941298,0.647283367,5.454615454,1.631913098,2.273471206,-0.451792165,0.568916217,0.792575683,-0.157503417,0.152809677
177.424,60.395,7.396,-0.082,7.684,0.941,30.069,-5.765,67.761,7.514,1.052,0.9,0.169907935,0.535969109,5.551146327,1.706821948,2.21201326,-0.397235539,0.597111075,0.773846163,-0.138968063,0.159086005
177.542,61.223,7.51,-0.089,7.79,0.956,30.076,-4.672,67.761,7.61,0.967,0.815,0.179266999,-0.063658698,5.489368246,1.742396942,2.194457835,-0.444154387,0.607051263,0.764549322,-0.154743432,0.15168246
177.66,62.067,7.258,-0.043,7.897,0.923,30.069,-2.397,67.761,7.727,0.978,0.808,0.167904192,-0.200040378,5.525850076,1.826050477,2.20620608,-0.324494229,0.628239412,0.759029188,-0.111639884,0.129330852
177.778,62.819,6.348,-0.121,7.993,0.808,30.074,-4.872,67.761,7.793,0.812,0.662,0.201890751,0.02609983,5.666632019,1.913986304,2.187423573,-0.231835162,0.652239399,0.745420087,-0.079003714,0.112654668
177.893,63.56,6.279,-0.106,8.087,0.799,30.069,-4.349,67.761,7.857,0.707,0.558,0.228345675,0.048322862,5.497552452,-1.923140805,-2.012150401,-0.253180886,0.677781762,0.709151842,0.089229757,-0.172492318
178.008,64.186,4.721,-0.059,8.167,0.601,30.085,-2.936,67.761,7.917,0.635,0.468,0.25499135,0.215400959,5.638194239,2.019042217,2.069696351,-0.078561053,0.692626986,0.71000375,-0.026950157,0.124242593
178.127,64.673,3.782,-0.134,8.229,0.481,30.09,-3.791,67.761,7.989,0.628,0.421,0.244337369,0.234448291,5.543743874,2.148599363,1.924684964,-0.192991739,0.737367373,0.660523278,-0.066231897,0.124946758
178.242,65.123,3.133,-0.093,8.286,0.399,30.094,-4.392,67.761,8.076,0.67,0.431,0.213582644,0.111161359,5.37968628,-2.136015565,-1.803318254,-0.087622355,0.752410444,0.635217978,0.030864932,-0.171534252
178.36,65.481,3.027,-0.156,8.331,0.385,30.072,-6.164,67.761,8.141,0.632,0.39,0.19318679,0.031829864,5.42284012,-2.2895589,-1.888703499,0.383164071,0.762934818,0.62936038,-0.127679271,-0.074390718
178.482,65.885,3.921,-0.053,8.383,0.499,30.092,-2.75,67.761,8.203,0.587,0.359,0.175175272,0.011818247,5.47698058,2.310973455,1.800699739,-0.030696333,0.784350592,0.611162323,-0.010418418,0.105670339
178.597,66.258,2.827,-0.1,8.43,0.36,30.083,-4.875,67.761,8.28,0.608,0.38,0.152254355,0.204443484,5.464013213,2.514295014,1.855873595,0.064451446,0.80436477,0.593724813,0.020619089,0.007938268
178.717,66.579,2.651,-0.17,8.471,0.337,30.083,-7.102,67.761,8.331,0.541,0.337,0.141115553,0.28450781,5.41337377,2.374824076,1.694835069,0.202442216,0.807243955,0.57610388,0.068813626,0.108287587
178.833,66.942,2.94,-0.091,8.517,0.374,30.099,-2.706,67.761,8.367,0.446,0.274,0.146761701,0.460434048,5.317975496,-2.466898323,-1.659963447,0.207938543,0.824958185,0.555110204,-0.069536957,-0.080381997
178.947,67.238,2.297,-0.114,8.555,0.292,30.06,-4.804,67.761,8.405,0.4,0.237,0.153811941,0.444663094,5.352470202,-2.579430546,-1.669557778,0.360872176,0.833524137,0.539505399,-0.116613207,-0.023933201
179.067,67.481,1.955,-0.121,8.586,0.249,30.078,-5.196,67.761,8.446,0.383,0.218,0.137148358,0.090106334,4.989704938,-2.592844729,-1.623336677,0.305221312,0.842920186,0.527738217,-0.099225843,-0.033647674
179.184,67.705,1.709,-0.125,8.614,0.217,30.104,-4.145,67.761,8.464,0.293,0.144,0.150034601,0.085684208,5.306124479,2.442755457,1.487464901,-0.316542926,0.841533937,0.51243451,-0.109049645,0.131680221
179.3,67.917,1.853,-0.065,8.641,0.236,30.104,-2.549,67.761,8.491,0.268,0.119,0.15025028,-0.101543264,5.089799838,2.679132408,1.53128873,0.340413192,0.862810934,0.493149445,0.109629604,0.018500456
179.425,68.053,1.009,-0.081,8.659,0.128,30.09,-4.228,67.761,8.499,0.187,0.044,0.157022519,-0.12383253,5.013341364,2.714311053,1.49466032,-0.400123851,0.86872663,0.478372301,-0.128061316,0.008618809
179.541,68.132,0.444,-0.182,8.669,0.056,30.081,-5.997,0,8.509,0.146,-0.004,0.161629412,0.19834969,5.150295623,2.719916348,1.449747925,0.3436226,0.876858587,0.467376108,0.110778564,0.020166822
179.665,68.179,0.19,-0.134,8.675,0.024,30.108,-5.416,0,8.505,0.075,-0.072,0.17080163,0.339182642,4.971509479,-2.758092721,-1.386826551,0.508610032,0.881514953,0.443244106,-0.162557026,-0.006423605
179.78,68.198,0.058,-0.08,8.677,0.007,30.115,-2.908,0,8.487,-0.011,-0.155,0.18979846,0.61757649,5.321656533,2.579519399,1.310407172,0.329418766,0.87999964,0.447043678,0.112380777,0.114556298
179.899,68.186,-0.072,0.068,8.676,-0.009,30.129,3.012,0,8.516,0.091,-0.093,0.164592722,0.604420841,4.851142089,-2.756206638,-1.252924604,0.590104471,0.893176751,0.406022942,-0.191229346,-0.028495612
180.014,68.095,-1.206,0.08,8.664,-0.153,30.113,3.461,0,8.504,0.017,-0.157,0.16323426,0.485052538,4.856849657,-2.716933353,-1.187393668,0.598001018,0.896696093,0.391887148,-0.197364126,-0.058377933
180.132,68.011,-0.342,0.187,8.653,-0.044,30.085,8.001,0,8.503,0.008,-0.168,0.153275194,0.428275322,5.339211841,-2.690344473,-1.185498744,0.642455679,0.892045066,0.393079145,-0.213020832,-0.066079578
180.252,67.892,-1.457,0.186,8.638,-0.185,30.092,7.674,0,8.498,-0.012,-0.185,0.140985662,0.416017243,4.881768253,-2.751332937,-1.102182426,0.567349604,0.909982493,0.364538474,-0.187646577,-0.061905781
180.37,67.705,-1.805,0.139,8.614,-0.23,30.122,6.144,0,8.504,0.013,-0.166,0.112439276,0.586653488,4.847154018,-2.811083468,-1.040585212,0.533335884,0.922222048,0.34138105,-0.174969586,-0.048488322
180.496,67.518,-1.902,0.096,8.591,-0.242,30.113,5.173,0,8.491,-0.039,-0.197,0.10174476,0.596960566,4.871128207,-2.871177703,-1.012693951,0.485617567,0.930887005,0.328333435,-0.157445874,-0.029280313
180.611,67.351,-1.308,0.162,8.569,-0.166,30.099,5.402,0,8.459,-0.122,-0.251,0.109438605,0.6689289,5.280125114,2.882367936,0.880579129,-0.626199089,0.935897751,0.285921868,-0.203325298,0.031668731
180.728,67.171,-1.462,0.175,8.546,-0.186,30.099,6.808,0,8.426,-0.186,-0.3,0.122526097,0.527253656,5.355678067,2.879504292,0.894268827,0.382057871,0.946189993,0.293852042,0.125542211,0.051133442
180.844,66.943,-1.77,0.186,8.517,-0.225,30.11,6.906,0,8.407,-0.177,-0.301,0.112058362,0.155547534,4.989438239,-2.980405915,-0.818542593,0.498023547,0.951999736,0.261458457,-0.159078427,-0.005480129
180.96,66.677,-2.492,0.18,8.484,-0.317,30.083,8.365,0,8.384,-0.188,-0.313,0.100211642,0.026665362,5.303869919,2.910326394,0.696920625,-0.703459125,0.946163748,0.226572879,-0.228698583,0.033702371
181.082,66.369,-2.832,0.102,8.444,-0.36,30.12,5.147,0,8.354,-0.212,-0.335,0.092281543,-0.045897489,5.549042996,3.030641243,0.629775552,-0.489301632,0.967068817,0.200959549,-0.156134729,0.003886964
181.198,66.068,-2.682,0.153,8.406,-0.341,30.081,6.104,0,8.326,-0.22,-0.336,0.080813546,-0.042906264,5.342320729,-2.934233292,-0.533579696,-0.576574553,0.96467231,0.175422165,0.189557356,-0.051984674
181.315,65.777,-2.389,0.194,8.369,-0.304,30.088,7.668,0,8.299,-0.225,-0.334,0.069340283,0.193049411,5.38530102,-2.994598679,-0.488566013,-0.458316476,0.975231252,0.15910808,0.149256912,-0.036482849
181.435,65.449,-2.679,0.173,8.327,-0.341,30.09,5.426,0,8.247,-0.309,-0.396,0.077306761,0.340003302,5.559704375,2.997034816,0.358102095,-0.329039047,0.985719987,0.11777921,-0.10822042,0.052654587
181.551,65.126,-2.564,0.143,8.286,-0.326,30.092,6.164,0,8.226,-0.258,-0.355,0.058678478,0.300368762,5.376908332,-2.996474886,-0.300676111,-0.462794406,0.982355787,0.098572799,0.151721199,-0.047341186
181.674,64.784,-2.766,0.188,8.243,-0.352,30.09,7.141,0,8.193,-0.269,-0.358,0.050064201,0.190707861,5.452689692,-2.991345911,-0.141821629,-0.434965658,0.986858774,0.046787608,0.143497171,-0.057699586
181.793,64.42,-2.807,0.127,8.196,-0.357,30.099,5.013,0,8.166,-0.247,-0.307,0.030382247,0.043594458,5.495553066,-3.014815041,0.078244944,-0.419750484,0.988962327,-0.025667015,0.137692499,-0.048326965
181.91,64.086,-2.761,0.102,8.154,-0.351,30.106,4.629,0,8.134,-0.258,-0.298,0.020048913,-0.007916211,5.512678288,3.04650202,-0.183734262,-0.378184008,0.990067435,-0.059710878,-0.122904127,0.03310078
182.026,63.808,-2.064,0.194,8.119,-0.263,30.097,7.511,0,8.089,-0.31,-0.353,0.028294114,-0.033544835,5.600118845,-2.987266427,0.243193821,-0.199839983,0.992135168,-0.080769877,0.066371139,-0.068839716
182.144,63.54,-2.874,0.123,8.084,-0.366,30.099,6.005,0,8.064,-0.27,-0.31,0.020157377,0.068817427,5.62021479,2.992471966,-0.331431585,0.050104834,0.991673151,-0.109832877,0.016604205,0.065156743
182.262,63.201,-3.081,0.057,8.041,-0.392,30.115,3.963,0,8.031,-0.273,-0.293,0.014712087,0.0529016,5.353102129,2.68773917,-0.37812582,0.087886978,0.967366716,-0.136094431,0.031632138,0.211374907
182.381,62.905,-2.034,0.155,8.004,-0.259,30.106,5.221,0,7.954,-0.425,-0.427,0.045428112,-0.049054171,5.515636823,2.901858512,-0.47214122,-0.302779748,0.977584027,-0.159055899,-0.10200106,0.092878817
182.497,62.653,-2.279,0.188,7.972,-0.29,30.097,9.059,0,7.912,-0.396,-0.411,0.064982859,-0.103580216,5.593458501,2.928773522,-0.512650395,-0.323555066,0.976462988,-0.170919374,-0.107874352,0.075297574
182.612,62.274,-3.438,0.14,7.923,-0.437,30.094,6.113,0,7.883,-0.337,-0.383,0.041212832,-0.265915984,5.659833047,2.957589548,-0.549065626,-0.330852738,0.975682837,-0.181131932,-0.109145415,0.057632479
182.732,61.868,-3.382,0.079,7.872,-0.43,30.097,4.806,0,7.852,-0.312,-0.352,0.016762973,-0.347190012,5.535990262,-2.764172772,0.598906181,-0.129467268,0.964572133,-0.208991355,0.045178261,-0.15453847
182.849,61.527,-3.031,0.137,7.828,-0.386,30.106,4.992,0,7.798,-0.366,-0.402,0.032937607,-0.198960923,5.572660833,3.044278287,-0.603285217,-0.375036196,0.973810126,-0.192980141,-0.119967365,0.007767499
182.969,61.188,-2.648,0.165,7.785,-0.337,30.104,5.167,0,7.765,-0.332,-0.372,0.017864966,-0.017341215,5.504092738,3.03839715,-0.591751079,0.445795278,0.971510134,-0.189209028,0.142540494,0.007085936
183.087,60.831,-2.774,0.191,7.74,-0.353,30.108,6.744,0,7.72,-0.35,-0.382,0.023984776,0.187123754,5.45143953,2.989769131,-0.545977171,0.603360212,0.964677205,-0.176164683,0.194679863,0.021532413
183.204,60.477,-3.014,0.161,7.695,-0.383,30.108,6.271,0,7.685,-0.329,-0.349,0.013641424,0.379984074,5.526934523,2.975285998,-0.521998916,-0.579483386,0.966794514,-0.169619219,-0.188298321,0.032885114
183.324,60.121,-2.799,0.133,7.649,-0.356,30.11,4.782,0,7.629,-0.383,-0.401,0.019643455,0.381409969,5.450116468,3.001451942,-0.423784797,-0.641701484,0.968484118,-0.136743434,-0.207059019,0.021594201
183.442,59.8,-2.188,0.186,7.609,-0.278,30.101,7.496,0,7.589,-0.368,-0.387,0.023901105,0.327467304,5.427214089,2.990403178,-0.293569449,0.641655241,0.972691625,-0.095489647,0.208711883,0.034526495
183.561,59.447,-3.378,0.134,7.564,-0.43,30.108,6.106,0,7.524,-0.44,-0.446,0.03512768,0.2146742,5.513553523,-3.054972947,0.227001937,-0.66893488,0.974288299,-0.072395185,0.213335908,-0.003006201
183.679,59.058,-3.098,0.128,7.514,-0.394,30.099,6.219,0,7.494,-0.365,-0.398,0.019301949,0.188778479,5.529803859,-3.060851668,-0.026190394,-0.659428942,0.977523275,0.008364247,0.210597314,-0.005201736
183.798,58.672,-3.478,0.17,7.465,-0.443,30.106,8.637,0,7.445,-0.384,-0.411,0.02285089,0.213206634,5.311398646,2.895236827,0.167201262,-0.610752161,0.973044691,0.05619378,-0.205264434,0.088841437
183.92,58.272,-2.923,0.148,7.414,-0.372,30.12,6.002,0,7.384,-0.434,-0.452,0.025636364,0.291239711,5.581799508,-3.031677367,-0.278642918,-0.197773546,0.992686149,0.091238259,0.06475856,-0.04534445
184.039,57.888,-3.186,0.162,7.365,-0.405,30.097,8.31,0,7.325,-0.455,-0.471,0.038619356,0.402695815,5.418386944,2.868075152,0.382508812,-0.164995102,0.982294946,0.131006495,-0.056509626,0.121410871
184.157,57.48,-3.765,0.181,7.313,-0.479,30.09,7.327,0,7.263,-0.478,-0.498,0.053412747,0.304231555,5.445730029,-2.957087539,-0.540759209,0.13452092,0.98054961,0.179311983,-0.044606199,-0.066181278
184.281,57.024,-4.123,0.139,7.255,-0.525,30.113,3.428,0,7.195,-0.519,-0.544,0.061384031,0.271005217,5.396420995,3.05837551,0.692875967,-0.024966208,0.975250135,0.220943236,-0.007961187,0.002807071
184.398,56.563,-4.068,0.148,7.197,-0.518,30.092,8.006,0,7.127,-0.533,-0.565,0.068833985,0.253714118,5.395716837,2.946020069,0.804598396,-0.399611395,0.956060779,0.261113282,-0.129684378,0.030815629
184.514,56.052,-4.353,0.188,7.132,-0.554,30.09,4.22,0,7.082,-0.475,-0.536,0.054497225,0.188947439,5.440317601,2.922330336,0.876313634,-0.420478205,0.948437595,0.284406176,-0.136465523,0.030925971
184.633,55.536,-4.958,0.084,7.066,-0.631,30.108,5.831,0,7.016,-0.507,-0.563,0.049731577,0.325771572,5.416596408,2.831840106,0.965797463,0.369347096,0.937449984,0.319716786,0.122268354,0.063396791
184.749,55.027,-4.357,0.155,7.001,-0.554,30.099,4.086,0,6.961,-0.492,-0.552,0.039879687,0.469323261,4.887253568,2.890369163,1.105380366,-0.445883994,0.92445227,0.353543555,-0.142611012,0.007553457
184.867,54.534,-4.889,0.126,6.939,-0.622,30.085,7.187,0,6.889,-0.543,-0.588,0.048685991,0.68563031,5.350654786,-2.8086045,-1.235614987,0.425332312,0.906448238,0.398782038,-0.137271633,-0.021931178
184.997,54.005,-4.657,0.145,6.871,-0.592,30.108,5.688,0,6.831,-0.521,-0.575,0.038659327,0.619183268,4.824725047,-2.772140488,-1.245906622,0.497423593,0.899705723,0.404362377,-0.161440178,-0.030947527
185.115,53.423,-4.645,0.147,6.797,-0.591,30.083,7.17,0,6.757,-0.541,-0.589,0.044309545,0.489045654,5.138185392,-2.617625815,-1.260221047,0.479461,0.884678349,0.425916596,-0.162043316,-0.098393272
185.232,52.872,-4.43,0.131,6.727,-0.564,30.106,7.181,0,6.697,-0.529,-0.581,0.032627673,0.313011506,4.887289371,-2.662708655,-1.348942133,0.389174414,0.88266196,0.447161166,-0.129007524,-0.065664415
185.348,52.347,-4.859,0.109,6.66,-0.618,30.113,4.776,0,6.62,-0.579,-0.615,0.040329518,0.173311776,5.367364363,-2.715963564,-1.423584624,0.2676193,0.881907318,0.462255722,-0.086899332,-0.031743288
185.466,51.805,-4.449,0.175,6.591,-0.566,30.083,7.889,0,6.551,-0.585,-0.623,0.038541217,0.013040895,5.462172215,-2.674744242,-1.456365271,0.277426177,0.873869701,0.475811281,-0.090638322,-0.04171409
185.583,51.25,-4.982,0.153,6.521,-0.634,30.072,7.663,0,6.471,-0.624,-0.656,0.053504152,0.062263083,5.462484489,-2.680730291,-1.458143993,0.288392751,0.873922,0.475357077,-0.094016459,-0.038169262
185.702,50.668,-4.639,0.232,6.447,-0.59,30.081,7.991,0,6.387,-0.658,-0.69,0.061358892,0.085655279,4.984073994,2.628610229,1.398333947,-0.340062111,0.874851737,0.46539227,-0.113179172,0.072352942
185.82,50.058,-5.437,0.166,6.369,-0.692,30.074,7.071,0,6.289,-0.717,-0.748,0.083361362,0.108709352,5.093436473,2.564821839,1.360076287,-0.41098975,0.8699522,0.461319122,-0.139402056,0.10457009
185.939,49.428,-5.515,0.179,6.289,-0.702,30.09,7.621,0,6.179,-0.812,-0.841,0.114442229,0.172007598,5.289305081,2.442904194,1.288103078,-0.451983596,0.860133912,0.453534421,-0.159141083,0.170734582
186.056,48.725,-5.847,0.197,6.2,-0.744,30.078,8.609,0,6.07,-0.854,-0.901,0.12986353,0.099633381,5.412708307,-2.599037116,-1.331800774,-0.31882988,0.880113677,0.450988587,0.107965575,-0.101747951
186.173,47.962,-6.604,0.203,6.102,-0.84,30.085,6.33,0,5.942,-0.946,-1.005,0.156590407,0.081192941,5.440109148,-2.612203736,-1.29636146,-0.302125013,0.886092802,0.43974233,0.102484655,-0.104704942
186.294,47.128,-7.109,0.209,5.996,-0.905,30.072,7.737,0,5.846,-0.897,-1.003,0.151832911,0.115061041,5.190178786,2.689043384,1.362220308,-0.33263456,0.885370139,0.448512356,-0.109520251,0.054421493
186.41,46.176,-8.341,0.15,5.875,-1.061,30.072,6.794,0,5.715,-0.967,-1.084,0.160455956,0.159375583,5.538574569,2.657254142,1.32868581,-0.445260937,0.882451111,0.441245062,-0.147867305,0.068688367
186.526,45.254,-7.741,0.145,5.758,-0.985,30.078,6.437,0,5.618,-0.92,-1.068,0.143101127,0.307865354,5.495408005,2.637250695,1.276039861,-0.061269589,0.894955142,0.43302612,-0.020791931,0.105410479
186.645,44.286,-8.498,0.157,5.635,-1.081,30.069,8.13,0,5.505,-0.942,-1.094,0.131418834,0.394724822,5.478850762,-2.759447434,-1.351689684,-0.14782567,0.89653103,0.439157394,0.04802784,-0.032653046
186.764,43.274,-7.9,0.228,5.506,-1.005,30.058,7.253,0,5.396,-0.931,-1.087,0.114195879,0.319244824,5.216155911,2.525081383,1.166547761,-0.427575538,0.885270757,0.408981123,-0.149904127,0.162968953
186.896,42.263,-8.198,0.186,5.377,-1.043,30.06,8.359,0,5.287,-0.923,-1.075,0.09115345,0.19918725,5.086954911,-2.706993516,-1.188605761,-0.160578118,0.91054269,0.399807491,0.054013144,-0.090269376
187.016,41.127,-8.28,0.203,5.233,-1.054,30.083,7.488,0,5.153,-0.958,-1.09,0.081668978,0.04590948,5.494919309,-2.803049524,-1.099607228,-0.240969774,0.926267926,0.363365291,0.07962848,-0.06043756
187.141,40.125,-8.092,0.224,5.105,-1.03,30.067,8.044,0,5.045,-0.937,-1.057,0.058531421,-0.051805293,5.051826538,-2.824355987,-1.069239423,-0.128811658,0.93272498,0.353109283,0.042539202,-0.059400023
187.258,39.061,-8.527,0.139,4.97,-1.085,30.074,3.216,0,4.92,-0.962,-1.062,0.047832051,-0.06896847,5.230952606,-2.666753696,-0.930083263,-0.252065441,0.929490037,0.324178092,0.087856751,-0.15244024
187.393,38.087,-7.979,0.182,4.846,-1.015,30.074,5.341,0,4.796,-1,-1.084,0.050922686,0.04077032,5.058058887,2.913551843,0.978638737,-0.471304619,0.936879658,0.314690376,-0.151552378,0.016073299
187.513,36.966,-8.245,0.206,4.703,-1.049,30.074,6.174,0,4.643,-1.052,-1.117,0.06347292,0.276532618,5.320955456,2.931197749,0.96114511,0.529626893,0.93650115,0.307080442,0.169212805,0.005850223
187.631,35.927,-8.667,0.149,4.571,-1.103,30.056,7.949,0,4.491,-1.129,-1.18,0.079248649,0.405754554,4.974429879,2.933783355,0.930880882,-0.265357298,0.949322395,0.301217221,-0.085865108,0.026121991
187.749,34.91,-8.72,0.178,4.442,-1.109,30.074,7.231,0,4.342,-1.191,-1.24,0.104507715,0.547199854,5.390869413,2.924152819,0.89639254,-0.305588501,0.95080088,0.291465894,-0.099363417,0.033944527
187.866,33.819,-9.272,0.187,4.303,-1.18,30.069,7.623,0,4.183,-1.252,-1.308,0.118705088,0.552214502,5.312421836,2.852917586,0.8172397,-0.415705512,0.94954044,0.272003001,-0.138359831,0.072414618
187.988,32.682,-9.489,0.199,4.158,-1.207,30.065,7.874,0,4.058,-1.179,-1.273,0.100889567,0.434144471,4.956123488,2.889362416,0.82640217,-0.336210818,0.953834593,0.27281139,-0.110989714,0.058777523
188.109,31.437,-10.274,0.109,4,-1.307,30.081,4.378,0,3.9,-1.226,-1.322,0.102510431,0.431135076,5.332693423,-3.001850685,-0.824684801,-0.408103625,0.956092141,0.26266285,0.129981371,-0.000942741
188.225,30.213,-9.896,0.119,3.844,-1.259,30.076,6.242,0,3.754,-1.218,-1.322,0.086970479,0.412325091,5.374580787,2.934573901,0.7596431,-0.393414477,0.959174899,0.248291786,-0.128588785,0.042422005
188.344,29.029,-10.696,0.121,3.693,-1.361,30.035,5.422,0,3.613,-1.215,-1.32,0.0840539,0.40924226,5.350200809,-2.903024582,-0.737234503,-0.098263921,0.966174867,0.245363905,0.032703867,-0.072340425
188.465,27.784,-10.183,0.137,3.535,-1.296,30.06,4.985,0,3.475,-1.195,-1.304,0.058618431,0.414824494,4.964877407,3.027507055,0.756170638,0.189964231,0.968374632,0.241867797,0.060761722,0.007652032
188.585,26.538,-10.477,0.137,3.377,-1.333,30.062,5.787,0,3.317,-1.24,-1.33,0.062204799,0.429008177,5.431322783,2.96442983,0.706509535,0.277526247,0.967941461,0.2306885,0.09061748,0.040750665
188.702,25.322,-10.129,0.189,3.222,-1.289,30.053,8.018,0,3.162,-1.264,-1.342,0.060077376,0.3254057,5.376073377,2.88777195,0.67813246,-0.255253632,0.966662441,0.227000328,-0.085444454,0.082059862
188.821,24.1,-10.385,0.136,3.066,-1.321,30.062,5.616,0,3.006,-1.277,-1.348,0.062551108,0.285875383,5.377897826,2.904244547,0.682497956,-0.25355781,0.967348068,0.227326958,-0.084455236,0.073671456
188.943,22.84,-10.751,0.141,2.906,-1.368,30.078,6.883,0,2.846,-1.313,-1.379,0.058772447,0.191667909,5.268695458,-2.989806018,-0.660196522,0.464875979,0.965172131,0.213125293,-0.150071723,-0.02233482
189.063,21.556,-10.691,0.17,2.743,-1.36,30.056,7.017,0,2.693,-1.291,-1.361,0.054801153,0.145364941,5.429560914,-3.037213928,-0.647948678,-0.426523073,0.968891127,0.20669987,0.136063653,-0.003439639
189.182,20.271,-10.543,0.179,2.579,-1.341,30.067,5.918,0,2.529,-1.323,-1.385,0.045394914,0.239993799,5.509057782,-3.070766902,-0.589152139,-0.135669416,0.981147733,0.188241343,0.043348044,-0.005938807
189.301,18.979,-10.6,0.152,2.415,-1.349,30.053,5.411,0,2.385,-1.276,-1.336,0.034867574,0.317318502,5.422055636,-3.02725605,-0.56976408,-0.315687501,0.977376896,0.183953468,0.101922555,-0.022523701
189.425,17.692,-10.872,0.102,2.251,-1.383,30.053,5.447,0,2.221,-1.306,-1.361,0.027495771,0.361997395,5.496702883,2.930437017,0.483977507,-0.344695823,0.977245408,0.161397359,-0.114949548,0.075689544
189.547,16.393,-10.673,0.138,2.086,-1.358,30.076,4.952,0,2.066,-1.297,-1.337,0.015271647,0.40694566,5.478792047,3.000832999,0.476598457,0.384211963,0.979055686,0.155495634,0.125353496,0.039466087
189.67,15.082,-10.686,0.139,1.919,-1.36,30.099,5.546,0,1.899,-1.316,-1.355,0.018732384,0.239520739,5.501187513,2.994575142,0.412059917,-0.320365648,0.98387014,0.135382627,-0.105256399,0.050913472
189.795,13.791,-10.255,0.173,1.755,-1.305,30.049,6.849,0,1.735,-1.327,-1.358,0.017967059,0.066964188,5.521905155,2.866577138,0.352032341,-0.228231995,0.982075726,0.12060461,-0.078191198,0.121934137
189.916,12.485,-10.438,0.185,1.589,-1.328,30.085,7.051,0,1.579,-1.301,-1.321,0.010195461,-0.071151896,5.55390869,-2.78499703,-0.288516471,-0.205316912,0.978197804,0.101338054,0.072115176,-0.166310122
190.037,11.183,-10.656,0.147,1.423,-1.356,30.081,6.526,0,1.433,-1.259,-1.259,-0.005136426,-0.206853837,5.504207337,2.920716167,0.245188184,-0.333318582,0.985567779,0.082736411,-0.112475173,0.095708803
190.158,9.936,-10.206,0.094,1.264,-1.299,30.085,3.68,0,1.274,-1.28,-1.28,-0.012668109,-0.188873555,5.617662583,-2.862353124,-0.194516884,-0.211826367,0.986280399,0.067024641,0.072988966,-0.132027586
190.284,8.741,-9.548,0.164,1.112,-1.215,30.074,8.477,0,1.122,-1.275,-1.275,-0.008053911,-0.043493327,5.5787507,-3.01368774,-0.195165602,-0.460295588,0.985589656,0.063826519,0.150534033,-0.043344084
190.406,7.483,-10.069,0.169,0.952,-1.281,30.049,6.937,0,0.942,-1.331,-1.331,0.007096141,0.059315575,5.21770334,-3.013679902,-0.143299525,-0.414094632,0.988449058,0.04700044,0.135817825,-0.048092996
190.529,6.261,-9.953,0.124,0.797,-1.266,30.062,5.915,0,0.767,-1.378,-1.378,0.028046331,0.166649685,5.542113189,-2.926980685,-0.191246,-0.318770501,0.987506155,0.064522668,0.107546945,-0.095404784
190.652,4.974,-10.49,0.162,0.633,-1.335,30.062,4.996,0,0.583,-1.419,-1.419,0.048280503,0.130317887,5.541616201,-2.921219351,-0.189237964,-0.314242899,0.987377323,0.063962768,0.106214657,-0.098555737
190.775,3.65,-10.569,0.209,0.464,-1.345,30.058,9.172,0,0.394,-1.468,-1.47,0.066712703,-0.014527221,5.333231709,3.022211338,0.215546531,0.426587511,0.986898221,0.070386371,0.139301461,0.040899415
190.899,2.27,-10.845,0.176,0.289,-1.38,30.06,6.978,0,0.219,-1.448,-1.477,0.070713413,-0.095016455,5.343391288,2.980528042,0.307473014,-0.63063244,0.972624771,0.10033654,-0.205791969,0.03979069
191.024,0.958,-9.001,-0.113,0.122,-1.145,30.158,-4.616,0,0.062,-1.372,-1.423,0.063070295,-0.139853892,5.531720527,2.991202522,0.327481471,-0.243150228,0.988966321,0.10827356,-0.080391543,0.061316
191.145,0.179,-4.028,-0.06,0.023,-0.512,30.133,-3.153,0,-0.087,-1.309,-1.333,0.107032401,-0.06900211,5.294192732,2.965147949,0.47101701,-0.554306297,0.970251963,0.15412559,-0.181379406,0.044248641
191.269,-0.065,-0.022,0.008,-0.008,-0.003,30.122,0.492,0,-0.248,-1.313,-1.313,0.243057998,0.094850914,5.324247149,2.812000681,0.504374389,-0.307789263,0.969843933,0.173956018,-0.106154864,0.133690664
191.392,-0.044,0.005,0.01,-0.006,0.001,30.136,0.865,0,-0.426,-1.357,-1.357,0.423925045,0.153680016,5.578155354,2.874716184,0.586256498,-0.316862976,0.969744651,0.197765298,-0.106889222,0.095178217
191.517,-0.044,0.024,0.007,-0.006,0.003,30.129,0.645,0,-0.576,-1.308,-1.367,0.57490491,0.203798327,5.280754498,-2.722482818,-0.599213594,0.013261366,0.961362313,0.211594124,-0.00468285,-0.176035512
191.638,-0.044,-0.013,0.006,-0.006,-0.002,30.136,0.042,0,-0.696,-1.169,-1.361,0.693448347,0.178810381,5.0129828,2.843073785,0.786084459,-0.348754408,0.953661411,0.263678846,-0.116983816,0.085546282
191.761,-0.044,0.009,-0.006,-0.006,0.001,30.124,-0.234,0,-0.826,-1.129,-1.437,0.818791845,0.093197719,4.996908008,-2.775163653,-0.858826191,0.138430913,0.947734295,0.293294067,-0.04727495,-0.116376012
191.888,-0.043,-0.011,-0.016,-0.006,-0.001,30.133,-0.732,0,-0.886,-0.878,-1.351,0.878736793,0.131735722,4.923397803,-2.734013812,-0.929564262,0.195237253,0.93740533,0.318717663,-0.06694057,-0.123325822
192.021,-0.043,-0.01,-0.026,-0.005,-0.001,30.131,-0.575,0,-0.945,-0.719,-1.319,0.937538928,0.229960147,4.910324634,2.770600698,1.137386022,-0.333697807,0.917509124,0.376655522,-0.110507004,0.063998645
192.143,-0.043,-0.006,-0.026,-0.005,-0.001,30.126,-1.167,0,-0.965,-0.495,-1.219,0.95907029,0.335150146,4.944485043,-2.814988998,-1.259555278,0.221866689,0.910157851,0.407246396,-0.071735168,-0.02484201
192.266,-0.041,0.034,-0.023,-0.005,0.004,30.136,-1.445,0,-0.995,-0.396,-1.195,0.991619067,0.537204058,5.241340583,2.563895407,1.351963707,-0.641811495,0.860412909,0.453702995,-0.21538433,0.086329652
192.391,-0.04,-0.034,-0.04,-0.005,-0.004,30.126,-1.104,0,-0.895,0.078,-0.855,0.887497847,0.538259135,4.946301702,-2.697629697,-1.448197429,0.220265899,0.878227526,0.471468285,-0.071708721,-0.035943408
192.513,-0.038,-0.001,-0.054,-0.005,0,30.131,-1.347,0,-0.795,0.365,-0.61,0.794340737,0.40798292,4.97278363,2.557868903,1.556563873,-0.516629087,0.84070117,0.511599741,-0.169801774,0.051522864
192.643,-0.037,0.01,-0.047,-0.005,0.001,30.129,-1.591,0,-0.675,0.609,-0.366,0.667969215,0.322308489,4.984769555,2.472375703,1.66536925,-0.608974677,0.811610316,0.546693151,-0.19990899,0.049514547
192.775,-0.033,-0.016,-0.045,-0.004,-0.002,30.122,-1.438,0,-0.544,0.764,-0.158,0.54275347,0.25047643,5.131081021,-2.423087455,-1.778324559,0.607225634,0.789659192,0.579537619,-0.197888567,-0.0376115
192.899,-0.03,0.077,-0.028,-0.004,0.01,30.122,-1.272,67.761,-0.414,0.849,0.029,0.408374478,0.295933497,5.420746652,2.418623785,1.889059342,-0.630688425,0.771961949,0.602938721,-0.201299379,0.00426718
193.027,-0.026,0.012,-0.047,-0.003,0.002,30.129,-2.178,67.761,-0.283,0.929,0.369,0.280094465,0.423135507,5.350959488,-2.233367829,-1.820249827,-0.232190025,0.766570558,0.624773899,0.079695801,-0.125202771
193.15,-0.006,0.328,-0.07,-0.001,0.042,30.124,-3.428,67.761,-0.121,1.066,0.826,0.118410418,0.507847012,5.305204391,2.053144737,1.839321962,-0.558217587,0.720148068,0.645148944,-0.195796872,0.163808379
193.27,0.218,3.445,-0.189,0.028,0.438,30.085,-8.303,67.761,0.068,1.255,1.255,-0.043273566,0.556861827,5.274114663,1.922975452,1.99102503,-0.676380237,0.66766703,0.691294196,-0.234842719,0.145540263
193.393,0.898,7.859,-0.095,0.114,1,30.065,-5.498,67.761,0.214,1.242,1.242,-0.099218861,0.574909988,5.303051404,1.872655958,1.980880786,-0.571886647,0.66169859,0.699939579,-0.202074805,0.1772155
193.515,2.046,10.937,-0.108,0.26,1.392,30.076,-4.604,67.761,0.34,1.157,1.157,-0.083312468,0.417612712,5.474643171,-1.902633962,-2.190463731,-0.095803239,0.650747143,0.749191932,0.032767041,-0.119020695
193.635,3.316,9.776,-0.009,0.422,1.244,30.117,-0.101,67.761,0.402,0.9,0.895,0.015478068,0.263246639,5.458546761,1.781560165,2.152290997,-0.452422049,0.621838534,0.751239001,-0.157914097,0.154983673
193.756,4.408,8.949,-0.054,0.561,1.139,30.104,-2.593,67.761,0.511,0.9,0.9,0.053874078,0.23609595,5.474318722,1.714304483,2.163292767,-0.399336155,0.605150037,0.763643047,-0.140965792,0.175417716
193.891,5.293,6.498,-0.111,0.673,0.827,30.113,-4.388,67.761,0.563,0.719,0.719,0.110585666,0.248145189,5.538349417,-1.682572804,-2.208858856,0.105775774,0.59558116,0.781870904,-0.037441505,-0.180441415
194.013,6.195,6.845,-0.124,0.788,0.871,30.104,-2.306,67.761,0.668,0.741,0.717,0.123296166,0.347423651,5.533942015,-1.692620809,-2.327793276,0.156109246,0.582309576,0.800826924,-0.053706009,-0.129257339
194.136,6.931,5.519,-0.073,0.882,0.702,30.117,-2.094,67.761,0.722,0.623,0.585,0.16270531,0.409117771,5.491368198,-1.578748483,-2.240502755,0.186582423,0.563537992,0.79975274,-0.066601036,-0.195920363
194.256,7.592,5.288,-0.103,0.966,0.673,30.115,-4.651,67.761,0.786,0.581,0.507,0.180583239,0.396250148,5.230967415,-1.560739183,-2.312771678,0.13895353,0.550250107,0.815384707,-0.048989092,-0.173126162
194.385,8.175,4.102,-0.078,1.04,0.522,30.117,-1.692,67.761,0.84,0.531,0.428,0.199079588,0.390637872,5.09413775,-1.481010558,-2.287089676,0.220767157,0.530537682,0.81929683,-0.079084714,-0.202553894
194.511,8.671,3.483,-0.123,1.103,0.443,30.101,-3.35,67.761,0.893,0.483,0.347,0.205453714,0.314595968,5.11566767,-1.436702659,-2.317963916,0.220145941,0.514353599,0.829853745,-0.078814399,-0.201423503
194.633,9.113,2.783,-0.101,1.16,0.354,30.129,-2.264,67.761,0.93,0.406,0.253,0.225491646,0.319557563,5.470779548,-1.446038008,-2.435268926,0.064705953,0.504365965,0.849401437,-0.022568895,-0.15369716
194.758,9.433,2.464,-0.091,1.2,0.313,30.122,-3.824,67.761,1.01,0.503,0.296,0.193008052,0.317043526,5.119855722,1.370629716,2.397058899,-0.344470094,0.484650462,0.847592672,-0.121803568,0.178506251
194.891,9.686,1.611,-0.138,1.232,0.205,30.122,-5.059,67.761,1.062,0.473,0.26,0.170760205,0.331109391,5.074538972,-1.361477666,-2.373115688,0.236589408,0.48611906,0.847326986,-0.084474849,-0.196441437
195.013,9.993,2.341,-0.057,1.271,0.298,30.113,-1.733,67.761,1.131,0.491,0.281,0.140256092,0.436706449,5.129085347,-1.381289359,-2.409819499,0.266552428,0.487404909,0.850334397,-0.094056297,-0.17470341
195.137,10.234,2.118,-0.121,1.302,0.269,30.124,-5.933,67.761,1.182,0.46,0.265,0.120478009,0.461748805,5.015285448,-1.357606189,-2.486407799,0.019179228,0.473523098,0.867240834,-0.006689574,-0.153702512
195.257,10.503,2.256,-0.107,1.336,0.287,30.108,-4.446,67.761,1.226,0.42,0.249,0.114020188,0.426145498,4.967815791,1.279663753,2.393961046,-0.390361785,0.457353173,0.855604199,-0.139515713,0.198254623
195.378,10.77,1.982,-0.102,1.37,0.252,30.126,-4.259,67.761,1.25,0.333,0.192,0.116750298,0.477573701,5.362358943,1.317953754,2.464462935,-0.426973775,0.460425317,0.86095671,-0.149162696,0.156564881
195.498,11.02,1.725,-0.061,1.402,0.219,30.122,-2.973,67.761,1.272,0.273,0.146,0.13177712,0.449206571,5.436362591,1.316675414,2.40303401,-0.262796279,0.469309378,0.85652575,-0.093669827,0.193231239
195.625,11.172,1.127,-0.14,1.421,0.143,30.136,-5.594,67.761,1.291,0.228,0.1,0.131799531,0.467102036,5.43731952,1.315374114,2.401870606,-0.267467246,0.468993011,0.856380337,-0.095364709,0.193813949
195.745,11.326,1.037,-0.084,1.441,0.132,30.117,-4.497,67.761,1.311,0.201,0.072,0.125082802,0.538517953,4.981817131,-1.383025699,-2.431651879,-0.049305303,0.487030558,0.856302795,0.017362793,-0.171012551
195.865,11.434,0.94,-0.045,1.455,0.12,30.124,-2.05,67.761,1.335,0.198,0.063,0.120142375,0.592370579,5.092945748,1.361484268,2.364626836,-0.366471749,0.485231051,0.842749631,-0.130610009,0.19304122
195.989,11.476,0.266,-0.153,1.46,0.034,30.113,-6.27,67.761,1.34,0.138,0.009,0.11608661,0.61824263,4.987125342,1.354316688,2.314262548,-0.433508444,0.487367146,0.832815208,-0.156003227,0.211080759
196.114,11.552,0.776,-0.034,1.47,0.099,30.136,-1.381,67.761,1.36,0.146,0.015,0.113946387,0.659763603,4.94823193,1.406106017,2.329685968,-0.323903552,0.502821141,0.833091774,-0.115827364,0.199281253
196.234,11.586,0.024,-0.06,1.474,0.003,30.131,-2.725,0,1.344,0.039,-0.072,0.12716267,0.573111939,4.981520448,1.431600969,2.309750397,-0.341355253,0.512147922,0.826301387,-0.122118095,0.20004423
196.356,11.587,-0.027,-0.059,1.474,-0.003,30.147,-1.97,0,1.348758,0.024,-0.094,0.128874222,0.497409401,5.047644075,1.484014645,2.28858009,-0.416564517,0.528035489,0.814312387,-0.148220133,0.190012239
196.481,11.578,-0.04,0.127,1.473,-0.005,30.161,4.801,0,1.333,-0.022,-0.139,0.138046015,0.506405938,5.441197931,1.556853239,2.266693839,-0.329108249,0.552444926,0.804329837,-0.116783123,0.184985998
196.607,11.541,-0.692,0.204,1.468,-0.088,30.12,8.922,0,1.318,-0.059,-0.18,0.147031038,0.457993484,5.212649872,1.652114918,2.277725765,-0.404290611,0.574699346,0.792322309,-0.140635223,0.148888395
196.726,11.382,-1.508,0.118,1.448,-0.192,30.117,3.859,0,1.298,-0.099,-0.231,0.151052576,0.500999292,5.0543856,-1.71815093,-2.193598667,-0.24960347,0.605100105,0.772543762,0.087905599,-0.171180035
196.847,11.197,-1.258,0.152,1.425,-0.16,30.117,5.34,0,1.265,-0.171,-0.304,0.164320367,0.605631497,5.539846453,-1.833952731,-2.317572008,0.021263428,0.61783797,0.780763844,-0.007163409,-0.092912587
196.966,10.98,-1.799,0.177,1.397,-0.229,30.12,7.622,0,1.237,-0.194,-0.337,0.155097481,0.534185642,5.030209358,1.74188115,2.07390405,-0.447980725,0.622103307,0.740683466,-0.159993861,0.196919893
197.087,10.719,-2.355,0.238,1.364,-0.3,30.108,9.077,0,1.204,-0.226,-0.376,0.161334583,0.507051061,5.065152174,-1.935688446,-2.075030418,-0.209262315,0.672836083,0.721270689,0.072738584,-0.147544221
197.208,10.36,-2.683,0.173,1.318,-0.341,30.106,6.203,0,1.158,-0.286,-0.44,0.162700448,0.476190122,5.610321713,1.922753197,2.062597705,-0.426704024,0.667139578,0.715661566,-0.148053917,0.144337603
197.327,10.002,-2.955,0.188,1.273,-0.376,30.106,6.903,0,1.133,-0.258,-0.427,0.136373994,0.314995133,5.251644441,-2.075092813,-1.950363562,-0.108572011,0.720405445,0.677103463,0.037692708,-0.14534839
197.447,9.614,-3.423,0.198,1.223,-0.436,30.094,7.244,0,1.093,-0.286,-0.45,0.131164225,0.239236547,5.062162479,-2.068239069,-1.849500764,-0.348491127,0.728623752,0.651564032,0.122770581,-0.171753092
197.567,9.177,-3.729,0.109,1.168,-0.474,30.12,6.584,0,1.048,-0.323,-0.48,0.121917972,0.213511595,5.504155384,2.164301287,1.775574739,-0.382435548,0.756454019,0.620588573,-0.133666652,0.157417808
197.688,8.766,-3.095,0.247,1.115,-0.394,30.088,8.649,0,0.995,-0.367,-0.509,0.115382028,0.231216611,5.614310305,-2.344382467,-1.735615908,0.04923828,0.79855477,0.591193793,-0.016771778,-0.111887825
197.81,8.302,-3.84,0.171,1.056,-0.489,30.104,6.614,0,0.936,-0.415,-0.548,0.115792744,0.240436958,5.515143837,-2.371612166,-1.618961996,-0.086842098,0.818090157,0.558462674,0.029956275,-0.133979695
197.952,7.801,-3.808,0.185,0.993,-0.485,30.106,8.249,0,0.883,-0.424,-0.558,0.108461702,0.216056792,5.526979758,-2.416796037,-1.510940617,-0.06537658,0.838772341,0.524386493,0.022689572,-0.144792779
198.078,7.196,-4.781,0.125,0.916,-0.608,30.122,5.994,0,0.806,-0.472,-0.597,0.107031038,0.184613012,5.22385327,2.466979378,1.446127852,-0.283957223,0.850788574,0.498726931,-0.097928488,0.133567443
198.205,6.637,-4.044,0.196,0.844,-0.515,30.094,7.609,0,0.734,-0.506,-0.625,0.110402449,0.117107895,5.246432435,-2.587825451,-1.355289056,0.007257303,0.880491627,0.461128731,-0.002469252,-0.109948582
198.33,6.044,-4.998,0.121,0.769,-0.636,30.115,4.846,0,0.649,-0.574,-0.684,0.115509642,0.067432528,5.257357507,-2.614451637,-1.244175277,-0.178411513,0.894739332,0.425791986,0.061057468,-0.120061226
198.454,5.432,-5,0.184,0.691,-0.636,30.106,5.849,0,0.571,-0.59,-0.704,0.120253179,0.091776911,5.543355818,-2.684364367,-1.147736653,-0.118194713,0.913186761,0.390445474,0.040208345,-0.109661116
198.576,4.763,-5.348,0.183,0.606,-0.681,30.099,6.466,0,0.506,-0.567,-0.696,0.104643589,0.090295535,5.195168076,-2.819698229,-1.033354915,-0.468564518,0.926499033,0.339540707,0.15396136,-0.05106417
198.696,4.083,-5.582,0.134,0.52,-0.71,30.115,6.16,0,0.42,-0.623,-0.74,0.101380686,0.139735366,5.483326049,2.66529418,0.895329429,-0.260969402,0.931992625,0.313076294,-0.091255052,0.158257693
198.819,3.427,-5.531,0.165,0.436,-0.704,30.094,7.095,0,0.336,-0.651,-0.762,0.09551064,0.173970229,5.089455742,-2.779012076,-0.866139742,-0.160253236,0.947164197,0.295204386,0.054618736,-0.112920981
198.942,2.714,-5.548,0.209,0.345,-0.706,30.088,5.581,0,0.245,-0.685,-0.792,0.099681708,0.131877999,5.125886463,-2.808049794,-0.783046388,-0.193785536,0.95532039,0.266398474,0.065927347,-0.109765161
199.064,1.971,-6.068,0.128,0.251,-0.772,30.117,6.15,0,0.131,-0.782,-0.874,0.115524064,0.114524832,5.563863788,2.837081153,0.690719142,-0.273326818,0.96211898,0.234238628,-0.092691363,0.104247995
199.187,1.216,-6.131,0.197,0.155,-0.78,30.083,5.52,0,0.035,-0.778,-0.881,0.124150143,0.128926347,5.549125722,2.737207817,0.645384311,-0.178678107,0.958661129,0.226035031,-0.06257901,0.161123779
199.311,0.404,-6.341,0.004,0.051,-0.807,30.126,-0.089,0,-0.069,-0.809,-0.919,0.124214405,0.108406485,5.392543147,-2.764795017,-0.619573383,-0.275331696,0.960686515,0.215283878,0.095669822,-0.146906628
199.435,-0.074,-1.29,-0.096,-0.009,-0.164,30.142,-3.107,0,-0.139,-0.716,-0.823,0.134283402,0.177956605,5.440176048,2.717202959,0.54334724,-0.303564938,0.959524571,0.191871949,-0.10719774,0.176086333
199.565,-0.048,0.032,0.01,-0.006,0.004,30.126,0.552,0,-0.276,-0.864,-0.901,0.265882424,0.258242091,5.146544624,-2.775086706,-0.519285589,-0.064946438,0.970315413,0.181569394,0.022708671,-0.158129286
199.688,-0.049,0.023,-0.009,-0.006,0.003,30.142,-0.308,0,-0.376,-0.825,-0.903,0.36510382,0.257187345,5.439206196,-2.838472113,-0.565174494,-0.121464326,0.97255096,0.193646784,0.041617547,-0.122120979
199.81,-0.049,0.025,-0.024,-0.006,0.003,30.122,-0.232,0,-0.466,-0.793,-0.929,0.463039848,0.293034438,5.222605202,-3.063804009,-0.65878815,-0.096424643,0.977187232,0.210117673,0.030754229,-0.003139269
199.931,-0.049,0.051,-0.024,-0.006,0.006,30.129,-0.899,0,-0.596,-0.897,-1.083,0.593785581,0.289682815,5.53591739,2.82111808,0.661789062,-0.425041239,0.957811898,0.224687312,-0.144307875,0.106241316
200.056,-0.047,0.003,-0.044,-0.006,0,30.142,-1.077,0,-0.676,-0.802,-1.097,0.669284574,0.206786456,5.584275344,-2.894044266,-0.68707842,-0.087377787,0.969195596,0.230097855,0.029262222,-0.082816639
200.184,-0.043,0.12,-0.024,-0.005,0.015,30.151,-0.726,0,-0.725,-0.644,-1.057,0.715603388,0.188833192,5.406751707,-2.728877622,-0.685115036,-0.053798383,0.956749579,0.240202608,0.018861813,-0.163025097
200.309,-0.039,-0.011,-0.03,-0.005,-0.001,30.131,-0.625,0,-0.735,-0.42,-0.948,0.725388925,0.20483423,5.219548699,2.725643435,0.785693719,-0.413175879,0.941865071,0.271501936,-0.142775802,0.137083761
200.43,-0.035,-0.038,-0.032,-0.005,-0.005,30.147,-1.193,0,-0.715,-0.19,-0.81,0.70958776,0.214471146,5.060468008,2.70549791,0.880323708,-0.576161016,0.925376788,0.301102108,-0.197067619,0.11907844
200.553,-0.03,0.018,-0.016,-0.004,0.002,30.126,-0.538,0,-0.704,-0.081,-0.742,0.698150672,0.265815247,5.081832325,2.719856328,0.925067289,-0.682249151,0.917018978,0.31189304,-0.230025172,0.094272721
200.686,-0.028,0.006,-0.029,-0.004,0.001,30.154,-1.141,0,-0.654,0.114,-0.594,0.647837106,0.276529371,5.027379948,2.668724213,0.984393229,-0.620657854,0.910577772,0.335878316,-0.211770569,0.114835114
200.817,-0.028,-0.021,-0.025,-0.004,-0.003,30.124,-1.363,0,-0.644,0.099,-0.591,0.635993402,0.251338011,5.505609072,-2.639994439,-1.108774512,-0.235606121,0.910609425,0.382447973,0.081267275,-0.133864309
200.828,-0.028,-0.012,-0.04,-0.004,-0.001,30.147,-1.285,-0.004,-0.642911,0.099,0,,,,,,,,,,
200.928,-0.027,0.037,-0.035,-0.003,0.005,30.129,-1.354,-0.003,-0.633011,0.099,0,,,,,,,,,,
201.028,-0.027,0.011,-0.04,-0.003,0.001,30.145,-1.447,-0.003,-0.623111,0.099,0,,,,,,,,,,
201.128,-0.025,0.029,-0.04,-0.003,0.004,30.147,-1.456,-0.003,-0.613211,0.099,0,,,,,,,,,,
201.228,-0.022,0.006,-0.032,-0.003,0.001,30.147,-1.47,-0.003,-0.603311,0.099,0,,,,,,,,,,
201.328,-0.021,0.013,-0.028,-0.003,0.002,30.142,-1.508,-0.003,-0.593411,0.099,0,,,,,,,,,,
201.428,-0.02,0.007,-0.028,-0.003,0.001,30.156,-1.313,-0.003,-0.583511,0.099,0,,,,,,,,,,
201.528,-0.012,0.101,-0.021,-0.002,0.013,30.14,-0.689,-0.004,-0.573611,0.099,0,,,,,,,,,,
201.628,-0.011,0.028,-0.016,-0.001,0.004,30.14,-1,-0.001,-0.563711,0.099,0,,,,,,,,,,
201.728,-0.009,-0.021,-0.021,-0.001,-0.003,30.138,-0.731,-0.001,-0.553811,0.099,0,,,,,,,,,,
201.828,-0.009,0.012,-0.024,-0.001,0.002,30.156,-1.047,-0.001,-0.543911,0.099,0,,,,,,,,,,
201.928,-0.008,0.06,-0.025,-0.001,0.008,30.129,-1.016,-0.001,-0.534011,0.099,0,,,,,,,,,,
202.029,-0.008,-0.008,-0.02,-0.001,-0.001,30.142,-1.148,-0.001,-0.524012,0.099,0,,,,,,,,,,
202.129,-0.008,-0.019,-0.016,-0.001,-0.002,30.138,-0.758,-0.001,-0.514112,0.099,0,,,,,,,,,,
202.229,-0.008,-0.024,-0.03,-0.001,-0.003,30.14,-1.012,-0.001,-0.504212,0.099,0,,,,,,,,,,
202.329,-0.008,0.032,-0.028,-0.001,0.004,30.149,-1.209,-0.001,-0.494312,0.099,0,,,,,,,,,,
202.429,-0.007,0.004,-0.03,-0.001,0.001,30.138,-0.558,-0.001,-0.484412,0.099,0,,,,,,,,,,
202.529,-0.007,0.005,-0.026,-0.001,0.001,30.151,-0.878,-0.001,-0.474512,0.099,0,,,,,,,,,,
202.629,-0.007,0.012,-0.034,-0.001,0.002,30.149,-0.819,-0.001,-0.464612,0.099,0,,,,,,,,,,
202.729,-0.008,0.006,-0.029,-0.001,0.001,30.149,-1.77,-0.001,-0.454712,0.099,0,,,,,,,,,,
202.829,-0.007,0.041,-0.022,-0.001,0.005,30.136,-1.375,-0.001,-0.444812,0.099,0,,,,,,,,,,
202.929,-0.008,0.014,-0.035,-0.001,0.002,30.149,-1.033,-0.001,-0.434912,0.099,0,,,,,,,,,,
203.029,-0.008,-0.017,-0.033,-0.001,-0.002,30.147,-1.413,-0.001,-0.425012,0.099,0,,,,,,,,,,
203.129,-0.008,0.022,-0.029,-0.001,0.003,30.129,-1.094,-0.001,-0.415112,0.099,0,,,,,,,,,,
203.229,-0.008,-0.011,-0.037,-0.001,-0.001,30.158,-1.311,-0.001,-0.405212,0.099,0,,,,,,,,,,
203.329,-0.008,-0.014,-0.032,-0.001,-0.002,30.147,-1.522,-0.001,-0.395312,0.099,0,,,,,,,,,,
203.429,-0.008,-0.02,-0.031,-0.001,-0.003,30.156,-1.503,-0.001,-0.385412,0.099,0,,,,,,,,,,
203.529,-0.008,-0.012,-0.034,-0.001,-0.002,30.149,-1.487,-0.001,-0.375512,0.099,0,,,,,,,,,,
203.629,-0.008,-0.023,-0.04,-0.001,-0.003,30.138,-1.491,-0.001,-0.365612,0.099,0,,,,,,,,,,
203.729,-0.008,0.04,-0.03,-0.001,0.005,30.158,-1.708,-0.001,-0.355712,0.099,0,,,,,,,,,,
203.829,-0.008,-0.012,-0.041,-0.001,-0.001,30.145,-1.144,-0.001,-0.345812,0.099,0,,,,,,,,,,
203.929,-0.008,0.009,-0.036,-0.001,0.001,30.156,-1.791,-0.001,-0.335912,0.099,0,,,,,,,,,,
204.03,-0.008,0.007,-0.046,-0.001,0.001,30.156,-1.722,-0.001,-0.325913,0.099,0,,,,,,,,,,
204.13,-0.008,-0.018,-0.037,-0.001,-0.002,30.14,-1.406,-0.001,-0.316013,0.099,0,,,,,,,,,,
204.23,-0.008,-0.024,-0.041,-0.001,-0.003,30.145,-1.79,-0.001,-0.306113,0.099,0,,,,,,,,,,
204.33,-0.008,-0.01,-0.051,-0.001,-0.001,30.145,-1.676,-0.001,-0.296213,0.099,0,,,,,,,,,,
204.43,-0.008,-0.032,-0.043,-0.001,-0.004,30.124,-1.863,-0.001,-0.286313,0.099,0,,,,,,,,,,
204.53,-0.007,-0.014,-0.045,-0.001,-0.002,30.142,-2.018,-0.001,-0.276413,0.099,0,,,,,,,,,,
204.63,-0.007,0.021,-0.052,-0.001,0.003,30.147,-1.748,-0.001,-0.266513,0.099,0,,,,,,,,,,
204.73,-0.007,0.016,-0.047,-0.001,0.002,30.161,-1.961,-0.001,-0.256613,0.099,0,,,,,,,,,,
204.83,-0.007,0.012,-0.044,-0.001,0.001,30.147,-1.659,-0.001,-0.246713,0.099,0,,,,,,,,,,
204.93,-0.007,0.046,-0.038,-0.001,0.006,30.151,-1.914,-0.001,-0.236813,0.099,0,,,,,,,,,,
205.03,-0.007,0.016,-0.048,-0.001,0.002,30.156,-2.094,-0.001,-0.226913,0.099,0,,,,,,,,,,
205.13,-0.006,-0.002,-0.048,-0.001,0,30.161,-1.886,-0.001,-0.217013,0.099,0,,,,,,,,,,
205.23,-0.006,0.02,-0.047,-0.001,0.003,30.129,-2.101,-0.001,-0.207113,0.099,0,,,,,,,,,,
205.33,-0.006,-0.013,-0.047,-0.001,-0.002,30.147,-2.33,-0.001,-0.197213,0.099,0,,,,,,,,,,
205.431,-0.006,0.032,-0.044,-0.001,0.004,30.129,-1.986,-0.001,-0.187214,0.099,0,,,,,,,,,,
205.531,-0.006,-0.043,-0.05,-0.001,-0.005,30.129,-2.217,-0.001,-0.177314,0.099,0,,,,,,,,,,
205.631,-0.005,0.044,-0.055,-0.001,0.006,30.129,-2.394,-0.001,-0.167414,0.099,0,,,,,,,,,,
205.731,-0.005,0.011,-0.051,-0.001,0.001,30.156,-2.443,-0.001,-0.157514,0.099,0,,,,,,,,,,
205.832,-0.005,-0.018,-0.054,-0.001,-0.002,30.154,-2.233,-0.001,-0.147515,0.099,0,,,,,,,,,,
205.932,-0.005,-0.009,-0.049,-0.001,-0.001,30.158,-2.109,-0.001,-0.137615,0.099,0,,,,,,,,,,
206.032,-0.005,0.027,-0.049,-0.001,0.003,30.142,-2.093,-0.001,-0.127715,0.099,0,,,,,,,,,,
206.132,-0.005,0.024,-0.045,-0.001,0.003,30.158,-1.819,-0.001,-0.117815,0.099,0,,,,,,,,,,
206.232,-0.005,0.013,-0.051,-0.001,0.002,30.142,-2.381,-0.001,-0.107915,0.099,0,,,,,,,,,,
206.332,-0.005,0.006,-0.054,-0.001,0.001,30.17,-2.195,-0.001,-0.098015,0.099,0,,,,,,,,,,
206.432,-0.005,-0.032,-0.056,-0.001,-0.004,30.138,-2.05,-0.001,-0.088115,0.099,0,,,,,,,,,,
206.532,-0.005,-0.013,-0.065,-0.001,-0.002,30.147,-2.423,-0.001,-0.078215,0.099,0,,,,,,,,,,
206.632,-0.005,0.001,-0.053,-0.001,0,30.145,-2.052,-0.001,-0.068315,0.099,0,,,,,,,,,,
206.732,-0.005,-0.008,-0.057,-0.001,-0.001,30.142,-2.171,-0.001,-0.058415,0.099,0,,,,,,,,,,
206.832,-0.005,-0.003,-0.061,-0.001,0,30.149,-2.087,-0.001,-0.048515,0.099,0,,,,,,,,,,
206.932,-0.005,-0.002,-0.053,-0.001,0,30.156,-2.52,-0.001,-0.038615,0.099,0,,,,,,,,,,
207.032,-0.005,-0.058,-0.067,-0.001,-0.007,30.154,-2.462,-0.001,-0.028715,0.099,0,,,,,,,,,,
207.132,-0.005,0.019,-0.056,-0.001,0.002,30.149,-2.891,-0.001,-0.018815,0.099,0,,,,,,,,,,
207.232,-0.005,-0.012,-0.056,-0.001,-0.002,30.147,-2.221,-0.001,-0.008915,0.099,0,,,,,,,,,,
207.332,-0.005,-0.001,-0.063,-0.001,0,30.154,-2.406,-0.001,0.000985,0.099,0,,,,,,,,,,
207.432,-0.005,0.008,-0.066,-0.001,0.001,30.147,-2.66,-0.001,0.010885,0.099,0,,,,,,,,,,
207.532,-0.005,0.048,-0.052,-0.001,0.006,30.151,-2.381,-0.001,0.020785,0.099,0,,,,,,,,,,
207.633,-0.005,-0.012,-0.061,-0.001,-0.002,30.145,-2.646,-0.001,0.030784,0.099,0,,,,,,,,,,
207.733,-0.005,0,-0.062,-0.001,0,30.151,-2.514,-0.001,0.040684,0.099,0,,,,,,,,,,
207.833,-0.005,-0.009,-0.061,-0.001,-0.001,30.158,-2.207,-0.001,0.050584,0.099,0,,,,,,,,,,
207.933,-0.005,0,-0.062,-0.001,0,30.174,-2.729,-0.001,0.060484,0.099,0,,,,,,,,,,
208.033,-0.005,-0.003,-0.067,-0.001,0,30.145,-2.837,-0.001,0.070384,0.099,0,,,,,,,,,,
208.133,-0.005,-0.04,-0.08,-0.001,-0.005,30.156,-2.806,-0.001,0.080284,0.099,0,,,,,,,,,,
208.233,-0.005,-0.014,-0.062,-0.001,-0.002,30.142,-2.972,-0.001,0.090184,0.099,0,,,,,,,,,,
208.333,-0.005,0.04,-0.053,-0.001,0.005,30.156,-2.816,-0.001,0.100084,0.099,0,,,,,,,,,,
208.433,-0.004,0,-0.075,-0.001,0,30.142,-2.797,-0.001,0.109984,0.099,0,,,,,,,,,,
208.533,-0.004,-0.037,-0.076,-0.001,-0.005,30.145,-2.548,-0.001,0.119884,0.099,0,,,,,,,,,,
208.633,-0.004,0.013,-0.064,0,0.002,30.174,-2.383,0,0.129784,0.099,0,,,,,,,,,,
208.733,-0.003,0.015,-0.067,0,0.002,30.149,-2.578,0,0.139684,0.099,0,,,,,,,,,,
208.833,-0.002,-0.008,-0.063,0,-0.001,30.14,-2.574,0,0.149584,0.099,0,,,,,,,,,,
208.933,-0.002,-0.003,-0.065,0,0,30.161,-2.973,0,0.159484,0.099,0,,,,,,,,,,
209.033,-0.001,0.019,-0.061,0,0.002,30.147,-2.567,0,0.169384,0.099,0,,,,,,,,,,
209.133,-0.001,-0.012,-0.064,0,-0.001,30.147,-2.617,0,0.179284,0.099,0,,,,,,,,,,
209.233,-0.001,0.025,-0.067,0,0.003,30.147,-2.74,0,0.189184,0.099,0,,,,,,,,,,
209.334,0,0.024,-0.055,0,0.003,30.147,-2.435,0,0.199183,0.099,0,,,,,,,,,,
209.434,0,0.008,-0.063,0,0.001,30.158,-2.667,0,0.209083,0.099,0,,,,,,,,,,
209.534,0,0.03,-0.066,0,0.004,30.188,-2.366,0,0.218983,0.099,0,,,,,,,,,,
209.634,0,-0.006,-0.067,0,-0.001,30.136,-2.461,0,0.228883,0.099,0,,,,,,,,,,
209.734,0,-0.005,-0.062,0,-0.001,30.136,-2.15,0,0.238783,0.099,0,,,,,,,,,,
209.834,0,-0.025,-0.059,0,-0.003,30.151,-1.955,0,0.248683,0.099,0,,,,,,,,,,
209.934,0,0.029,-0.07,0,0.004,30.163,-2.29,0,0.258583,0.099,0,,,,,,,,,,
210.034,0,-0.042,-0.06,0,-0.005,30.145,-2.571,0,0.268483,0.099,0,,,,,,,,,,
210.134,0,-0.014,-0.059,0,-0.002,30.163,-2.44,0,0.278383,0.099,0,,,,,,,,,,
210.234,0,0.029,-0.068,0,0.004,30.154,-2.418,0,0.288283,0.099,0,,,,,,,,,,
210.334,0,0.015,-0.064,0,0.002,30.142,-2.399,0,0.298183,0.099,0,,,,,,,,,,
210.434,0,0.006,-0.054,0,0.001,30.165,-2.452,0,0.308083,0.099,0,,,,,,,,,,
210.534,0,0.023,-0.071,0,0.003,30.161,-2.202,0,0.317983,0.099,0,,,,,,,,,,
210.634,0,-0.03,-0.066,0,-0.004,30.151,-2.809,0,0.327883,0.099,0,,,,,,,,,,
210.734,0,0.005,-0.065,0,0.001,30.174,-2.705,0,0.337783,0.099,0,,,,,,,,,,
210.834,-0.001,0.009,-0.063,0,0.001,30.156,-2.255,0,0.347683,0.099,0,,,,,,,,,,
210.934,0,-0.006,-0.064,0,-0.001,30.161,-2.662,0,0.357583,0.099,0,,,,,,,,,,
211.034,-0.001,0.032,-0.063,0,0.004,30.161,-2.531,0,0.367483,0.099,0,,,,,,,,,,
211.134,-0.001,0.007,-0.06,0,0.001,30.158,-2.576,0,0.377383,0.099,0,,,,,,,,,,
211.235,-0.001,0.029,-0.057,0,0.004,30.163,-2.862,0,0.387382,0.099,0,,,,,,,,,,
211.335,-0.001,-0.006,-0.065,0,-0.001,30.161,-2.248,0,0.397282,0.099,0,,,,,,,,,,
211.435,-0.001,-0.008,-0.062,0,-0.001,30.161,-2.536,0,0.407182,0.099,0,,,,,,,,,,
211.535,-0.001,0.017,-0.055,0,0.002,30.145,-2.736,0,0.417082,0.099,0,,,,,,,,,,
211.635,-0.001,0.002,-0.073,0,0,30.142,-2.014,0,0.426982,0.099,0,,,,,,,,,,
211.735,-0.001,-0.023,-0.066,0,-0.003,30.149,-2.468,0,0.436882,0.099,0,,,,,,,,,,
211.835,-0.001,0.006,-0.064,0,0.001,30.167,-2.448,0,0.446782,0.099,0,,,,,,,,,,
211.935,-0.001,-0.003,-0.063,0,0,30.154,-2.375,0,0.456682,0.099,0,,,,,,,,,,
212.035,-0.001,-0.02,-0.063,0,-0.003,30.151,-2.592,0,0.466582,0.099,0,,,,,,,,,,
212.135,0,-0.013,-0.065,0,-0.002,30.17,-2.559,0,0.476482,0.099,0,,,,,,,,,,
212.235,0,-0.001,-0.058,0,0,30.165,-2.647,0,0.486382,0.099,0,,,,,,,,,,
212.335,0,0.026,-0.058,0,0.003,30.167,-2.258,0,0.496282,0.099,0,,,,,,,,,,
212.435,0,0.006,-0.058,0,0.001,30.174,-2.77,0,0.506182,0.099,0,,,,,,,,,,
212.535,0,-0.011,-0.056,0,-0.001,30.154,-2.555,0,0.516082,0.099,0,,,,,,,,,,
212.635,0,-0.026,-0.063,0,-0.003,30.158,-2.353,0,0.525982,0.099,0,,,,,,,,,,
212.736,0,0.013,-0.059,0,0.002,30.14,-2.47,0,0.535981,0.099,0,,,,,,,,,,
212.836,0,0.012,-0.063,0,0.002,30.145,-2.499,0,0.545881,0.099,0,,,,,,,,,,
212.936,0,0.002,-0.059,0,0,30.163,-2.675,0,0.555781,0.099,0,,,,,,,,,,
213.036,0,0.017,-0.057,0,0.002,30.161,-2.371,0,0.565681,0.099,0,,,,,,,,,,
213.136,0,-0.005,-0.058,0,-0.001,30.161,-2.034,0,0.575581,0.099,0,,,,,,,,,,
213.236,0,-0.005,-0.061,0,-0.001,30.151,-2.519,0,0.585481,0.099,0,,,,,,,,,,
213.336,0,-0.002,-0.053,0,0,30.17,-2.222,0,0.595381,0.099,0,,,,,,,,,,
213.436,0,-0.02,-0.068,0,-0.003,30.17,-2.164,0,0.605281,0.099,0,,,,,,,,,,
213.536,0,-0.045,-0.066,0,-0.006,30.167,-2.663,0,0.615181,0.099,0,,,,,,,,,,
213.636,0,-0.041,-0.059,0,-0.005,30.177,-2.223,0,0.625081,0.099,0,,,,,,,,,,
213.736,0,-0.028,-0.071,0,-0.004,30.14,-2.366,0,0.634981,0.099,0,,,,,,,,,,
213.836,0,0.001,-0.061,0,0,30.161,-2.404,0,0.644881,0.099,0,,,,,,,,,,
213.936,0,0.025,-0.06,0,0.003,30.165,-2.28,0,0.654781,0.099,0,,,,,,,,,,
214.036,0,-0.011,-0.071,0,-0.001,30.156,-2.339,0,0.664681,0.099,0,,,,,,,,,,
214.136,0,-0.03,-0.068,0,-0.004,30.147,-2.618,0,0.674581,0.099,0,,,,,,,,,,
214.236,0,0.011,-0.058,0,0.001,30.156,-2.519,0,0.684481,0.099,0,,,,,,,,,,
214.336,0,0.049,-0.061,0,0.006,30.167,-2.468,0,0.694381,0.099,0,,,,,,,,,,
214.436,0,-0.012,-0.065,0,-0.001,30.151,-2.504,0,0.704281,0.099,0,,,,,,,,,,
214.537,0,-0.011,-0.068,0,-0.001,30.165,-2.397,0,0.71428,0.099,0,,,,,,,,,,
214.637,0,0.039,-0.057,0,0.005,30.161,-2.553,0,0.72418,0.099,0,,,,,,,,,,
214.737,0,0.013,-0.062,0,0.002,30.163,-2.619,0,0.73408,0.099,0,,,,,,,,,,
214.837,0,-0.027,-0.071,0,-0.003,30.154,-2.144,0,0.74398,0.099,0,,,,,,,,,,
214.937,0,0.035,-0.061,0,0.004,30.154,-2.456,0,0.75388,0.099,0,,,,,,,,,,
215.037,0,-0.014,-0.058,0,-0.002,30.154,-2.399,0,0.76378,0.099,0,,,,,,,,,,
215.137,0,0.015,-0.062,0,0.002,30.151,-2.469,0,0.77368,0.099,0,,,,,,,,,,
215.238,0,0.004,-0.058,0,0,30.145,-2.317,0,0.783679,0.099,0,,,,,,,,,,
215.337,0,0.017,-0.063,0,0.002,30.154,-2.742,0,0.79348,0.099,0,,,,,,,,,,
215.438,0,0.022,-0.068,0,0.003,30.165,-2.337,0,0.803479,0.099,0,,,,,,,,,,
215.538,0,-0.012,-0.066,0,-0.002,30.163,-2.273,0,0.813379,0.099,0,,,,,,,,,,
215.637,0,0.024,-0.057,0,0.003,30.161,-2.15,0,0.82318,0.099,0,,,,,,,,,,
215.738,0,-0.002,-0.064,0,0,30.151,-2.261,0,0.833179,0.099,0,,,,,,,,,,
215.838,0,-0.029,-0.062,0,-0.004,30.17,-2.303,0,0.843079,0.099,0,,,,,,,,,,
215.938,0,0.002,-0.065,0,0,30.158,-2.755,0,0.852979,0.099,0,,,,,,,,,,
216.037,0,-0.045,-0.061,0,-0.006,30.158,-2.683,0,0.86278,0.099,0,,,,,,,,,,
216.138,0,-0.016,-0.062,0,-0.002,30.167,-2.4,0,0.872779,0.099,0,,,,,,,,,,
216.237,0,0.012,-0.061,0,0.001,30.156,-2.306,0,0.88258,0.099,0,,,,,,,,,,
216.338,0,0.042,-0.058,0,0.005,30.165,-2.843,0,0.892579,0.099,0,,,,,,,,,,
216.438,0,0.013,-0.06,0,0.002,30.149,-2.232,0,0.902479,0.099,0,,,,,,,,,,
216.539,0,0.014,-0.071,0,0.002,30.156,-2.371,0,0.912478,0.099,0,,,,,,,,,,
216.639,0,-0.033,-0.067,0,-0.004,30.154,-2.28,0,0.922378,0.099,0,,,,,,,,,,
216.738,0,-0.021,-0.058,0,-0.003,30.163,-2.338,0,0.932179,0.099,0,,,,,,,,,,
216.838,0,-0.022,-0.053,0,-0.003,30.161,-2.486,0,0.942079,0.099,0,,,,,,,,,,
216.938,0,-0.019,-0.059,0,-0.002,30.161,-2.451,0,0.951979,0.099,0,,,,,,,,,,
217.039,0,-0.009,-0.055,0,-0.001,30.161,-2.12,0,0.961978,0.099,0,,,,,,,,,,
217.139,0,0.055,-0.045,0,0.007,30.163,-2.353,0,0.971878,0.099,0,,,,,,,,,,
217.239,0,0.026,-0.054,0,0.003,30.165,-2.478,0,0.981778,0.099,0,,,,,,,,,,
217.339,0.001,0.017,-0.063,0,0.002,30.154,-2.502,0,0.991678,0.099,0,,,,,,,,,,
217.438,0,-0.012,-0.052,0,-0.002,30.154,-2.022,0,1.001479,0.099,0,,,,,,,,,,
217.538,0,-0.004,-0.066,0,-0.001,30.167,-2.465,0,1.011379,0.099,0,,,,,,,,,,
217.638,0,0.016,-0.054,0,0.002,30.156,-1.927,0,1.021279,0.099,0,,,,,,,,,,
217.738,0,0.005,-0.076,0,0.001,30.163,-2.084,0,1.031179,0.099,0,,,,,,,,,,
217.838,0,0.023,-0.053,0,0.003,30.147,-2.152,0,1.041079,0.099,0,,,,,,,,,,
217.939,0,0.02,-0.051,0,0.003,30.163,-2.655,0,1.051078,0.099,0,,,,,,,,,,
218.039,0,0.035,-0.058,0,0.004,30.154,-2.546,0,1.060978,0.099,0,,,,,,,,,,
218.14,0,0.046,-0.054,0,0.006,30.179,-2.739,0,1.070977,0.099,0,,,,,,,,,,
218.24,0,0,-0.049,0,0,30.17,-2.204,0,1.080877,0.099,0,,,,,,,,,,
218.34,0,-0.024,-0.074,0,-0.003,30.158,-2.481,0,1.090777,0.099,0,,,,,,,,,,
218.44,0,0.036,-0.06,0,0.005,30.158,-2.367,0,1.100677,0.099,0,,,,,,,,,,
218.54,0,-0.024,-0.062,0,-0.003,30.174,-2.614,0,1.110577,0.099,0,,,,,,,,,,
218.64,0,0.042,-0.054,0,0.005,30.151,-2.221,0,1.120477,0.099,0,,,,,,,,,,
218.74,0,-0.016,-0.061,0,-0.002,30.161,-2.399,0,1.130377,0.099,0,,,,,,,,,,
218.84,0,-0.012,-0.062,0,-0.002,30.165,-2.414,0,1.140277,0.099,0,,,,,,,,,,
218.94,0,-0.057,-0.062,0,-0.007,30.147,-2.383,0,1.150177,0.099,0,,,,,,,,,,
219.042,0,0.013,-0.054,0,0.002,30.163,-2.535,0,1.160275,0.099,0,,,,,,,,,,
219.141,0,-0.017,-0.057,0,-0.002,30.165,-2.472,0,1.170076,0.099,0,,,,,,,,,,
219.241,0,0.002,-0.061,0,0,30.161,-2.052,0,1.179976,0.099,0,,,,,,,,,,
219.34,0,0.001,-0.057,0,0,30.167,-2.27,0,1.189777,0.099,0,,,,,,,,,,
219.44,0,-0.011,-0.064,0,-0.001,30.163,-2.267,0,1.199677,0.099,0,,,,,,,,,,
219.54,0,-0.009,-0.052,0,-0.001,30.172,-2.476,0,1.209577,0.099,0,,,,,,,,,,
219.64,0,0.035,-0.057,0,0.005,30.158,-2.143,0,1.219477,0.099,0,,,,,,,,,,
219.741,0,-0.013,-0.058,0,-0.002,30.172,-2.289,0,1.229476,0.099,0,,,,,,,,,,
219.841,0,-0.003,-0.073,0,0,30.163,-2.04,0,1.239376,0.099,0,,,,,,,,,,
219.941,0,-0.019,-0.062,0,-0.002,30.158,-2.261,0,1.249276,0.099,0,,,,,,,,,,
220.041,0,-0.044,-0.06,0,-0.006,30.183,-2.113,0,1.259176,0.099,0,,,,,,,,,,
220.142,0,0.023,-0.056,0,0.003,30.161,-2.41,0,1.269175,0.099,0,,,,,,,,,,
220.242,0,0.01,-0.057,0,0.001,30.165,-1.984,0,1.279075,0.099,0,,,,,,,,,,
220.341,0,0.051,-0.055,0,0.006,30.158,-2.169,0,1.288876,0.099,0,,,,,,,,,,
220.441,0,0,-0.062,0,0,30.165,-2.174,0,1.298776,0.099,0,,,,,,,,,,
220.541,0,-0.005,-0.055,0,-0.001,30.167,-2.246,0,1.308676,0.099,0,,,,,,,,,,
220.641,0,-0.013,-0.055,0,-0.002,30.172,-2.261,0,1.318576,0.099,0,,,,,,,,,,
220.741,0,0.007,-0.062,0,0.001,30.181,-2.491,0,1.328476,0.099,0,,,,,,,,,,
220.841,0,-0.005,-0.055,0,-0.001,30.177,-2.43,0,1.338376,0.099,0,,,,,,,,,,
220.941,0,-0.041,-0.057,0,-0.005,30.186,-2.34,0,1.348276,0.099,0,,,,,,,,,,
221.041,0,0.012,-0.06,0,0.002,30.17,-2.185,0,1.358176,0.099,0,,,,,,,,,,
221.141,0,-0.006,-0.059,0,-0.001,30.174,-2.492,0,1.368076,0.099,0,,,,,,,,,,
221.241,0,-0.025,-0.052,0,-0.003,30.154,-2.261,0,1.377976,0.099,0,,,,,,,,,,
221.342,0,0.001,-0.058,0,0,30.158,-2.287,0,1.387975,0.099,0,,,,,,,,,,
221.442,0,0.014,-0.057,0,0.002,30.145,-2.419,0,1.397875,0.099,0,,,,,,,,,,
221.542,0,0.008,-0.059,0,0.001,30.163,-2.277,0,1.407775,0.099,0,,,,,,,,,,
221.642,0,0.003,-0.062,0,0,30.167,-2.214,0,1.417675,0.099,0,,,,,,,,,,
221.742,0,0.028,-0.06,0,0.004,30.183,-2.315,0,1.427575,0.099,0,,,,,,,,,,
221.842,0,-0.015,-0.064,0,-0.002,30.172,-2.809,0,1.437475,0.099,0,,,,,,,,,,
221.942,0,-0.003,-0.061,0,0,30.161,-2.236,0,1.447375,0.099,0,,,,,,,,,,
222.042,0,0.038,-0.049,0,0.005,30.154,-2.515,0,1.457275,0.099,0,,,,,,,,,,
222.143,0,0.03,-0.054,0,0.004,30.149,-2.503,0,1.467274,0.099,0,,,,,,,,,,
222.243,0,-0.022,-0.06,0,-0.003,30.17,-2.27,0,1.477174,0.099,0,,,,,,,,,,
222.343,0,-0.024,-0.066,0,-0.003,30.167,-2.118,0,1.487074,0.099,0,,,,,,,,,,
222.443,0,0.021,-0.061,0,0.003,30.167,-2.354,0,1.496974,0.099,0,,,,,,,,,,
222.543,0,0.035,-0.052,0,0.004,30.151,-2.841,0,1.506874,0.099,0,,,,,,,,,,
222.643,0,-0.005,-0.048,0,-0.001,30.172,-2.287,0,1.516774,0.099,0,,,,,,,,,,
222.743,0,0.013,-0.061,0,0.002,30.158,-2.1,0,1.526674,0.099,0,,,,,,,,,,
222.843,0,-0.03,-0.063,0,-0.004,30.167,-2.588,0,1.536574,0.099,0,,,,,,,,,,
222.943,0,0.008,-0.053,0,0.001,30.158,-2.248,0,1.546474,0.099,0,,,,,,,,,,
223.043,0,-0.011,-0.063,0,-0.001,30.156,-2.019,0,1.556374,0.099,0,,,,,,,,,,
223.143,0,0.002,-0.053,0,0,30.172,-2.342,0,1.566274,0.099,0,,,,,,,,,,
223.243,0,0.027,-0.053,0,0.003,30.17,-2.066,0,1.576174,0.099,0,,,,,,,,,,
223.343,0,-0.002,-0.067,0,0,30.174,-1.872,0,1.586074,0.099,0,,,,,,,,,,
223.443,0,-0.042,-0.065,0,-0.005,30.181,-2.373,0,1.595974,0.099,0,,,,,,,,,,
223.543,0,-0.013,-0.051,0,-0.002,30.17,-2.294,0,1.605874,0.099,0,,,,,,,,,,
223.643,0,-0.069,-0.076,0,-0.009,30.174,-1.841,0,1.615774,0.099,0,,,,,,,,,,
223.743,0,-0.027,-0.052,0,-0.003,30.172,-2.25,0,1.625674,0.099,0,,,,,,,,,,
223.843,0,-0.033,-0.054,0,-0.004,30.17,-2.178,0,1.635574,0.099,0,,,,,,,,,,
223.943,0,-0.055,-0.069,0,-0.007,30.177,-1.703,0,1.645474,0.099,0,,,,,,,,,,
224.043,0,-0.019,-0.054,0,-0.002,30.179,-2.506,0,1.655374,0.099,0,,,,,,,,,,
224.143,0,0.008,-0.046,0,0.001,30.174,-2.016,0,1.665274,0.099,0,,,,,,,,,,
224.243,0,0.025,-0.06,0,0.003,30.163,-2.434,0,1.675174,0.099,0,,,,,,,,,,
224.344,0,-0.019,-0.06,0,-0.002,30.17,-2.722,0,1.685173,0.099,0,,,,,,,,,,
224.444,0,0.054,-0.062,0,0.007,30.179,-2.084,0,1.695073,0.099,0,,,,,,,,,,
224.544,0,0.001,-0.053,0,0,30.165,-2.26,0,1.704973,0.099,0,,,,,,,,,,
224.644,0,-0.062,-0.064,0,-0.008,30.163,-2.226,0,1.714873,0.099,0,,,,,,,,,,
224.744,0,0.007,-0.062,0,0.001,30.186,-2.03,0,1.724773,0.099,0,,,,,,,,,,
224.844,0,-0.034,-0.062,0,-0.004,30.156,-2.643,0,1.734673,0.099,0,,,,,,,,,,
224.944,0,-0.03,-0.067,0,-0.004,30.17,-2.321,0,1.744573,0.099,0,,,,,,,,,,
225.044,0,0.034,-0.056,0,0.004,30.165,-2.056,0,1.754473,0.099,0,,,,,,,,,,
225.144,0,0.013,-0.05,0,0.002,30.179,-2.374,0,1.764373,0.099,0,,,,,,,,,,
225.244,0,-0.008,-0.055,0,-0.001,30.161,-2.322,0,1.774273,0.099,0,,,,,,,,,,
225.344,0,-0.008,-0.048,0,-0.001,30.151,-2.034,0,1.784173,0.099,0,,,,,,,,,,
225.444,0,-0.027,-0.063,0,-0.003,30.165,-1.688,0,1.794073,0.099,0,,,,,,,,,,
225.544,0,0.014,-0.061,0,0.002,30.165,-2.626,0,1.803973,0.099,0,,,,,,,,,,
225.644,0,-0.013,-0.054,0,-0.002,30.163,-2.166,0,1.813873,0.099,0,,,,,,,,,,
225.744,0,-0.005,-0.056,0,-0.001,30.154,-1.822,0,1.823773,0.099,0,,,,,,,,,,
225.844,0,0.052,-0.047,0,0.007,30.179,-2.585,0,1.833673,0.099,0,,,,,,,,,,
225.944,0,-0.001,-0.056,0,0,30.151,-2.326,0,1.843573,0.099,0,,,,,,,,,,
226.044,0,0.014,-0.059,0,0.002,30.161,-2.018,0,1.853473,0.099,0,,,,,,,,,,
226.145,0,-0.019,-0.041,0,-0.002,30.174,-2.18,0,1.863472,0.099,0,,,,,,,,,,
226.245,0,0.008,-0.055,0,0.001,30.183,-1.837,0,1.873372,0.099,0,,,,,,,,,,
226.345,0,-0.026,-0.053,0,-0.003,30.165,-2.248,0,1.883272,0.099,0,,,,,,,,,,
226.445,0,-0.009,-0.059,0,-0.001,30.161,-2.405,0,1.893172,0.099,0,,,,,,,,,,
226.545,0,-0.024,-0.056,0,-0.003,30.156,-1.828,0,1.903072,0.099,0,,,,,,,,,,
226.645,0,0.011,-0.053,0,0.001,30.167,-2.386,0,1.912972,0.099,0,,,,,,,,,,
226.745,0,-0.019,-0.051,0,-0.002,30.17,-2.331,0,1.922872,0.099,0,,,,,,,,,,
226.845,0,-0.015,-0.057,0,-0.002,30.163,-1.913,0,1.932772,0.099,0,,,,,,,,,,
226.945,0,0.019,-0.051,0,0.002,30.17,-2.359,0,1.942672,0.099,0,,,,,,,,,,
227.045,0,-0.035,-0.058,0,-0.004,30.172,-1.911,0,1.952572,0.099,0,,,,,,,,,,
227.145,0,-0.015,-0.053,0,-0.002,30.163,-2.123,0,1.962472,0.099,0,,,,,,,,,,
227.245,0,-0.015,-0.055,0,-0.002,30.188,-2.131,0,1.972372,0.099,0,,,,,,,,,,
227.345,0,-0.022,-0.05,0,-0.003,30.174,-2.047,0,1.982272,0.099,0,,,,,,,,,,
227.445,0,-0.024,-0.065,0,-0.003,30.161,-1.587,0,1.992172,0.099,0,,,,,,,,,,
227.545,0,-0.003,-0.052,0,0,30.174,-2.042,0,2.002072,0.099,0,,,,,,,,,,
227.645,0,-0.005,-0.054,0,-0.001,30.172,-1.842,0,2.011972,0.099,0,,,,,,,,,,
227.745,0,-0.026,-0.057,0,-0.003,30.163,-2.152,0,2.021872,0.099,0,,,,,,,,,,
227.846,0,0.024,-0.045,0,0.003,30.167,-2.47,0,2.031871,0.099,0,,,,,,,,,,
227.946,0,0.016,-0.058,0,0.002,30.179,-2.31,0,2.041771,0.099,0,,,,,,,,,,
228.046,0,0.005,-0.049,0,0.001,30.174,-2.452,0,2.051671,0.099,0,,,,,,,,,,
228.146,0,0.01,-0.053,0,0.001,30.165,-1.999,0,2.061571,0.099,0,,,,,,,,,,
228.246,0,-0.008,-0.048,0,-0.001,30.165,-2.064,0,2.071471,0.099,0,,,,,,,,,,
228.346,0,-0.037,-0.058,0,-0.005,30.167,-2.071,0,2.081371,0.099,0,,,,,,,,,,
228.446,0,-0.01,-0.057,0,-0.001,30.154,-2.479,0,2.091271,0.099,0,,,,,,,,,,
228.546,0,0.004,-0.05,0,0.001,30.17,-2.508,0,2.101171,0.099,0,,,,,,,,,,
228.646,0,0.024,-0.052,0,0.003,30.167,-2.128,0,2.111071,0.099,0,,,,,,,,,,
228.746,0,0.039,-0.051,0,0.005,30.163,-2.393,0,2.120971,0.099,0,,,,,,,,,,
228.846,0,-0.048,-0.056,0,-0.006,30.177,-2.081,0,2.130871,0.099,0,,,,,,,,,,
228.946,0,0.024,-0.058,0,0.003,30.167,-2.521,0,2.140771,0.099,0,,,,,,,,,,
229.046,0,0.014,-0.056,0,0.002,30.19,-2.413,0,2.150671,0.099,0,,,,,,,,,,
229.146,0,-0.007,-0.052,0,-0.001,30.163,-2.29,0,2.160571,0.099,0,,,,,,,,,,
229.246,0,0.012,-0.059,0,0.002,30.165,-2.159,0,2.170471,0.099,0,,,,,,,,,,
229.346,0,-0.001,-0.057,0,0,30.156,-1.997,0,2.180371,0.099,0,,,,,,,,,,
229.446,0,-0.04,-0.059,0,-0.005,30.17,-2.085,0,2.190271,0.099,0,,,,,,,,,,
229.546,0,0.006,-0.049,0,0.001,30.165,-1.987,0,2.200171,0.099,0,,,,,,,,,,
229.646,0,0.026,-0.055,0,0.003,30.165,-2.53,0,2.210071,0.099,0,,,,,,,,,,
229.747,0,-0.051,-0.062,0,-0.006,30.183,-2.261,0,2.22007,0.099,0,,,,,,,,,,
229.847,0,0.028,-0.048,0,0.004,30.154,-2.344,0,2.22997,0.099,0,,,,,,,,,,
229.947,0,0.048,-0.044,0,0.006,30.172,-2.395,0,2.23987,0.099,0,,,,,,,,,,
230.047,0,-0.029,-0.056,0,-0.004,30.186,-2.082,0,2.24977,0.099,0,,,,,,,,,,
230.147,0,0.048,-0.056,0,0.006,30.17,-2.265,0,2.25967,0.099,0,,,,,,,,,,
230.247,0,0.004,-0.05,0,0,30.156,-2.095,0,2.26957,0.099,0,,,,,,,,,,
230.347,0,-0.037,-0.059,0,-0.005,30.158,-1.787,0,2.27947,0.099,0,,,,,,,,,,
230.447,0,0.004,-0.048,0,0,30.147,-2.212,0,2.28937,0.099,0,,,,,,,,,,
230.547,0,-0.019,-0.049,0,-0.002,30.172,-2.141,0,2.29927,0.099,0,,,,,,,,,,
230.647,0,0.001,-0.057,0,0,30.174,-1.797,0,2.30917,0.099,0,,,,,,,,,,
230.747,0,0.004,-0.054,0,0.001,30.163,-2.454,0,2.31907,0.099,0,,,,,,,,,,
230.847,0,-0.01,-0.046,0,-0.001,30.163,-2.161,0,2.32897,0.099,0,,,,,,,,,,
230.947,0,-0.021,-0.067,0,-0.003,30.177,-2.148,0,2.33887,0.099,0,,,,,,,,,,
231.047,0,-0.005,-0.055,0,-0.001,30.163,-2.483,0,2.34877,0.099,0,,,,,,,,,,
231.147,0,-0.035,-0.055,0,-0.005,30.154,-1.938,0,2.35867,0.099,0,,,,,,,,,,
231.248,0,0.012,-0.052,0,0.001,30.172,-2.251,0,2.368669,0.099,0,,,,,,,,,,
231.348,0,0.003,-0.058,0,0,30.181,-1.938,0,2.378569,0.099,0,,,,,,,,,,
231.449,0,-0.012,-0.057,0,-0.002,30.167,-2.181,0,2.388568,0.099,0,,,,,,,,,,
231.549,0,-0.024,-0.056,0,-0.003,30.172,-2.524,0,2.398468,0.099,0,,,,,,,,,,
231.649,0,0,-0.056,0,0,30.177,-2.052,0,2.408368,0.099,0,,,,,,,,,,
231.749,0,0.017,-0.047,0,0.002,30.172,-2.072,0,2.418268,0.099,0,,,,,,,,,,