Timestamp [s],Wind 3D norm [m/s],Wind 2D norm [m/s],Horizontal wind direction [°],Vertical wind direction [°],U Vector [m/s],V Vector [m/s],W Vector [m/s],Temperature [°C],Speed of sound [m/s],Humidity [%],Dew point [°C],Pressure [hPa],Air density [kg/cm³],Pitch [°],Roll [°],Heading [°],TrueHead [°]
0.134,1.169,1.169,180.368,1.051,0.008,1.169,0.021,14.317,341.141,82.095,11.306,977.218,1.17557704,-4.191,-6.708,302.448,302.448
0.234,1.012,1.012,171.63,0.348,-0.147,1.001,0.006,14.337,341.151,81.839,11.277,977.228,1.17552197,-4.188,-6.257,301.463,301.463
0.334,0.97,0.97,183.746,0.189,0.063,0.968,0.003,14.336,341.152,81.954,11.298,977.222,1.17551088,-4.137,-5.882,302.02,302.02
0.434,1.176,1.175,182.691,-2.097,0.055,1.174,-0.043,14.35,341.16,81.927,11.306,977.239,1.17546976,-4.219,-6.275,302.02,302.02
0.534,1.123,1.118,184.867,-5.692,0.095,1.114,-0.111,14.339,341.154,81.98,11.306,977.244,1.17552078,-4.228,-6.35,302.859,302.859
0.634,1.07,1.07,188.046,-1.457,0.15,1.06,-0.027,14.396,341.187,81.606,11.293,977.23,1.17527497,-4.21,-5.794,302.554,302.554
0.734,0.991,0.991,181.652,1.23,0.029,0.99,0.021,14.317,341.142,82.207,11.326,977.229,1.17558587,-4.257,-5.747,301.637,301.637
0.834,1.292,1.287,203.494,5.179,0.513,1.18,0.117,14.36,341.166,81.798,11.293,977.244,1.17544055,-4.35,-6.516,302.402,302.402
0.934,2.442,2.422,250.209,7.457,2.279,0.82,0.317,14.143,341.037,83.003,11.301,977.253,1.17633462,-4.446,-6.633,302.608,302.608
1.034,1.12,1.108,265.008,8.609,1.103,0.096,0.168,13.694,340.771,85.438,11.298,977.236,1.17815757,-4.251,-6.009,302.689,302.689
1.134,1.174,1.145,108.837,-12.739,-1.084,0.37,-0.259,14.348,341.16,82.003,11.318,977.236,1.17546916,-4.323,-6.303,301.98,301.98
1.234,2.267,2.266,106.17,-2.042,-2.176,0.631,-0.081,14.934,341.506,78.799,11.288,977.228,1.17307949,-4.276,-6.953,302.111,302.111
1.335,0.97,0.97,114.406,0.22,-0.883,0.401,0.004,14.6,341.308,80.539,11.293,977.23,1.17444324,-4.184,-6.6,302.155,302.155
1.435,1.176,1.135,205.625,-15.301,0.491,1.023,-0.31,14.559,341.283,80.689,11.281,977.228,1.17461276,-4.18,-6.388,301.918,301.918
1.535,2.485,2.478,242.187,4.155,2.192,1.156,0.18,14.23,341.089,82.51,11.296,977.229,1.17595232,-4.268,-6.826,301.561,301.561
1.635,1.874,1.867,260.999,4.921,1.844,0.292,0.161,13.59,340.709,86.041,11.301,977.229,1.17857516,-4.269,-7.068,301.992,301.992
1.735,0.709,0.316,355.829,-63.483,0.023,-0.316,-0.634,13.652,340.747,85.804,11.321,977.227,1.17830646,-4.234,-6.9,301.886,301.886
1.835,2.115,2.11,115.517,-3.815,-1.904,0.909,-0.141,14.552,341.281,80.942,11.321,977.229,1.17462552,-4.113,-7.041,301.049,301.049
1.935,1.944,1.937,90.301,-4.602,-1.937,0.01,-0.156,14.767,341.407,79.676,11.293,977.217,1.17374384,-4.275,-7.303,301.714,301.714
2.035,0.497,0.475,90.887,-16.999,-0.475,0.007,-0.145,14.695,341.365,80.081,11.3,977.218,1.17403448,-4.35,-7.209,302.079,302.079
2.135,2.136,2.134,230.967,-2.846,1.657,1.344,-0.106,14.77,341.409,79.678,11.296,977.223,1.173738,-4.116,-7.34,301.907,301.907
2.235,2.251,2.248,262.901,2.953,2.231,0.278,0.116,14.175,341.057,82.871,11.309,977.218,1.17615843,-4.256,-7.39,301.679,301.679
2.335,1.581,1.551,285.984,11.192,1.491,-0.427,0.307,13.715,340.785,85.524,11.334,977.232,1.1780498,-4.229,-7.241,301.924,301.924
2.435,1.547,1.538,115.407,-6.103,-1.389,0.66,-0.164,14.676,341.354,80.214,11.306,977.238,1.17413688,-4.249,-7.292,302.559,302.559
2.535,2.138,2.138,90.079,-0.641,-2.138,0.003,-0.024,15.253,341.697,77.347,11.317,977.218,1.17175817,-4.202,-7.352,301.944,301.944
2.635,1.577,1.577,93.992,-0.105,-1.573,0.11,-0.003,15.05,341.574,78.214,11.288,977.219,1.17259848,-4.147,-7.111,301.901,301.901
2.735,0.706,0.631,214.972,-26.516,0.362,0.517,-0.315,14.913,341.494,78.928,11.293,977.239,1.17317677,-4.185,-7.134,301.819,301.819
2.835,2.269,2.267,244.875,2.255,2.053,0.963,0.089,14.712,341.377,80.174,11.333,977.239,1.17398131,-4.259,-7.402,301.783,301.783
2.935,1.97,1.965,269.455,3.94,1.965,0.019,0.135,14.037,340.975,83.576,11.301,977.216,1.17672455,-4.177,-7.22,301.083,301.083
3.035,0.787,0.69,305.089,28.776,0.565,-0.397,0.379,13.944,340.919,84.108,11.306,977.22,1.17711008,-4.237,-6.898,302.072,302.072
3.135,2.317,2.296,101.231,-7.796,-2.252,0.447,-0.314,14.862,341.464,79.273,11.309,977.232,1.17336965,-4.255,-7.014,301.697,301.697
3.235,2.29,2.285,95.461,-3.852,-2.275,0.217,-0.154,14.849,341.457,79.408,11.321,977.225,1.17341101,-4.171,-7.071,302.674,302.674
3.335,0.839,0.803,104.883,-16.923,-0.776,0.206,-0.244,14.661,341.346,80.357,11.318,977.225,1.17417479,-4.289,-6.517,301.765,301.765
3.435,2.109,2.106,221.628,-3.189,1.399,1.574,-0.117,14.61,341.316,80.616,11.317,977.219,1.17437589,-4.172,-6.223,301.909,301.909
3.535,2.18,2.177,254.032,2.862,2.093,0.599,0.109,14.151,341.041,82.804,11.273,977.236,1.17629158,-4.309,-6.628,301.578,301.578
3.635,1.382,1.375,286.388,-5.513,1.319,-0.388,-0.133,13.768,340.817,85.276,11.341,977.237,1.17783749,-4.241,-6.525,301.863,301.863
3.735,0.944,0.93,97.443,-9.811,-0.922,0.121,-0.161,14.34,341.154,81.951,11.301,977.229,1.17549956,-4.345,-5.822,302.177,302.177
3.835,2.214,2.204,100.496,-5.472,-2.167,0.401,-0.211,14.772,341.41,79.647,11.293,977.228,1.17373657,-4.383,-6.024,302.127,302.127
3.935,1.776,1.773,95.173,-3.046,-1.766,0.16,-0.094,14.923,341.501,78.986,11.313,977.227,1.17311466,-4.197,-6.391,301.595,301.595
4.035,0.724,0.603,199.523,-33.622,0.201,0.568,-0.401,14.84,341.452,79.435,11.318,977.224,1.17344379,-4.26,-5.955,301.052,301.052
4.135,2.381,2.377,245.251,3.43,2.159,0.995,0.142,14.622,341.322,80.508,11.309,977.238,1.17435396,-4.27,-5.561,301.972,301.972
4.235,2.097,2.078,267.578,7.753,2.076,0.088,0.283,14.045,340.98,83.639,11.321,977.205,1.17666936,-4.25,-6.058,301.851,301.851
4.335,1.071,1.037,289.601,14.422,0.977,-0.348,0.267,13.845,340.861,84.665,11.309,977.236,1.17753267,-4.254,-6.224,302.235,302.235
4.435,2.026,2.022,116.401,-3.451,-1.811,0.899,-0.122,14.771,341.41,79.699,11.301,977.225,1.17373383,-4.189,-5.763,301.574,301.574
4.535,2.671,2.669,104.043,-2.252,-2.589,0.648,-0.105,15.106,341.609,78.058,11.313,977.227,1.17236829,-4.276,-5.868,302.818,302.818
4.635,1.322,1.321,108.636,1.998,-1.252,0.422,0.046,14.911,341.495,79.152,11.334,977.232,1.17315865,-4.335,-6.37,301.526,301.526
4.735,1.844,1.839,216.065,-3.956,1.083,1.487,-0.127,14.885,341.479,79.243,11.326,977.23,1.1732651,-4.253,-6.309,302.312,302.312
4.835,2.392,2.389,249.439,3.127,2.236,0.839,0.131,14.661,341.346,80.354,11.317,977.24,1.174196,-4.332,-6.071,302.021,302.021
4.935,1.608,1.601,281.798,5.558,1.567,-0.327,0.156,14.091,341.007,83.324,11.309,977.228,1.17651474,-4.326,-6.381,302.157,302.157
5.034,0.479,0.452,352.01,-19.123,0.063,-0.448,-0.157,14.203,341.074,82.743,11.313,977.22,1.17604399,-4.324,-6.606,302.004,302.004
5.135,2.254,2.254,106.119,-0.563,-2.165,0.626,-0.022,15.078,341.594,78.285,11.329,977.226,1.17247438,-4.223,-6.583,301.609,301.609
5.235,1.332,1.332,103.661,-0.726,-1.294,0.315,-0.017,14.875,341.472,79.253,11.317,977.233,1.17331564,-4.222,-6.578,301.284,301.284
5.335,0.802,0.673,177.187,-32.876,-0.033,0.672,-0.435,14.718,341.379,80.026,11.311,977.218,1.17393792,-4.238,-6.91,302.233,302.233
5.435,2.256,2.256,238.788,0.105,1.929,1.169,0.004,14.628,341.327,80.632,11.337,977.234,1.17431617,-4.145,-7.002,302.839,302.839
5.535,2.068,2.055,266.312,6.495,2.05,0.132,0.234,13.99,340.948,83.962,11.324,977.217,1.1769098,-4.224,-6.944,301.392,301.392
5.635,0.75,0.738,306.277,10.335,0.595,-0.437,0.135,13.857,340.868,84.624,11.313,977.225,1.17746866,-4.179,-7.184,302.501,302.501
5.735,1.959,1.959,112.013,0.0,-1.816,0.734,0.0,14.943,341.512,78.794,11.296,977.222,1.17303133,-4.278,-7.475,302.432,302.432
5.835,2.416,2.413,88.669,-2.677,-2.413,-0.056,-0.113,15.11,341.613,78.143,11.333,977.226,1.17234313,-4.201,-7.515,302.405,302.405
5.935,1.198,1.196,84.983,3.366,-1.191,-0.105,0.07,15.0,341.547,78.62,11.318,977.228,1.17279685,-4.258,-7.443,302.118,302.118
6.035,1.279,1.227,232.321,-16.384,0.971,0.75,-0.361,14.99,341.54,78.623,11.309,977.237,1.17285585,-4.134,-7.575,302.111,302.111
6.135,2.252,2.251,251.571,1.696,2.136,0.712,0.067,14.501,341.252,81.251,11.329,977.239,1.17484081,-4.078,-7.591,302.367,302.367
6.235,1.642,1.633,279.37,5.99,1.611,-0.266,0.171,14.049,340.982,83.551,11.309,977.217,1.17667305,-4.228,-7.444,301.949,301.949
6.335,0.826,0.735,136.498,-27.275,-0.506,0.533,-0.379,14.415,341.2,81.685,11.326,977.227,1.17517972,-4.228,-7.399,301.911,301.911
6.435,2.38,2.38,100.737,-0.347,-2.338,0.443,-0.014,15.225,341.679,77.384,11.298,977.226,1.17188966,-4.103,-7.411,301.627,301.627
6.535,2.148,2.148,88.772,-1.308,-2.147,-0.046,-0.049,15.267,341.706,77.363,11.334,977.234,1.1717149,-4.05,-7.409,300.958,300.958
6.635,0.366,0.359,135.279,-11.689,-0.252,0.255,-0.074,15.106,341.61,78.08,11.317,977.237,1.17237735,-4.075,-7.385,301.952,301.952
6.735,2.156,2.15,233.787,4.178,1.734,1.27,0.157,14.974,341.532,78.763,11.321,977.231,1.17290568,-4.174,-7.324,301.91,301.91
6.835,2.181,2.16,257.784,8.039,2.111,0.457,0.305,14.279,341.12,82.45,11.334,977.223,1.17572737,-4.193,-7.182,302.482,302.482
6.935,0.91,0.898,288.39,9.192,0.852,-0.283,0.145,13.925,340.909,84.251,11.313,977.235,1.17720234,-4.136,-7.127,301.944,301.944
7.035,1.213,1.157,99.979,-17.398,-1.14,0.201,-0.363,14.541,341.275,81.042,11.329,977.218,1.17465186,-4.117,-7.05,302.272,302.272
7.134,2.193,2.193,96.003,-0.655,-2.181,0.229,-0.025,15.092,341.6,78.094,11.306,977.231,1.17243528,-4.117,-6.84,301.778,301.778
7.235,1.307,1.307,98.669,-0.117,-1.292,0.197,-0.003,14.733,341.389,79.999,11.321,977.231,1.17389047,-4.184,-6.629,302.143,302.143
7.335,1.208,1.167,214.164,-14.923,0.655,0.966,-0.311,14.682,341.36,80.411,11.349,977.238,1.17409372,-4.181,-6.646,301.211,301.211
7.435,2.272,2.272,250.019,0.0,2.135,0.776,0.0,14.287,341.125,82.386,11.329,977.235,1.17571247,-4.172,-6.555,301.527,301.527
7.535,1.686,1.682,273.278,3.954,1.679,-0.096,0.116,13.738,340.797,85.257,11.309,977.227,1.17796195,-4.141,-6.273,302.264,302.264
7.634,0.402,0.268,346.889,-48.165,0.061,-0.261,-0.3,13.849,340.864,84.709,11.321,977.24,1.17751575,-4.215,-6.329,301.498,301.498
7.734,2.254,2.254,108.963,-0.806,-2.132,0.733,-0.032,14.874,341.473,79.362,11.337,977.23,1.17330849,-4.263,-6.364,301.649,301.649
7.835,2.002,2.002,93.131,0.0,-1.999,0.109,0.0,14.94,341.513,79.068,11.345,977.228,1.173033,-4.283,-6.256,302.197,302.197
7.935,0.625,0.599,99.75,-16.817,-0.59,0.101,-0.181,14.8,341.43,79.738,11.337,977.224,1.17359924,-4.31,-6.034,301.942,301.942
8.035,2.109,2.109,230.479,-1.333,1.627,1.342,-0.049,14.801,341.429,79.668,11.324,977.23,1.17360973,-4.203,-6.143,302.163,302.163
8.135,2.084,2.078,263.612,4.056,2.065,0.231,0.147,14.285,341.122,82.332,11.317,977.226,1.17571521,-4.227,-6.555,301.891,301.891
8.235,1.442,1.431,292.898,-7.033,1.319,-0.557,-0.177,13.935,340.915,84.259,11.324,977.228,1.17714727,-4.106,-6.433,302.195,302.195
8.334,1.051,1.05,90.105,2.528,-1.05,0.002,0.046,14.63,341.327,80.534,11.321,977.235,1.17431629,-4.257,-6.181,301.798,301.798
8.434,2.181,2.178,95.285,-3.064,-2.169,0.201,-0.117,15.224,341.68,77.532,11.326,977.218,1.17187107,-4.179,-6.346,301.945,301.945
8.535,1.175,1.174,92.624,2.158,-1.173,0.054,0.044,15.211,341.672,77.598,11.326,977.228,1.17193639,-4.284,-6.624,302.2,302.2
8.635,1.296,1.273,216.98,-10.727,0.766,1.017,-0.241,15.078,341.593,78.198,11.313,977.225,1.1724788,-4.283,-6.712,301.939,301.939
8.735,2.176,2.167,246.359,5.217,1.985,0.869,0.198,14.774,341.414,79.894,11.341,977.232,1.17371428,-4.232,-6.714,302.191,302.191
8.835,1.958,1.958,271.488,0.0,1.957,-0.051,0.0,14.169,341.053,82.878,11.304,977.235,1.1762048,-4.276,-6.819,301.956,301.956
8.934,0.591,0.591,315.318,-2.736,0.415,-0.42,-0.028,14.069,340.995,83.603,11.337,977.24,1.17660844,-4.267,-7.064,301.9,301.9
9.035,1.788,1.776,103.046,-6.68,-1.73,0.401,-0.208,15.208,341.671,77.674,11.337,977.232,1.17195141,-4.2,-7.048,302.321,302.321
9.134,1.865,1.864,89.981,-1.767,-1.864,-0.001,-0.058,15.069,341.588,78.312,11.326,977.242,1.17253387,-4.179,-6.902,302.246,302.246
9.235,0.601,0.537,106.539,-26.584,-0.515,0.153,-0.269,14.781,341.418,79.86,11.341,977.24,1.17369592,-4.114,-7.379,302.353,302.353
9.335,2.078,2.071,230.879,-4.637,1.607,1.307,-0.168,14.782,341.42,79.933,11.356,977.223,1.17366529,-4.223,-7.614,301.794,301.794
9.434,2.53,2.52,262.151,5.113,2.496,0.344,0.225,14.286,341.123,82.277,11.308,977.23,1.17571938,-4.229,-7.223,301.577,301.577
9.535,1.504,1.502,275.782,2.679,1.494,-0.151,0.07,13.622,340.73,86.017,11.329,977.229,1.17843211,-4.045,-7.365,301.631,301.631
9.634,1.113,0.725,103.788,-49.345,-0.704,0.173,-0.844,14.258,341.107,82.493,11.321,977.232,1.17583144,-4.23,-7.775,302.058,302.058
9.734,2.121,2.119,98.767,-2.707,-2.094,0.323,-0.1,15.053,341.579,78.474,11.341,977.241,1.17259169,-4.178,-7.58,302.516,302.516
9.835,1.6,1.599,87.998,-2.331,-1.598,-0.056,-0.065,15.076,341.592,78.232,11.317,977.24,1.17250454,-4.172,-7.291,301.434,301.434
9.935,0.784,0.637,235.707,-35.696,0.526,0.359,-0.457,14.928,341.504,79.0,11.321,977.22,1.17308235,-4.309,-7.427,301.67,301.67
10.034,2.45,2.448,249.604,2.567,2.294,0.853,0.11,14.716,341.379,80.105,11.324,977.227,1.17395091,-4.122,-7.789,301.865,301.865
10.134,2.164,2.164,268.784,0.0,2.163,0.046,0.0,14.057,340.988,83.617,11.329,977.233,1.17664981,-4.218,-7.299,302.219,302.219
10.235,0.85,0.634,317.425,41.807,0.429,-0.467,0.567,14.084,341.003,83.423,11.319,977.222,1.17653286,-4.124,-6.915,302.613,302.613
10.334,1.726,1.724,105.463,-2.903,-1.661,0.46,-0.087,15.06,341.583,78.378,11.329,977.221,1.17254412,-4.069,-7.447,302.033,302.033
10.434,2.205,2.203,87.954,-2.313,-2.201,-0.079,-0.089,15.329,341.744,77.13,11.349,977.212,1.17142773,-4.096,-7.684,301.976,301.976
10.535,0.926,0.918,80.663,7.338,-0.906,-0.149,0.118,15.109,341.612,78.154,11.334,977.228,1.17235136,-4.105,-7.085,301.896,301.896
10.634,1.329,1.324,224.458,-4.884,0.927,0.945,-0.113,15.072,341.592,78.498,11.364,977.228,1.17248821,-4.071,-6.699,301.672,301.672
10.734,2.455,2.432,251.427,7.908,2.305,0.775,0.338,14.53,341.269,81.1,11.329,977.228,1.1747098,-4.339,-6.968,301.509,301.509
10.834,1.473,1.447,286.665,10.868,1.386,-0.415,0.278,13.902,340.897,84.534,11.341,977.233,1.17728305,-4.233,-7.329,302.12,302.12
10.934,0.605,0.591,7.209,-12.403,-0.074,-0.586,-0.13,14.295,341.13,82.341,11.329,977.231,1.17567337,-4.224,-6.803,301.065,301.065
11.035,1.908,1.908,97.098,0.247,-1.894,0.236,0.008,15.099,341.606,78.114,11.317,977.218,1.17238259,-4.27,-6.254,301.742,301.742
11.134,1.501,1.5,81.814,-1.584,-1.485,-0.214,-0.041,14.981,341.539,79.006,11.374,977.224,1.17284834,-4.204,-6.622,302.164,302.164
11.234,0.872,0.367,211.821,-65.146,0.193,0.312,-0.791,14.882,341.479,79.405,11.353,977.245,1.17328763,-4.17,-6.553,302.273,302.273
11.334,2.163,2.162,241.805,-1.774,1.905,1.021,-0.067,14.652,341.341,80.446,11.326,977.224,1.17421079,-4.251,-6.606,302.448,302.448
11.434,2.096,2.094,269.146,2.954,2.093,0.031,0.108,13.853,340.867,84.781,11.337,977.24,1.17749238,-4.04,-7.028,301.94,301.94
11.535,1.007,0.985,298.664,-11.956,0.864,-0.472,-0.209,13.626,340.734,86.147,11.356,977.229,1.17840242,-4.301,-6.484,301.086,301.086
11.634,1.383,1.349,98.613,-12.773,-1.333,0.202,-0.306,14.641,341.334,80.495,11.324,977.24,1.17427337,-4.203,-6.23,302.365,302.365
11.734,1.988,1.988,94.889,0.0,-1.981,0.169,0.0,14.831,341.447,79.541,11.329,977.234,1.17349064,-31.402,-5.959,292.14,292.14
11.835,1.893,1.892,136.978,-1.453,-1.291,1.384,-0.048,14.626,341.326,80.641,11.337,977.233,1.17432141,-48.636,-5.808,281.122,281.122
11.934,2.901,2.89,203.027,-4.944,1.13,2.66,-0.25,14.671,341.353,80.427,11.341,977.223,1.17412436,8.762,-4.037,302.796,302.796
12.034,2.718,2.715,242.871,2.703,2.416,1.238,0.128,14.435,341.213,81.664,11.341,977.218,1.17508256,39.275,-4.597,303.367,303.367
12.135,2.555,2.555,281.016,0.0,2.508,-0.488,0.0,13.918,340.907,84.488,11.349,977.226,1.1772033,26.292,-6.984,305.53,305.53
12.235,0.124,0.075,243.485,-52.655,0.067,0.034,-0.098,14.171,341.056,83.029,11.334,977.218,1.17616308,-12.999,-8.832,297.584,297.584
12.335,1.918,1.906,90.208,-6.631,-1.906,0.007,-0.222,15.102,341.609,78.245,11.345,977.238,1.17238367,-4.059,-4.405,301.723,301.723
12.434,2.083,2.078,86.404,-4.101,-2.074,-0.13,-0.149,15.058,341.582,78.447,11.341,977.224,1.17254984,-3.753,-7.936,302.705,302.705
12.535,0.454,0.447,122.866,-9.838,-0.375,0.243,-0.078,14.915,341.497,79.133,11.334,977.233,1.17314422,-28.148,-9.076,291.572,291.572
12.634,2.398,2.398,228.436,-0.458,1.794,1.591,-0.019,14.706,341.374,80.245,11.341,977.24,1.17400086,7.843,-4.102,303.795,303.795
12.734,2.708,2.706,272.664,2.294,2.703,-0.126,0.108,14.233,341.093,82.762,11.345,977.242,1.17593563,18.272,-5.72,304.922,304.922
12.834,1.806,1.806,292.445,0.08,1.669,-0.69,0.003,13.96,340.931,84.242,11.345,977.234,1.17704546,-9.977,-9.95,299.164,299.164
12.935,0.804,0.795,71.264,-8.833,-0.753,-0.255,-0.124,14.539,341.275,81.181,11.353,977.241,1.17468143,-3.812,-8.507,301.729,301.729
13.035,2.19,2.188,82.851,-2.291,-2.171,-0.272,-0.088,14.989,341.542,78.837,11.349,977.223,1.17282629,-5.274,-5.012,300.817,300.817
13.134,0.964,0.959,80.682,-6.066,-0.946,-0.155,-0.102,14.807,341.433,79.662,11.329,977.229,1.17357993,-4.995,-7.614,301.016,301.016
13.235,1.098,0.976,236.531,-27.254,0.814,0.538,-0.503,14.771,341.412,79.87,11.334,977.229,1.17372489,-3.753,-8.695,301.117,301.117
13.334,2.216,2.213,253.472,3.31,2.121,0.629,0.128,14.378,341.178,81.904,11.329,977.216,1.17531836,-3.711,-5.683,302.106,302.106
13.434,2.083,2.081,289.457,2.631,1.962,-0.693,0.096,13.835,340.857,84.968,11.353,977.232,1.1775521,-4.193,-6.413,301.401,301.401
13.534,0.853,0.847,318.103,-6.661,0.566,-0.631,-0.099,13.67,340.761,86.003,11.374,977.227,1.17821372,-4.253,-8.628,301.516,301.516
13.634,2.058,1.992,102.993,-14.483,-1.941,0.448,-0.515,14.721,341.384,80.274,11.36,977.227,1.17391932,-4.4,-6.328,300.807,300.807
13.734,2.26,2.225,88.223,-10.159,-2.224,-0.069,-0.399,14.891,341.484,79.356,11.353,977.228,1.17322958,-4.178,-5.612,300.907,300.907
13.835,0.697,0.59,82.584,-32.188,-0.585,-0.076,-0.371,14.786,341.423,79.971,11.368,977.216,1.17363393,-4.411,-7.963,301.062,301.062
13.934,1.853,1.846,238.323,-4.86,1.571,0.969,-0.157,14.686,341.364,80.54,11.377,977.225,1.174052,-4.957,-6.51,300.832,300.832
14.034,2.371,2.369,261.423,2.303,2.342,0.353,0.095,14.164,341.053,83.216,11.36,977.231,1.17619824,-4.368,-5.44,301.443,301.443
14.135,1.658,1.657,282.038,2.194,1.621,-0.346,0.063,13.805,340.838,85.004,11.329,977.232,1.17768431,-4.403,-6.94,301.151,301.151
14.234,1.736,1.465,139.437,-32.467,-0.953,1.113,-0.932,14.411,341.198,81.744,11.332,977.231,1.17520154,-4.058,-6.903,302.439,302.439
14.334,2.158,2.115,97.701,-11.481,-2.096,0.283,-0.43,15.012,341.557,78.816,11.368,977.228,1.17272913,-4.354,-5.14,301.3,301.3
14.435,1.387,1.373,95.865,-8.093,-1.366,0.14,-0.195,14.846,341.456,79.478,11.332,977.222,1.17341352,-3.812,-6.14,301.725,301.725
14.534,0.462,0.459,180.137,-5.773,0.001,0.459,-0.046,14.766,341.411,80.087,11.369,977.206,1.17370558,-4.184,-7.526,301.046,301.046
14.634,2.492,2.488,241.2,2.917,2.181,1.199,0.127,14.502,341.254,81.415,11.36,977.232,1.17481709,-4.658,-5.203,301.13,301.13
14.734,2.098,2.094,262.537,3.672,2.076,0.272,0.134,13.867,340.877,84.809,11.356,977.219,1.17740083,-4.144,-5.249,300.529,300.529
14.834,0.561,0.533,279.357,-17.885,0.526,-0.087,-0.172,13.769,340.818,85.291,11.345,977.226,1.17781782,-4.503,-8.176,301.955,301.955
14.934,2.111,2.078,105.49,-10.19,-2.002,0.555,-0.373,14.805,341.433,79.796,11.353,977.222,1.17357147,-4.863,-6.565,301.16,301.16
15.034,2.286,2.238,95.49,-11.838,-2.227,0.214,-0.469,14.917,341.502,79.44,11.394,977.229,1.17310858,-3.861,-4.312,300.644,300.644
15.135,1.083,0.459,107.251,-64.936,-0.438,0.136,-0.981,14.621,341.323,80.688,11.341,977.224,1.17433,-4.147,-7.046,301.763,301.763
15.234,2.367,2.35,231.37,-6.951,1.836,1.467,-0.286,14.602,341.313,80.869,11.356,977.23,1.17440915,-4.216,-8.382,302.051,302.051
15.335,2.651,2.65,253.669,1.392,2.543,0.745,0.064,13.939,340.919,84.349,11.345,977.232,1.17712593,-4.02,-4.794,300.403,300.403
15.434,1.636,1.636,269.434,0.0,1.636,0.016,0.0,13.558,340.693,86.514,11.353,977.214,1.17866707,-4.16,-5.52,300.593,300.593
15.535,0.643,0.579,128.287,-25.857,-0.454,0.359,-0.281,14.035,340.976,83.871,11.353,977.219,1.17671561,-4.13,-8.739,301.694,301.694
15.634,2.462,2.305,109.438,-20.583,-2.174,0.767,-0.866,14.704,341.374,80.382,11.364,977.241,1.17400348,-4.546,-6.949,300.235,300.235
15.734,1.847,1.818,94.882,-10.093,-1.812,0.155,-0.324,14.726,341.387,80.269,11.364,977.212,1.17387927,-4.027,-4.51,300.948,300.948
15.834,0.86,0.742,193.848,-30.27,0.178,0.721,-0.433,14.664,341.348,80.382,11.326,977.227,1.17416406,-4.748,-7.305,301.133,301.133
15.934,2.393,2.393,238.452,0.167,2.039,1.252,0.007,14.462,341.229,81.524,11.341,977.222,1.1749779,-4.238,-8.996,301.603,301.603
16.034,2.122,2.108,261.054,6.628,2.082,0.328,0.245,13.849,340.864,84.761,11.329,977.242,1.17751634,-4.462,-5.569,301.171,301.171
16.134,1.203,1.203,279.806,0.0,1.186,-0.205,0.0,13.67,340.759,85.842,11.345,977.217,1.17821312,-4.071,-5.822,301.146,301.146
16.234,1.781,1.752,120.205,-10.321,-1.514,0.882,-0.319,14.691,341.365,80.324,11.341,977.223,1.17404234,-4.225,-9.319,301.377,301.377
16.334,2.229,2.229,98.993,-0.367,-2.202,0.348,-0.014,15.119,341.618,78.12,11.337,977.227,1.17230618,-4.379,-7.328,301.515,301.515
16.435,0.941,0.928,105.586,-9.437,-0.894,0.249,-0.154,14.85,341.459,79.503,11.341,977.23,1.17340243,-4.221,-5.27,300.688,300.688
16.534,1.516,1.399,215.154,-22.651,0.806,1.144,-0.584,14.863,341.469,79.64,11.379,977.212,1.17331326,-4.302,-7.998,301.349,301.349
16.634,2.347,2.315,251.643,9.558,2.197,0.729,0.39,14.345,341.16,82.135,11.34,977.21,1.17543972,-4.089,-8.596,300.931,300.931
16.734,1.569,1.545,278.887,10.034,1.527,-0.239,0.273,13.737,340.8,85.607,11.369,977.239,1.17795634,-4.305,-5.971,300.924,300.924
16.834,0.715,0.268,6.143,-68.02,-0.029,-0.266,-0.663,13.873,340.881,84.824,11.364,977.221,1.17737687,-4.476,-6.323,300.589,300.589
16.935,1.98,1.979,106.312,-1.313,-1.9,0.556,-0.045,14.838,341.453,79.627,11.353,977.233,1.17344964,-4.323,-8.908,302.213,302.213
17.034,1.628,1.613,96.506,-7.675,-1.603,0.183,-0.217,14.871,341.472,79.414,11.345,977.218,1.17330027,-4.143,-7.402,301.554,301.554
17.134,0.847,0.622,217.118,-42.719,0.375,0.496,-0.575,14.696,341.37,80.487,11.377,977.238,1.17402649,-4.062,-5.757,300.281,300.281
17.235,2.674,2.668,242.475,-3.883,2.366,1.233,-0.181,14.548,341.281,81.15,11.356,977.215,1.17461002,-4.442,-7.644,300.97,300.97
17.335,2.382,2.379,263.825,2.826,2.365,0.256,0.117,13.793,340.832,85.157,11.345,977.228,1.17772007,-4.153,-8.402,301.573,301.573
17.435,1.214,1.195,285.53,-10.107,1.151,-0.32,-0.213,13.632,340.737,86.077,11.349,977.224,1.17837751,-4.452,-5.803,301.356,301.356
17.535,1.713,1.686,110.027,-10.166,-1.584,0.577,-0.302,14.618,341.322,80.725,11.345,977.213,1.17432499,-4.074,-6.838,300.814,300.814
17.633,-99.53,-99.51,0.0,0.0,-99.4,-99.41,-99.42,-99.44,-99.43,48.026,-99.44,977.213,13.83828259,-4.202,-8.319,300.894,300.894
17.735,1.025,1.025,88.316,0.0,-1.025,-0.03,0.0,14.78,341.419,79.942,11.356,977.228,1.17367744,-4.5,-6.237,300.701,300.701
17.835,1.827,1.753,226.398,-16.319,1.27,1.209,-0.513,14.694,341.368,80.388,11.356,977.219,1.17401814,-4.351,-5.992,301.333,301.333
17.935,2.574,2.57,253.521,3.148,2.464,0.729,0.141,14.358,341.169,82.2,11.365,977.242,1.1754148,-4.159,-7.697,301.705,301.705
18.035,2.042,2.039,279.507,3.201,2.011,-0.337,0.114,13.804,340.84,85.224,11.368,977.214,1.17765045,-4.253,-7.141,301.609,301.609
18.135,0.075,0.058,147.639,39.439,-0.031,0.049,0.048,14.163,341.054,83.339,11.382,977.219,1.1761775,-4.361,-5.418,300.881,300.881
18.235,1.991,1.986,96.499,-4.182,-1.973,0.225,-0.145,15.032,341.569,78.748,11.374,977.227,1.17264569,-4.428,-6.822,301.676,301.676
18.335,1.719,1.719,79.677,0.0,-1.691,-0.308,0.0,14.971,341.533,79.058,11.374,977.231,1.17289948,-4.167,-7.375,301.057,301.057
18.435,0.607,0.504,183.13,-33.839,0.028,0.504,-0.338,14.861,341.467,79.598,11.369,977.221,1.1733371,-4.005,-5.616,300.929,300.929
18.535,2.408,2.395,240.838,-5.845,2.092,1.167,-0.245,14.82,341.443,79.807,11.369,977.213,1.17349362,-4.306,-5.737,301.903,301.903
18.635,2.426,2.422,263.577,3.245,2.407,0.271,0.137,14.124,341.031,83.52,11.377,977.222,1.17634356,-4.218,-7.826,301.38,301.38
18.735,1.179,1.179,293.21,-0.299,1.084,-0.465,-0.006,13.751,340.809,85.566,11.377,977.23,1.17788184,-4.267,-6.532,301.022,301.022
18.835,1.004,0.998,79.885,-6.603,-0.982,-0.175,-0.115,14.39,341.188,82.054,11.369,977.223,1.17525911,-4.295,-4.876,300.897,300.897
18.935,1.914,1.913,90.957,-2.245,-1.913,0.032,-0.075,14.908,341.495,79.312,11.36,977.226,1.17315567,-4.376,-7.376,300.289,300.289
19.035,0.682,0.682,92.771,1.684,-0.681,0.033,0.02,14.675,341.356,80.467,11.353,977.213,1.17408884,-4.549,-7.428,301.211,301.211
19.135,1.766,1.629,224.792,-22.656,1.148,1.156,-0.68,14.675,341.356,80.471,11.353,977.243,1.17412877,-4.187,-5.132,301.501,301.501
19.235,2.662,2.66,250.79,2.101,2.512,0.875,0.098,14.324,341.15,82.498,11.386,977.219,1.17551923,-4.332,-5.705,301.653,301.653
19.335,2.156,2.156,277.15,0.0,2.14,-0.268,0.0,13.667,340.758,85.9,11.353,977.228,1.17823458,-4.338,-7.984,301.778,301.778
19.435,0.802,0.796,300.924,6.714,0.683,-0.409,0.094,13.697,340.777,85.851,11.374,977.221,1.17809415,-4.186,-6.357,301.557,301.557
19.535,1.703,1.689,105.292,-7.198,-1.629,0.446,-0.213,14.545,341.279,81.191,11.36,977.225,1.17463493,-4.295,-5.179,300.465,300.465
19.635,1.811,1.806,91.392,-4.392,-1.805,0.044,-0.139,14.815,341.441,79.94,11.389,977.235,1.17353308,-4.316,-7.525,301.488,301.488
19.735,0.507,0.259,109.504,-59.359,-0.244,0.086,-0.437,14.781,341.42,79.983,11.365,977.23,1.17367315,-4.095,-7.93,301.751,301.751
19.835,2.26,2.259,234.483,-1.44,1.839,1.313,-0.057,14.696,341.369,80.384,11.358,977.214,1.17400301,-4.457,-5.275,301.744,301.744
19.935,2.689,2.686,272.762,2.953,2.683,-0.129,0.139,14.436,341.216,81.872,11.381,977.23,1.17507482,21.563,-5.756,305.031,305.031
20.035,2.898,2.866,294.414,8.582,2.609,-1.184,0.432,14.052,340.987,83.847,11.365,977.241,1.1766665,-8.384,-9.517,299.328,299.328
20.135,1.164,1.154,135.014,-7.504,-0.816,0.816,-0.152,14.701,341.373,80.466,11.378,977.24,1.17400575,-29.235,-5.498,293.052,293.052
20.235,2.023,2.022,97.18,-1.71,-2.006,0.253,-0.06,15.083,341.599,78.42,11.36,977.224,1.17243791,-0.838,-4.478,303.041,303.041
20.335,1.171,1.171,81.382,0.0,-1.158,-0.175,0.0,14.967,341.53,78.995,11.358,977.244,1.17293704,-6.284,-8.803,300.192,300.192
20.435,1.119,1.029,222.698,-23.162,0.698,0.756,-0.44,14.935,341.51,79.15,11.356,977.225,1.1730454,-4.454,-8.846,301.775,301.775
20.535,2.66,2.652,249.417,4.466,2.483,0.932,0.207,14.626,341.327,80.704,11.349,977.225,1.17430842,-3.969,-4.759,301.92,301.92
20.635,2.29,2.29,275.761,0.0,2.279,-0.23,0.0,13.971,340.94,84.352,11.377,977.23,1.17698038,-4.376,-6.746,301.382,301.382
20.735,0.9,0.9,308.364,-0.788,0.705,-0.558,-0.012,13.95,340.927,84.377,11.36,977.222,1.1770618,-4.484,-9.476,301.838,301.838
20.835,1.707,1.693,92.398,-7.271,-1.692,0.071,-0.216,14.873,341.473,79.366,11.337,977.23,1.17331016,-4.165,-6.721,302.55,302.55
20.935,2.342,2.333,86.345,-5.247,-2.328,-0.149,-0.214,14.945,341.517,79.165,11.369,977.228,1.1729995,22.112,-5.028,304.519,304.519
21.035,1.995,1.985,56.606,-5.548,-1.658,-1.093,-0.193,14.722,341.384,80.243,11.356,977.229,1.17391729,39.374,-6.382,304.394,304.394
21.135,1.224,1.224,321.276,-0.023,0.766,-0.955,-0.001,14.529,341.271,81.362,11.377,977.236,1.17470729,25.437,-7.668,305.811,305.811
21.235,2.974,2.954,305.111,6.697,2.416,-1.699,0.347,14.151,341.046,83.248,11.354,977.22,1.17623854,-15.548,-4.015,298.253,298.253
21.335,3.017,3.017,308.679,-0.055,2.355,-1.885,-0.003,13.723,340.792,85.68,11.369,977.222,1.17798901,-8.444,-7.27,299.616,299.616
21.435,1.252,1.248,343.528,-4.865,0.354,-1.197,-0.106,14.151,341.046,83.376,11.377,977.238,1.17625439,-24.398,-8.236,293.591,293.591
21.535,2.081,2.081,67.125,-0.827,-1.917,-0.809,-0.03,14.857,341.464,79.549,11.356,977.239,1.17337942,-33.356,-6.064,291.297,291.297
21.635,2.963,2.958,70.474,-3.438,-2.787,-0.989,-0.178,14.788,341.423,79.928,11.36,977.223,1.17364085,1.579,-7.632,301.746,301.746
21.735,1.376,1.374,59.928,2.783,-1.189,-0.689,0.067,14.664,341.352,80.719,11.389,977.244,1.17415679,19.399,-6.226,304.862,304.862
21.835,1.463,1.463,282.934,-0.748,1.426,-0.328,-0.019,14.521,341.267,81.48,11.391,977.235,1.17473149,-12.737,-5.173,298.582,298.582
21.935,2.972,2.942,293.827,8.195,2.691,-1.189,0.424,13.921,340.909,84.558,11.364,977.243,1.17720556,-6.099,-7.898,301.501,301.501
22.035,2.577,2.557,305.574,7.197,2.08,-1.487,0.323,13.773,340.821,85.288,11.349,977.236,1.17781031,1.582,-7.806,303.253,303.253
22.135,0.997,0.989,47.859,7.098,-0.733,-0.664,0.123,14.664,341.352,80.719,11.389,977.235,1.17414594,-11.223,-4.129,299.727,299.727
22.235,2.702,2.698,67.99,-2.891,-2.501,-1.011,-0.136,14.982,341.54,79.0,11.374,977.244,1.17286849,-0.279,-6.031,302.563,302.563
22.335,2.53,2.53,61.562,0.889,-2.225,-1.205,0.039,14.828,341.448,79.768,11.369,977.214,1.17346382,0.477,-8.0,302.633,302.633
22.435,0.193,0.192,328.45,3.555,0.101,-0.164,0.012,14.761,341.41,80.238,11.394,977.247,1.17376304,-7.235,-7.167,300.935,300.935
22.535,2.361,2.35,289.102,5.437,2.221,-0.769,0.224,14.347,341.163,82.352,11.382,977.245,1.17545664,-6.45,-4.902,300.112,300.112
22.635,2.86,2.83,299.053,8.276,2.474,-1.374,0.412,13.806,340.841,85.199,11.365,977.236,1.17767072,1.868,-6.301,301.699,301.699
22.734,2.512,2.492,311.119,7.226,1.878,-1.639,0.316,13.739,340.803,85.709,11.389,977.24,1.17794037,-6.672,-8.042,301.099,301.099
22.834,1.715,1.715,52.164,1.456,-1.354,-1.052,0.044,14.719,341.384,80.418,11.386,977.245,1.17393744,2.484,-5.465,302.976,302.976
22.935,2.624,2.613,66.861,-5.135,-2.403,-1.027,-0.235,14.63,341.332,80.896,11.389,977.26,1.17431414,-3.936,-5.454,300.904,300.904
23.035,1.269,1.259,57.235,-7.161,-1.059,-0.681,-0.158,14.669,341.353,80.505,11.354,977.246,1.17415333,-2.476,-8.223,302.717,302.717
23.134,1.2,1.2,277.541,-2.176,1.189,-0.157,-0.046,14.669,341.354,80.678,11.386,977.244,1.17414093,-14.673,-7.801,298.322,298.322
23.235,3.011,3.006,290.77,3.174,2.811,-1.066,0.167,13.869,340.88,85.039,11.399,977.232,1.1773926,2.086,-4.123,302.783,302.783
23.335,2.864,2.863,300.054,-1.56,2.478,-1.434,-0.078,13.568,340.7,86.577,11.374,977.246,1.1786561,7.158,-7.133,304.18,304.18
23.435,1.418,1.406,57.766,-7.433,-1.19,-0.75,-0.183,14.79,341.426,80.024,11.381,977.239,1.17364299,-8.031,-9.301,300.15,300.15
23.535,2.744,2.742,62.364,-2.166,-2.43,-1.272,-0.104,14.893,341.486,79.434,11.369,977.25,1.17324138,-4.321,-4.727,301.43,301.43
23.635,2.234,2.194,62.416,-10.829,-1.945,-1.016,-0.42,14.743,341.398,80.271,11.382,977.252,1.17384851,14.698,-5.53,304.559,304.559
23.735,0.398,0.394,321.468,-8.437,0.246,-0.308,-0.058,14.799,341.431,79.983,11.382,977.232,1.17359734,0.022,-11.875,303.696,303.696
23.834,2.346,2.329,288.864,6.93,2.204,-0.753,0.283,14.47,341.237,81.79,11.399,977.26,1.17496586,-10.513,-6.228,299.198,299.198
23.935,3.234,3.216,298.358,6.093,2.83,-1.527,0.343,13.868,340.879,84.99,11.389,977.25,1.17742157,-0.567,-3.681,301.417,301.417
24.035,2.149,2.102,312.926,-11.892,1.539,-1.432,-0.443,13.966,340.935,84.278,11.358,977.239,1.17702091,-5.404,-9.422,301.062,301.062
24.135,1.663,1.662,59.752,1.388,-1.436,-0.837,0.04,14.99,341.545,79.032,11.387,977.249,1.17283714,-4.383,-10.662,301.885,301.885
24.235,2.558,2.558,58.95,-0.222,-2.191,-1.319,-0.01,15.046,341.577,78.677,11.374,977.246,1.17261195,15.994,-5.288,303.801,303.801
24.335,1.572,1.513,34.395,-15.728,-0.855,-1.249,-0.426,14.938,341.513,79.195,11.368,977.251,1.17305911,18.989,-4.79,304.017,304.017
24.435,1.765,1.736,298.539,10.449,1.525,-0.829,0.32,14.82,341.445,79.945,11.395,977.25,1.17352808,-18.876,-7.058,296.153,296.153
24.535,3.28,3.236,296.531,9.382,2.895,-1.445,0.535,14.228,341.093,83.011,11.386,977.241,1.17593849,-15.206,-7.98,298.62,298.62
24.635,3.118,3.114,304.129,3.1,2.578,-1.747,0.169,13.761,340.816,85.583,11.389,977.253,1.1778636,-6.443,-8.975,300.523,300.523
24.735,1.02,1.02,4.169,0.279,-0.074,-1.018,0.005,14.605,341.316,80.945,11.374,977.236,1.17439473,-7.938,-6.826,300.85,300.85
24.834,1.747,1.69,46.804,-14.565,-1.232,-1.157,-0.439,14.699,341.372,80.475,11.378,977.251,1.17402732,3.559,-7.041,303.561,303.561
24.935,2.008,1.754,51.275,-29.157,-1.368,-1.097,-0.978,14.734,341.393,80.279,11.375,977.258,1.17389441,-8.964,-8.295,300.165,300.165
25.035,0.508,0.47,323.209,-22.365,0.282,-0.377,-0.193,14.602,341.315,81.004,11.382,977.248,1.17441726,-3.445,-8.406,301.631,301.631
25.135,2.642,2.636,288.763,4.052,2.496,-0.848,0.187,14.328,341.152,82.453,11.382,977.245,1.17553437,-2.267,-7.099,301.239,301.239
25.235,3.416,3.4,299.524,5.5,2.958,-1.675,0.327,13.671,340.763,86.141,11.399,977.263,1.17824411,-3.331,-8.398,301.774,301.774
25.335,2.466,2.465,312.063,-2.011,1.83,-1.651,-0.087,13.865,340.877,84.921,11.374,977.241,1.17743063,19.932,-7.097,304.662,304.662
25.434,1.886,1.886,15.765,0.0,-0.512,-1.815,0.0,14.606,341.317,80.947,11.375,977.244,1.17440152,12.237,-3.316,302.815,302.815
25.535,2.432,2.346,44.035,-15.311,-1.631,-1.687,-0.642,14.915,341.501,79.466,11.397,977.252,1.17314112,1.285,-6.937,302.394,302.394
25.635,1.433,1.382,39.38,-15.321,-0.877,-1.068,-0.379,14.78,341.42,80.083,11.382,977.242,1.17368734,1.058,-10.522,302.958,302.958
25.735,1.253,1.251,304.027,3.287,1.036,-0.7,0.072,14.675,341.358,80.625,11.382,977.255,1.17412949,-6.355,-5.39,300.463,300.463
25.834,3.134,3.125,298.176,4.199,2.755,-1.476,0.229,14.186,341.068,83.235,11.386,977.263,1.17613435,-8.772,-3.94,299.791,299.791
25.935,3.853,3.816,301.542,8.002,3.252,-1.996,0.536,13.719,340.79,85.778,11.382,977.267,1.17805719,-15.579,-8.097,298.244,298.244
26.034,2.484,2.384,317.929,-16.308,1.598,-1.77,-0.698,14.152,341.049,83.534,11.407,977.248,1.17624724,4.923,-8.411,303.943,303.943
26.135,1.439,1.352,68.771,-20.066,-1.26,-0.489,-0.494,15.025,341.567,78.952,11.406,977.271,1.1727134,-8.09,-4.967,300.376,300.376
26.234,1.513,1.449,73.322,-16.696,-1.388,-0.416,-0.435,14.885,341.483,79.539,11.382,977.26,1.17327869,-0.83,-5.25,302.125,302.125
26.334,0.577,0.576,2.958,3.361,-0.03,-0.575,0.034,14.942,341.516,79.219,11.377,977.246,1.17303205,6.914,-7.305,303.375,303.375
26.434,2.719,2.678,293.256,9.889,2.461,-1.057,0.467,14.542,341.28,81.368,11.391,977.258,1.17467237,-9.466,-6.266,298.896,298.896
26.535,3.439,3.415,298.467,6.786,3.002,-1.628,0.406,14.047,340.986,84.042,11.395,977.27,1.17670953,7.826,-4.128,302.967,302.967
26.635,2.678,2.637,309.427,-9.924,2.037,-1.675,-0.461,13.933,340.918,84.631,11.389,977.242,1.17714489,14.209,-5.511,304.814,304.814
26.735,1.236,1.182,8.795,-17.107,-0.181,-1.168,-0.364,14.504,341.257,81.594,11.395,977.258,1.17482841,-14.6,-10.592,297.724,297.724
26.834,1.783,1.491,55.338,-33.252,-1.226,-0.848,-0.977,14.702,341.374,80.504,11.386,977.266,1.17403042,-6.273,-7.421,301.444,301.444
26.935,1.545,1.286,45.057,-33.645,-0.91,-0.909,-0.856,14.603,341.315,81.042,11.389,977.264,1.17443359,8.613,-2.451,303.192,303.192
27.034,1.073,1.073,297.501,-1.212,0.951,-0.495,-0.023,14.55,341.284,81.255,11.378,977.257,1.1746434,-1.886,-6.103,301.935,301.935
27.135,2.683,2.672,295.911,5.047,2.404,-1.168,0.236,14.143,341.043,83.473,11.387,977.238,1.1762799,-11.147,-9.277,299.86,299.86
27.234,3.095,3.078,306.08,5.863,2.488,-1.813,0.316,13.697,340.778,85.976,11.395,977.256,1.1781292,-1.771,-4.108,300.853,300.853
27.334,2.235,2.207,316.891,-9.063,1.509,-1.612,-0.352,13.884,340.889,84.955,11.399,977.255,1.17735827,-1.349,-5.041,302.646,302.646
27.434,1.518,1.518,43.713,-0.897,-1.049,-1.097,-0.024,14.671,341.356,80.685,11.389,977.26,1.17414963,-3.683,-9.156,301.226,301.226
27.534,2.345,2.326,58.047,-7.409,-1.973,-1.231,-0.302,14.846,341.459,79.741,11.382,977.263,1.17344284,-2.549,-8.372,302.899,302.899
27.634,1.034,0.925,27.17,-26.503,-0.422,-0.823,-0.461,14.793,341.429,80.124,11.403,977.265,1.1736536,-2.802,-5.376,302.263,302.263
27.734,1.882,1.867,295.082,7.088,1.691,-0.792,0.232,14.587,341.305,80.993,11.365,977.266,1.17450941,-5.185,-7.685,301.74,301.74
27.834,3.083,3.062,302.826,6.724,2.573,-1.66,0.361,14.038,340.98,84.093,11.395,977.267,1.1767441,2.625,-10.301,302.649,302.649
27.934,2.396,2.379,314.503,-6.789,1.697,-1.668,-0.283,13.868,340.881,85.088,11.407,977.253,1.17741787,-10.288,-9.826,299.727,299.727
28.034,1.941,1.919,334.707,-8.581,0.82,-1.735,-0.29,14.069,340.999,83.92,11.395,977.272,1.17662096,-4.608,-5.586,300.967,300.967
28.134,2.18,2.101,50.43,-15.395,-1.62,-1.339,-0.579,14.87,341.474,79.625,11.384,977.263,1.17334342,-3.516,-8.977,301.624,301.624
28.235,2.437,2.252,48.003,-22.48,-1.673,-1.507,-0.932,14.758,341.407,80.197,11.382,977.26,1.1737994,5.733,-11.012,304.592,304.592
28.334,1.045,1.041,353.262,-4.44,0.122,-1.034,-0.081,14.65,341.343,80.804,11.391,977.254,1.17422843,-0.189,-6.098,302.958,302.958
28.434,2.333,2.328,300.715,3.897,2.001,-1.189,0.159,14.284,341.127,82.736,11.391,977.257,1.17572463,-4.041,-5.737,300.596,300.596
28.534,2.772,2.768,304.003,-3.064,2.295,-1.548,-0.148,13.958,340.932,84.486,11.387,977.268,1.17707765,8.519,-9.536,304.371,304.371
28.634,2.267,2.244,329.399,-8.164,1.142,-1.932,-0.322,14.172,341.06,83.339,11.391,977.268,1.17619634,-2.878,-8.405,301.308,301.308
28.734,1.544,1.543,27.862,-2.399,-0.721,-1.364,-0.065,14.66,341.351,80.883,11.415,977.247,1.1741693,-17.715,-7.323,296.309,296.309
28.832,-99.53,-99.51,0.0,0.0,-99.4,-99.41,-99.42,-99.44,-99.43,48.012,-99.44,977.265,13.83903027,8.374,-8.116,304.042,304.042
28.935,1.194,1.167,8.035,-12.135,-0.163,-1.156,-0.251,14.808,341.438,80.064,11.406,977.283,1.17361212,-6.167,-9.806,301.233,301.233
29.034,2.269,2.265,297.04,3.261,2.018,-1.03,0.129,14.648,341.343,80.897,11.406,977.256,1.17423332,-17.947,-7.57,296.105,296.105
29.134,3.558,3.544,298.892,5.141,3.103,-1.712,0.319,13.968,340.939,84.42,11.386,977.272,1.17703843,-2.146,-6.119,301.727,301.727
29.235,3.382,3.37,302.91,-4.979,2.829,-1.831,-0.294,13.705,340.782,85.788,11.37,977.257,1.17810547,2.623,-8.514,302.857,302.857
29.335,1.839,1.702,330.79,-22.257,0.831,-1.486,-0.697,14.316,341.146,82.589,11.395,977.264,1.17560089,-7.747,-7.416,300.852,300.852
29.434,1.419,1.404,30.501,-8.182,-0.713,-1.21,-0.202,14.694,341.369,80.472,11.372,977.265,1.17406666,6.144,-6.305,303.306,303.306
29.533,1.51,1.182,17.948,-38.519,-0.364,-1.124,-0.941,-5.061,329.447,100.0,11.384,977.277,1.2605927,-12.15,-7.926,299.255,299.255
29.634,0.913,0.872,294.075,-17.415,0.796,-0.356,-0.273,14.689,341.367,80.664,11.402,977.275,1.1740905,-1.433,-8.811,301.642,301.642
29.734,2.851,2.837,299.937,5.546,2.459,-1.416,0.276,14.49,341.248,81.582,11.379,977.287,1.17492592,14.722,-6.193,304.512,304.512
29.834,3.723,3.714,300.232,3.947,3.209,-1.87,0.256,13.919,340.91,84.695,11.387,977.257,1.17722046,-4.452,-6.506,301.381,301.381
29.934,2.67,2.657,311.687,-5.708,1.984,-1.767,-0.266,13.982,340.947,84.351,11.387,977.277,1.17698801,-11.068,-9.586,299.332,299.332
30.035,1.686,1.686,29.073,-1.108,-0.819,-1.473,-0.033,14.778,341.421,80.264,11.414,977.27,1.17371631,-0.838,-9.743,302.112,302.112
30.135,2.228,2.131,47.934,-17.021,-1.582,-1.427,-0.652,14.976,341.537,79.102,11.387,977.269,1.17291868,-14.256,-5.622,298.6,298.6
30.234,0.955,0.927,37.542,-13.887,-0.565,-0.735,-0.229,15.031,341.571,78.92,11.406,977.27,1.17268574,0.933,-7.146,303.279,303.279
30.334,1.642,1.634,291.947,5.601,1.516,-0.611,0.16,14.916,341.501,79.428,11.391,977.262,1.17315221,-0.148,-8.963,302.164,302.164
30.434,3.165,3.147,291.132,6.246,2.935,-1.134,0.344,14.361,341.172,82.372,11.399,977.246,1.17539597,-9.701,-6.501,298.979,298.979
30.534,3.41,3.397,301.915,5.068,2.883,-1.796,0.301,13.922,340.912,84.749,11.399,977.287,1.17724359,-1.538,-5.515,301.095,301.095
30.634,1.934,1.885,313.795,-12.941,1.36,-1.304,-0.433,14.289,341.13,82.756,11.399,977.266,1.17571473,-2.084,-7.22,301.318,301.318
30.734,1.338,1.292,56.857,-15.0,-1.082,-0.707,-0.346,14.936,341.513,79.289,11.384,977.28,1.17309511,-15.758,-9.606,296.529,296.529
30.834,1.426,1.356,63.87,-17.951,-1.218,-0.597,-0.439,14.885,341.484,79.665,11.406,977.271,1.17328191,-13.955,-7.087,298.252,298.252
30.934,1.247,1.185,246.129,-18.211,1.083,0.479,-0.39,14.698,341.373,80.633,11.406,977.279,1.1740545,-10.747,-5.373,298.2,298.2
31.034,2.928,2.928,259.52,0.64,2.879,0.533,0.033,14.447,341.224,81.953,11.406,977.262,1.17506015,-7.481,-8.809,300.963,300.963
31.134,2.862,2.862,279.945,0.0,2.819,-0.494,0.0,13.815,340.848,85.227,11.379,977.273,1.17767024,-8.068,-7.875,300.616,300.616
31.234,2.427,2.427,293.057,1.176,2.233,-0.95,0.05,13.829,340.856,85.217,11.391,977.286,1.17762566,8.147,-5.081,303.405,303.405
31.334,0.992,0.62,335.412,-51.288,0.258,-0.564,-0.774,14.561,341.292,81.331,11.403,977.281,1.17461669,16.706,-6.264,304.049,304.049
31.434,2.134,1.993,54.154,-20.993,-1.615,-1.167,-0.765,14.944,341.518,79.326,11.399,977.267,1.17304206,24.027,-8.416,306.182,306.182
31.534,1.779,1.722,34.334,-14.621,-0.971,-1.422,-0.449,14.852,341.463,79.711,11.382,977.273,1.1734308,16.144,-8.821,304.47,304.47
31.634,1.444,1.402,299.871,13.821,1.216,-0.698,0.345,15.058,341.585,78.705,11.391,977.257,1.1725682,-11.357,-7.131,298.339,298.339
31.734,2.961,2.927,293.93,8.671,2.675,-1.187,0.446,14.417,341.206,82.071,11.399,977.271,1.17519462,-9.662,-5.678,299.304,299.304
31.834,3.125,3.114,303.054,4.956,2.61,-1.698,0.27,13.985,340.948,84.318,11.384,977.291,1.17699444,1.434,-7.919,302.495,302.495
31.934,1.726,1.652,322.073,-16.886,1.015,-1.303,-0.501,14.412,341.203,82.097,11.399,977.287,1.17523479,-1.337,-9.627,302.082,302.082
32.034,1.41,1.406,54.71,-4.435,-1.148,-0.812,-0.109,14.943,341.517,79.285,11.39,977.275,1.17305636,-13.704,-5.586,298.453,298.453
32.134,1.782,1.727,60.995,-14.19,-1.511,-0.838,-0.437,15.002,341.553,79.05,11.403,977.283,1.17282164,-3.045,-5.897,302.243,302.243
32.234,0.619,0.422,7.021,-46.966,-0.052,-0.419,-0.452,14.956,341.526,79.264,11.399,977.281,1.17300773,12.523,-9.329,305.22,305.22
32.334,2.115,2.1,294.65,6.982,1.908,-0.876,0.257,14.857,341.466,79.752,11.394,977.281,1.17341542,2.611,-6.354,302.591,302.591
32.434,3.229,3.212,299.959,5.841,2.783,-1.604,0.329,14.276,341.123,82.91,11.414,977.285,1.17578459,1.874,-5.637,302.15,302.15
32.534,2.485,2.483,309.567,-2.072,1.914,-1.582,-0.09,14.131,341.037,83.629,11.403,977.276,1.17636847,-7.47,-6.526,299.7,299.7
32.634,1.309,1.296,13.501,-7.903,-0.303,-1.261,-0.18,14.721,341.386,80.41,11.387,977.28,1.17396784,-10.506,-8.473,298.854,298.854
32.734,2.151,1.997,51.957,-21.819,-1.573,-1.231,-0.799,14.864,341.471,79.737,11.399,977.27,1.17337036,0.764,-8.764,302.582,302.582
32.834,1.807,1.663,53.016,-22.986,-1.329,-1.001,-0.706,14.654,341.349,81.021,11.436,977.262,1.17420053,-3.514,-6.012,300.853,300.853
32.934,0.669,0.668,335.985,-0.459,0.272,-0.611,-0.005,14.672,341.356,80.625,11.379,977.268,1.17415714,9.836,-6.661,303.898,303.898
33.034,2.57,2.548,308.375,7.375,1.998,-1.582,0.33,14.262,341.114,82.969,11.411,977.257,1.17580986,-1.443,-9.059,301.608,301.608
33.134,2.932,2.929,309.859,-2.734,2.248,-1.877,-0.14,13.798,340.839,85.529,11.415,977.269,1.17772353,-7.66,-8.879,299.908,299.908
33.234,2.464,2.418,325.02,-11.122,1.386,-1.981,-0.475,14.035,340.979,84.155,11.403,977.25,1.1767329,-2.982,-4.46,301.37,301.37
33.334,2.461,2.461,42.256,0.514,-1.655,-1.821,0.022,14.97,341.534,79.196,11.399,977.268,1.17293787,-0.753,-6.357,301.583,301.583
33.434,2.724,2.295,48.46,-32.593,-1.718,-1.522,-1.467,14.842,341.458,79.828,11.394,977.257,1.17344701,3.759,-9.705,304.037,304.037
33.534,1.475,1.462,16.051,-7.522,-0.404,-1.405,-0.193,14.915,341.503,79.626,11.427,977.265,1.1731478,0.629,-9.385,302.121,302.121
33.634,1.902,1.886,313.176,7.595,1.375,-1.29,0.251,14.766,341.413,80.263,11.403,977.271,1.17376995,5.31,-6.006,303.273,303.273
33.734,3.114,3.078,306.208,8.761,2.484,-1.818,0.474,14.234,341.098,83.115,11.411,977.277,1.17594504,-7.11,-7.627,300.936,300.936
33.834,2.88,2.879,313.988,-1.312,2.072,-2.0,-0.066,14.046,340.986,84.138,11.411,977.267,1.17670584,-4.378,-7.917,301.02,301.02
33.934,2.392,2.38,329.682,-5.836,1.201,-2.054,-0.243,14.228,341.095,83.247,11.429,977.266,1.17595112,-1.212,-8.118,301.948,301.948
34.034,2.735,2.735,33.888,-0.922,-1.525,-2.27,-0.044,15.074,341.597,78.777,11.42,977.264,1.17249858,-8.49,-8.349,299.421,299.421
34.134,2.269,2.257,34.697,-5.932,-1.285,-1.856,-0.234,15.123,341.626,78.591,11.432,977.269,1.17230237,2.366,-5.623,302.031,302.031
34.234,1.193,1.191,334.482,-2.989,0.513,-1.075,-0.062,14.95,341.521,79.216,11.384,977.256,1.17300892,16.381,-7.49,305.363,305.363
34.334,3.073,3.006,312.935,11.956,2.201,-2.048,0.637,14.607,341.318,81.073,11.399,977.278,1.17443025,15.261,-8.254,305.758,305.758
34.434,3.454,3.446,313.893,3.917,2.483,-2.389,0.236,14.249,341.107,82.993,11.403,977.265,1.17587245,-4.996,-8.532,300.888,300.888
34.534,3.265,3.263,330.874,2.042,1.588,-2.85,0.116,14.279,341.125,82.949,11.424,977.238,1.17571104,3.698,-4.704,302.512,302.512
34.634,2.962,2.962,11.328,0.437,-0.582,-2.904,0.023,14.665,341.354,80.812,11.408,977.255,1.1741581,8.756,-7.593,303.417,303.417
34.734,2.53,2.527,27.949,-3.029,-1.184,-2.232,-0.134,14.771,341.415,80.173,11.39,977.246,1.17372632,-6.087,-8.722,301.066,301.066
34.834,2.015,2.014,9.986,-1.865,-0.349,-1.984,-0.066,14.849,341.464,79.96,11.427,977.23,1.17336965,-1.447,-6.265,302.109,302.109
34.934,2.453,2.453,323.5,0.0,1.459,-1.972,0.0,14.619,341.326,81.056,11.408,977.239,1.17432868,11.415,-5.996,304.388,304.388
35.034,3.35,3.337,323.057,5.121,2.006,-2.667,0.299,14.17,341.06,83.484,11.415,977.248,1.17616916,8.819,-6.677,304.106,304.106
35.134,3.173,3.171,331.813,1.869,1.498,-2.795,0.103,13.972,340.943,84.539,11.411,977.24,1.1769737,-5.189,-6.097,300.917,300.917
35.234,2.603,2.6,358.513,2.835,0.067,-2.599,0.129,14.424,341.211,82.144,11.419,977.244,1.17512488,0.998,-7.011,302.078,302.078
35.335,2.848,2.848,22.004,0.0,-1.067,-2.64,0.0,14.825,341.449,79.982,11.408,977.25,1.17349958,9.482,-5.631,304.139,304.139
35.434,2.901,2.901,15.919,0.0,-0.796,-2.79,0.0,15.025,341.566,78.873,11.391,977.244,1.17268622,-2.247,-5.393,301.966,301.966
35.535,2.019,2.019,342.461,0.0,0.608,-1.925,0.0,15.095,341.609,78.623,11.411,977.24,1.17238832,-15.323,-7.371,296.726,296.726
35.635,3.25,3.229,319.959,6.401,2.078,-2.472,0.362,14.724,341.39,80.619,11.429,977.23,1.17388213,-20.986,-6.546,295.033,295.033
35.735,3.91,3.904,316.492,3.302,2.688,-2.831,0.225,14.078,341.006,84.034,11.424,977.243,1.17653811,-8.014,-9.124,300.817,300.817
35.835,3.558,3.558,334.644,0.017,1.524,-3.215,0.001,14.338,341.161,82.674,11.432,977.225,1.17545021,7.146,-7.23,303.972,303.972
35.935,3.279,3.278,357.834,1.556,0.124,-3.276,0.089,14.797,341.433,80.217,11.424,977.245,1.17360246,7.103,-4.92,302.637,302.637
36.035,3.244,3.244,11.572,0.663,-0.651,-3.178,0.038,15.029,341.571,79.11,11.44,977.225,1.17262828,16.201,-8.299,304.186,304.186
36.135,3.526,3.526,357.691,-0.155,0.142,-3.523,-0.01,14.71,341.382,80.755,11.44,977.237,1.1739428,33.913,-6.214,303.818,303.818
36.235,4.43,4.43,331.621,0.575,2.105,-3.897,0.044,14.846,341.461,79.878,11.408,977.195,1.17335141,5.535,-3.763,304.029,304.029
36.335,5.047,5.033,329.497,4.225,2.555,-4.336,0.372,14.571,341.299,81.457,11.436,977.189,1.17445266,-11.169,-7.933,298.808,298.808
36.435,4.534,4.534,331.726,0.0,2.148,-3.993,0.0,14.33,341.156,82.644,11.419,977.178,1.17542946,-2.634,-12.334,302.291,302.291
36.535,4.469,4.469,346.497,0.194,1.043,-4.345,0.015,14.476,341.243,81.936,11.432,977.182,1.17483187,1.486,-8.873,302.47,302.47
36.635,4.176,4.176,4.272,0.324,-0.311,-4.165,0.024,14.805,341.438,80.239,11.436,977.161,1.17346621,1.548,-3.062,302.533,302.533
36.735,3.601,3.6,5.299,-0.777,-0.332,-3.585,-0.049,14.898,341.493,79.709,11.427,977.139,1.17306137,-2.095,-7.749,301.251,301.251
36.835,3.719,3.719,347.251,0.806,0.821,-3.627,0.052,14.734,341.396,80.604,11.436,977.155,1.17374623,-0.44,-14.572,303.63,303.63
36.935,4.595,4.581,329.162,4.551,2.348,-3.933,0.365,14.53,341.275,81.699,11.44,977.151,1.17457414,-6.436,-8.77,299.487,299.487
37.035,4.517,4.517,327.603,0.0,2.42,-3.814,0.0,14.058,340.996,84.32,11.456,977.158,1.17650557,3.659,-4.975,303.17,303.17
37.135,4.395,4.394,342.406,0.755,1.328,-4.189,0.058,14.113,341.029,84.042,11.46,977.152,1.17627037,-1.387,-9.563,301.463,301.463
37.235,3.956,3.954,1.3,1.677,-0.09,-3.953,0.116,14.517,341.266,81.563,11.403,977.15,1.17463863,-20.232,-12.082,295.568,295.568
37.335,3.712,3.711,17.0,-0.976,-1.085,-3.549,-0.063,14.763,341.413,80.409,11.427,977.152,1.17362952,-17.558,-9.543,296.499,296.499
37.435,3.291,3.291,9.047,0.641,-0.517,-3.25,0.037,14.822,341.449,80.209,11.447,977.148,1.17337334,9.565,-4.681,303.685,303.685
37.535,4.202,4.197,340.941,2.794,1.37,-3.967,0.205,14.694,341.373,80.901,11.452,977.162,1.17391348,21.442,-7.101,305.286,305.286
37.635,4.958,4.955,330.371,2.217,2.45,-4.307,0.192,14.379,341.186,82.538,11.447,977.15,1.17518485,14.98,-9.564,306.044,306.044
37.735,4.933,4.928,330.711,2.388,2.411,-4.298,0.205,14.269,341.121,83.128,11.447,977.156,1.17564178,-11.983,-8.93,298.894,298.894
37.835,4.135,4.115,353.747,5.54,0.448,-4.091,0.399,14.595,341.314,81.396,11.447,977.138,1.17428946,-5.781,-6.063,299.881,299.881
37.935,4.126,4.121,1.381,2.748,-0.099,-4.12,0.198,14.956,341.527,79.435,11.431,977.152,1.17284214,2.728,-6.796,302.839,302.839
38.035,3.631,3.631,9.271,-0.476,-0.585,-3.583,-0.03,14.82,341.45,80.412,11.483,977.145,1.17336428,1.043,-9.236,302.187,302.187
38.135,3.462,3.458,357.904,2.749,0.126,-3.455,0.166,14.971,341.538,79.485,11.455,977.149,1.17276657,1.156,-5.04,301.966,301.966
38.235,4.098,4.098,331.359,0.0,1.964,-3.596,0.0,14.799,341.434,80.242,11.431,977.134,1.17345846,3.288,-3.943,302.267,302.267
38.335,4.778,4.776,326.642,1.746,2.626,-3.989,0.146,14.317,341.15,82.894,11.452,977.134,1.1754179,-6.945,-8.791,300.481,300.481
38.435,4.648,4.644,332.972,2.34,2.11,-4.137,0.19,14.39,341.193,82.543,11.459,977.154,1.1751399,-16.894,-8.362,296.78,296.78
38.535,3.084,3.084,356.173,0.0,0.206,-3.077,0.0,14.831,341.454,80.141,11.443,977.129,1.17331839,-10.255,-2.176,298.667,298.667
38.633,-99.53,-99.51,0.0,0.0,-99.4,-99.41,-99.42,-99.44,-99.43,48.099,-99.44,977.143,13.83729553,5.302,-1.453,302.439,302.439
38.735,2.863,2.863,1.914,0.0,-0.096,-2.861,0.0,15.009,341.561,79.333,11.463,977.154,1.17261362,18.518,-5.915,305.464,305.464
38.835,3.512,3.509,336.745,2.264,1.386,-3.224,0.139,14.78,341.424,80.473,11.456,977.142,1.17353535,13.317,-7.099,305.027,305.027
38.934,4.224,4.22,324.212,2.444,2.468,-3.423,0.18,14.596,341.317,81.562,11.48,977.144,1.17427719,-7.618,-4.007,300.154,300.154
39.035,4.082,4.082,323.239,0.0,2.443,-3.27,0.0,14.105,341.025,84.174,11.475,977.141,1.17628467,-16.613,-0.025,298.914,298.914
39.135,3.579,3.579,342.917,0.0,1.051,-3.421,0.0,14.317,341.152,83.11,11.49,977.15,1.17542243,-0.565,-4.619,301.531,301.531
39.235,3.796,3.775,5.622,6.055,-0.37,-3.757,0.4,14.834,341.457,80.231,11.463,977.127,1.17329371,2.889,-6.395,302.426,302.426
39.334,3.604,3.602,15.605,-1.909,-0.969,-3.469,-0.12,14.966,341.534,79.445,11.443,977.137,1.17277718,2.651,-1.255,301.631,301.631
39.435,2.781,2.781,357.284,-0.546,0.132,-2.777,-0.026,14.94,341.519,79.594,11.446,977.14,1.17288578,-2.977,1.223,301.67,301.67
39.535,3.756,3.752,332.61,2.432,1.726,-3.332,0.159,14.803,341.439,80.421,11.468,977.126,1.17341805,6.363,-3.351,303.462,303.462
39.634,4.508,4.505,330.11,2.035,2.245,-3.906,0.16,14.39,341.194,82.585,11.466,977.13,1.17510843,-1.308,-5.646,301.102,301.102
39.734,4.291,4.282,340.343,3.638,1.44,-4.033,0.272,14.116,341.031,84.045,11.463,977.119,1.17621744,-5.925,-2.681,302.048,302.048
39.834,4.19,4.19,351.166,0.915,0.643,-4.14,0.067,14.46,341.235,82.193,11.463,977.089,1.17477369,1.072,-2.063,301.923,301.923
39.934,4.086,4.085,4.124,1.234,-0.294,-4.075,0.088,14.7,341.378,80.946,11.466,977.113,1.17382085,4.536,-1.753,302.468,302.468
40.035,3.49,3.49,11.851,0.234,-0.717,-3.416,0.014,14.776,341.424,80.64,11.483,977.098,1.17348838,-16.856,-4.25,298.216,298.216
40.135,3.128,3.125,333.095,2.503,1.414,-2.787,0.137,14.858,341.474,80.345,11.508,977.11,1.1731565,-22.572,-8.957,295.006,295.006
40.235,4.055,4.047,319.775,3.54,2.614,-3.09,0.25,14.703,341.379,80.865,11.454,977.12,1.17382479,18.672,-7.299,305.301,305.301
40.335,5.226,5.212,324.768,4.241,3.007,-4.257,0.386,14.184,341.072,83.74,11.475,977.108,1.17592227,14.348,-0.525,302.14,302.14
40.435,4.47,4.47,332.546,0.0,2.061,-3.966,0.0,14.029,340.979,84.485,11.457,977.125,1.17658269,-16.587,-5.798,297.689,297.689
40.534,4.04,4.04,358.019,0.0,0.14,-4.037,0.0,14.586,341.311,81.656,11.487,977.1,1.17426383,-3.527,-14.734,302.096,302.096
40.634,3.348,3.348,356.41,0.887,0.21,-3.341,0.052,14.614,341.327,81.445,11.475,977.095,1.17414689,9.311,-7.582,304.424,304.424
40.735,3.827,3.816,352.443,4.439,0.502,-3.783,0.296,14.577,341.305,81.573,11.463,977.086,1.17429245,1.053,-4.096,301.767,301.767
40.835,4.413,4.41,331.597,2.144,2.098,-3.879,0.165,14.504,341.262,82.023,11.475,977.091,1.17459238,-4.894,-8.791,301.193,301.193
40.934,4.92,4.911,325.282,3.438,2.797,-4.037,0.295,13.96,340.94,85.007,11.482,977.079,1.17680037,-0.042,-12.257,302.59,302.59
41.035,4.549,4.549,327.356,-0.27,2.454,-3.831,-0.021,13.76,340.82,85.997,11.461,977.078,1.17762506,5.055,-12.085,303.033,303.033
41.135,4.207,4.207,345.674,-0.28,1.041,-4.076,-0.021,14.181,341.071,83.811,11.485,977.073,1.17588437,-2.791,-8.629,301.07,301.07
41.235,3.888,3.888,2.679,0.0,-0.182,-3.884,0.0,14.645,341.347,81.368,11.491,977.07,1.17398429,-2.654,-7.21,301.504,301.504
41.335,3.502,3.502,3.779,0.184,-0.231,-3.494,0.011,14.668,341.359,81.158,11.475,977.063,1.17388916,1.038,-16.472,303.93,303.93
41.434,3.683,3.679,338.357,2.676,1.357,-3.42,0.172,14.813,341.445,80.331,11.461,977.066,1.17330611,13.633,-16.032,307.056,307.056
41.535,4.791,4.786,326.334,2.45,2.653,-3.984,0.205,14.232,341.102,83.63,11.502,977.071,1.17566776,17.579,-10.903,305.864,305.864
41.635,6.077,6.052,324.146,5.297,3.545,-4.905,0.561,13.957,340.939,85.113,11.498,977.056,1.17677712,-10.382,-12.011,298.687,298.687
41.734,5.186,5.183,332.167,2.118,2.42,-4.583,0.192,14.012,340.971,84.793,11.495,977.062,1.17655921,-5.29,-19.143,302.158,302.158
41.834,4.768,4.767,355.097,1.102,0.407,-4.749,0.092,14.553,341.291,81.783,11.478,977.033,1.17432201,1.23,-21.0,304.586,304.586
41.935,3.888,3.888,1.628,-0.082,-0.11,-3.887,-0.006,15.026,341.573,79.394,11.491,977.033,1.17238879,0.194,-15.748,302.08,302.08
42.035,3.656,3.644,357.361,4.577,0.168,-3.64,0.292,15.17,341.657,78.594,11.478,977.025,1.17179966,-10.223,-12.687,299.114,299.114
42.135,4.071,4.065,332.41,3.003,1.883,-3.603,0.213,14.938,341.521,79.95,11.511,977.032,1.17273843,-2.256,-18.075,302.913,302.913
42.234,4.668,4.651,322.192,4.795,2.851,-3.675,0.39,14.597,341.317,81.529,11.475,977.031,1.17413878,-0.32,-18.951,303.962,303.962
42.335,4.779,4.779,325.749,0.443,2.69,-3.95,0.037,14.097,341.021,84.212,11.475,977.024,1.176175,0.323,-16.051,302.079,302.079
42.435,4.369,4.369,340.667,0.0,1.446,-4.123,0.0,14.294,341.14,83.316,11.506,977.036,1.17536914,-2.299,-11.782,302.073,302.073
42.535,4.4,4.4,1.898,0.0,-0.146,-4.397,0.0,14.666,341.36,81.361,11.511,977.03,1.173841,0.975,-15.848,303.407,303.407
42.635,3.549,3.539,4.829,4.308,-0.298,-3.527,0.267,14.78,341.426,80.572,11.475,977.021,1.17338026,-0.132,-17.841,303.625,303.625
42.735,2.784,2.774,336.121,4.719,1.123,-2.537,0.229,14.886,341.489,80.042,11.478,977.028,1.17295587,-14.278,-12.439,296.961,296.961
42.834,4.438,4.431,304.164,3.104,3.667,-2.488,0.24,14.583,341.31,81.693,11.491,977.023,1.17418051,-15.371,-10.23,297.121,297.121
42.935,5.833,5.828,303.606,2.488,4.854,-3.226,0.253,13.959,340.939,84.943,11.47,977.041,1.17676103,0.039,-10.776,302.254,302.254
43.035,5.389,5.379,310.009,-3.364,4.12,-3.458,-0.316,13.587,340.718,87.096,11.482,977.052,1.17830026,0.237,-14.85,303.784,303.784
43.132,-99.53,-99.51,0.0,0.0,-99.4,-99.41,-99.42,-99.44,-99.43,48.172,-99.44,977.056,13.83606434,3.176,-8.836,302.87,302.87
43.234,3.686,3.684,343.246,-1.432,1.062,-3.528,-0.092,14.632,341.34,81.519,11.506,977.042,1.17399848,-2.934,-5.865,301.063,301.063
43.335,3.522,3.522,330.712,-0.397,1.723,-3.072,-0.024,14.789,341.431,80.556,11.48,977.061,1.17339253,6.884,-6.598,303.073,303.073
43.435,4.341,4.322,312.937,5.371,3.164,-2.944,0.406,14.721,341.391,80.881,11.475,977.06,1.17366898,3.066,-8.717,303.223,303.223
43.534,5.431,5.422,301.688,3.191,4.614,-2.848,0.302,14.358,341.176,82.819,11.478,977.059,1.17514777,1.625,-3.286,302.901,302.901
43.634,5.861,5.861,301.369,-0.186,5.004,-3.051,-0.019,13.779,340.832,86.04,11.487,977.061,1.17751789,-1.509,-3.725,301.805,301.805
43.734,4.889,4.862,310.197,-6.007,3.714,-3.138,-0.512,13.759,340.819,85.989,11.459,977.074,1.17762625,6.572,-4.008,302.548,302.548
43.835,3.433,3.433,342.255,-0.787,1.046,-3.269,-0.047,14.7,341.379,81.015,11.48,977.053,1.17374265,-0.026,-2.737,302.241,302.241
43.935,2.856,2.823,335.948,-8.678,1.151,-2.578,-0.431,14.714,341.387,80.96,11.483,977.028,1.17365336,0.72,-0.856,302.244,302.244
44.034,3.075,3.061,311.332,-5.404,2.298,-2.022,-0.29,14.885,341.488,80.012,11.471,977.043,1.17298079,-2.311,-1.197,301.794,301.794
44.134,4.474,4.47,297.72,2.475,3.957,-2.079,0.193,14.647,341.346,81.199,11.461,977.032,1.17394459,6.431,-3.093,303.308,303.308
44.234,5.054,5.044,297.57,3.658,4.471,-2.334,0.322,14.321,341.154,83.045,11.483,977.043,1.17527878,2.767,0.927,302.227,302.227
44.334,5.012,5.003,297.433,3.424,4.441,-2.305,0.299,13.909,340.91,85.335,11.49,977.052,1.17697239,-26.102,2.042,295.356,295.356
44.435,3.714,3.714,304.747,0.163,3.052,-2.117,0.011,14.366,341.18,82.787,11.48,977.026,1.17507625,-26.918,-1.074,293.761,293.761
44.535,1.532,1.366,314.267,-26.887,0.978,-0.954,-0.693,14.708,341.384,80.993,11.483,977.044,1.17369914,-19.166,-3.76,296.891,296.891
44.634,1.15,1.062,253.648,-22.524,1.019,0.299,-0.441,14.814,341.446,80.378,11.471,977.038,1.1732626,-18.719,-0.721,298.238,298.238
44.734,3.408,3.408,252.377,-0.723,3.248,1.032,-0.043,14.89,341.49,79.919,11.459,977.037,1.17295825,-24.585,4.786,297.613,297.613
44.834,4.176,4.176,266.249,0.0,4.167,0.273,0.0,14.383,341.191,82.669,11.475,977.025,1.17500544,-21.543,1.915,297.248,297.248
44.934,4.785,4.785,284.476,-0.234,4.633,-1.196,-0.02,13.583,340.716,87.073,11.475,977.019,1.17827559,-20.863,-0.734,295.759,295.759
45.034,3.659,3.659,285.647,0.0,3.524,-0.987,0.0,13.499,340.666,87.628,11.488,977.051,1.17865479,-18.92,-0.073,297.668,297.668
45.135,1.451,1.433,291.912,-9.066,1.329,-0.535,-0.229,14.678,341.366,81.179,11.488,977.027,1.17379916,-7.141,3.476,301.031,301.031
45.234,0.682,0.68,141.232,-4.105,-0.426,0.53,-0.049,14.865,341.476,80.07,11.463,977.038,1.17305839,3.164,-0.578,303.188,303.188
45.334,2.263,2.161,246.376,-17.345,1.979,0.866,-0.675,14.87,341.48,80.151,11.483,977.039,1.17303085,-0.328,-9.151,303.155,303.155
45.434,3.541,3.541,256.952,-0.027,3.45,0.8,-0.002,14.825,341.453,80.364,11.48,977.044,1.1732223,2.275,-7.479,303.735,303.735
45.534,4.245,4.245,273.67,0.0,4.236,-0.272,0.0,14.06,340.999,84.395,11.471,977.051,1.17635942,0.362,-8.043,302.981,302.981
45.635,4.497,4.497,285.646,0.317,4.331,-1.213,0.025,13.608,340.731,87.02,11.49,977.038,1.17818952,0.664,-15.402,304.663,304.663
45.734,1.481,1.468,295.394,-7.634,1.326,-0.629,-0.197,14.252,341.113,83.416,11.483,977.035,1.17554855,1.481,-13.632,305.001,305.001
45.834,1.924,1.851,72.965,-15.871,-1.77,-0.542,-0.526,15.072,341.598,78.968,11.455,977.043,1.17222607,1.558,-9.764,303.793,303.793
45.935,1.744,1.652,74.745,-18.737,-1.594,-0.435,-0.56,15.005,341.559,79.396,11.471,977.026,1.17247176,3.726,-16.295,304.142,304.142
46.035,0.663,0.596,276.596,-26.005,0.592,-0.068,-0.291,14.958,341.531,79.639,11.471,977.014,1.17265141,2.436,-17.026,304.27,304.27
46.134,2.998,2.998,277.394,0.0,2.973,-0.386,0.0,14.656,341.353,81.224,11.476,977.01,1.17387223,2.625,-11.687,302.29,302.29
46.234,4.226,4.225,289.876,0.405,3.974,-1.437,0.03,13.856,340.877,85.48,11.464,977.015,1.17715526,2.614,-10.365,302.665,302.665
46.335,3.76,3.76,294.996,-0.277,3.408,-1.589,-0.018,13.729,340.802,86.188,11.464,977.021,1.17768288,1.917,-13.761,302.371,302.371
46.435,0.976,0.286,11.053,-72.971,-0.055,-0.281,-0.933,14.847,341.464,80.041,11.44,977.022,1.17312241,2.272,-16.921,304.411,304.411
46.534,1.068,0.647,83.828,-52.738,-0.643,-0.07,-0.85,14.984,341.547,79.501,11.471,977.02,1.17254901,1.735,-13.576,302.243,302.243
46.634,1.747,1.163,224.265,-48.266,0.812,0.833,-1.303,14.796,341.433,80.33,11.444,977.014,1.17332232,1.978,-12.208,303.002,303.002
46.734,4.093,4.075,253.557,-5.276,3.909,1.154,-0.376,14.852,341.468,80.181,11.471,977.028,1.17309713,1.449,-17.873,302.591,302.591
46.834,4.662,4.662,261.296,0.451,4.608,0.705,0.037,14.154,341.054,83.819,11.46,977.008,1.17592847,1.261,-18.115,303.501,303.501
46.934,3.891,3.891,271.107,-0.575,3.89,-0.075,-0.039,13.481,340.652,87.399,11.431,977.02,1.1787163,1.035,-13.641,302.506,302.506
47.034,2.573,2.569,268.963,-3.412,2.568,0.046,-0.153,13.664,340.764,86.647,11.481,977.043,1.17797029,1.071,-16.977,303.363,303.363
47.134,0.836,0.428,180.109,-59.17,0.001,0.428,-0.718,14.789,341.431,80.513,11.472,977.016,1.17333782,0.916,-19.208,303.647,303.647
47.234,1.847,1.475,204.882,-37.01,0.621,1.338,-1.112,14.868,341.478,80.127,11.477,977.04,1.17304325,2.046,-11.647,302.177,302.177
47.334,3.621,3.219,233.6,-27.256,2.591,1.91,-1.658,15.003,341.556,79.249,11.441,977.014,1.17247939,2.083,-10.845,302.648,302.648
47.434,4.452,4.452,249.334,-0.398,4.165,1.571,-0.031,14.735,341.398,80.642,11.444,977.03,1.17358589,1.961,-15.761,303.899,303.899
47.534,4.434,4.432,257.958,1.48,4.335,0.925,0.114,13.987,340.955,84.804,11.472,977.017,1.17661858,1.546,-12.884,302.522,302.522
47.635,2.54,2.539,275.235,-0.828,2.529,-0.232,-0.037,13.703,340.784,86.206,11.441,977.027,1.17780912,3.348,-7.199,302.198,302.198
47.734,0.61,0.597,290.905,-11.787,0.558,-0.213,-0.125,14.491,341.254,82.011,11.46,977.015,1.17455995,1.999,-7.462,302.394,302.394
47.834,0.988,0.685,138.533,-46.059,-0.454,0.514,-0.711,15.042,341.58,79.11,11.453,977.026,1.17232955,2.01,-13.22,302.517,302.517
47.934,1.837,1.663,216.498,-25.1,0.989,1.337,-0.779,15.1,341.614,78.792,11.448,977.029,1.17209959,1.494,-11.572,303.051,303.051
48.034,3.746,3.743,247.562,-2.464,3.459,1.429,-0.161,15.071,341.598,79.019,11.464,977.023,1.17220092,1.342,-7.62,302.766,302.766
48.134,4.199,4.199,265.925,1.055,4.188,0.298,0.077,14.502,341.26,81.887,11.448,977.013,1.17451465,1.464,-10.673,302.915,302.915
48.234,4.415,4.415,280.835,0.0,4.336,-0.83,0.0,13.792,340.837,85.658,11.433,977.033,1.17745388,0.968,-14.259,303.317,303.317
48.334,2.295,2.295,283.353,0.0,2.233,-0.53,0.0,13.945,340.93,84.996,11.465,977.046,1.17682981,0.815,-11.884,303.503,303.503
48.434,0.921,0.886,144.39,-15.866,-0.516,0.72,-0.252,14.944,341.522,79.634,11.457,977.026,1.17272699,1.326,-9.75,302.542,302.542
48.534,0.906,0.488,134.411,-57.401,-0.349,0.342,-0.764,14.858,341.47,79.991,11.441,977.045,1.1731056,1.193,-13.546,303.344,303.344
48.634,2.629,2.0,222.141,-40.465,1.342,1.483,-1.706,14.831,341.453,80.019,11.42,977.047,1.17322552,1.77,-14.267,302.509,302.509
48.734,3.54,3.519,245.177,-6.295,3.194,1.477,-0.388,14.617,341.328,81.308,11.452,977.015,1.17404878,2.062,-9.906,302.88,302.88
48.834,3.619,3.619,258.18,-0.248,3.543,0.741,-0.016,13.909,340.908,85.126,11.454,977.021,1.17694926,1.817,-10.211,302.646,302.646
48.934,2.399,2.398,283.895,-1.454,2.328,-0.576,-0.061,13.526,340.678,87.107,11.424,977.01,1.17852378,2.064,-14.372,303.664,303.664
49.034,0.568,0.246,195.012,-64.387,0.064,0.237,-0.512,14.326,341.154,82.701,11.425,977.019,1.17525101,2.23,-13.108,302.916,302.916
49.134,1.43,0.879,130.161,-52.092,-0.671,0.567,-1.128,14.869,341.474,79.736,11.403,977.0,1.1730237,2.079,-7.947,302.229,302.229
49.234,1.089,0.894,200.794,-34.862,0.317,0.836,-0.623,14.904,341.496,79.605,11.413,977.013,1.17289186,2.463,-11.851,303.306,303.306
49.334,3.167,3.119,237.975,-9.952,2.644,1.654,-0.547,14.967,341.534,79.371,11.429,977.029,1.17264879,1.718,-15.826,303.45,303.45
49.434,4.104,4.104,257.548,1.027,4.007,0.885,0.074,14.529,341.274,81.581,11.418,977.02,1.17442679,1.85,-12.25,303.085,303.085
49.534,3.782,3.782,272.801,0.0,3.778,-0.185,0.0,13.832,340.861,85.455,11.437,977.04,1.17729402,2.135,-10.45,301.806,301.806
49.634,3.061,3.061,285.715,-0.889,2.947,-0.829,-0.048,13.817,340.851,85.411,11.413,977.034,1.17736101,0.703,-15.147,304.303,304.303
49.734,0.705,0.514,213.16,-43.206,0.281,0.43,-0.483,14.679,341.363,80.899,11.437,977.035,1.17382705,1.366,-15.561,304.062,304.062
49.834,1.293,1.063,188.557,-34.749,0.158,1.051,-0.737,15.069,341.594,78.851,11.429,977.038,1.17224383,1.273,-10.988,302.234,302.234
49.934,3.043,2.371,232.773,-38.819,1.888,1.434,-1.907,15.074,341.598,78.861,11.437,977.045,1.17222691,1.049,-12.686,302.464,302.464
50.034,3.823,3.822,251.397,-1.509,3.622,1.219,-0.101,14.892,341.488,79.668,11.413,977.03,1.17296267,1.54,-14.171,303.862,303.862
50.134,3.851,3.849,260.535,-1.803,3.797,0.633,-0.121,14.227,341.094,83.151,11.41,977.023,1.17566705,1.824,-9.435,301.499,301.499
50.234,3.113,3.106,275.631,-3.831,3.091,-0.305,-0.208,13.647,340.751,86.47,11.433,977.03,1.17804408,1.443,-8.553,302.736,302.736
50.334,1.873,1.852,279.73,-8.612,1.825,-0.313,-0.28,13.816,340.851,85.526,11.433,977.024,1.1773442,2.258,-11.386,304.474,304.474
50.434,1.072,0.819,114.166,-40.162,-0.748,0.335,-0.692,14.931,341.511,79.385,11.397,977.013,1.17278767,2.156,-11.034,303.076,303.076
50.534,1.936,0.449,257.809,-76.594,0.439,0.095,-1.884,14.719,341.387,80.669,11.433,977.021,1.17364812,2.895,-8.411,302.563,302.563
50.634,2.689,2.54,232.028,-19.186,2.002,1.563,-0.884,14.677,341.363,80.907,11.437,977.007,1.17379987,2.065,-8.911,302.447,302.447
50.734,3.763,3.763,251.126,0.0,3.56,1.217,0.0,14.263,341.117,83.156,11.446,977.02,1.17550421,1.406,-11.831,302.662,302.662
50.834,3.416,3.41,255.529,3.427,3.302,0.852,0.204,13.684,340.771,86.109,11.406,977.001,1.17786825,1.761,-11.18,302.566,302.566
50.934,1.98,1.958,248.505,8.483,1.822,0.718,0.292,13.525,340.677,87.004,11.406,977.021,1.17854476,1.411,-8.492,301.858,301.858
51.034,1.503,1.437,153.834,-16.993,-0.634,1.29,-0.439,14.666,341.355,80.922,11.428,976.995,1.17383492,1.288,-9.837,302.489,302.489
51.134,1.355,1.246,139.902,-23.143,-0.802,0.953,-0.533,14.881,341.482,79.686,11.406,976.998,1.17296863,1.164,-12.684,302.934,302.934
51.234,2.117,2.053,200.213,-14.059,0.709,1.927,-0.514,14.867,341.473,79.801,11.413,977.012,1.17304325,1.315,-9.579,302.975,302.975
51.334,3.41,3.394,235.98,-5.641,2.813,1.899,-0.335,14.766,341.413,80.245,11.399,977.023,1.1734736,1.555,-7.287,302.256,302.256
51.434,3.54,3.54,259.305,0.0,3.478,0.657,0.0,14.195,341.075,83.294,11.405,976.997,1.17576897,1.213,-10.413,303.274,303.274
51.535,2.553,2.553,278.095,0.0,2.528,-0.36,0.0,13.702,340.781,85.899,11.386,977.025,1.17783332,1.52,-9.677,302.203,302.203
51.635,1.024,1.005,294.662,10.908,0.914,-0.42,0.194,14.069,341.0,84.027,11.414,977.003,1.17628908,1.675,-5.876,302.404,302.404
51.735,1.298,1.106,118.132,-31.579,-0.975,0.521,-0.68,15.052,341.583,78.839,11.41,977.016,1.17229521,2.126,-6.732,301.697,301.697
51.835,0.514,0.321,174.52,-51.349,-0.031,0.32,-0.401,14.989,341.545,79.1,11.399,977.014,1.17255366,1.745,-8.291,302.605,302.605
51.935,3.2,3.144,244.901,-10.747,2.847,1.334,-0.597,15.128,341.629,78.535,11.426,977.01,1.17197359,1.82,-7.112,302.279,302.279
52.035,3.818,3.816,262.648,1.42,3.785,0.488,0.095,14.823,341.446,79.855,11.381,977.016,1.1732378,2.06,-6.402,301.458,301.458
52.135,3.881,3.881,273.353,0.0,3.874,-0.227,0.0,14.0,340.959,84.41,11.415,977.032,1.17660868,1.749,-8.041,302.634,302.634
52.235,2.482,2.448,285.358,9.491,2.36,-0.648,0.409,13.896,340.898,85.045,11.426,977.024,1.17701912,1.589,-9.222,302.545,302.545
52.335,0.013,0.013,315.867,0.0,0.009,-0.01,0.0,14.783,341.425,80.281,11.423,977.021,1.17338872,1.699,-9.17,303.126,303.126
52.435,0.668,0.633,118.022,-18.444,-0.559,0.298,-0.211,15.031,341.572,78.999,11.421,977.024,1.17238319,1.477,-8.783,302.442,302.442
52.535,2.101,1.848,209.18,-28.376,0.901,1.614,-0.998,14.804,341.437,80.189,11.426,977.034,1.17331707,1.387,-10.125,302.44,302.44
52.635,3.647,3.612,232.779,-7.86,2.877,2.185,-0.499,14.722,341.386,80.36,11.378,977.019,1.17365515,1.254,-10.822,303.125,303.125
52.735,4.113,4.113,246.713,-0.183,3.778,1.626,-0.013,14.183,341.068,83.383,11.41,977.023,1.17584729,1.306,-9.466,302.342,302.342
52.835,3.325,3.324,246.051,-0.989,3.038,1.349,-0.057,13.571,340.703,86.601,11.381,976.992,1.17833102,1.365,-9.461,302.866,302.866
52.935,1.928,1.924,237.474,-3.761,1.622,1.034,-0.126,13.639,340.744,86.295,11.395,977.012,1.17807162,1.737,-10.439,303.169,303.169
53.035,1.478,1.434,167.168,-13.928,-0.319,1.398,-0.356,14.665,341.354,80.828,11.41,977.005,1.17385924,1.582,-10.322,302.981,302.981
53.135,0.907,0.829,166.05,-24.027,-0.2,0.804,-0.369,14.891,341.487,79.553,11.39,977.0,1.17293906,1.753,-9.088,302.457,302.457
53.235,2.988,2.892,213.336,-14.516,1.589,2.416,-0.749,14.888,341.486,79.629,11.402,977.003,1.1729486,2.154,-10.142,302.715,302.715
53.335,3.609,3.607,236.717,1.954,3.015,1.979,0.123,14.65,341.345,80.903,11.41,977.005,1.17391801,1.726,-11.291,302.511,302.511
53.435,3.901,3.901,249.728,0.0,3.659,1.351,0.0,14.027,340.975,84.259,11.414,977.015,1.17647731,1.967,-10.596,302.614,302.614
53.535,2.182,2.175,249.454,4.656,2.037,0.763,0.177,13.759,340.815,85.67,11.402,977.0,1.17756283,1.697,-10.806,301.743,301.743
53.635,1.075,1.034,164.17,-15.967,-0.282,0.995,-0.296,14.55,341.286,81.428,11.41,977.012,1.17433548,1.777,-12.721,303.06,303.06
53.735,1.85,1.838,148.543,-6.453,-0.959,1.568,-0.208,15.133,341.631,78.431,11.411,977.004,1.17194927,1.397,-12.924,303.347,303.347
53.834,1.964,1.685,188.322,-30.886,0.244,1.668,-1.008,15.055,341.583,78.699,11.386,976.986,1.17225671,1.587,-12.214,302.153,302.153
53.935,4.108,4.1,240.58,3.543,3.571,2.014,0.254,15.252,341.701,77.77,11.399,977.009,1.17147648,1.438,-13.389,302.734,302.734
54.035,4.632,4.612,254.527,5.321,4.445,1.23,0.43,14.68,341.362,80.663,11.394,977.015,1.17381501,1.544,-14.201,303.874,303.874
54.135,4.001,4.001,274.025,0.0,3.991,-0.281,0.0,13.837,340.863,85.329,11.419,977.019,1.17725849,1.512,-12.266,302.177,302.177
54.235,2.052,2.052,279.608,0.0,2.023,-0.342,0.0,13.965,340.939,84.614,11.417,977.024,1.17674005,1.484,-11.518,302.825,302.825
54.335,0.942,0.863,151.098,-23.728,-0.417,0.755,-0.379,14.905,341.496,79.61,11.415,977.03,1.17290688,1.646,-11.955,302.788,302.788
54.435,1.061,0.95,160.598,-26.447,-0.315,0.896,-0.472,14.996,341.549,79.061,11.398,977.015,1.17252731,1.416,-10.949,301.934,301.934
54.535,2.979,2.859,216.204,-16.303,1.689,2.307,-0.836,14.808,341.438,80.041,11.402,977.02,1.1732949,1.829,-9.803,301.786,301.786
54.635,4.263,4.262,242.513,-1.223,3.781,1.967,-0.091,14.702,341.375,80.569,11.398,977.016,1.17372274,1.523,-9.516,301.734,301.734
54.735,3.86,3.837,253.935,6.29,3.687,1.062,0.423,14.046,340.986,84.043,11.395,977.004,1.17639124,1.54,-10.08,302.114,302.114
54.835,1.913,1.913,266.51,0.0,1.909,0.116,0.0,13.76,340.813,85.397,11.355,977.005,1.17758465,1.907,-9.536,302.183,302.183
54.935,0.702,0.623,218.126,-27.449,0.385,0.49,-0.324,14.261,341.113,82.838,11.386,977.02,1.17553675,1.944,-9.573,303.15,303.15
55.035,2.086,2.051,157.772,-10.436,-0.776,1.899,-0.378,14.718,341.384,80.465,11.394,977.012,1.17365611,1.659,-9.654,302.339,302.339
55.135,2.372,2.334,194.348,-10.333,0.578,2.261,-0.426,14.919,341.502,79.301,11.37,977.014,1.17284846,1.764,-10.124,303.664,303.664
55.235,3.561,3.543,224.264,5.697,2.473,2.537,0.353,14.978,341.538,79.152,11.398,977.012,1.17259705,1.667,-10.362,302.676,302.676
55.335,4.569,4.551,239.775,5.05,3.932,2.291,0.402,14.477,341.243,81.84,11.415,976.999,1.17461574,1.354,-9.654,302.401,302.401
55.435,3.874,3.874,247.027,0.0,3.567,1.512,0.0,13.814,340.847,85.231,11.379,977.007,1.17735243,1.653,-10.167,303.409,303.409
55.535,1.976,1.957,214.128,-7.788,1.098,1.62,-0.268,14.127,341.033,83.56,11.386,977.0,1.17606056,1.344,-10.019,302.33,302.33
55.635,2.886,2.729,163.723,-18.989,-0.765,2.62,-0.939,14.606,341.318,81.054,11.395,976.973,1.17406654,1.478,-9.282,302.445,302.445
55.735,2.366,2.341,149.085,-8.311,-1.203,2.008,-0.342,15.027,341.568,78.902,11.398,976.992,1.17237306,1.262,-8.488,302.007,302.007
55.835,2.32,2.307,182.668,-6.16,0.107,2.304,-0.249,14.951,341.522,79.224,11.386,976.978,1.17266786,1.648,-9.014,302.047,302.047
55.935,4.638,4.627,208.805,-3.943,2.229,4.054,-0.319,14.869,341.474,79.666,11.39,976.966,1.17298603,1.612,-8.655,302.429,302.429
56.035,4.081,4.054,223.073,6.61,2.769,2.961,0.47,14.238,341.099,82.941,11.383,976.982,1.17558503,1.487,-7.694,302.407,302.407
56.135,2.295,2.276,220.031,7.363,1.464,1.743,0.294,13.741,340.804,85.68,11.386,976.982,1.17762017,1.796,-8.199,302.664,302.664
56.235,1.902,1.8,162.582,-18.844,-0.539,1.718,-0.614,14.02,340.969,84.075,11.375,976.987,1.1764859,1.48,-8.145,301.697,301.697
56.335,3.252,3.226,138.988,-7.298,-2.117,2.434,-0.413,14.864,341.47,79.694,11.39,976.99,1.17303789,1.539,-8.288,302.351,302.351
56.435,2.037,2.01,179.419,-9.474,-0.02,2.009,-0.335,14.811,341.438,79.907,11.379,976.986,1.1732527,1.692,-8.524,302.596,302.596
56.535,3.929,3.863,206.483,-10.554,1.722,3.457,-0.72,14.632,341.332,80.786,11.37,976.984,1.17398489,1.592,-8.536,302.141,302.141
56.635,4.04,4.016,225.398,6.273,2.859,2.82,0.441,14.357,341.169,82.231,11.37,976.987,1.17510808,1.662,-8.965,302.538,302.538
56.735,3.407,3.397,245.717,4.442,3.096,1.397,0.264,13.684,340.771,86.039,11.394,976.983,1.17785084,1.59,-9.237,302.712,302.712
56.834,2.103,2.103,249.166,0.0,1.965,0.748,0.0,13.512,340.667,86.894,11.374,977.011,1.17860222,1.471,-9.255,302.449,302.449
56.935,1.169,1.088,149.188,-21.442,-0.558,0.935,-0.427,14.573,341.299,81.219,11.394,977.006,1.17423868,1.613,-8.773,302.06,302.06
57.035,1.434,1.433,160.941,-1.873,-0.468,1.355,-0.047,14.976,341.537,79.139,11.394,977.0,1.17259181,1.349,-8.698,301.861,301.861
57.135,1.938,1.904,193.028,-10.798,0.429,1.855,-0.363,14.742,341.397,80.24,11.375,976.99,1.17354012,1.559,-8.77,302.592,302.592
57.235,3.733,3.731,223.564,-1.847,2.571,2.704,-0.12,14.748,341.402,80.27,11.387,977.002,1.17352521,1.588,-7.821,302.067,302.067
57.335,3.904,3.895,244.724,3.958,3.522,1.663,0.269,14.176,341.062,83.293,11.387,977.017,1.17587829,1.45,-7.885,302.394,302.394
57.435,2.776,2.776,246.597,0.0,2.548,1.103,0.0,13.682,340.771,86.19,11.419,976.995,1.17786324,1.336,-7.779,302.046,302.046
57.535,1.134,1.127,198.639,-6.155,0.36,1.068,-0.122,14.165,341.053,83.149,11.349,977.007,1.17592883,1.539,-7.373,301.54,301.54
57.635,2.062,2.049,153.505,-6.427,-0.914,1.834,-0.231,14.968,341.532,79.123,11.383,977.006,1.17263544,1.822,-7.39,301.834,301.834
57.735,1.344,1.286,193.238,-16.923,0.294,1.252,-0.391,15.081,341.599,78.564,11.386,977.008,1.17217493,1.732,-8.164,302.24,302.24
57.835,3.982,3.951,210.847,-7.232,2.026,3.392,-0.501,15.039,341.575,78.876,11.405,976.998,1.17232621,1.642,-8.021,302.534,302.534
57.935,4.057,4.03,235.462,6.658,3.319,2.285,0.47,14.733,341.394,80.409,11.398,976.994,1.17357123,1.53,-7.687,302.007,302.007
58.035,3.568,3.565,246.648,2.406,3.273,1.413,0.15,13.989,340.952,84.416,11.405,976.992,1.17660761,1.583,-8.964,302.63,302.63
58.135,1.902,1.886,244.502,7.527,1.702,0.812,0.249,13.736,340.803,85.869,11.415,976.989,1.17763758,1.54,-9.093,302.513,302.513
58.235,1.533,1.521,165.589,-7.176,-0.379,1.473,-0.192,14.501,341.255,81.515,11.378,977.014,1.17455089,1.616,-8.873,302.529,302.529
58.334,1.471,1.465,146.18,-4.937,-0.815,1.217,-0.127,14.842,341.456,79.686,11.368,976.988,1.17313421,1.728,-9.117,302.095,302.095
58.435,2.107,2.036,197.16,-14.851,0.601,1.946,-0.54,14.775,341.417,80.089,11.379,977.011,1.1734271,1.328,-9.235,302.147,302.147
58.534,3.29,3.283,223.632,-3.828,2.265,2.376,-0.22,14.796,341.431,80.086,11.398,977.003,1.17332804,1.678,-9.53,302.206,302.206
58.635,3.739,3.73,244.003,4.064,3.352,1.635,0.265,14.17,341.057,83.224,11.368,977.01,1.17590415,1.401,-8.697,301.84,301.84
58.735,2.684,2.683,245.765,1.682,2.446,1.101,0.079,13.553,340.692,86.667,11.375,977.018,1.17844045,1.79,-8.898,302.138,302.138
58.834,1.074,1.028,210.715,16.871,0.525,0.884,0.312,13.77,340.82,85.357,11.358,977.018,1.17755497,1.469,-8.741,301.618,301.618
58.934,2.351,2.327,133.382,-8.214,-1.692,1.599,-0.336,14.906,341.495,79.418,11.379,977.002,1.17288458,1.523,-8.442,301.979,301.979
59.035,1.669,1.658,148.954,-6.362,-0.855,1.421,-0.185,14.919,341.503,79.348,11.379,977.007,1.1728363,1.816,-8.331,303.088,303.088
59.135,2.704,2.613,207.553,-14.945,1.209,2.316,-0.697,14.827,341.448,79.845,11.383,977.008,1.17321253,1.548,-8.319,301.504,301.504
59.235,3.933,3.929,234.146,2.439,3.185,2.301,0.167,14.681,341.36,80.424,11.351,977.023,1.17383623,1.679,-8.823,302.115,302.115
59.335,3.499,3.483,245.72,5.431,3.175,1.432,0.331,14.007,340.962,84.213,11.387,977.005,1.17655718,1.744,-8.579,302.22,302.22
59.435,1.835,1.831,245.513,3.932,1.666,0.759,0.126,13.742,340.807,85.895,11.426,977.004,1.1776253,1.82,-8.4,301.998,301.998
59.535,1.378,1.364,161.1,-8.085,-0.442,1.29,-0.194,14.483,341.244,81.636,11.383,977.009,1.1746155,1.864,-8.804,303.116,303.116
59.634,1.751,1.744,140.111,-5.196,-1.118,1.338,-0.159,15.049,341.581,78.766,11.394,976.993,1.17228472,1.776,-9.041,302.869,302.869
59.734,1.126,1.104,170.23,-11.577,-0.187,1.088,-0.226,15.007,341.555,78.962,11.39,977.005,1.17247212,1.737,-8.653,302.803,302.803
59.835,3.371,3.371,220.734,-0.368,2.2,2.555,-0.022,15.099,341.609,78.376,11.368,977.004,1.17210507,1.546,-8.441,302.712,302.712
59.935,3.447,3.433,245.746,5.112,3.13,1.41,0.307,14.551,341.285,81.296,11.387,977.029,1.17435956,1.527,-8.325,301.993,301.993
60.035,2.783,2.779,253.218,3.233,2.661,0.802,0.157,13.814,340.846,85.135,11.362,977.024,1.17737925,1.434,-7.474,302.608,302.608
60.134,0.967,0.932,262.708,15.384,0.924,0.118,0.256,13.929,340.915,84.554,11.371,977.032,1.17691505,1.445,-7.125,302.418,302.418
60.235,1.99,1.951,141.556,-11.403,-1.213,1.528,-0.393,14.904,341.494,79.49,11.39,977.04,1.17293477,1.439,-7.179,301.898,301.898
60.334,1.601,1.601,129.855,-1.596,-1.229,1.026,-0.045,14.984,341.541,79.018,11.379,977.035,1.17260563,1.648,-6.716,301.648,301.648
60.434,2.053,2.005,200.928,-12.384,0.716,1.873,-0.44,14.853,341.463,79.621,11.366,977.024,1.17313015,1.576,-6.035,302.014,302.014
60.534,3.156,3.154,224.475,1.65,2.21,2.251,0.091,14.76,341.408,80.117,11.37,977.016,1.17349803,1.587,-6.14,301.719,301.719
60.634,2.887,2.887,259.577,0.0,2.84,0.522,0.0,14.006,340.961,84.131,11.371,977.007,1.17656791,1.751,-6.823,302.03,302.03
60.735,1.832,1.823,282.975,5.57,1.777,-0.409,0.178,13.703,340.781,85.852,11.379,977.007,1.17780995,1.475,-6.214,302.064,302.064
60.834,0.729,0.682,185.786,-20.666,0.069,0.679,-0.257,14.25,341.107,82.985,11.403,977.019,1.17557001,1.64,-6.264,301.937,301.937
60.934,1.776,1.669,124.708,-19.973,-1.372,0.951,-0.607,14.98,341.538,78.977,11.368,977.014,1.17260003,1.631,-6.71,302.57,302.57
61.035,1.04,0.902,118.981,-29.866,-0.789,0.437,-0.518,15.019,341.561,78.78,11.368,977.022,1.1724515,1.769,-7.103,302.146,302.146
61.134,2.426,2.424,247.848,-2.3,2.245,0.914,-0.097,15.037,341.572,78.728,11.375,977.033,1.17239046,1.631,-6.832,301.641,301.641
61.234,3.903,3.897,257.789,3.178,3.809,0.824,0.216,14.574,341.297,81.052,11.363,977.008,1.1742512,1.037,-6.618,301.461,301.461
61.334,3.579,3.579,273.562,0.0,3.572,-0.222,0.0,13.99,340.951,84.239,11.375,977.052,1.17668748,1.59,-7.17,302.706,302.706
61.435,2.782,2.775,286.128,4.044,2.666,-0.771,0.196,14.075,341.001,83.737,11.368,977.04,1.17632854,1.523,-7.032,301.773,301.773
61.535,0.51,0.432,13.558,32.091,-0.101,-0.42,0.271,14.878,341.479,79.62,11.39,977.025,1.17302012,1.567,-6.586,302.316,302.316
61.634,1.181,1.137,51.23,15.741,-0.887,-0.712,0.321,15.177,341.655,78.067,11.383,977.039,1.1718266,1.66,-6.695,302.066,302.066
61.735,1.897,1.895,227.776,-2.25,1.403,1.274,-0.074,15.133,341.629,78.228,11.372,977.049,1.17202091,1.213,-6.724,301.986,301.986
61.834,3.91,3.909,247.447,0.483,3.61,1.499,0.033,15.126,341.624,78.219,11.363,977.031,1.17203176,1.331,-6.533,301.914,301.914
61.934,4.005,3.985,263.138,5.741,3.956,0.476,0.401,14.437,341.216,81.744,11.358,977.044,1.17485464,1.787,-6.255,301.588,301.588
62.034,3.268,3.268,279.773,0.0,3.221,-0.555,0.0,13.94,340.921,84.449,11.363,977.043,1.17688727,1.588,-6.609,302.444,302.444
62.134,2.202,2.202,286.201,0.0,2.115,-0.614,0.0,14.053,340.989,83.941,11.383,977.038,1.17640865,1.701,-7.107,302.219,302.219
62.235,0.889,0.862,53.213,14.312,-0.69,-0.516,0.22,14.968,341.532,79.12,11.383,977.039,1.17267311,1.507,-6.668,301.888,301.888
62.334,1.843,1.735,218.963,-19.702,1.091,1.349,-0.621,14.956,341.524,79.185,11.383,977.033,1.17271793,1.561,-6.898,301.809,301.809
62.435,3.174,3.145,240.86,-7.732,2.747,1.531,-0.427,14.95,341.522,79.276,11.395,977.036,1.17273748,1.568,-7.609,302.356,302.356
62.534,4.201,4.199,260.555,1.813,4.142,0.689,0.133,14.628,341.33,80.878,11.383,977.031,1.1740526,1.644,-7.786,302.172,302.172
62.634,4.187,4.187,273.073,0.0,4.181,-0.224,0.0,13.832,340.857,85.108,11.375,977.048,1.17733061,1.713,-7.532,302.721,302.721
62.734,3.543,3.543,283.946,0.0,3.439,-0.854,0.0,13.622,340.733,86.303,11.379,977.047,1.17819154,1.424,-7.662,302.032,302.032
62.835,1.05,1.048,303.042,3.864,0.878,-0.571,0.071,14.629,341.331,80.876,11.384,977.04,1.17405808,1.54,-8.019,301.489,301.489
62.934,0.242,0.242,288.999,1.01,0.229,-0.079,0.004,14.977,341.535,78.884,11.347,977.036,1.17264736,1.669,-7.562,302.411,302.411
63.035,2.395,2.324,224.515,-13.96,1.63,1.658,-0.578,15.062,341.586,78.543,11.363,977.059,1.17232633,1.267,-7.42,301.683,301.683
63.134,3.957,3.955,245.709,-1.636,3.605,1.627,-0.113,14.992,341.545,78.956,11.374,977.064,1.17261183,1.663,-7.634,302.595,302.595
63.234,4.337,4.334,262.264,2.165,4.295,0.583,0.164,14.39,341.189,82.065,11.371,977.033,1.17502904,1.451,-7.339,302.118,302.118
63.335,3.293,3.292,263.797,1.227,3.273,0.356,0.07,13.745,340.806,85.612,11.379,977.043,1.1776787,1.523,-7.009,302.306,302.306
63.434,1.329,1.329,248.707,0.843,1.238,0.483,0.02,14.157,341.05,83.306,11.37,977.039,1.17599142,1.658,-7.06,302.671,302.671
63.534,1.09,1.075,157.401,-9.567,-0.413,0.992,-0.181,15.026,341.566,78.806,11.379,977.024,1.1724242,1.497,-7.312,302.824,302.824
63.635,2.099,0.87,218.185,-65.517,0.538,0.684,-1.911,15.131,341.627,78.171,11.359,977.053,1.17203844,1.657,-7.405,302.293,302.293
63.735,3.244,3.215,223.982,-7.661,2.233,2.314,-0.432,15.097,341.608,78.425,11.375,977.038,1.17215228,1.744,-7.412,302.692,302.692
63.834,3.956,3.949,252.342,3.317,3.763,1.198,0.229,14.852,341.463,79.756,11.39,977.035,1.17314053,1.613,-7.465,301.797,301.797
63.934,3.833,3.833,272.706,0.0,3.829,-0.181,0.0,14.13,341.035,83.522,11.383,977.038,1.17609239,1.614,-8.264,302.16,302.16
64.034,2.908,2.908,280.867,0.0,2.856,-0.548,0.0,13.843,340.862,84.861,11.342,977.052,1.17730367,1.655,-8.212,301.751,301.751
64.134,0.681,0.667,296.834,11.299,0.596,-0.301,0.133,14.557,341.287,81.164,11.368,977.034,1.17435038,1.482,-7.526,302.071,302.071
64.234,0.812,0.566,159.365,-45.828,-0.199,0.529,-0.582,14.947,341.52,79.284,11.394,977.045,1.17276299,1.437,-7.942,301.912,301.912
64.335,2.275,1.989,220.334,-29.029,1.288,1.516,-1.104,14.9,341.492,79.515,11.391,977.027,1.17293525,1.618,-8.25,301.747,301.747
64.434,3.733,3.717,245.061,-5.163,3.371,1.567,-0.336,14.983,341.539,78.874,11.351,977.039,1.17262542,1.506,-7.314,302.339,302.339
64.534,4.097,4.091,256.743,3.177,3.982,0.938,0.227,14.221,341.088,82.898,11.359,977.032,1.17572379,1.357,-6.786,301.37,301.37
64.634,3.536,3.535,258.662,1.624,3.466,0.695,0.1,13.671,340.761,85.937,11.363,977.049,1.17799687,1.296,-7.297,302.392,302.392
64.734,2.069,2.067,261.286,2.725,2.043,0.313,0.098,13.605,340.722,86.265,11.356,977.022,1.17823792,1.601,-7.107,301.92,301.92
64.834,1.108,0.945,156.173,-31.47,-0.382,0.864,-0.578,14.651,341.343,80.695,11.371,977.036,1.17396796,1.329,-5.848,301.586,301.586
64.934,0.758,0.588,161.134,-39.08,-0.19,0.556,-0.478,14.915,341.498,79.201,11.347,977.033,1.17289734,1.584,-6.518,302.003,302.003
65.034,3.212,2.967,215.16,-22.491,1.709,2.426,-1.229,14.951,341.521,79.167,11.375,977.036,1.17274547,1.265,-7.054,302.642,302.642
65.134,3.846,3.846,246.341,-0.12,3.523,1.544,-0.008,14.846,341.457,79.554,11.347,977.023,1.17316675,1.737,-6.92,302.115,302.115
65.234,3.689,3.686,260.938,2.325,3.64,0.58,0.15,14.124,341.031,83.558,11.383,977.045,1.17612827,1.509,-6.497,302.316,302.316
65.334,2.99,2.99,277.954,0.0,2.961,-0.414,0.0,13.796,340.836,85.331,11.379,977.042,1.17747009,1.632,-7.278,301.743,301.743
65.434,0.502,0.412,312.378,-34.678,0.305,-0.278,-0.285,14.613,341.321,80.956,11.383,977.03,1.17411196,1.482,-7.909,302.632,302.632
65.534,0.754,0.567,107.178,-41.293,-0.541,0.167,-0.498,15.152,341.638,77.986,11.343,977.036,1.17193961,1.598,-7.918,302.388,302.388
65.635,1.211,1.057,202.908,-29.139,0.412,0.974,-0.589,15.099,341.61,78.457,11.383,977.051,1.17215455,1.425,-7.36,302.626,302.626
65.734,3.431,3.41,240.987,-6.28,2.982,1.654,-0.375,15.152,341.64,78.131,11.372,977.03,1.17191994,1.429,-7.484,301.532,301.532
65.834,3.964,3.961,257.409,2.272,3.866,0.863,0.157,14.625,341.33,81.017,11.407,977.031,1.17405117,1.368,-8.194,302.078,302.078
65.934,3.452,3.452,270.294,0.0,3.452,-0.018,0.0,13.876,340.884,84.886,11.379,977.037,1.17713416,1.452,-8.17,302.101,302.101
66.034,2.213,2.213,290.646,-1.224,2.071,-0.78,-0.047,13.89,340.89,84.631,11.347,977.049,1.1771059,1.388,-7.368,302.463,302.463
66.134,1.432,0.477,110.711,-70.56,-0.446,0.169,-1.351,14.873,341.476,79.624,11.387,977.038,1.17305756,1.337,-7.678,302.121,302.121
66.234,1.069,0.263,109.528,-75.779,-0.247,0.088,-1.036,14.946,341.518,79.127,11.363,977.035,1.17276537,1.618,-8.34,302.087,302.087
66.334,2.079,1.774,232.536,-31.433,1.408,1.079,-1.084,14.901,341.491,79.382,11.368,977.04,1.17295432,1.563,-7.909,302.076,302.076
66.434,3.613,3.597,246.549,-5.404,3.3,1.431,-0.34,14.835,341.453,79.803,11.383,977.045,1.17322397,1.423,-7.73,301.948,301.948
66.534,3.706,3.705,262.695,0.652,3.675,0.471,0.042,14.017,340.967,84.027,11.363,977.034,1.17656016,1.569,-8.678,302.346,302.346
66.634,2.633,2.633,272.998,-1.319,2.629,-0.138,-0.061,13.547,340.689,86.77,11.387,977.028,1.17847264,1.556,-8.985,301.982,301.982
66.734,0.903,0.302,268.441,-70.434,0.302,0.008,-0.851,14.289,341.129,82.688,11.387,977.028,1.17543101,1.649,-8.566,301.883,301.883
66.834,1.283,0.854,115.64,-48.272,-0.77,0.37,-0.958,14.939,341.514,79.25,11.379,977.03,1.17278421,1.612,-9.224,302.467,302.467
66.934,0.892,0.336,70.915,-67.857,-0.318,-0.11,-0.826,14.929,341.508,79.262,11.371,977.042,1.17284358,1.457,-9.966,302.769,302.769
67.034,2.51,2.25,236.314,-26.294,1.873,1.248,-1.112,14.961,341.526,79.048,11.362,977.025,1.1726948,1.474,-9.864,302.775,302.775
67.134,3.388,3.388,260.244,0.501,3.339,0.574,0.03,14.629,341.331,80.916,11.391,977.034,1.17404628,1.619,-9.884,301.985,301.985
67.234,3.568,3.568,280.236,0.0,3.511,-0.634,0.0,13.939,340.921,84.502,11.372,977.031,1.17687321,1.567,-9.997,302.644,302.644
67.334,2.535,2.534,294.172,-1.403,2.312,-1.038,-0.062,14.015,340.966,84.082,11.372,977.039,1.17656898,1.482,-9.99,301.975,301.975
67.434,1.289,1.051,67.109,-35.357,-0.968,-0.409,-0.746,15.141,341.635,78.264,11.387,977.042,1.17197239,1.431,-9.755,302.217,302.217
67.534,1.803,1.696,67.889,-19.827,-1.572,-0.639,-0.612,15.202,341.669,77.798,11.356,977.05,1.17174566,1.416,-9.437,302.602,302.602
67.634,1.203,0.893,256.433,-42.074,0.868,0.209,-0.806,15.108,341.614,78.367,11.374,977.037,1.17210519,1.429,-8.981,302.163,302.163
67.734,2.59,2.588,261.524,-2.089,2.56,0.382,-0.094,15.063,341.589,78.705,11.395,977.033,1.1722765,1.546,-8.759,302.383,302.383
67.834,3.871,3.871,282.329,0.0,3.782,-0.827,0.0,14.38,341.182,82.1,11.368,977.038,1.17507923,1.519,-8.684,302.283,302.283
67.934,4.233,4.232,294.421,1.35,3.853,-1.75,0.1,13.789,340.831,85.284,11.363,977.045,1.17751062,1.546,-8.079,302.381,302.381
68.034,2.208,2.194,305.572,-6.484,1.785,-1.276,-0.249,14.308,341.14,82.523,11.375,977.048,1.17538309,1.658,-8.014,302.967,302.967
68.134,1.191,0.918,35.642,-39.541,-0.535,-0.746,-0.758,15.0,341.551,78.98,11.387,977.048,1.17255628,1.664,-8.223,301.969,301.969
68.234,0.756,0.137,6.123,-79.523,-0.015,-0.137,-0.743,14.945,341.517,79.109,11.358,977.036,1.17277443,1.613,-7.932,302.573,302.573
68.334,2.63,2.398,235.132,-24.244,1.968,1.371,-1.08,14.941,341.514,79.135,11.359,977.026,1.17278075,1.618,-7.763,302.496,302.496
68.434,3.596,3.596,258.379,0.987,3.522,0.724,0.062,14.585,341.304,81.018,11.368,977.038,1.17424142,1.578,-8.042,302.613,302.613
68.534,3.422,3.422,278.664,-0.575,3.383,-0.515,-0.034,13.8,340.837,85.107,11.343,977.057,1.1774857,1.564,-7.838,302.743,302.743
68.634,2.76,2.76,292.739,-0.117,2.545,-1.067,-0.006,13.698,340.776,85.715,11.351,977.033,1.17787278,1.503,-7.307,303.085,303.085
68.734,0.945,0.577,95.666,-52.348,-0.575,0.057,-0.748,14.666,341.351,80.502,11.351,977.036,1.17391384,1.514,-7.387,302.747,302.747
68.834,1.049,0.945,83.306,-25.744,-0.939,-0.11,-0.456,14.991,341.546,79.023,11.387,977.037,1.17257738,1.444,-7.472,302.253,302.253
68.934,0.95,0.466,236.59,-60.605,0.389,0.257,-0.828,14.892,341.485,79.338,11.351,977.031,1.17298734,1.275,-6.463,302.708,302.708
69.034,2.929,2.91,249.102,-6.518,2.718,1.038,-0.332,14.901,341.492,79.462,11.383,977.042,1.17294919,1.407,-6.129,302.001,302.001
69.134,3.393,3.393,276.038,0.0,3.374,-0.357,0.0,14.347,341.162,82.25,11.363,977.05,1.17522907,1.412,-6.221,301.497,301.497
69.234,4.043,4.04,293.964,2.327,3.691,-1.641,0.164,13.757,340.812,85.432,11.358,977.038,1.17763436,1.557,-6.028,301.942,301.942
69.334,2.466,2.466,300.206,-0.089,2.132,-1.241,-0.004,14.25,341.104,82.722,11.355,977.031,1.17560637,1.457,-5.404,301.881,301.881
69.434,1.155,1.044,47.522,-25.342,-0.77,-0.705,-0.495,15.069,341.59,78.441,11.351,977.039,1.17227721,1.722,-5.331,302.506,302.506
69.534,1.7,1.641,62.468,-15.166,-1.455,-0.758,-0.445,15.107,341.613,78.307,11.362,977.039,1.17211664,1.54,-5.597,301.695,301.695
69.634,0.991,0.895,223.694,-25.412,0.618,0.647,-0.425,15.163,341.645,77.968,11.351,977.038,1.17189395,1.57,-5.681,302.284,302.284
69.734,2.69,2.69,274.024,0.149,2.684,-0.189,0.007,14.903,341.492,79.371,11.368,977.04,1.1729455,1.633,-5.736,301.773,301.773
69.834,4.125,4.124,288.487,0.856,3.912,-1.308,0.062,14.124,341.03,83.446,11.363,977.027,1.17611265,1.489,-5.904,303.035,303.035
69.934,3.756,3.748,297.086,3.695,3.337,-1.707,0.242,13.918,340.908,84.594,11.368,977.045,1.17697752,1.474,-6.509,301.923,301.923
70.034,0.618,0.584,359.176,19.306,0.008,-0.584,0.204,14.938,341.513,79.189,11.366,977.034,1.1727984,1.458,-6.713,301.808,301.808
70.134,1.201,1.17,62.269,-12.906,-1.036,-0.545,-0.268,15.088,341.602,78.431,11.368,977.043,1.17219651,1.367,-6.534,302.409,302.409
70.234,0.526,0.222,300.511,-65.067,0.191,-0.112,-0.477,14.964,341.528,79.062,11.368,977.045,1.17270482,1.491,-7.011,302.555,302.555
70.335,2.472,2.453,256.844,-7.019,2.389,0.558,-0.302,14.868,341.471,79.507,11.359,977.039,1.1730926,1.522,-7.566,301.81,301.81
70.435,3.082,3.082,280.288,0.0,3.032,-0.55,0.0,14.284,341.124,82.519,11.351,977.046,1.17548871,1.56,-7.16,301.668,301.668
70.534,3.63,3.629,291.806,0.463,3.37,-1.348,0.029,13.663,340.755,85.867,11.343,977.057,1.1780473,1.485,-7.066,302.855,302.855
70.635,2.9,2.9,297.035,0.519,2.583,-1.318,0.026,13.737,340.801,85.615,11.371,977.054,1.17772877,1.474,-7.621,302.159,302.159
70.735,0.513,0.513,1.04,0.0,-0.009,-0.513,0.0,14.615,341.324,81.094,11.411,977.034,1.17409575,1.546,-7.782,302.906,302.906
70.835,2.325,2.279,69.823,-11.45,-2.139,-0.786,-0.462,14.958,341.525,79.114,11.371,977.038,1.17272079,1.538,-7.205,301.997,301.997
70.935,0.646,0.329,81.531,-59.402,-0.325,-0.048,-0.556,14.889,341.485,79.502,11.379,977.044,1.1730032,1.52,-7.575,302.434,302.434
71.035,2.118,2.118,274.068,-1.21,2.113,-0.15,-0.045,14.813,341.44,79.87,11.375,977.038,1.17330623,1.731,-8.176,302.355,302.355
71.135,3.719,3.717,290.002,1.54,3.493,-1.272,0.1,14.082,341.005,83.699,11.368,977.023,1.17627931,1.544,-7.91,302.412,302.412
71.235,3.592,3.591,292.789,1.586,3.311,-1.391,0.099,13.774,340.822,85.324,11.356,977.044,1.17757225,1.736,-7.951,302.486,302.486
71.335,1.16,1.037,323.159,-26.618,0.622,-0.83,-0.52,14.656,341.346,80.669,11.371,977.038,1.17395079,1.588,-8.53,302.464,302.464
71.435,1.802,1.656,63.005,-23.192,-1.476,-0.752,-0.71,15.19,341.664,78.022,11.387,977.029,1.17175829,1.545,-8.939,302.159,302.159
71.535,1.849,1.535,58.054,-33.879,-1.303,-0.812,-1.031,15.015,341.558,78.733,11.355,977.037,1.17249048,1.568,-8.609,302.157,302.157
71.635,1.844,1.839,247.457,-4.157,1.699,0.705,-0.134,15.131,341.629,78.296,11.383,977.024,1.17199254,-3.411,-5.519,300.812,300.812
71.735,3.223,3.223,281.197,0.0,3.162,-0.626,0.0,14.622,341.325,80.795,11.362,977.035,1.17408895,7.078,-15.699,304.772,304.772
71.835,3.964,3.956,296.156,3.795,3.55,-1.744,0.262,13.911,340.904,84.634,11.368,977.036,1.17699718,-2.725,-9.329,300.884,300.884
71.935,3.24,3.236,302.255,2.902,2.736,-1.727,0.164,13.868,340.878,84.795,11.355,977.028,1.17716539,4.231,-10.635,303.555,303.555
72.035,0.94,0.679,59.718,-43.78,-0.586,-0.342,-0.651,14.937,341.513,79.198,11.368,977.039,1.17280614,-0.285,-4.595,300.936,300.936
72.135,1.866,1.586,68.252,-31.792,-1.473,-0.588,-0.983,14.918,341.502,79.424,11.391,977.024,1.17285907,2.206,-8.95,302.251,302.251
72.235,0.844,0.55,73.403,-49.284,-0.528,-0.157,-0.64,14.827,341.448,79.78,11.371,977.014,1.17322206,0.992,-14.024,302.452,302.452
72.335,2.089,2.089,274.926,-0.766,2.081,-0.179,-0.028,14.623,341.326,80.819,11.368,977.021,1.17406499,0.766,-12.585,302.767,302.767
72.435,3.656,3.646,293.498,4.099,3.344,-1.454,0.261,13.978,340.943,84.194,11.355,977.01,1.17669392,1.014,-10.535,302.483,302.483
72.535,3.464,3.463,292.54,-0.903,3.199,-1.328,-0.055,13.682,340.766,85.74,11.339,977.034,1.17794561,1.19,-9.64,302.613,302.613
72.635,0.31,0.226,2.15,-43.178,-0.008,-0.226,-0.212,14.687,341.364,80.415,11.355,976.997,1.17377889,0.924,-10.169,302.261,302.261
72.735,0.895,0.762,51.205,-31.675,-0.594,-0.477,-0.47,14.86,341.468,79.694,11.387,977.021,1.17309201,0.681,-11.686,302.315,302.315
72.835,1.617,1.486,65.528,-23.281,-1.352,-0.615,-0.639,14.939,341.513,79.122,11.355,977.016,1.17277646,0.036,-12.049,302.536,302.536
72.935,2.414,2.152,247.844,-26.96,1.993,0.812,-1.095,14.961,341.528,79.158,11.383,977.03,1.17269218,1.482,-13.047,302.924,302.924
73.034,3.087,3.087,271.509,0.0,3.086,-0.081,0.0,14.628,341.329,80.763,11.362,977.013,1.17403734,-0.42,-11.863,301.678,301.678
73.135,4.07,4.07,289.771,0.342,3.83,-1.377,0.024,13.9,340.897,84.595,11.351,977.019,1.17702591,1.846,-12.379,302.812,302.812
73.235,3.039,3.039,294.416,0.06,2.767,-1.256,0.003,13.957,340.932,84.465,11.383,977.031,1.17679369,0.254,-8.611,301.885,301.885
73.335,0.529,0.336,18.399,-50.55,-0.106,-0.319,-0.409,14.935,341.511,79.133,11.353,977.023,1.17280138,0.596,-8.939,301.694,301.694
73.435,1.378,1.24,75.72,-25.834,-1.202,-0.306,-0.6,15.205,341.672,77.903,11.379,977.027,1.17169893,0.939,-13.46,302.822,302.822
73.535,1.499,0.632,227.859,-65.055,0.469,0.424,-1.36,15.086,341.603,78.603,11.398,977.025,1.17217302,0.433,-14.126,302.756,302.756
73.634,2.951,2.939,254.697,-5.155,2.835,0.776,-0.265,15.038,341.572,78.595,11.351,977.023,1.17238247,0.958,-12.521,303.044,303.044
73.735,3.592,3.592,273.865,0.0,3.583,-0.242,0.0,14.389,341.188,82.073,11.371,977.016,1.17501462,1.504,-8.662,302.198,302.198
73.835,3.763,3.763,288.182,0.298,3.575,-1.174,0.02,13.78,340.826,85.369,11.37,977.011,1.1775018,0.016,-7.481,300.606,300.606
73.934,3.211,3.21,293.895,0.583,2.935,-1.3,0.033,13.974,340.942,84.352,11.379,977.021,1.1767149,1.234,-13.652,302.943,302.943
74.035,1.046,0.763,37.798,-43.19,-0.468,-0.603,-0.716,14.933,341.51,79.188,11.362,977.017,1.17279768,0.907,-15.929,302.374,302.374
74.135,0.947,0.86,88.38,-24.794,-0.86,-0.024,-0.397,14.913,341.5,79.419,11.387,977.02,1.17287207,0.671,-12.117,302.722,302.722
74.235,2.01,1.748,250.682,-29.593,1.649,0.578,-0.993,14.901,341.491,79.403,11.371,977.019,1.17292809,0.985,-8.611,301.609,301.609
74.335,3.011,3.011,276.495,0.0,2.991,-0.341,0.0,14.539,341.277,81.342,11.383,977.029,1.17441142,0.781,-8.78,302.354,302.354
74.435,4.473,4.473,290.027,0.42,4.203,-1.532,0.033,13.834,340.859,85.097,11.375,977.012,1.17727959,0.53,-12.03,302.549,302.549
74.534,3.785,3.78,293.079,-2.741,3.478,-1.482,-0.181,13.713,340.788,85.856,11.39,977.031,1.17779005,0.351,-14.372,302.468,302.468
74.635,1.256,1.195,350.541,-17.932,0.196,-1.179,-0.387,14.724,341.387,80.333,11.375,977.03,1.17366147,0.17,-13.311,303.253,303.253
74.735,1.686,1.619,40.887,-16.125,-1.06,-1.224,-0.468,14.944,341.518,79.282,11.39,977.025,1.17275202,0.822,-11.238,301.908,301.908
74.835,1.27,1.189,18.709,-20.631,-0.381,-1.126,-0.448,14.919,341.503,79.429,11.394,977.02,1.17284691,1.1,-9.078,301.6,301.6
74.935,2.135,2.133,292.369,2.873,1.972,-0.812,0.107,14.927,341.506,79.212,11.36,977.022,1.17283046,1.171,-9.749,302.178,302.178
75.035,4.36,4.341,294.649,5.406,3.945,-1.81,0.411,14.386,341.186,82.041,11.363,977.006,1.17501557,0.671,-10.609,301.74,301.74
75.135,4.588,4.586,295.595,1.662,4.136,-1.981,0.133,13.783,340.828,85.405,11.379,977.007,1.17748165,0.952,-12.457,302.506,302.506
75.234,2.798,2.708,317.918,-14.596,1.815,-2.01,-0.705,14.403,341.198,82.162,11.402,977.014,1.17494011,-3.077,-12.714,301.703,301.703
75.335,1.227,1.143,26.086,-21.367,-0.502,-1.026,-0.447,15.131,341.626,78.128,11.351,977.015,1.17199659,-2.861,-12.106,302.224,302.224
75.435,1.994,1.467,50.126,-42.628,-1.126,-0.941,-1.351,15.128,341.626,78.27,11.375,977.035,1.17202365,-1.547,-10.299,300.933,300.933
75.535,0.798,0.678,309.18,-31.932,0.525,-0.428,-0.422,15.123,341.623,78.276,11.371,977.035,1.1720438,-0.527,-10.224,301.086,301.086
75.635,3.262,3.254,289.872,4.202,3.06,-1.106,0.239,14.89,341.484,79.349,11.351,977.015,1.17297626,-2.958,-10.667,300.988,300.988
75.735,4.62,4.593,296.483,6.17,4.111,-2.048,0.497,14.117,341.026,83.509,11.368,977.019,1.17613125,0.467,-13.266,302.762,302.762
75.835,3.911,3.904,298.947,3.543,3.416,-1.889,0.242,13.817,340.848,85.153,11.368,977.014,1.17735648,-11.307,-16.729,300.19,300.19
75.939,1.217,1.038,335.424,-31.525,0.432,-0.944,-0.637,14.693,341.368,80.494,11.375,977.015,1.17377079,-5.175,-10.099,300.121,300.121
76.034,1.259,1.128,42.961,-26.391,-0.768,-0.825,-0.56,14.967,341.53,79.069,11.372,977.008,1.17264831,-12.7,-4.035,298.21,298.21
76.135,1.978,0.467,210.597,-76.357,0.237,0.402,-1.922,14.912,341.498,79.301,11.363,977.029,1.1728965,-15.831,-9.61,295.78,295.78
76.235,2.87,2.714,253.436,-18.986,2.602,0.774,-0.934,14.788,341.424,79.983,11.371,977.005,1.17337143,1.75,-16.348,304.0,304.0
76.335,3.37,3.368,265.234,-2.181,3.356,0.28,-0.128,14.185,341.067,83.16,11.371,977.019,1.17584968,-15.083,-16.831,296.077,296.077
76.435,3.021,3.021,278.891,-0.054,2.984,-0.467,-0.003,13.624,340.733,86.193,11.362,977.023,1.17815769,-1.516,-14.319,301.474,301.474
76.535,2.156,2.156,294.736,0.617,1.958,-0.902,0.023,13.733,340.8,85.722,11.387,977.012,1.17768717,-5.723,-10.393,300.966,300.966
76.635,0.568,0.282,326.124,-60.274,0.157,-0.234,-0.494,14.701,341.373,80.412,11.368,977.019,1.17374432,1.24,0.355,302.253,302.253
76.735,0.973,0.69,213.916,-44.796,0.385,0.573,-0.686,15.053,341.582,78.646,11.375,977.031,1.17232215,-2.17,-5.636,302.336,302.336
76.835,2.665,2.569,223.182,-15.404,1.758,1.874,-0.708,15.105,341.613,78.406,11.379,977.028,1.17210436,-5.9,-18.478,301.078,301.078
76.934,3.744,3.734,249.275,4.174,3.492,1.321,0.272,14.927,341.507,79.261,11.37,977.034,1.17284071,0.511,-21.363,304.773,304.773
77.034,3.765,3.748,261.437,5.39,3.707,0.558,0.354,14.246,341.101,82.701,11.347,977.03,1.17562556,5.012,-15.585,304.508,304.508
77.135,2.491,2.49,279.682,0.777,2.455,-0.419,0.034,13.939,340.922,84.584,11.387,977.058,1.17689824,12.373,-4.637,302.594,302.594
77.235,1.136,0.963,307.137,-31.988,0.768,-0.582,-0.602,14.579,341.301,81.06,11.37,977.032,1.17425704,9.794,-0.234,302.167,302.167
77.334,0.383,0.181,70.112,-61.795,-0.17,-0.062,-0.337,15.093,341.607,78.566,11.398,977.056,1.17218029,6.947,-4.48,302.058,302.058
77.435,1.641,0.701,229.141,-64.706,0.53,0.459,-1.484,15.194,341.664,77.835,11.355,977.052,1.17178333,11.721,-15.767,306.65,306.65
77.535,1.419,1.374,244.565,-14.596,1.241,0.59,-0.358,15.146,341.636,78.074,11.355,977.04,1.17196321,14.888,-21.097,308.556,308.556
77.634,3.374,3.374,280.401,0.0,3.318,-0.609,0.0,14.671,341.356,80.693,11.39,977.052,1.17389941,3.814,-14.323,304.526,304.526
77.735,4.409,4.407,293.733,1.738,4.035,-1.774,0.134,13.896,340.896,84.822,11.387,977.055,1.17707288,4.6,-8.847,302.328,302.328
77.834,3.792,3.792,296.845,-0.26,3.383,-1.712,-0.017,13.892,340.894,84.884,11.394,977.038,1.17706454,16.859,0.327,302.036,302.036
77.935,1.375,1.294,355.679,-19.82,0.097,-1.29,-0.466,14.943,341.516,79.188,11.371,977.032,1.17277193,7.463,-5.378,303.032,303.032
78.034,1.535,1.322,33.547,-30.604,-0.73,-1.101,-0.782,15.055,341.582,78.594,11.366,977.052,1.17234409,10.544,-12.412,305.522,305.522
78.135,0.922,0.648,327.499,-45.322,0.348,-0.547,-0.656,14.873,341.475,79.563,11.375,977.06,1.17308962,13.674,-15.225,306.158,306.158
78.234,3.11,3.105,298.373,3.141,2.732,-1.476,0.17,14.764,341.411,80.21,11.39,977.038,1.17350316,13.793,-15.6,306.305,306.305
78.334,4.753,4.745,297.592,3.34,4.205,-2.198,0.277,14.102,341.017,83.589,11.368,977.036,1.17621255,14.113,-10.607,304.716,304.716
78.435,4.604,4.604,300.832,0.631,3.953,-2.36,0.051,13.602,340.721,86.458,11.386,977.049,1.17827165,10.109,-6.339,304.59,304.59
78.534,2.77,2.729,339.235,-9.877,0.968,-2.552,-0.475,14.5,341.255,81.603,11.394,977.038,1.17457569,15.251,-7.003,304.329,304.329
78.634,2.352,2.33,22.043,-7.89,-0.874,-2.16,-0.323,14.87,341.473,79.604,11.379,977.025,1.17305958,8.25,-14.568,304.954,304.954
78.735,2.159,1.963,0.403,-24.593,-0.014,-1.963,-0.898,14.732,341.393,80.433,11.402,977.016,1.17359853,7.037,-14.614,305.219,305.219
78.834,2.857,2.857,304.831,0.335,2.345,-1.632,0.017,14.842,341.457,79.764,11.383,977.006,1.17314553,0.868,-12.886,301.982,301.982
78.934,4.721,4.704,301.803,4.886,3.997,-2.479,0.402,14.496,341.252,81.522,11.375,977.018,1.17457545,6.721,-10.852,304.85,304.85
79.035,5.337,5.331,300.107,2.797,4.612,-2.674,0.26,13.73,340.797,85.674,11.375,977.02,1.1777153,-6.273,-8.193,300.483,300.483
79.134,4.489,4.441,310.564,-8.39,3.373,-2.888,-0.655,13.668,340.761,86.066,11.383,977.01,1.17795444,3.146,-12.278,302.928,302.928
79.235,2.88,2.871,351.634,-4.731,0.418,-2.84,-0.238,14.735,341.396,80.488,11.415,977.003,1.17356765,-1.913,-15.013,301.588,301.588
79.334,2.167,2.135,4.01,-9.827,-0.149,-2.13,-0.37,14.885,341.482,79.5,11.375,976.997,1.17296386,-0.953,-14.26,302.516,302.516
79.435,2.212,2.206,335.658,-4.219,0.909,-2.01,-0.163,14.979,341.539,79.127,11.395,977.008,1.17258918,-8.705,-13.328,300.003,300.003
79.534,3.182,3.161,305.286,6.535,2.58,-1.826,0.362,14.882,341.48,79.474,11.366,976.987,1.17296875,-16.614,-7.747,295.561,295.561
79.634,4.6,4.574,304.107,6.024,3.787,-2.565,0.483,14.17,341.058,83.232,11.37,976.996,1.17588294,1.576,-10.742,302.656,302.656
79.734,4.288,4.282,301.399,3.05,3.655,-2.231,0.228,13.619,340.732,86.34,11.383,977.0,1.17814171,-9.447,-11.226,299.492,299.492
79.838,2.503,2.465,322.926,-9.963,1.486,-1.967,-0.433,14.282,341.124,82.634,11.37,977.014,1.17544949,-22.542,-12.171,292.629,292.629
79.935,1.891,1.843,29.327,-12.811,-0.903,-1.607,-0.419,14.941,341.517,79.409,11.411,977.014,1.17274332,-24.763,-12.518,291.466,291.466
80.035,2.043,1.402,50.221,-46.667,-1.078,-0.897,-1.486,14.853,341.463,79.712,11.383,977.002,1.17310035,-3.309,-11.877,302.149,302.149
80.135,0.876,0.872,237.782,-5.831,0.738,0.465,-0.089,14.818,341.443,79.846,11.375,977.015,1.17325974,-0.787,-11.292,303.042,303.042
80.234,2.981,2.981,281.477,-0.002,2.922,-0.593,-0.0,14.43,341.214,81.977,11.395,977.003,1.17481875,1.196,-9.137,302.449,302.449
80.334,4.176,4.172,294.595,2.437,3.794,-1.736,0.178,13.68,340.767,85.993,11.381,977.018,1.17791653,0.654,-9.863,302.444,302.444
80.434,3.703,3.7,295.582,2.275,3.338,-1.598,0.147,13.546,340.688,86.751,11.383,977.01,1.17845476,1.67,-13.038,303.443,303.443
80.534,2.029,1.953,334.78,-15.729,0.832,-1.766,-0.55,14.485,341.245,81.605,11.379,977.011,1.17461133,1.414,-12.608,302.672,302.672
80.634,2.302,1.98,45.9,-30.684,-1.422,-1.378,-1.175,14.862,341.47,79.719,11.394,977.009,1.17306447,1.069,-12.276,303.6,303.6
80.735,1.339,0.871,28.036,-49.423,-0.409,-0.769,-1.017,14.84,341.456,79.75,11.378,977.01,1.17316282,1.181,-10.929,303.309,303.309
80.834,2.274,2.272,286.401,-2.556,2.179,-0.641,-0.101,14.894,341.488,79.493,11.381,977.001,1.17293179,-0.042,-7.902,301.383,301.383
80.934,3.872,3.871,287.797,1.497,3.686,-1.183,0.101,14.404,341.199,82.198,11.41,977.036,1.17495883,-2.616,-10.576,301.311,301.311
81.034,4.06,4.06,291.916,1.012,3.766,-1.515,0.072,13.737,340.803,85.791,11.402,977.021,1.17767763,-18.01,-13.357,296.128,296.128
81.135,2.589,2.139,306.524,-34.263,1.719,-1.273,-1.457,14.396,341.194,82.219,11.405,977.015,1.17496991,-2.335,-14.705,301.098,301.098
81.234,1.033,0.863,43.974,-33.384,-0.599,-0.621,-0.568,15.005,341.554,78.935,11.383,977.02,1.17250288,3.437,-12.447,303.274,303.274
81.334,1.724,1.414,54.031,-34.896,-1.144,-0.83,-0.986,14.97,341.533,79.128,11.386,977.022,1.17264473,0.494,-8.905,302.601,302.601
81.435,0.664,0.658,268.231,-7.989,0.657,0.02,-0.092,14.923,341.505,79.371,11.386,977.019,1.1728344,2.718,-8.936,302.149,302.149
81.534,3.201,3.201,261.74,-0.531,3.168,0.46,-0.03,14.802,341.433,79.975,11.383,977.02,1.17332947,4.639,-11.152,303.626,303.626
81.634,3.987,3.987,280.636,-0.823,3.918,-0.736,-0.057,13.993,340.954,84.33,11.394,977.012,1.17662036,3.087,-13.695,304.499,304.499
81.735,3.92,3.915,290.005,-2.829,3.679,-1.339,-0.193,13.719,340.791,85.804,11.386,977.02,1.17775857,1.588,-14.058,304.31,304.31
81.834,1.546,1.451,328.77,-20.116,0.752,-1.241,-0.532,14.714,341.381,80.429,11.383,977.011,1.17367601,-0.014,-11.226,302.5,302.5
81.934,1.216,1.044,14.09,-30.883,-0.254,-1.012,-0.624,14.926,341.507,79.374,11.39,977.02,1.17281997,7.633,-8.476,302.852,302.852
82.034,0.714,0.19,227.151,-74.599,0.139,0.129,-0.688,14.883,341.483,79.676,11.405,977.026,1.17299759,2.58,-10.08,303.04,303.04
82.134,2.346,2.305,269.118,-10.727,2.304,0.035,-0.437,14.847,341.46,79.74,11.383,977.038,1.17316604,-0.014,-11.13,301.438,301.438
82.234,4.412,4.412,283.851,0.083,4.283,-1.056,0.006,14.253,341.107,82.817,11.375,977.018,1.17557192,1.911,-13.076,301.603,301.603
82.334,4.969,4.969,293.047,-0.934,4.572,-1.945,-0.081,13.603,340.721,86.412,11.379,977.044,1.17826617,1.426,-13.678,302.151,302.151
82.435,4.568,4.557,288.957,-4.113,4.31,-1.48,-0.328,13.536,340.682,86.802,11.381,977.024,1.17851567,5.107,-11.889,304.195,304.195
82.535,1.64,1.566,302.89,-17.252,1.315,-0.85,-0.486,14.647,341.342,80.776,11.383,977.038,1.1739819,-3.631,-10.158,300.72,300.72
82.634,1.251,0.236,279.986,-79.118,0.233,-0.041,-1.229,14.872,341.475,79.59,11.379,977.039,1.17306519,1.394,-9.406,301.469,301.469
82.734,2.955,2.766,245.822,-20.63,2.523,1.133,-1.041,14.982,341.54,79.07,11.386,977.044,1.17262411,0.597,-12.306,302.333,302.333
82.834,4.259,4.259,261.749,-0.402,4.215,0.611,-0.03,14.762,341.409,80.135,11.375,977.033,1.17350936,-0.295,-12.814,301.544,301.544
82.934,4.648,4.648,277.974,0.0,4.603,-0.645,0.0,13.991,340.951,84.111,11.353,977.027,1.1766609,0.762,-13.547,302.982,302.982
83.036,4.558,4.557,289.412,-0.652,4.298,-1.515,-0.052,13.709,340.785,85.883,11.39,977.031,1.17781055,-0.077,-12.351,302.375,302.375
83.134,2.645,2.539,295.161,-16.235,2.298,-1.08,-0.739,14.348,341.167,82.544,11.419,977.029,1.17517531,1.238,-11.014,302.064,302.064
83.234,0.989,0.805,1.531,-35.458,-0.022,-0.805,-0.574,14.907,341.496,79.472,11.39,977.023,1.17290115,0.046,-9.354,302.036,302.036
83.335,0.612,0.069,65.555,-83.562,-0.063,-0.028,-0.609,14.966,341.53,79.107,11.378,977.024,1.17266858,1.32,-11.557,302.346,302.346
83.434,2.09,2.02,254.752,-14.8,1.949,0.531,-0.534,15.022,341.564,78.827,11.379,977.023,1.17243838,1.128,-13.151,302.921,302.921
83.534,4.025,4.025,278.291,0.0,3.983,-0.58,0.0,14.464,341.232,81.687,11.374,977.016,1.1747061,0.187,-13.405,302.599,302.599
83.634,5.095,5.095,286.852,-0.848,4.876,-1.477,-0.075,13.686,340.772,86.026,11.394,977.019,1.1778847,0.007,-12.01,302.249,302.249
83.739,4.366,4.366,291.399,-0.114,4.065,-1.593,-0.009,13.626,340.737,86.43,11.405,977.037,1.17814994,0.211,-9.226,301.682,301.682
83.834,0.869,0.829,302.081,-17.513,0.703,-0.44,-0.262,14.625,341.329,80.929,11.39,977.038,1.17406809,0.817,-9.186,301.848,301.848
83.934,0.605,0.331,86.228,-56.859,-0.33,-0.022,-0.507,14.75,341.402,80.17,11.37,977.026,1.17355168,0.405,-11.176,301.664,301.664
84.034,1.934,1.518,247.95,-38.274,1.407,0.57,-1.198,14.732,341.393,80.434,11.402,977.02,1.17360425,0.743,-14.59,302.251,302.251
84.134,2.794,2.791,272.317,-2.733,2.788,-0.113,-0.133,14.594,341.313,81.265,11.423,977.03,1.17416954,0.453,-13.811,301.748,301.748
84.234,4.213,4.213,288.126,0.292,4.004,-1.311,0.021,13.917,340.908,84.667,11.379,977.024,1.17695284,1.035,-10.664,301.008,301.008
84.339,4.096,4.094,290.361,-1.788,3.838,-1.424,-0.128,13.442,340.626,87.275,11.371,977.036,1.17891836,0.96,-8.902,300.756,300.756
84.434,2.028,2.009,300.502,-7.815,1.731,-1.02,-0.276,13.995,340.956,84.391,11.407,977.024,1.17661917,0.796,-10.275,301.145,301.145
84.532,-99.53,-99.51,0.0,0.0,-99.4,-99.41,-99.42,-99.44,-99.43,47.829,-99.44,977.018,13.83552551,0.495,-12.202,302.15,302.15
84.634,1.438,1.066,56.719,-42.108,-0.892,-0.585,-0.964,14.799,341.431,79.946,11.375,977.014,1.17333782,0.476,-14.15,302.43,302.43
84.734,1.17,1.077,240.68,-23.071,0.939,0.527,-0.459,14.823,341.446,79.885,11.387,977.026,1.17324936,0.686,-12.819,301.612,301.612
84.834,3.295,3.295,276.591,0.341,3.273,-0.378,0.02,14.521,341.266,81.323,11.362,977.015,1.17447627,0.597,-10.187,301.581,301.581
84.934,4.241,4.24,291.128,0.738,3.955,-1.528,0.055,13.719,340.79,85.735,11.375,977.027,1.17776942,0.469,-9.248,300.694,300.694
85.034,3.5,3.499,293.788,1.439,3.201,-1.411,0.088,13.758,340.812,85.394,11.353,977.035,1.17762578,0.348,-10.672,301.645,301.645
85.134,1.075,0.767,353.508,-44.477,0.087,-0.762,-0.753,14.671,341.356,80.651,11.383,977.037,1.17388272,0.775,-12.983,301.636,301.636
85.234,1.571,1.434,62.378,-24.118,-1.271,-0.665,-0.642,14.979,341.538,79.025,11.375,977.01,1.17260063,0.943,-12.761,303.02,303.02
85.334,1.761,1.093,233.389,-51.625,0.878,0.652,-1.381,15.02,341.564,78.936,11.398,977.009,1.17242086,0.68,-12.331,302.288,302.288
85.435,3.866,3.86,250.15,-2.98,3.631,1.311,-0.201,14.96,341.529,79.26,11.402,977.019,1.17267299,0.764,-10.784,301.987,301.987
85.534,4.362,4.362,266.164,0.592,4.352,0.292,0.045,14.274,341.12,82.768,11.386,977.011,1.1754725,0.515,-9.466,301.814,301.814
85.634,4.002,4.002,285.08,-0.332,3.864,-1.041,-0.023,13.702,340.781,85.921,11.39,977.033,1.17784047,0.41,-10.176,301.844,301.844
85.734,2.379,2.377,295.078,2.084,2.153,-1.008,0.086,13.86,340.875,85.07,11.395,977.031,1.17718828,1.113,-12.146,302.504,302.504
85.834,0.855,0.579,87.709,-47.435,-0.578,-0.023,-0.63,14.8,341.433,80.064,11.398,977.022,1.17333293,0.195,-13.278,302.901,302.901
85.934,1.111,0.392,293.701,-69.341,0.359,-0.158,-1.039,14.762,341.411,80.281,11.402,977.029,1.17349494,0.55,-13.1,302.988,302.988
86.034,2.246,2.031,238.629,-25.287,1.734,1.057,-0.96,14.799,341.433,80.066,11.398,977.018,1.173329,0.604,-11.451,301.171,301.171
86.134,2.838,2.838,269.238,-0.647,2.838,0.038,-0.032,14.48,341.243,81.629,11.379,977.009,1.17462802,1.013,-9.785,301.319,301.319
86.234,4.22,4.22,293.178,-0.514,3.879,-1.661,-0.038,13.716,340.79,85.861,11.394,977.015,1.17776048,0.926,-9.761,301.19,301.19
86.334,3.672,3.672,297.78,0.019,3.249,-1.711,0.001,13.527,340.677,86.836,11.379,977.008,1.17853069,0.889,-12.479,301.85,301.85
86.435,1.069,0.617,89.869,-54.766,-0.617,-0.001,-0.873,14.677,341.36,80.703,11.398,977.011,1.1738224,0.258,-14.291,302.348,302.348
86.535,2.511,2.337,81.432,-21.411,-2.311,-0.348,-0.916,14.908,341.495,79.318,11.362,977.025,1.17291081,0.046,-12.72,302.375,302.375
86.635,2.093,0.209,195.864,-84.281,0.057,0.201,-2.083,14.706,341.376,80.406,11.371,977.027,1.17373073,0.309,-10.131,302.153,302.153
86.735,3.032,2.679,247.878,-27.899,2.482,1.009,-1.419,14.758,341.407,80.158,11.375,977.002,1.17349088,0.517,-8.686,300.997,300.997
86.835,3.435,3.435,271.919,0.0,3.433,-0.115,0.0,14.257,341.11,82.773,11.371,977.009,1.17554259,0.485,-9.857,301.64,301.64
86.935,3.955,3.954,289.052,-0.963,3.737,-1.291,-0.066,13.681,340.768,85.948,11.375,977.019,1.17791605,0.674,-12.888,302.698,302.698
87.038,2.389,2.351,300.748,-10.114,2.021,-1.202,-0.419,14.021,340.97,84.097,11.379,977.001,1.17649925,0.707,-14.151,302.358,302.358
87.138,1.249,1.122,44.538,-26.058,-0.787,-0.8,-0.549,14.925,341.508,79.446,11.403,977.01,1.17280626,1.077,-12.31,302.697,302.697
87.238,1.777,1.535,42.244,-30.262,-1.032,-1.136,-0.895,14.945,341.518,79.259,11.387,976.995,1.17271543,0.731,-9.167,301.529,301.529
87.338,0.901,0.889,316.546,-9.693,0.611,-0.645,-0.152,14.941,341.515,79.172,11.366,977.024,1.17277288,0.39,-8.951,302.021,302.021
87.439,3.418,3.416,287.938,1.681,3.25,-1.052,0.1,14.724,341.387,80.353,11.379,976.995,1.17361605,0.608,-11.181,302.041,302.041
87.539,4.551,4.541,294.07,3.884,4.146,-1.852,0.308,13.895,340.894,84.669,11.358,977.008,1.17703187,0.63,-13.12,302.391,302.391
87.641,3.971,3.971,296.513,0.469,3.553,-1.773,0.033,13.685,340.77,85.908,11.371,977.018,1.17790067,0.375,-13.42,301.945,301.945
87.739,1.54,1.499,347.871,-13.159,0.315,-1.466,-0.351,14.639,341.337,80.795,11.379,977.014,1.17398536,0.355,-11.822,301.717,301.717
87.839,1.381,1.28,31.627,-22.034,-0.671,-1.09,-0.518,14.8,341.432,79.921,11.371,977.021,1.17334092,0.745,-9.968,302.126,302.126
87.939,0.579,0.452,62.713,-38.626,-0.402,-0.207,-0.361,14.761,341.409,80.204,11.387,977.015,1.17348838,0.759,-10.013,300.878,300.878
88.039,1.818,1.813,267.769,-4.416,1.812,0.071,-0.14,14.704,341.376,80.517,11.39,977.023,1.17372692,0.773,-11.916,302.279,302.279
88.142,4.019,4.019,278.466,0.0,3.976,-0.592,0.0,14.168,341.056,83.234,11.368,977.023,1.17592788,0.615,-13.427,302.119,302.119
88.242,4.85,4.85,290.641,0.112,4.539,-1.71,0.009,13.448,340.63,87.33,11.387,977.025,1.17887557,0.596,-13.034,302.122,302.122
88.34,4.212,4.212,286.753,0.0,4.033,-1.214,0.0,13.434,340.62,87.27,11.362,977.029,1.17894948,0.369,-12.037,301.446,301.446
88.44,1.444,1.205,309.908,-33.46,0.924,-0.773,-0.796,14.46,341.229,81.647,11.362,977.007,1.17471755,0.633,-10.402,301.388,301.388
88.54,0.908,0.373,43.275,-65.749,-0.256,-0.271,-0.828,14.829,341.447,79.641,11.347,977.029,1.17324317,-1.155,-9.461,300.729,300.729
88.64,2.449,2.314,239.752,-19.069,1.999,1.166,-0.8,14.913,341.499,79.34,11.371,977.021,1.17288077,-39.1,-8.296,283.039,283.039
88.741,3.938,3.938,247.464,0.8,3.637,1.509,0.055,14.795,341.429,79.947,11.371,977.011,1.17335069,-45.138,-10.14,279.982,279.982
88.843,4.069,4.067,248.759,1.843,3.79,1.473,0.131,14.092,341.011,83.645,11.368,977.028,1.17624462,-18.418,-13.564,295.601,295.601
88.944,2.843,2.838,258.429,3.366,2.78,0.569,0.167,13.809,340.844,85.303,11.387,977.019,1.17738605,35.928,-9.209,305.337,305.337
89.044,1.691,1.69,292.732,0.484,1.559,-0.653,0.014,14.399,341.196,82.192,11.404,977.022,1.17496514,28.501,-8.848,305.671,305.671
89.144,1.152,0.423,52.966,-68.452,-0.338,-0.255,-1.072,15.03,341.569,78.807,11.383,977.026,1.17240655,18.657,-7.61,305.524,305.524
89.244,0.88,0.48,217.336,-56.915,0.291,0.382,-0.737,15.055,341.584,78.697,11.387,977.041,1.1723206,19.251,-9.798,305.702,305.702
89.344,1.964,1.823,255.759,-21.884,1.767,0.448,-0.732,15.027,341.567,78.8,11.379,977.037,1.17243457,10.469,-13.423,305.192,305.192
89.445,3.606,3.606,277.653,0.0,3.573,-0.48,0.0,14.547,341.282,81.237,11.371,977.014,1.17436576,-1.939,-14.561,301.095,301.095
89.544,4.272,4.272,289.293,-0.423,4.032,-1.411,-0.032,13.778,340.824,85.268,11.351,977.017,1.1775229,0.759,-11.136,300.368,300.368
89.644,3.504,3.5,293.722,-2.414,3.205,-1.408,-0.148,13.883,340.886,84.671,11.347,977.01,1.17708886,0.663,-9.331,300.813,300.813
89.744,1.032,1.001,8.819,-14.072,-0.153,-0.989,-0.251,14.797,341.43,79.935,11.371,977.03,1.17336321,4.343,-9.345,300.932,300.932
89.844,1.877,1.86,22.113,-7.756,-0.7,-1.723,-0.253,14.726,341.388,80.365,11.383,977.022,1.17363977,27.559,-10.19,305.781,305.781
89.944,1.504,1.385,304.723,-22.91,1.139,-0.789,-0.586,14.783,341.422,80.026,11.375,976.991,1.17337275,-2.599,-14.05,302.053,302.053
90.047,3.637,3.635,285.249,-1.61,3.507,-0.956,-0.102,14.711,341.38,80.419,11.379,977.012,1.17368889,-5.233,-14.417,300.401,300.401
90.147,5.276,5.275,293.878,0.752,4.824,-2.135,0.069,13.973,340.94,84.246,11.359,977.022,1.17672968,3.43,-11.038,304.42,304.42
90.247,5.144,5.134,291.116,-3.498,4.79,-1.85,-0.314,13.438,340.622,87.23,11.359,977.033,1.17894053,0.6,-8.792,301.302,301.302
90.347,3.193,3.158,306.492,-8.446,2.539,-1.878,-0.469,14.005,340.959,84.067,11.359,977.022,1.17659569,1.976,-9.974,302.996,302.996
90.448,1.902,1.846,354.816,-13.844,0.167,-1.839,-0.455,14.733,341.392,80.308,11.379,977.019,1.17360985,-0.391,-13.274,302.579,302.579
90.548,1.757,1.647,14.626,-20.386,-0.416,-1.594,-0.612,14.762,341.408,80.034,11.356,977.015,1.1734941,0.319,-13.755,302.013,302.013
90.648,2.102,2.098,298.769,-3.631,1.839,-1.01,-0.133,14.918,341.502,79.383,11.384,977.008,1.17284262,1.909,-12.958,303.618,303.618
90.751,4.175,4.151,299.846,6.101,3.601,-2.066,0.444,14.537,341.276,81.288,11.371,977.017,1.17440784,-0.269,-11.155,301.869,301.869
90.851,4.99,4.983,298.475,2.989,4.381,-2.376,0.26,13.78,340.827,85.395,11.375,977.006,1.17749202,1.62,-9.539,302.644,302.644
90.951,3.862,3.755,304.505,-13.514,3.095,-2.127,-0.903,13.821,340.849,85.066,11.356,977.002,1.17733049,-14.184,-9.809,297.959,297.959
91.051,1.389,1.151,334.438,-34.049,0.497,-1.038,-0.778,14.832,341.45,79.775,11.374,977.005,1.1731925,-41.548,-9.738,283.492,283.492
91.151,0.895,0.309,50.976,-69.791,-0.24,-0.195,-0.84,15.048,341.578,78.633,11.367,977.012,1.17232275,-44.132,-10.862,281.905,281.905
91.252,2.175,2.005,219.168,-22.785,1.267,1.555,-0.842,15.04,341.573,78.586,11.351,977.016,1.17236662,-16.818,-13.271,295.177,295.177
91.351,3.633,3.632,249.753,-1.216,3.408,1.257,-0.077,14.965,341.53,79.075,11.371,977.013,1.1726594,34.86,-9.012,305.36,305.36
91.452,3.505,3.505,266.667,0.0,3.499,0.204,0.0,14.288,341.129,82.743,11.395,977.027,1.17543113,29.148,-8.661,305.943,305.943
91.551,3.61,3.61,289.26,-0.485,3.408,-1.191,-0.031,13.788,340.833,85.495,11.4,977.035,1.17748713,16.94,-7.452,305.278,305.278
91.652,2.809,2.809,296.857,-0.018,2.506,-1.269,-0.001,13.979,340.944,84.282,11.371,977.032,1.17671144,17.411,-10.596,306.128,306.128
91.752,1.273,1.125,67.849,-27.898,-1.042,-0.424,-0.596,14.925,341.504,79.155,11.347,977.022,1.17284524,-2.821,-14.613,301.716,301.716
91.852,1.176,0.068,225.756,-86.701,0.048,0.047,-1.174,14.706,341.376,80.426,11.375,977.034,1.17374039,1.388,-13.657,301.841,301.841
91.952,0.982,0.837,243.851,-31.52,0.751,0.369,-0.513,14.725,341.386,80.175,11.347,977.009,1.1736412,0.462,-10.226,301.355,301.355
92.053,3.311,3.311,275.615,0.0,3.295,-0.324,0.0,14.43,341.214,82.01,11.4,977.021,1.17483878,0.861,-8.551,300.455,300.455
92.153,4.684,4.684,285.018,-0.04,4.524,-1.214,-0.003,13.665,340.758,86.062,11.379,977.028,1.17799211,17.661,-8.296,304.274,304.274
92.253,4.399,4.392,296.169,3.272,3.942,-1.937,0.251,13.556,340.693,86.631,11.371,977.016,1.1784265,18.872,-11.421,305.4,305.4
92.353,1.414,1.294,332.783,-23.83,0.592,-1.151,-0.571,14.685,341.363,80.534,11.374,977.034,1.17382681,-8.177,-14.735,299.574,299.574
92.453,1.051,0.87,48.34,-34.174,-0.65,-0.578,-0.59,14.863,341.468,79.531,11.359,977.022,1.17309141,-0.821,-13.609,302.569,302.569
92.553,1.318,1.152,241.842,-29.055,1.016,0.544,-0.64,14.845,341.458,79.691,11.371,977.032,1.17317271,2.16,-11.694,303.755,303.755
92.653,3.0,2.998,264.678,-1.867,2.986,0.278,-0.098,14.888,341.483,79.388,11.356,977.04,1.17301261,0.956,-7.961,301.531,301.531
92.756,4.244,4.244,283.215,0.0,4.131,-0.97,0.0,14.249,341.103,82.642,11.339,977.03,1.17561615,2.998,-9.293,303.125,303.125
92.856,4.382,4.339,294.765,8.048,3.94,-1.818,0.614,13.695,340.774,85.713,11.347,977.023,1.1778748,-1.513,-12.35,301.492,301.492
92.956,3.078,3.03,303.302,10.155,2.532,-1.663,0.543,14.122,341.029,83.479,11.368,977.011,1.1760993,1.804,-14.856,303.29,303.29
93.056,0.68,0.68,12.312,1.578,-0.145,-0.664,0.019,14.965,341.53,79.075,11.372,977.008,1.17265308,0.673,-13.305,303.581,303.581
93.157,0.975,0.948,47.158,-13.48,-0.695,-0.645,-0.227,15.005,341.553,78.829,11.363,977.02,1.17250848,-0.442,-11.223,301.208,301.208
93.256,1.827,1.825,258.798,-2.756,1.79,0.354,-0.088,15.053,341.578,78.376,11.322,977.033,1.17234755,3.425,-9.117,303.45,303.45
93.356,3.494,3.494,273.068,0.0,3.489,-0.187,0.0,14.856,341.464,79.551,11.356,977.017,1.17311406,-33.598,-8.948,287.386,287.386
93.457,3.881,3.881,276.38,0.0,3.856,-0.431,0.0,13.987,340.949,84.149,11.356,977.024,1.1766721,-41.169,-9.592,281.031,281.031
93.56,3.114,3.078,293.798,8.754,2.816,-1.242,0.474,13.884,340.887,84.713,11.356,977.019,1.17708874,-41.46,-11.432,280.835,280.835
93.659,0.971,0.927,308.704,17.305,0.724,-0.58,0.289,14.604,341.316,80.976,11.379,977.04,1.17415953,13.649,-12.708,305.817,305.817
93.759,0.802,0.594,53.346,-42.193,-0.476,-0.355,-0.538,14.849,341.46,79.586,11.356,977.026,1.17315328,34.277,-8.93,305.562,305.562
93.859,0.935,0.784,209.322,-33.034,0.384,0.684,-0.51,14.765,341.41,80.033,11.359,977.031,1.17349982,23.208,-7.165,304.764,304.764
93.959,3.451,3.449,253.128,1.865,3.301,1.001,0.112,14.72,341.384,80.376,11.379,977.025,1.17367089,16.966,-7.831,304.374,304.374
94.059,4.31,4.31,273.813,0.0,4.3,-0.287,0.0,14.208,341.08,82.992,11.363,977.016,1.17575562,10.638,-11.933,304.52,304.52
94.165,5.134,5.134,284.934,-0.382,4.96,-1.323,-0.034,13.422,340.614,87.408,11.374,977.028,1.17899156,-1.592,-14.057,301.092,301.092
94.261,3.467,3.461,289.907,3.193,3.255,-1.179,0.193,13.566,340.7,86.643,11.384,977.032,1.17839873,0.31,-13.47,302.589,302.589
94.361,1.425,0.675,328.973,-61.749,0.348,-0.578,-1.255,14.567,341.291,80.959,11.339,977.03,1.17431641,0.97,-11.85,301.809,301.809
94.461,1.19,0.577,224.396,-61.016,0.403,0.412,-1.041,14.872,341.474,79.528,11.367,977.029,1.17305887,2.341,-9.191,301.23,301.23
94.562,1.852,1.814,248.904,-11.573,1.692,0.653,-0.371,14.897,341.488,79.343,11.356,977.029,1.17296326,26.995,-8.097,304.217,304.217
94.662,3.483,3.483,282.163,0.0,3.405,-0.734,0.0,14.803,341.431,79.734,11.339,977.037,1.17336214,5.115,-12.332,304.105,304.105
94.762,4.904,4.902,289.408,1.424,4.624,-1.629,0.122,14.032,340.975,83.857,11.347,977.026,1.17649555,-8.227,-14.533,298.829,298.829
94.862,4.591,4.591,295.712,0.569,4.137,-1.992,0.046,13.643,340.744,86.12,11.367,977.028,1.178087,3.32,-14.001,304.304,304.304
94.965,2.293,2.293,314.464,0.752,1.637,-1.606,0.03,14.479,341.24,81.49,11.352,977.025,1.17466593,0.452,-10.954,302.809,302.809
95.065,0.622,0.605,54.863,-13.473,-0.495,-0.348,-0.145,14.959,341.525,79.025,11.356,977.027,1.17270768,1.071,-8.9,301.326,301.326
95.165,0.637,0.276,222.161,-64.279,0.185,0.205,-0.574,14.958,341.524,79.009,11.352,977.007,1.17269063,1.051,-9.51,302.654,302.654
95.265,3.083,3.083,254.057,0.0,2.964,0.847,0.0,15.01,341.555,78.719,11.347,977.022,1.1724987,-1.453,-12.576,301.745,301.745
95.365,3.721,3.719,284.971,1.873,3.592,-0.961,0.122,14.552,341.285,81.253,11.379,977.027,1.17435884,2.931,-14.451,304.292,304.292
95.465,4.433,4.421,296.448,4.205,3.959,-1.969,0.325,13.773,340.821,85.328,11.356,977.005,1.17752838,-0.743,-13.285,302.966,302.966
95.567,3.31,3.291,302.946,-6.213,2.762,-1.79,-0.358,13.844,340.864,85.004,11.368,977.015,1.17724705,0.893,-9.383,300.936,300.936
95.671,1.756,1.688,349.853,-16.065,0.297,-1.661,-0.486,14.666,341.352,80.594,11.367,977.016,1.17388439,-7.19,-8.228,301.203,301.203
95.771,1.753,1.253,38.489,-44.379,-0.78,-0.981,-1.226,14.91,341.497,79.332,11.367,977.0,1.17286801,-41.787,-7.64,283.212,283.212
95.871,1.963,1.469,215.919,-41.54,0.862,1.19,-1.302,14.8,341.431,79.924,11.372,976.999,1.17331612,-44.588,-8.839,281.192,281.192
95.971,3.554,3.552,236.223,-1.92,2.952,1.975,-0.119,14.538,341.275,81.179,11.352,977.0,1.17439342,-38.24,-11.616,284.183,284.183
96.072,3.833,3.788,238.056,8.791,3.214,2.004,0.586,14.036,340.979,83.968,11.372,977.008,1.1764456,-35.414,-11.748,284.471,284.471
96.175,2.058,1.888,241.429,23.451,1.658,0.903,0.819,13.972,340.94,84.249,11.359,976.991,1.17669511,-36.962,-8.964,284.402,284.402
96.275,2.736,2.724,204.477,5.338,1.129,2.479,0.255,14.097,341.013,83.501,11.347,976.995,1.17619252,-37.899,-8.409,285.951,285.951
96.375,4.87,4.843,190.413,6.014,0.875,4.763,0.51,14.649,341.34,80.538,11.34,976.978,1.1739192,-39.122,-9.97,281.859,281.859
96.475,5.527,5.527,192.069,0.0,1.156,5.405,0.0,14.808,341.436,79.905,11.376,976.964,1.17324114,-38.045,-11.94,283.177,283.177
96.579,6.955,6.934,205.098,4.444,2.941,6.279,0.539,14.797,341.429,79.872,11.359,976.917,1.17323387,-13.193,-16.164,297.099,297.099
96.679,5.461,5.457,213.247,2.18,2.992,4.564,0.208,14.391,341.188,81.993,11.359,976.92,1.17489457,39.107,-11.577,306.369,306.369
96.779,4.215,4.215,203.253,0.0,1.664,3.873,0.0,14.467,341.233,81.576,11.356,976.938,1.1746068,0.401,-10.585,301.041,301.041
96.879,4.431,4.431,189.054,0.0,0.697,4.376,0.0,14.368,341.173,82.032,11.343,976.94,1.17502046,-22.997,-8.31,293.351,293.351
96.979,5.482,5.476,185.752,2.708,0.549,5.448,0.259,14.698,341.371,80.491,11.379,976.931,1.17364752,-15.888,-12.708,296.492,296.492
97.08,6.337,6.328,186.64,3.106,0.732,6.285,0.343,14.623,341.327,80.881,11.379,976.918,1.1739372,-22.728,-13.3,293.171,293.171
97.18,7.791,7.791,194.552,0.567,1.958,7.541,0.077,14.644,341.337,80.585,11.344,976.903,1.17384815,-31.394,-13.106,288.226,288.226
97.28,8.362,8.362,190.331,0.0,1.5,8.226,0.0,14.503,341.255,81.448,11.367,976.88,1.17438638,-28.682,-13.12,290.216,290.216
97.38,8.884,8.872,185.009,3.063,0.775,8.838,0.475,14.656,341.346,80.669,11.372,976.839,1.17370987,-24.109,-11.53,294.61,294.61
97.48,9.433,9.424,186.495,2.397,1.066,9.364,0.395,14.013,340.964,84.006,11.356,976.803,1.17629933,-16.307,-12.663,296.405,296.405
97.582,9.733,9.724,186.435,2.497,1.09,9.663,0.424,14.292,341.128,82.39,11.335,976.76,1.17511499,-7.776,-78.464,352.456,352.456
97.683,9.943,9.933,189.015,2.62,1.556,9.81,0.455,14.093,341.012,83.611,11.363,976.694,1.17583609,-5.717,-13.554,300.893,300.893
97.783,10.873,10.829,186.257,5.159,1.18,10.764,0.978,14.278,341.122,82.682,11.374,976.679,1.17505944,-7.71,-13.674,299.48,299.48
97.883,10.79,10.79,186.711,0.0,1.261,10.716,0.0,13.897,340.895,84.596,11.347,976.622,1.17656064,-13.439,-11.334,296.114,296.114
97.983,12.098,12.089,183.903,2.247,0.823,12.06,0.474,14.367,341.173,81.989,11.335,976.576,1.1745851,-18.818,-8.955,294.434,294.434
98.083,12.299,12.295,187.295,1.352,1.561,12.196,0.29,14.41,341.2,81.876,11.356,976.503,1.17431331,-16.979,-11.176,296.473,296.473
98.185,13.889,13.888,195.43,0.627,3.695,13.388,0.152,14.299,341.133,82.421,11.347,976.405,1.17465365,-9.425,-15.386,299.234,299.234
98.284,12.659,12.659,195.896,0.0,3.467,12.175,0.0,14.486,341.245,81.445,11.351,976.425,1.17391086,-2.802,-17.575,302.313,302.313
98.384,12.025,12.025,193.338,0.0,2.774,11.701,0.0,14.099,341.016,83.644,11.374,976.452,1.17551541,0.003,-17.165,303.614,303.614
98.484,11.382,11.368,190.11,2.842,1.996,11.192,0.564,13.858,340.872,84.835,11.352,976.43,1.17648625,7.615,-13.105,304.468,304.468
98.584,12.293,12.201,182.899,7.013,0.617,12.186,1.501,14.226,341.091,82.921,11.367,976.491,1.17504787,5.096,-9.202,303.223,303.223
98.684,11.084,11.083,187.109,0.946,1.372,10.998,0.183,14.425,341.209,81.815,11.359,976.551,1.17431104,18.598,-9.372,304.723,304.723
98.784,11.212,11.21,193.207,0.824,2.561,10.914,0.161,14.392,341.191,82.163,11.391,976.517,1.1743871,35.534,-11.469,306.898,306.898
98.884,10.374,10.374,190.014,0.0,1.804,10.216,0.0,14.586,341.305,80.987,11.363,976.571,1.17367458,11.744,-14.265,306.016,306.016
98.986,10.895,10.893,195.804,0.941,2.967,10.481,0.179,14.559,341.29,81.259,11.387,976.605,1.17381585,1.128,-13.146,303.028,303.028
99.086,10.347,10.346,192.617,0.753,2.26,10.096,0.136,14.261,341.112,82.752,11.372,976.639,1.17507863,1.473,-11.056,302.439,302.439
99.187,10.465,10.465,186.685,0.0,1.218,10.394,0.0,14.465,341.231,81.494,11.339,976.62,1.17423713,1.892,-8.9,302.804,302.804
99.287,10.238,10.227,184.072,2.597,0.726,10.202,0.464,14.436,341.215,81.754,11.359,976.666,1.17440343,2.932,-7.364,301.652,301.652
99.387,10.696,10.665,183.586,4.336,0.667,10.645,0.809,14.497,341.251,81.37,11.347,976.68,1.17417562,0.807,-8.597,302.084,302.084
99.487,11.371,11.36,185.635,2.505,1.116,11.305,0.497,14.509,341.259,81.392,11.363,976.698,1.17414248,3.502,-9.681,302.666,302.666
99.587,11.151,11.151,184.084,0.0,0.794,11.123,0.0,14.435,341.215,81.805,11.367,976.684,1.17442489,3.206,-9.211,303.232,303.232
99.689,11.649,11.617,184.708,4.223,0.953,11.578,0.858,14.276,341.12,82.565,11.352,976.66,1.17505193,2.608,-8.588,302.417,302.417
99.789,10.081,10.077,182.832,1.724,0.498,10.064,0.303,14.054,340.989,83.825,11.363,976.668,1.17596519,3.105,-9.164,302.928,302.928
99.889,10.228,10.228,182.003,0.0,0.358,10.222,0.0,14.007,340.961,84.083,11.363,976.737,1.17624295,4.331,-8.56,302.879,302.879
99.989,9.391,9.382,186.284,2.518,1.027,9.325,0.413,14.183,341.067,83.279,11.39,976.781,1.17556489,5.312,-13.365,304.139,304.139
100.09,10.318,10.307,186.183,2.696,1.11,10.247,0.485,14.925,341.505,79.149,11.347,976.793,1.17256629,9.761,-18.072,306.771,306.771
100.19,9.554,9.554,185.196,0.0,0.865,9.515,0.0,14.765,341.41,79.969,11.347,976.8,1.17322707,5.408,-13.036,304.344,304.344
100.29,10.45,10.439,184.75,2.683,0.864,10.403,0.489,14.61,341.317,80.777,11.347,976.823,1.17388868,5.814,-16.988,305.607,305.607
100.39,9.94,9.94,185.582,-0.006,0.967,9.893,-0.001,14.408,341.2,82.034,11.383,976.776,1.17463982,10.904,-5.627,303.631,303.631
100.49,10.259,10.259,187.126,0.237,1.273,10.179,0.042,14.286,341.126,82.536,11.356,976.739,1.17510545,171.241,-100.255,180.574,180.574
100.59,9.334,9.332,186.099,1.19,0.991,9.279,0.194,14.208,341.08,83.017,11.367,976.723,1.17540216,6.236,-47.533,320.078,320.078
100.69,8.994,8.994,196.774,0.578,2.595,8.611,0.091,14.402,341.194,81.868,11.347,976.728,1.17462146,14.904,-27.625,311.908,311.908
100.79,8.959,8.958,200.724,0.842,3.17,8.378,0.132,14.306,341.138,82.491,11.367,976.778,1.17506623,6.88,18.907,299.406,299.406
100.89,8.927,8.927,194.407,0.63,2.221,8.646,0.098,14.519,341.264,81.319,11.359,976.799,1.1742264,-7.722,-16.455,299.882,299.882
100.995,9.224,9.224,184.681,0.0,0.753,9.193,0.0,14.595,341.309,80.904,11.356,976.797,1.17391503,-2.969,-25.747,303.683,303.683
101.095,9.222,9.22,186.095,1.268,0.979,9.167,0.204,14.536,341.274,81.225,11.358,976.809,1.17416859,4.367,-31.332,309.566,309.566
101.195,9.328,9.317,186.289,2.708,1.021,9.261,0.441,14.608,341.317,80.806,11.351,976.836,1.17391002,-12.165,-24.253,298.018,298.018
101.295,9.514,9.512,196.396,0.902,2.685,9.126,0.15,14.575,341.297,81.007,11.356,976.821,1.17402422,5.83,-4.805,301.765,301.765
101.395,9.272,9.27,198.696,1.233,2.971,8.781,0.2,14.508,341.258,81.358,11.356,976.827,1.17430389,-8.099,-9.392,300.413,300.413
101.496,8.547,8.547,189.466,0.0,1.406,8.43,0.0,14.44,341.218,81.709,11.355,976.844,1.17460108,-16.119,-26.42,295.692,295.692
101.596,9.577,9.577,200.634,0.0,3.375,8.963,0.0,14.537,341.274,81.158,11.347,976.837,1.1742034,-2.035,-34.071,307.174,307.174
101.696,9.067,9.066,199.113,0.894,2.968,8.566,0.141,14.226,341.091,82.943,11.371,976.828,1.17545223,-0.095,-6.332,301.27,301.27
101.796,8.837,8.837,194.452,0.0,2.205,8.557,0.0,14.313,341.142,82.393,11.356,976.827,1.175102,1.017,-6.76,301.742,301.742
101.896,9.415,9.415,207.535,0.0,4.352,8.348,0.0,14.303,341.135,82.341,11.337,976.832,1.17515492,7.071,-16.161,304.377,304.377
101.996,8.384,8.384,201.929,0.0,3.131,7.778,0.0,14.35,341.162,82.002,11.321,976.844,1.17498386,2.761,-24.163,306.497,306.497
102.1,9.02,9.02,192.341,0.0,1.928,8.811,0.0,14.41,341.199,81.87,11.355,976.86,1.17474592,2.713,-26.358,307.149,307.149
102.197,9.591,9.579,190.933,2.865,1.817,9.405,0.479,14.31,341.14,82.357,11.347,976.838,1.1751312,5.631,-7.799,302.383,302.383
102.297,8.817,8.817,187.054,0.0,1.083,8.75,0.0,14.466,341.232,81.525,11.346,976.82,1.17447126,-0.696,1.04,301.426,301.426
102.397,8.546,8.546,191.622,0.0,1.722,8.371,0.0,14.66,341.348,80.602,11.363,976.857,1.17371809,-0.861,-11.297,302.359,302.359
102.497,7.52,7.52,186.093,0.0,0.798,7.478,0.0,14.314,341.143,82.403,11.359,976.906,1.17519188,4.752,-19.059,305.582,305.582
102.597,7.357,7.349,187.452,2.729,0.953,7.287,0.35,14.377,341.179,81.972,11.342,976.945,1.17498648,11.511,-32.082,314.458,314.458
102.697,6.103,6.103,189.696,0.0,1.028,6.016,0.0,14.631,341.33,80.614,11.337,976.975,1.17398727,7.201,22.355,300.886,300.886
102.797,6.627,6.538,187.146,9.38,0.813,6.487,1.08,14.415,341.202,81.755,11.339,977.012,1.17491293,1.794,25.887,301.751,301.751
102.897,6.625,6.617,184.156,2.87,0.48,6.599,0.332,14.488,341.246,81.457,11.355,977.026,1.17462718,-0.293,-8.894,302.773,302.773
102.997,6.757,6.757,188.078,0.0,0.949,6.69,0.0,14.739,341.395,80.215,11.368,977.015,1.17358434,-1.491,-18.233,303.881,303.881
103.097,7.611,7.611,188.638,0.0,1.143,7.525,0.0,14.742,341.397,80.219,11.371,977.011,1.17356491,-0.6,-3.764,302.254,302.254
103.197,7.599,7.599,190.427,0.0,1.375,7.473,0.0,14.743,341.397,80.196,11.368,977.008,1.17356122,0.632,9.376,300.905,300.905
103.299,8.074,8.066,193.825,2.558,1.927,7.832,0.36,14.601,341.313,80.865,11.355,976.994,1.17412698,-3.964,18.162,302.311,302.311
103.399,7.413,7.4,190.168,3.354,1.306,7.284,0.434,14.53,341.272,81.388,11.383,976.987,1.17439592,11.43,27.875,300.618,300.618
103.5,7.143,7.132,186.508,3.246,0.808,7.086,0.404,14.409,341.198,81.844,11.349,976.958,1.17487133,19.317,13.176,299.333,299.333
103.6,7.061,7.061,187.969,0.0,0.979,6.993,0.0,14.851,341.459,79.442,11.33,976.97,1.17308962,18.024,-18.434,310.356,310.356
103.7,7.133,7.13,191.738,1.52,1.451,6.981,0.189,14.86,341.466,79.484,11.347,976.984,1.17306447,17.69,-15.43,308.676,308.676
103.8,7.366,7.366,198.314,0.569,2.314,6.993,0.073,14.788,341.422,79.765,11.33,977.001,1.17338383,19.995,16.917,299.973,299.973
103.903,7.054,7.035,203.657,4.158,2.823,6.444,0.511,14.613,341.32,80.823,11.358,977.022,1.17411232,21.333,34.306,296.954,296.954
104.002,4.249,4.249,207.361,0.0,1.953,3.774,0.0,14.139,341.037,83.177,11.329,977.047,1.17609036,22.124,11.731,301.005,301.005
104.1,3.389,3.378,193.109,4.562,0.766,3.29,0.27,14.105,341.019,83.616,11.375,977.073,1.17624426,19.529,-21.58,311.546,311.546
104.2,3.256,3.256,173.823,-0.362,-0.35,3.237,-0.021,14.592,341.308,81.004,11.371,977.092,1.17427742,21.802,-15.999,309.88,309.88
104.3,3.666,3.655,168.94,4.353,-0.701,3.587,0.278,14.97,341.531,78.982,11.358,977.123,1.17277896,19.784,26.782,297.075,297.075
104.401,3.262,3.261,193.194,1.347,0.744,3.175,0.077,15.081,341.598,78.42,11.359,977.154,1.17236221,17.674,35.468,297.39,297.39
104.507,4.07,4.046,214.291,6.099,2.28,3.343,0.432,14.919,341.5,79.182,11.347,977.18,1.17306066,15.388,-13.745,308.89,308.89
104.601,3.453,3.339,232.804,14.796,2.66,2.019,0.882,14.467,341.233,81.569,11.355,977.198,1.17492139,12.885,-19.756,309.356,309.356
104.701,2.393,2.168,241.891,25.029,1.913,1.022,1.012,13.922,340.908,84.386,11.334,977.214,1.1771816,13.513,14.623,300.326,300.326
104.801,0.596,0.589,210.661,-8.696,0.301,0.507,-0.09,14.272,341.116,82.511,11.337,977.216,1.17574859,16.957,2.463,302.112,302.112
104.902,2.034,2.034,133.196,-0.92,-1.483,1.392,-0.033,15.176,341.652,77.834,11.337,977.218,1.17206299,14.007,-29.403,313.423,313.423
105.001,1.711,1.71,108.039,2.308,-1.626,0.529,0.069,15.276,341.711,77.324,11.335,977.212,1.17165029,16.818,-23.201,310.386,310.386
105.101,0.894,0.878,227.701,-10.708,0.65,0.591,-0.166,15.209,341.671,77.564,11.317,977.222,1.17193973,27.249,10.109,298.172,298.172
105.201,3.09,3.088,255.714,2.091,2.992,0.762,0.113,15.02,341.561,78.709,11.355,977.231,1.17270446,-2.432,-1.743,300.496,300.496
105.301,3.466,3.466,275.971,0.0,3.447,-0.361,0.0,14.337,341.153,82.032,11.313,977.24,1.17552054,-5.543,-35.36,304.322,304.322
105.404,2.654,2.642,289.787,5.482,2.486,-0.894,0.254,14.214,341.081,82.801,11.334,977.252,1.17602944,-3.177,-43.069,311.076,311.076
105.502,1.39,1.389,88.893,-2.685,-1.388,-0.027,-0.065,15.409,341.79,76.679,11.337,977.234,1.17113674,-4.395,-18.315,301.933,301.933
105.602,2.814,2.813,67.28,1.375,-2.595,-1.086,0.068,15.694,341.958,75.248,11.329,977.237,1.16998756,-3.564,15.279,300.907,300.907
105.702,0.817,0.75,92.241,-23.256,-0.75,0.029,-0.323,15.299,341.725,77.217,11.337,977.23,1.17157722,0.663,-26.209,305.993,305.993
105.803,1.562,1.56,233.865,-2.862,1.26,0.92,-0.078,15.146,341.635,78.007,11.342,977.249,1.17222095,-4.261,-44.774,310.597,310.597
105.903,1.724,1.724,270.979,0.0,1.724,-0.029,0.0,14.403,341.194,81.811,11.337,977.247,1.17525041,-10.175,-23.852,300.59,300.59
106.003,1.601,1.599,293.461,-2.853,1.467,-0.637,-0.08,13.958,340.93,84.202,11.337,977.223,1.17704213,-4.426,16.364,301.539,301.539
106.103,2.66,2.614,294.036,10.692,2.387,-1.065,0.494,14.147,341.042,83.158,11.333,977.244,1.17629492,-0.148,-21.399,303.378,303.378
106.203,1.435,1.426,91.632,-6.509,-1.425,0.041,-0.163,15.211,341.672,77.595,11.325,977.238,1.17194831,-3.938,-46.272,311.516,311.516
106.303,2.27,2.252,83.747,-7.183,-2.239,-0.245,-0.284,15.254,341.698,77.423,11.333,977.245,1.17177904,-5.411,-2.897,299.957,299.957
106.403,0.575,0.125,229.127,-77.472,0.094,0.082,-0.561,15.293,341.722,77.283,11.343,977.237,1.17160976,-5.478,12.528,300.301,300.301
106.503,2.002,2.0,249.049,-2.108,1.868,0.715,-0.074,15.14,341.631,78.036,11.342,977.24,1.17223358,-3.765,-30.928,305.173,305.173
106.603,1.449,1.432,270.358,8.964,1.432,-0.009,0.226,14.379,341.179,81.921,11.334,977.235,1.17533433,7.852,-30.422,311.625,311.625
106.707,1.91,1.901,309.22,-5.517,1.473,-1.202,-0.184,14.019,340.965,83.781,11.321,977.24,1.17681813,53.919,7.013,290.944,290.944
106.807,1.984,1.971,339.718,-6.578,0.683,-1.849,-0.227,14.254,341.105,82.539,11.325,977.236,1.17585063,53.844,6.103,293.657,293.657
106.907,2.546,2.545,53.105,1.651,-2.035,-1.528,0.073,15.416,341.794,76.557,11.321,977.248,1.17112994,-18.266,-24.065,296.116,296.116
107.007,1.8,1.564,48.987,-29.675,-1.18,-1.026,-0.891,15.279,341.712,77.181,11.31,977.245,1.17168844,-15.583,-25.364,296.59,296.59
107.109,1.426,1.423,243.357,-3.189,1.272,0.638,-0.079,15.408,341.789,76.631,11.327,977.231,1.17114234,-7.785,-12.664,300.448,300.448
107.209,2.593,2.591,262.881,2.18,2.571,0.321,0.099,15.033,341.566,78.467,11.321,977.236,1.17267334,-28.742,1.116,294.443,294.443
107.309,2.382,2.382,278.655,0.0,2.355,-0.358,0.0,14.396,341.189,81.81,11.33,977.237,1.17526889,-10.076,0.153,300.362,300.362
107.409,0.712,0.663,334.265,-21.486,0.288,-0.597,-0.261,14.293,341.128,82.355,11.33,977.238,1.17568851,176.024,-137.313,221.151,221.151
107.509,2.224,2.216,100.378,-4.723,-2.18,0.399,-0.183,15.492,341.839,76.236,11.33,977.239,1.17080891,-4.672,30.563,303.984,303.984
107.61,2.003,2.001,108.025,-2.808,-1.902,0.619,-0.098,15.408,341.789,76.665,11.334,977.222,1.1711266,-10.346,-18.497,301.477,301.477
107.71,0.696,0.668,132.068,-16.265,-0.496,0.448,-0.195,15.013,341.555,78.589,11.325,977.255,1.17277431,-15.256,-19.129,299.347,299.347
107.81,2.863,2.856,214.292,-3.974,1.609,2.359,-0.198,14.786,341.421,79.769,11.329,977.251,1.17369354,-4.33,12.952,302.098,302.098
107.91,2.723,2.721,246.692,2.165,2.499,1.077,0.103,14.294,341.129,82.351,11.33,977.233,1.17568016,-9.06,4.507,300.516,300.516
108.01,1.309,1.282,246.147,11.543,1.173,0.519,0.262,13.811,340.84,84.772,11.294,977.241,1.17768538,1.826,-15.409,303.938,303.938
108.112,1.229,1.156,133.775,-19.82,-0.835,0.8,-0.417,14.521,341.26,80.888,11.281,977.24,1.17478228,-7.31,-2.224,299.473,299.473
108.219,1.986,1.954,110.531,-10.27,-1.83,0.685,-0.354,14.824,341.443,79.529,11.321,977.257,1.17354798,42.262,6.459,296.441,296.441
108.31,0.885,0.876,67.367,-7.884,-0.809,-0.337,-0.121,15.108,341.611,78.111,11.325,977.257,1.1723907,-4.354,-1.94,301.182,301.182
108.41,1.668,1.628,236.716,-12.483,1.361,0.894,-0.36,15.092,341.602,78.22,11.33,977.247,1.17244422,-6.82,-15.552,301.948,301.948
108.51,2.574,2.574,265.652,0.0,2.567,0.195,0.0,14.772,341.412,79.822,11.325,977.251,1.17375386,9.785,-10.288,305.312,305.312
108.611,3.341,3.341,283.745,0.0,3.245,-0.794,0.0,14.171,341.055,82.895,11.309,977.248,1.17620993,-4.69,-6.254,301.264,301.264
108.711,2.502,2.487,291.795,6.375,2.309,-0.923,0.278,14.261,341.109,82.487,11.322,977.243,1.17583239,-9.422,-0.744,300.221,300.221
108.812,0.793,0.791,24.173,3.944,-0.324,-0.722,0.055,15.154,341.638,77.821,11.314,977.244,1.17219305,4.066,-8.933,303.408,303.408
108.912,1.8,1.792,67.313,-5.38,-1.653,-0.691,-0.169,15.31,341.729,76.899,11.285,977.236,1.17156041,-3.969,-17.031,302.694,302.694
109.012,0.871,0.598,245.617,-46.68,0.544,0.247,-0.634,15.249,341.694,77.326,11.309,977.263,1.17183256,0.38,-1.643,301.501,301.501
109.113,3.187,3.187,251.691,-0.668,3.026,1.001,-0.037,15.227,341.68,77.355,11.294,977.264,1.17192757,-1.023,2.774,300.907,300.907
109.215,3.591,3.591,274.877,0.0,3.578,-0.305,0.0,14.486,341.242,81.294,11.322,977.257,1.17492807,-2.605,-20.424,303.409,303.409
109.316,3.826,3.826,287.878,1.171,3.641,-1.174,0.078,13.97,340.935,84.008,11.314,977.262,1.17704916,-7.264,-18.75,300.818,300.818
109.416,3.055,3.048,296.073,3.955,2.737,-1.339,0.211,14.096,341.009,83.15,11.282,977.25,1.17652893,-6.948,8.575,300.336,300.336
109.516,0.758,0.671,67.059,-27.641,-0.618,-0.262,-0.351,15.071,341.587,78.137,11.294,977.265,1.17256391,-15.475,-8.478,297.841,297.841
109.616,0.876,0.845,64.794,-15.271,-0.765,-0.36,-0.231,15.217,341.674,77.469,11.306,977.265,1.17196834,-8.648,-30.13,302.772,302.772
109.716,1.747,1.672,234.552,-16.843,1.362,0.97,-0.506,15.197,341.663,77.593,11.311,977.27,1.17205143,-14.921,-6.606,297.428,297.428
109.816,3.48,3.477,257.45,2.272,3.394,0.756,0.138,14.782,341.416,79.543,11.282,977.27,1.173751,-7.4,15.186,302.28,302.28
109.916,3.658,3.658,278.115,0.0,3.622,-0.516,0.0,14.07,340.993,83.263,11.278,977.248,1.17663479,2.425,-21.498,305.591,305.591
110.017,3.24,3.235,290.705,2.942,3.026,-1.144,0.166,13.897,340.89,84.185,11.274,977.281,1.17738831,-1.77,-27.135,305.001,305.001
110.117,0.367,0.355,16.534,-14.385,-0.101,-0.341,-0.091,14.915,341.495,78.901,11.29,977.271,1.1732074,-4.054,8.481,301.177,301.177
110.219,1.567,1.556,60.953,-6.746,-1.361,-0.756,-0.184,15.113,341.611,77.796,11.269,977.267,1.17240405,-3.978,0.562,300.294,300.294
110.319,0.948,0.918,228.414,-14.517,0.686,0.609,-0.238,15.115,341.614,77.937,11.298,977.282,1.17240274,-10.451,-28.091,301.1,301.1
110.419,3.096,3.093,243.7,-2.567,2.773,1.371,-0.139,15.209,341.669,77.488,11.302,977.292,1.17203403,2.01,-15.28,304.463,304.463
110.519,3.275,3.273,265.222,1.93,3.261,0.273,0.11,14.645,341.335,80.313,11.294,977.252,1.17428601,-2.791,9.936,302.358,302.358
110.62,3.263,3.261,282.856,2.118,3.179,-0.725,0.121,14.078,340.998,83.219,11.278,977.283,1.17664444,-5.913,-18.699,300.46,300.46
110.721,1.273,1.248,297.685,-11.272,1.106,-0.58,-0.249,14.445,341.217,81.375,11.298,977.273,1.17512465,-8.386,-21.064,301.587,301.587
110.82,0.87,0.87,88.641,0.0,-0.87,-0.021,0.0,15.287,341.715,77.06,11.294,977.282,1.17170787,-8.428,8.362,300.031,300.031
110.92,0.662,0.604,70.126,-24.127,-0.568,-0.205,-0.27,15.306,341.726,76.92,11.285,977.266,1.17161417,1.086,2.92,300.774,300.774
111.02,2.418,2.328,226.299,-15.669,1.683,1.608,-0.653,15.319,341.735,77.003,11.314,977.268,1.17155349,-10.382,-18.713,300.547,300.547
111.121,3.55,3.55,252.773,0.0,3.391,1.051,0.0,15.143,341.63,77.774,11.294,977.262,1.17226636,-7.748,-11.468,299.627,299.627
111.222,3.592,3.592,273.485,0.0,3.585,-0.218,0.0,14.396,341.187,81.617,11.294,977.274,1.17532957,-5.551,1.445,300.12,300.12
111.321,1.846,1.837,285.004,5.694,1.774,-0.476,0.183,14.148,341.04,82.894,11.287,977.267,1.17633569,-12.874,-0.861,299.174,299.174
111.421,0.319,0.319,79.318,0.0,-0.314,-0.059,0.0,15.258,341.699,77.242,11.302,977.268,1.17180383,-4.279,-12.273,301.913,301.913
111.521,1.614,1.592,61.739,9.501,-1.402,-0.754,0.266,15.339,341.746,76.803,11.294,977.272,1.17148352,-2.145,-9.388,301.62,301.62
111.621,0.455,0.401,258.558,-28.232,0.393,0.08,-0.215,15.184,341.654,77.49,11.279,977.281,1.17212832,-1.985,-0.197,301.587,301.587
111.722,2.94,2.932,244.892,-4.147,2.655,1.244,-0.213,15.067,341.583,78.01,11.266,977.278,1.17260647,-5.342,-1.726,301.925,301.925
111.823,3.774,3.748,258.795,6.719,3.677,0.728,0.442,14.57,341.289,80.57,11.269,977.262,1.17461348,-9.397,-8.656,300.139,300.139
111.923,2.832,2.832,275.573,0.0,2.818,-0.275,0.0,13.908,340.897,84.199,11.287,977.264,1.17731762,-3.649,-7.493,301.102,301.102
112.023,2.758,2.758,285.341,0.0,2.66,-0.73,0.0,13.868,340.872,84.317,11.269,977.284,1.17751086,-1.542,2.243,301.47,301.47
112.123,0.547,0.536,93.106,-11.448,-0.535,0.029,-0.109,14.906,341.488,78.892,11.279,977.285,1.17326736,-10.232,-1.886,300.931,300.931
112.223,0.971,0.952,72.1,11.567,-0.906,-0.292,0.195,15.025,341.563,78.575,11.334,977.267,1.17273724,-7.228,-15.814,302.278,302.278
112.326,2.035,1.132,235.937,-56.202,0.938,0.634,-1.691,15.168,341.643,77.523,11.269,977.269,1.17218471,-2.72,-9.371,303.443,303.443
112.426,3.331,3.33,244.782,1.442,3.013,1.419,0.084,15.049,341.573,78.143,11.274,977.271,1.17266965,-5.812,6.546,301.026,301.026
112.526,3.253,3.241,259.037,4.905,3.182,0.616,0.278,14.344,341.155,81.754,11.269,977.268,1.17554212,-8.677,-5.879,300.125,300.125
112.626,1.901,1.901,273.035,0.0,1.899,-0.101,0.0,14.017,340.96,83.459,11.261,977.265,1.17688096,-5.593,-19.173,302.302,302.302
112.726,0.672,0.59,112.336,-28.451,-0.546,0.224,-0.32,14.756,341.4,79.72,11.29,977.272,1.17385924,-3.42,-0.989,300.888,300.888
112.828,1.574,1.566,116.849,-5.736,-1.397,0.707,-0.157,15.308,341.726,76.803,11.264,977.265,1.17161167,-7.455,7.272,300.615,300.615
112.927,1.235,1.182,177.656,-16.87,-0.048,1.181,-0.358,15.284,341.713,77.054,11.29,977.276,1.17171264,-7.681,-16.334,301.091,301.091
113.027,2.981,2.978,225.852,-2.485,2.137,2.074,-0.129,15.333,341.742,76.814,11.29,977.26,1.17149603,-2.922,-17.408,303.275,303.275
113.127,3.249,3.247,250.519,1.872,3.062,1.083,0.106,14.833,341.447,79.425,11.309,977.27,1.17353427,-5.487,3.554,301.709,301.709
113.227,2.726,2.681,259.091,10.437,2.632,0.507,0.494,14.08,340.999,83.189,11.274,977.271,1.17662513,-8.569,-10.992,299.08,299.08
113.327,0.77,0.732,270.363,18.221,0.732,-0.005,0.241,14.128,341.026,82.88,11.264,977.275,1.17643702,-4.537,-22.074,302.532,302.532
113.429,2.003,1.995,123.465,-5.106,-1.664,1.1,-0.178,15.089,341.597,77.913,11.269,977.277,1.17251432,-6.151,-5.237,300.893,300.893
113.529,1.664,1.664,119.53,0.656,-1.447,0.82,0.019,15.071,341.588,78.136,11.294,977.264,1.17256272,-5.417,-0.874,300.891,300.891
113.629,1.402,1.333,197.694,-17.953,0.405,1.27,-0.432,14.967,341.526,78.654,11.292,977.262,1.1729846,-8.585,-17.225,299.731,299.731
113.729,2.953,2.948,228.815,3.489,2.218,1.941,0.18,14.828,341.442,79.285,11.278,977.271,1.17357004,3.46,-14.581,305.313,305.313
113.829,2.961,2.957,252.308,2.927,2.817,0.899,0.151,14.166,341.051,82.883,11.302,977.264,1.17625368,-8.799,1.669,300.987,300.987
113.931,1.716,1.716,267.047,0.0,1.714,0.088,0.0,13.868,340.872,84.338,11.273,977.271,1.17749631,-5.023,-10.174,300.518,300.518
114.031,0.952,0.742,132.619,-38.826,-0.546,0.502,-0.597,14.499,341.247,80.963,11.274,977.284,1.17492688,-2.95,-16.782,303.628,303.628
114.131,2.069,2.024,116.665,-11.973,-1.808,0.908,-0.429,15.085,341.595,78.022,11.285,977.253,1.17249775,-8.151,-9.707,300.369,300.369
114.231,1.271,1.269,120.164,-3.238,-1.097,0.637,-0.072,15.098,341.603,77.954,11.285,977.262,1.1724534,-0.723,-5.604,301.752,301.752
114.331,2.442,2.421,215.449,-7.477,1.404,1.972,-0.318,15.029,341.562,78.278,11.281,977.266,1.17274034,-3.406,-12.041,303.088,303.088
114.431,3.114,3.098,241.565,5.785,2.724,1.475,0.314,14.724,341.38,79.708,11.257,977.267,1.1739949,-5.428,-11.665,301.137,301.137
114.531,2.338,2.32,253.611,7.142,2.226,0.655,0.291,14.049,340.981,83.463,11.292,977.255,1.17672694,-3.666,-6.737,302.083,302.083
114.632,0.54,0.491,231.917,-24.586,0.386,0.303,-0.225,14.233,341.088,82.232,11.249,977.278,1.17601645,-7.739,-7.365,299.189,299.189
114.732,1.96,1.955,123.247,-3.98,-1.635,1.072,-0.136,15.058,341.579,78.154,11.285,977.257,1.17260897,13.844,-6.826,304.373,304.373
114.832,2.026,2.009,94.806,-7.394,-2.002,0.168,-0.261,15.18,341.652,77.544,11.285,977.265,1.17212415,21.79,-7.853,305.587,305.587
114.932,1.407,1.385,50.989,-10.21,-1.076,-0.872,-0.249,15.129,341.622,77.826,11.29,977.262,1.17232716,43.663,-5.018,303.028,303.028
115.032,1.368,1.326,307.765,14.131,1.048,-0.812,0.334,14.987,341.537,78.513,11.285,977.261,1.17290378,37.15,-0.089,300.912,300.912
115.132,2.893,2.839,295.847,11.121,2.555,-1.238,0.558,14.493,341.244,81.016,11.278,977.262,1.17492425,4.979,-6.908,304.107,304.107
115.232,2.652,2.632,311.251,7.038,1.979,-1.736,0.325,14.128,341.028,82.969,11.281,977.279,1.17643356,33.769,-6.664,305.37,305.37
115.332,2.097,2.097,349.737,0.0,0.374,-2.063,0.0,14.567,341.287,80.631,11.278,977.274,1.17463839,-5.738,0.472,300.905,300.905
115.432,2.411,2.406,36.31,-3.671,-1.424,-1.939,-0.154,15.164,341.641,77.584,11.277,977.271,1.17220163,-29.394,3.333,295.599,295.599
115.532,2.171,2.136,38.21,-10.26,-1.321,-1.679,-0.387,14.963,341.522,78.572,11.273,977.279,1.17303145,-2.509,-12.728,301.145,301.145
115.632,1.829,1.828,348.005,0.957,0.38,-1.788,0.031,14.987,341.537,78.538,11.29,977.264,1.17290795,4.824,-10.127,304.411,304.411
115.732,3.25,3.229,308.889,6.512,2.514,-2.027,0.369,14.663,341.345,80.102,11.273,977.245,1.17420936,9.3,8.8,301.375,301.375
115.832,3.779,3.772,304.109,3.566,3.123,-2.115,0.235,14.057,340.985,83.378,11.285,977.274,1.17671847,-18.176,-2.999,297.176,297.176
115.932,2.93,2.916,316.858,-5.459,1.994,-2.128,-0.279,13.97,340.935,83.888,11.292,977.265,1.17706013,-23.859,-16.197,291.859,291.859
116.032,1.933,1.93,4.019,-3.093,-0.135,-1.925,-0.104,14.711,341.371,79.749,11.252,977.258,1.17404187,5.103,-15.645,305.665,305.665
116.133,2.511,2.494,40.921,-6.696,-1.633,-1.884,-0.293,15.14,341.628,77.781,11.292,977.252,1.17226756,-14.256,13.356,301.33,301.33
116.233,1.513,1.469,23.76,-13.985,-0.592,-1.344,-0.366,15.155,341.636,77.63,11.278,977.251,1.17221165,-1.545,-2.63,302.475,302.475
116.333,1.806,1.801,301.195,4.206,1.54,-0.933,0.132,15.115,341.613,77.848,11.281,977.274,1.17240131,0.976,-17.569,304.548,304.548
116.433,3.286,3.269,302.149,5.851,2.767,-1.739,0.335,14.584,341.298,80.58,11.285,977.267,1.17455423,-0.616,-9.709,302.319,302.319
116.533,3.061,3.043,304.811,6.171,2.499,-1.737,0.329,14.112,341.017,82.988,11.269,977.27,1.17649448,-3.06,6.783,301.028,301.028
116.633,2.481,2.48,326.232,1.34,1.378,-2.062,0.058,14.39,341.181,81.418,11.252,977.262,1.17535591,-3.44,-1.174,300.811,300.811
116.733,2.142,2.016,41.834,-19.706,-1.345,-1.502,-0.722,15.385,341.773,76.558,11.29,977.283,1.17131305,0.09,-17.322,303.717,303.717
116.833,2.488,2.377,50.757,-17.124,-1.841,-1.504,-0.732,15.314,341.731,76.904,11.29,977.284,1.17160285,-12.415,-2.973,299.697,299.697
116.933,0.942,0.92,21.182,-12.465,-0.332,-0.857,-0.203,15.306,341.727,76.965,11.294,977.272,1.17161739,-2.918,6.22,302.305,302.305
117.033,2.306,2.239,296.872,13.793,1.997,-1.012,0.55,15.036,341.566,78.265,11.285,977.295,1.17274404,-0.375,-13.52,302.415,302.415
117.133,3.184,3.167,295.272,5.825,2.864,-1.352,0.323,14.357,341.163,81.702,11.273,977.296,1.17552114,-4.966,-14.216,302.348,302.348
117.233,2.85,2.825,314.669,7.673,2.009,-1.986,0.381,14.232,341.09,82.476,11.292,977.283,1.17600906,-1.639,4.936,300.37,300.37
117.333,2.171,2.171,1.25,0.007,-0.047,-2.17,0.0,14.772,341.408,79.433,11.252,977.289,1.17382658,-3.531,-3.216,300.889,300.889
117.433,2.537,2.537,20.974,0.0,-0.908,-2.369,0.0,15.234,341.684,77.3,11.29,977.292,1.17193687,-0.58,-20.25,304.444,304.444
117.533,2.014,2.013,35.644,-1.939,-1.173,-1.636,-0.068,15.004,341.547,78.408,11.281,977.293,1.17287767,3.532,-9.256,302.341,302.341
117.633,1.198,1.197,289.754,-2.111,1.127,-0.405,-0.044,14.982,341.534,78.58,11.292,977.277,1.17294419,-5.694,5.789,300.745,300.745
117.734,3.286,3.286,287.138,-0.052,3.14,-0.968,-0.003,14.515,341.257,80.894,11.277,977.283,1.17485714,3.956,-10.278,303.68,303.68
117.834,3.593,3.574,291.295,-5.918,3.33,-1.298,-0.37,14.011,340.958,83.623,11.284,977.285,1.17692244,3.29,-18.811,305.898,305.898
117.934,2.808,2.808,300.03,-1.062,2.431,-1.405,-0.052,13.968,340.933,83.955,11.302,977.302,1.17711198,0.348,-8.71,302.19,302.19
118.034,0.828,0.799,0.786,-15.082,-0.011,-0.799,-0.215,14.776,341.411,79.546,11.277,977.3,1.17381489,3.479,-0.871,301.743,301.743
118.134,1.78,1.76,47.559,-8.706,-1.299,-1.187,-0.269,15.142,341.629,77.775,11.292,977.28,1.17229617,12.18,-8.885,304.487,304.487
118.234,1.407,1.393,175.406,-8.218,-0.112,1.389,-0.201,15.271,341.704,77.008,11.269,977.301,1.17180467,11.8,-12.798,306.042,306.042
118.334,2.582,2.58,279.874,1.909,2.542,-0.442,0.086,14.999,341.545,78.558,11.305,977.323,1.17292392,-6.443,-7.544,301.098,301.098
118.434,4.645,4.637,299.003,3.213,4.056,-2.248,0.26,14.363,341.168,81.827,11.301,977.3,1.17549109,-3.678,-2.22,302.005,302.005
118.534,4.142,4.141,309.591,0.523,3.191,-2.639,0.038,14.061,340.989,83.449,11.302,977.309,1.17673934,-16.52,-10.697,297.815,297.815
118.634,2.61,2.609,335.379,-1.41,1.087,-2.372,-0.064,14.588,341.3,80.555,11.284,977.319,1.17460179,-15.738,-11.229,297.31,297.31
118.734,2.714,2.714,0.306,-1.052,-0.015,-2.713,-0.05,15.078,341.591,78.07,11.288,977.291,1.17256737,26.824,-2.373,303.362,303.362
118.834,2.687,2.685,356.26,2.085,0.175,-2.679,0.098,15.2,341.663,77.465,11.288,977.271,1.17205083,-4.946,-6.611,301.02,301.02
118.934,3.088,3.071,321.179,6.123,1.925,-2.392,0.329,14.944,341.512,78.829,11.303,977.277,1.17309344,-8.879,-15.495,299.741,299.741
119.034,4.224,4.199,305.475,6.156,3.42,-2.437,0.453,14.716,341.377,79.928,11.291,977.271,1.17401695,-10.376,-6.969,299.472,299.472
119.134,4.379,4.371,304.758,3.513,3.591,-2.492,0.268,14.171,341.053,82.737,11.28,977.279,1.17625916,2.868,-0.011,301.571,301.571
119.235,3.495,3.47,317.727,-6.858,2.334,-2.568,-0.417,14.102,341.013,83.17,11.292,977.28,1.17653811,-5.531,-11.843,302.161,302.161
119.335,2.749,2.747,351.41,-2.55,0.41,-2.716,-0.122,14.716,341.377,79.916,11.288,977.287,1.17403924,-15.758,-14.872,297.614,297.614
119.435,2.191,2.16,19.473,-9.67,-0.72,-2.037,-0.368,14.92,341.498,78.933,11.3,977.282,1.1731981,1.889,-3.904,302.297,302.297
119.535,1.499,1.495,322.986,4.445,0.9,-1.194,0.116,15.042,341.571,78.338,11.305,977.287,1.1727035,-6.678,2.683,300.47,300.47
119.635,2.963,2.963,293.473,-0.351,2.718,-1.18,-0.018,14.865,341.466,79.209,11.3,977.289,1.17342746,-14.706,-10.98,298.015,298.015
119.735,3.786,3.784,294.856,2.144,3.433,-1.59,0.142,14.32,341.142,81.961,11.284,977.293,1.17566419,-3.752,-17.898,303.645,303.645
119.835,3.574,3.572,299.131,-1.891,3.12,-1.739,-0.118,14.123,341.025,83.08,11.296,977.281,1.17645311,5.539,-4.553,302.628,302.628
119.935,2.075,2.074,329.146,1.788,1.064,-1.781,0.065,14.723,341.383,80.045,11.32,977.299,1.17401159,-1.405,2.188,301.561,301.561
120.035,2.292,2.284,12.21,-4.751,-0.483,-2.232,-0.19,15.262,341.702,77.305,11.318,977.317,1.17184103,-3.186,-12.929,302.701,302.701
120.136,1.722,1.663,17.923,-15.0,-0.512,-1.582,-0.446,15.108,341.609,77.913,11.287,977.314,1.17247581,-1.525,-16.458,303.459,303.459
120.236,1.893,1.891,302.607,2.433,1.593,-1.019,0.08,15.066,341.585,78.186,11.298,977.295,1.1726203,-3.784,-3.808,300.992,300.992
120.336,4.103,4.091,300.287,4.478,3.533,-2.063,0.32,14.814,341.436,79.49,11.303,977.29,1.17363667,-4.431,-3.746,300.97,300.97
120.436,4.454,4.449,300.908,2.816,3.817,-2.285,0.219,14.144,341.038,83.039,11.308,977.312,1.17640126,-3.572,-16.531,302.12,302.12
120.536,3.27,3.204,314.295,-11.489,2.293,-2.238,-0.651,14.22,341.084,82.648,11.312,977.286,1.1760534,6.436,-15.201,304.504,304.504
120.636,2.501,2.491,344.621,-5.035,0.661,-2.402,-0.219,15.072,341.589,78.222,11.312,977.301,1.17259598,10.423,-1.635,302.025,302.025
120.736,1.876,1.869,354.161,-4.666,0.19,-1.86,-0.153,15.112,341.612,77.915,11.291,977.286,1.17242277,-2.46,-8.492,301.807,301.807
120.836,2.12,2.115,323.759,4.174,1.25,-1.705,0.154,15.022,341.561,78.582,11.332,977.285,1.17277157,7.179,-15.734,305.231,305.231
120.936,3.746,3.664,311.703,11.964,2.736,-2.438,0.777,14.979,341.533,78.645,11.302,977.284,1.17295885,1.79,-10.24,302.274,302.274
121.036,5.222,5.185,298.675,6.782,4.55,-2.488,0.617,14.494,341.245,81.081,11.291,977.286,1.17494226,-11.452,-4.767,299.341,299.341
121.136,4.787,4.768,302.693,5.111,4.012,-2.575,0.426,14.013,340.96,83.712,11.302,977.304,1.17693019,-4.952,-9.082,300.672,300.672
121.236,3.267,3.26,318.897,-3.752,2.143,-2.456,-0.214,14.532,341.268,80.924,11.298,977.305,1.1748085,3.75,-15.702,304.115,304.115
121.337,2.536,2.536,334.309,0.0,1.099,-2.285,0.0,14.924,341.501,78.949,11.307,977.318,1.17322171,-4.747,-9.54,301.165,301.165
121.437,2.446,2.439,336.681,4.357,0.965,-2.24,0.186,15.107,341.61,78.088,11.319,977.289,1.17243791,-9.686,-6.347,299.854,299.854
121.537,2.924,2.839,299.701,13.859,2.466,-1.406,0.7,14.779,341.415,79.669,11.303,977.316,1.17381048,-2.059,-13.074,302.667,302.667
121.637,4.319,4.251,296.644,10.21,3.8,-1.906,0.766,14.714,341.375,79.887,11.282,977.318,1.17408609,-2.665,-10.805,302.142,302.142
121.737,4.356,4.35,298.272,2.906,3.831,-2.061,0.221,14.001,340.954,83.797,11.307,977.313,1.17698503,-5.655,-8.395,301.238,301.238
121.837,4.124,4.112,296.194,4.438,3.689,-1.815,0.319,14.002,340.955,83.82,11.312,977.324,1.17699182,-10.05,-10.142,299.079,299.079
121.937,2.426,2.378,319.196,11.428,1.554,-1.8,0.481,14.407,341.196,81.763,11.332,977.33,1.1753341,4.131,-8.337,303.307,303.307
122.037,2.221,2.19,10.253,-9.601,-0.39,-2.155,-0.37,14.922,341.5,78.999,11.315,977.298,1.17320192,20.271,-8.749,305.156,305.156
122.137,1.673,1.65,1.917,-9.542,-0.055,-1.649,-0.277,14.823,341.44,79.36,11.288,977.297,1.17361414,17.42,-9.993,305.21,305.21
122.237,2.287,2.285,307.432,-2.574,1.814,-1.389,-0.103,14.836,341.45,79.453,11.318,977.301,1.17355359,6.725,-7.324,303.343,303.343
122.337,3.195,3.195,294.287,1.0,2.912,-1.314,0.056,14.361,341.169,82.047,11.34,977.305,1.17548954,-4.105,-3.433,300.771,300.771
122.437,3.132,3.132,301.273,-1.063,2.677,-1.626,-0.058,14.065,340.992,83.521,11.319,977.323,1.17673051,-5.584,-8.454,299.898,299.898
122.537,2.318,2.307,311.895,-5.368,1.718,-1.541,-0.217,14.232,341.09,82.509,11.298,977.304,1.17603374,-11.648,-9.005,299.1,299.1
122.638,1.091,1.053,16.952,-15.305,-0.307,-1.007,-0.288,14.915,341.496,79.01,11.31,977.296,1.17323148,0.599,-3.236,301.804,301.804
122.738,1.386,1.305,20.233,-19.678,-0.451,-1.225,-0.467,15.035,341.567,78.446,11.318,977.292,1.17273557,0.837,-5.6,302.61,302.61
122.838,1.577,1.411,322.276,-26.488,0.863,-1.116,-0.703,14.916,341.497,79.05,11.319,977.302,1.17322791,-1.333,-8.368,301.822,301.822
122.938,3.205,3.202,299.981,2.456,2.773,-1.6,0.137,14.709,341.376,80.237,11.342,977.286,1.17404401,3.956,-7.664,303.487,303.487
123.038,3.847,3.841,299.432,3.115,3.345,-1.888,0.209,14.226,341.088,82.722,11.331,977.314,1.17605877,-3.859,-2.934,300.824,300.824
123.138,3.836,3.828,301.68,-3.554,3.258,-2.011,-0.238,13.932,340.915,84.36,11.34,977.283,1.17721891,-3.956,-3.069,301.552,301.552
123.238,2.962,2.961,335.527,1.67,1.227,-2.695,0.086,14.869,341.47,79.368,11.334,977.282,1.17339075,-3.603,-7.44,301.301,301.301
123.338,2.447,2.443,340.141,-3.246,0.83,-2.298,-0.139,14.651,341.341,80.564,11.347,977.29,1.17428517,-0.51,-8.648,302.665,302.665
123.438,2.134,2.134,343.251,-0.171,0.615,-2.044,-0.006,14.726,341.385,80.105,11.334,977.283,1.17397618,8.269,-4.302,303.367,303.367
123.538,3.088,3.08,322.072,4.186,1.893,-2.43,0.225,14.53,341.269,81.125,11.334,977.292,1.17478621,9.239,-2.951,303.267,303.267
123.638,3.438,3.437,309.63,1.332,2.647,-2.192,0.08,14.189,341.065,82.801,11.31,977.274,1.17616725,-0.856,-7.025,302.132,302.132
123.738,3.165,3.094,313.397,-12.196,2.248,-2.125,-0.669,13.733,340.796,85.411,11.331,977.268,1.17802358,-13.186,-9.465,298.224,298.224
123.838,3.028,2.951,335.659,-12.945,1.216,-2.688,-0.678,14.045,340.981,83.738,11.338,977.258,1.17672884,-4.553,-8.12,300.686,300.686
123.939,2.54,2.457,357.013,-14.702,0.128,-2.454,-0.645,14.568,341.292,80.901,11.33,977.235,1.17456126,18.098,-2.605,304.182,304.182
124.039,2.795,2.662,7.179,-17.74,-0.333,-2.641,-0.852,14.636,341.332,80.548,11.33,977.235,1.17428577,16.669,-6.67,304.149,304.149
124.139,2.088,2.062,349.5,-9.038,0.376,-2.027,-0.328,14.715,341.378,80.148,11.331,977.248,1.17398059,-0.382,-14.177,303.337,303.337
124.239,2.698,2.691,327.302,-4.105,1.454,-2.264,-0.193,14.433,341.21,81.504,11.31,977.247,1.17513788,2.618,-9.258,302.747,302.747
124.339,3.296,3.288,317.746,-3.89,2.211,-2.434,-0.224,14.233,341.093,82.7,11.334,977.24,1.17593932,25.269,-2.88,302.356,302.356
124.439,3.599,3.55,321.6,-9.469,2.205,-2.782,-0.592,14.027,340.972,83.906,11.351,977.236,1.17676795,-7.882,-12.956,300.377,300.377
124.539,2.848,2.801,353.093,-10.414,0.337,-2.78,-0.515,14.579,341.297,80.738,11.31,977.233,1.1745224,-10.268,-16.968,300.528,300.528
124.639,2.914,2.827,22.738,-14.007,-1.093,-2.607,-0.705,14.82,341.441,79.605,11.331,977.233,1.1735332,-0.031,-9.337,302.916,302.916
124.739,2.739,2.44,4.98,-27.029,-0.212,-2.431,-1.245,14.627,341.326,80.561,11.323,977.239,1.17433047,3.923,-8.387,303.614,303.614
124.839,2.551,2.548,332.237,-2.521,1.187,-2.255,-0.112,14.643,341.336,80.534,11.334,977.233,1.17425346,4.279,-11.739,302.513,302.513
124.939,4.001,3.995,324.992,3.203,2.292,-3.272,0.224,14.363,341.17,82.012,11.335,977.248,1.17541265,-0.28,-15.65,302.693,302.693
125.039,4.086,4.086,320.838,-0.9,2.58,-3.168,-0.064,14.143,341.041,83.276,11.351,977.236,1.17629182,3.803,-12.266,303.728,303.728
125.14,3.484,3.483,340.472,0.969,1.164,-3.283,0.059,14.315,341.141,82.238,11.33,977.233,1.17559505,1.825,-8.434,302.472,302.472
125.24,3.369,3.368,357.695,1.007,0.135,-3.366,0.059,14.798,341.428,79.72,11.331,977.245,1.17363858,-9.123,-14.933,299.193,299.193
125.34,3.117,3.107,17.473,-4.657,-0.933,-2.964,-0.253,14.588,341.302,80.652,11.303,977.224,1.17447901,-0.505,-11.147,302.366,302.366
125.44,2.831,2.831,1.033,-1.301,-0.051,-2.83,-0.064,14.539,341.273,80.909,11.303,977.242,1.17470193,5.406,-10.17,303.595,303.595
125.54,2.905,2.902,329.622,-2.711,1.468,-2.504,-0.137,14.329,341.148,82.035,11.306,977.217,1.17552662,-4.08,-10.199,300.273,300.273
125.64,3.162,3.146,324.658,-5.687,1.82,-2.566,-0.313,13.946,340.923,84.299,11.342,977.226,1.17709231,-1.163,-16.46,304.233,304.233
125.74,3.197,3.152,329.867,-9.612,1.583,-2.726,-0.534,13.772,340.818,85.095,11.314,977.22,1.17780948,2.462,-11.34,303.092,303.092
125.84,2.973,2.934,350.384,-9.305,0.49,-2.893,-0.481,14.288,341.125,82.43,11.338,977.208,1.17567372,1.34,-3.232,301.254,301.254
125.94,3.055,2.971,353.641,-13.403,0.329,-2.953,-0.708,14.578,341.298,80.942,11.346,977.221,1.17450094,-3.703,-6.785,301.403,301.403
126.04,2.581,2.534,1.594,-10.941,-0.07,-2.533,-0.49,14.731,341.387,79.974,11.314,977.204,1.17386746,-2.561,-12.796,302.106,302.106
126.14,2.441,2.394,355.066,-11.211,0.206,-2.386,-0.475,14.554,341.283,80.933,11.322,977.206,1.1745888,6.694,-15.1,304.984,304.984
126.24,3.57,3.561,315.193,-4.136,2.51,-2.527,-0.258,14.469,341.234,81.498,11.344,977.202,1.17492056,-0.391,-4.249,301.336,301.336
126.34,4.22,4.207,310.996,-4.518,3.175,-2.76,-0.332,14.062,340.99,83.533,11.318,977.209,1.17660606,-0.134,-5.701,302.702,302.702
126.441,3.732,3.729,323.451,-2.185,2.221,-2.996,-0.142,14.113,341.021,83.295,11.325,977.213,1.17639732,0.466,-4.525,301.296,301.296
126.541,3.202,3.201,342.639,0.489,0.955,-3.056,0.027,14.648,341.337,80.383,11.31,977.214,1.17422152,-9.864,-5.744,298.808,298.808
126.641,2.535,2.535,352.995,-0.838,0.309,-2.516,-0.037,14.885,341.48,79.311,11.338,977.24,1.17327476,-20.291,-7.128,296.113,296.113
126.741,2.324,2.324,326.177,0.37,1.294,-1.931,0.015,14.825,341.444,79.627,11.34,977.252,1.17353308,-8.003,-2.822,300.366,300.366
126.841,3.517,3.507,307.812,4.28,2.771,-2.15,0.262,14.719,341.381,80.139,11.334,977.25,1.17396355,5.38,-5.921,303.208,303.208
126.941,4.412,4.403,305.954,3.646,3.564,-2.585,0.281,14.372,341.175,81.942,11.331,977.249,1.1753813,-1.743,-3.663,301.337,301.337
127.041,4.059,4.057,313.52,1.891,2.942,-2.794,0.134,14.177,341.058,82.891,11.314,977.247,1.17618477,0.097,1.299,300.881,300.881
127.141,3.59,3.584,337.218,3.475,1.388,-3.304,0.218,14.331,341.15,82.024,11.306,977.237,1.17554212,-0.928,-1.51,301.366,301.366
127.242,3.208,3.2,2.137,-3.935,-0.119,-3.198,-0.22,14.811,341.433,79.481,11.298,977.25,1.17360401,4.175,-3.676,301.869,301.869
127.342,3.25,3.25,355.568,0.0,0.251,-3.241,0.0,14.762,341.407,79.911,11.332,977.215,1.17374659,13.91,-1.041,302.661,302.661
127.442,3.628,3.622,333.052,3.365,1.642,-3.229,0.213,14.583,341.3,80.844,11.333,977.227,1.17449248,-1.425,5.699,301.24,301.24
127.542,4.689,4.664,321.917,5.995,2.877,-3.671,0.49,14.512,341.257,81.112,11.314,977.212,1.17477119,0.628,-5.091,302.872,302.872
127.642,4.878,4.831,318.56,7.977,3.197,-3.621,0.677,14.238,341.095,82.589,11.318,977.201,1.17587698,-7.949,-8.031,299.566,299.566
127.742,3.875,3.875,323.208,0.978,2.321,-3.103,0.066,14.05,340.983,83.553,11.31,977.2,1.17664945,-37.929,-3.538,287.959,287.959
127.842,2.684,2.684,348.594,0.375,0.531,-2.631,0.018,14.579,341.297,80.763,11.314,977.205,1.17449057,0.773,0.241,301.175,301.175
127.942,2.323,2.276,359.887,-11.518,0.004,-2.276,-0.464,14.791,341.423,79.685,11.318,977.223,1.17364311,19.146,-6.392,304.867,304.867
128.042,2.914,2.91,352.565,2.691,0.377,-2.886,0.137,14.863,341.468,79.491,11.351,977.227,1.17334163,1.16,-11.373,302.948,302.948
128.142,4.003,4.0,326.603,2.479,2.202,-3.339,0.173,14.962,341.525,78.871,11.33,977.207,1.1729219,-3.845,-9.872,301.314,301.314
128.242,4.675,4.661,320.685,4.471,2.953,-3.606,0.364,14.199,341.072,82.836,11.325,977.188,1.17601788,-4.34,-5.122,301.397,301.397
128.342,4.317,4.317,324.568,0.209,2.503,-3.518,0.016,13.939,340.918,84.245,11.325,977.19,1.17708588,8.193,-6.421,303.395,303.395
128.442,4.386,4.386,351.602,0.0,0.641,-4.339,0.0,14.462,341.229,81.483,11.334,977.183,1.17493331,16.507,-9.786,305.991,305.991
128.543,4.926,4.919,0.484,3.101,-0.042,-4.919,0.266,14.877,341.474,79.285,11.325,977.162,1.17321861,20.201,-7.66,303.691,303.691
128.643,4.475,4.44,358.874,7.155,0.087,-4.44,0.557,15.1,341.608,78.263,11.346,977.163,1.17230403,12.406,1.389,301.428,301.428
128.743,4.863,4.811,347.851,8.432,1.012,-4.703,0.713,14.834,341.449,79.542,11.332,977.155,1.17338085,25.918,-5.677,303.857,303.857
128.843,5.528,5.491,334.026,6.639,2.405,-4.936,0.639,14.584,341.302,80.882,11.341,977.148,1.17438924,4.04,-9.839,302.899,302.899
128.943,4.804,4.789,329.194,4.53,2.453,-4.113,0.379,14.319,341.143,82.132,11.314,977.159,1.17549574,-19.984,-9.399,294.651,294.651
129.043,5.322,5.278,337.85,7.396,1.99,-4.888,0.685,14.297,341.13,82.246,11.314,977.155,1.17557967,-9.823,-10.193,299.029,299.029
129.143,4.038,4.038,355.341,0.0,0.328,-4.024,0.0,14.425,341.207,81.635,11.327,977.148,1.17504168,1.861,-10.855,303.958,303.958
129.243,4.998,4.981,1.845,4.763,-0.16,-4.979,0.415,14.792,341.426,79.969,11.372,977.138,1.17351782,-17.606,-8.39,295.789,295.789
129.343,3.02,3.008,358.817,5.267,0.062,-3.007,0.277,14.81,341.435,79.633,11.327,977.147,1.17347252,-39.033,-9.942,284.635,284.635
129.443,2.853,2.799,313.693,11.098,2.024,-1.934,0.549,14.624,341.325,80.619,11.331,977.148,1.17423093,-21.093,-15.08,294.036,294.036
129.543,4.142,4.118,313.955,6.171,2.964,-2.858,0.445,14.127,341.029,83.136,11.31,977.132,1.1762507,26.546,-11.692,307.176,307.176
129.643,5.154,5.154,324.764,0.0,2.974,-4.21,0.0,13.947,340.921,84.063,11.301,977.157,1.17701936,43.527,-7.956,302.54,302.54
129.743,5.069,5.069,334.631,0.736,2.172,-4.58,0.065,14.186,341.064,82.839,11.314,977.121,1.17599308,11.018,-13.665,305.792,305.792
129.843,4.762,4.762,350.545,0.634,0.782,-4.697,0.053,14.559,341.287,80.993,11.338,977.116,1.17445099,8.791,-16.867,306.733,306.733
129.943,4.487,4.487,356.971,0.0,0.237,-4.481,0.0,14.449,341.22,81.468,11.318,977.125,1.17492259,11.664,-18.247,306.387,306.387
130.043,4.52,4.52,346.785,0.0,1.033,-4.401,0.0,14.563,341.289,80.992,11.341,977.101,1.17441857,-0.691,-9.522,301.418,301.418
130.144,5.314,5.293,327.632,5.089,2.834,-4.471,0.471,14.467,341.232,81.481,11.338,977.089,1.17479873,-1.034,-9.801,300.86,300.86
130.244,6.43,6.399,328.426,5.605,3.351,-5.452,0.628,14.255,341.106,82.578,11.333,977.09,1.17566717,-5.993,-12.385,300.795,300.795
130.344,5.127,5.127,329.871,0.466,2.574,-4.434,0.042,14.035,340.974,83.613,11.306,977.09,1.17657661,-13.56,-12.936,298.853,298.853
130.444,4.507,4.503,347.906,2.577,0.943,-4.403,0.203,14.429,341.209,81.632,11.33,977.063,1.17492247,-9.849,-7.778,299.001,299.001
130.544,4.088,4.088,356.802,0.0,0.228,-4.082,0.0,14.634,341.332,80.665,11.35,977.076,1.17409384,7.781,-7.599,303.193,303.193
130.644,4.075,4.075,346.455,0.57,0.954,-3.962,0.041,14.693,341.366,80.252,11.33,977.098,1.17388701,-5.614,-12.371,301.332,301.332
130.744,4.907,4.903,329.036,2.38,2.523,-4.204,0.204,14.767,341.409,79.825,11.321,977.09,1.17357862,2.705,-7.886,302.174,302.174
130.844,6.965,6.892,322.646,8.31,4.182,-5.479,1.007,14.441,341.215,81.508,11.318,977.074,1.17489243,12.64,-3.893,302.533,302.533
130.944,6.146,6.142,320.916,1.951,3.872,-4.768,0.209,14.013,340.963,83.907,11.338,977.071,1.17662942,-9.67,-1.097,299.032,299.032
131.044,5.466,5.466,329.176,0.0,2.801,-4.694,0.0,14.179,341.061,82.989,11.334,977.066,1.17594898,-13.483,-5.616,297.473,297.473
131.144,4.568,4.568,341.713,0.579,1.433,-4.337,0.046,14.531,341.269,80.988,11.31,977.056,1.17450488,-24.926,-5.856,292.992,292.992
131.244,5.342,5.342,337.262,0.0,2.065,-4.927,0.0,14.577,341.296,80.792,11.318,977.064,1.1743232,40.341,-0.577,301.029,301.029
131.344,5.442,5.442,333.457,0.0,2.432,-4.869,0.0,14.736,341.39,79.99,11.322,977.044,1.17365289,28.121,-1.963,303.536,303.536
131.444,6.816,6.782,325.917,5.753,3.8,-5.617,0.683,14.53,341.27,81.189,11.346,977.034,1.17446804,-5.059,-5.078,301.531,301.531
131.545,6.658,6.596,323.916,7.845,3.885,-5.331,0.909,14.07,340.994,83.399,11.301,977.024,1.17635727,-4.418,-4.778,300.749,300.749
131.645,5.591,5.587,326.645,2.178,3.072,-4.667,0.212,13.892,340.89,84.46,11.318,977.051,1.17710996,-10.298,-1.487,298.522,298.522
131.745,4.883,4.883,338.455,-0.639,1.793,-4.542,-0.054,14.242,341.097,82.543,11.314,977.05,1.17567873,-18.089,-2.326,297.86,297.86
131.845,3.957,3.956,354.285,0.839,0.394,-3.937,0.058,14.704,341.371,80.051,11.303,977.026,1.17376626,8.019,-5.388,302.954,302.954
131.945,4.079,4.079,351.565,0.435,0.598,-4.035,0.031,14.598,341.31,80.784,11.337,977.032,1.17419243,3.526,-0.779,301.967,301.967
132.045,4.42,4.415,333.632,2.809,1.961,-3.955,0.217,14.73,341.388,80.061,11.33,977.043,1.17367029,2.532,-1.725,302.911,302.911
132.145,5.827,5.78,329.579,7.345,2.926,-4.984,0.745,14.244,341.099,82.57,11.321,977.014,1.17562354,0.781,-1.78,301.95,301.95
132.245,5.483,5.465,329.938,4.644,2.738,-4.73,0.444,14.129,341.031,83.187,11.321,977.02,1.17610073,-1.781,-4.716,302.375,302.375
132.345,4.909,4.89,343.42,5.074,1.395,-4.687,0.434,14.31,341.139,82.238,11.325,977.005,1.17533982,8.116,-0.572,302.118,302.118
132.445,4.296,4.296,353.533,0.0,0.484,-4.269,0.0,14.616,341.319,80.592,11.318,977.028,1.17412162,13.353,-0.713,303.488,303.488
132.545,4.31,4.31,353.233,-0.287,0.508,-4.28,-0.022,14.663,341.348,80.406,11.33,977.006,1.17389798,-3.357,-3.521,301.401,301.401
132.645,4.121,4.121,350.527,0.0,0.678,-4.065,0.0,14.937,341.51,79.001,11.33,976.992,1.17276645,-30.452,-5.629,291.104,291.104
132.745,4.115,4.038,322.288,11.046,2.47,-3.195,0.788,14.797,341.428,79.798,11.345,976.979,1.17331672,-25.651,-4.885,294.077,294.077
132.845,4.204,4.117,315.677,11.658,2.877,-2.945,0.849,14.242,341.098,82.646,11.333,976.987,1.17559457,-19.996,-5.297,295.827,295.827
132.945,4.08,4.071,312.633,3.749,2.995,-2.758,0.267,13.928,340.911,84.242,11.314,976.995,1.17689896,-19.517,-6.643,295.924,295.924
133.046,2.722,2.722,338.406,0.0,1.002,-2.531,0.0,14.359,341.168,82.067,11.341,977.0,1.17512929,-21.126,-6.198,295.437,295.437
133.146,2.691,2.683,21.956,-4.346,-1.003,-2.489,-0.204,14.77,341.411,79.793,11.318,977.023,1.17348671,-20.003,-8.633,294.365,294.365
133.246,2.04,1.922,31.524,-19.57,-1.005,-1.638,-0.683,14.935,341.509,79.012,11.33,977.047,1.17284119,-24.211,-11.4,292.818,292.818
133.346,1.114,1.106,251.395,6.684,1.049,0.353,0.13,14.954,341.521,78.973,11.341,977.022,1.17272675,-20.613,-12.538,293.776,293.776
133.446,3.145,3.145,278.864,0.0,3.108,-0.485,0.0,14.64,341.334,80.504,11.326,977.021,1.17401147,-23.736,-13.54,292.815,292.815
133.546,4.061,4.061,285.025,0.0,3.923,-1.053,0.0,13.896,340.891,84.369,11.306,977.047,1.17709553,-17.686,-18.313,294.043,294.043
133.646,2.107,2.069,296.375,10.997,1.853,-0.919,0.402,13.739,340.799,85.305,11.318,977.069,1.17776036,-18.161,-16.002,295.066,295.066
133.746,0.149,0.149,34.68,0.0,-0.085,-0.122,0.0,14.618,341.323,80.747,11.35,977.043,1.17411768,-1.134,-14.623,302.75,302.75
133.846,2.154,2.113,78.219,-11.171,-2.068,-0.431,-0.417,14.937,341.51,78.977,11.325,977.056,1.17284453,1.873,-16.793,304.015,304.015
133.946,0.85,0.519,232.981,-52.344,0.415,0.313,-0.673,14.932,341.508,79.024,11.33,977.056,1.17286122,0.0,-14.11,302.345,302.345
134.046,2.484,2.467,254.316,-6.724,2.375,0.667,-0.291,14.864,341.466,79.29,11.314,977.053,1.17314291,2.631,-13.162,302.867,302.867
134.146,3.319,3.319,281.447,0.0,3.253,-0.659,0.0,14.301,341.133,82.264,11.321,977.05,1.17543244,2.064,-11.48,302.875,302.875
134.246,3.711,3.711,292.956,0.486,3.417,-1.447,0.032,13.816,340.845,84.945,11.33,977.042,1.17741024,3.755,-14.232,304.284,304.284
134.346,2.189,2.184,297.929,3.675,1.93,-1.023,0.14,14.335,341.154,82.149,11.333,977.032,1.17526782,4.281,-14.835,303.85,303.85
134.446,0.687,0.6,79.255,-29.052,-0.59,-0.112,-0.333,14.964,341.526,78.862,11.33,977.039,1.17271125,2.796,-9.567,301.585,301.585
134.547,1.158,0.953,62.359,-34.621,-0.844,-0.442,-0.658,15.02,341.559,78.558,11.325,977.032,1.17247903,2.997,-8.616,302.643,302.643
134.647,1.186,1.152,223.65,-13.784,0.795,0.834,-0.283,15.101,341.607,78.09,11.314,977.021,1.17213953,2.758,-10.78,303.598,303.598
134.747,3.108,3.107,272.794,0.412,3.104,-0.151,0.022,14.741,341.393,79.877,11.306,977.024,1.17361283,3.563,-15.157,303.994,303.994
134.847,3.774,3.771,286.867,2.312,3.608,-1.094,0.152,14.063,340.992,83.633,11.337,977.038,1.17638838,1.398,-11.114,302.217,302.217
134.947,3.266,3.192,295.224,12.268,2.887,-1.36,0.694,14.039,340.977,83.658,11.318,977.059,1.1765182,6.204,-9.357,302.961,302.961
135.047,1.463,1.462,45.27,-2.653,-1.039,-1.029,-0.068,14.983,341.537,78.744,11.325,977.058,1.17265999,-1.955,-9.188,301.421,301.421
135.147,2.141,2.138,65.17,2.916,-1.94,-0.898,0.109,15.188,341.659,77.752,11.333,977.067,1.17183495,1.905,-9.382,303.038,303.038
135.247,0.897,0.074,240.882,-85.262,0.065,0.036,-0.894,14.964,341.526,78.883,11.333,977.056,1.1727339,0.939,-5.497,301.195,301.195
135.347,2.343,2.334,240.85,-4.998,2.038,1.137,-0.204,14.887,341.48,79.15,11.31,977.075,1.17307687,-0.085,-4.535,301.578,301.578
135.447,2.921,2.916,260.844,3.47,2.879,0.464,0.177,14.208,341.077,82.764,11.322,977.055,1.17582047,2.524,-4.694,302.371,302.371
135.547,2.224,2.224,281.626,0.987,2.178,-0.448,0.038,13.61,340.722,85.966,11.309,977.055,1.17827559,1.023,-2.405,302.648,302.648
135.647,0.337,0.303,271.061,-26.055,0.303,-0.006,-0.148,14.1,341.013,83.326,11.318,977.052,1.17625868,2.363,-1.382,301.92,301.92
135.747,1.486,1.329,109.402,-26.513,-1.254,0.442,-0.663,14.78,341.416,79.722,11.314,977.044,1.17347515,2.496,-4.662,302.23,302.23
135.847,0.627,0.625,86.437,4.724,-0.624,-0.039,0.052,14.954,341.52,78.871,11.321,977.037,1.17275488,3.409,-7.058,303.106,303.106
135.948,1.68,1.676,237.892,-4.318,1.419,0.891,-0.127,15.023,341.56,78.453,11.309,977.036,1.17247689,3.356,-6.424,302.92,302.92
136.048,2.846,2.844,258.754,2.019,2.789,0.555,0.1,14.794,341.425,79.671,11.318,977.057,1.17343199,2.559,-4.838,302.385,302.385
136.148,3.72,3.72,281.338,0.0,3.647,-0.731,0.0,14.022,340.967,83.77,11.321,977.046,1.17657351,2.29,-7.335,301.287,301.287
136.248,3.58,3.578,291.433,1.966,3.331,-1.307,0.123,13.743,340.803,85.411,11.341,977.05,1.17771173,3.86,-10.98,303.833,303.833
136.348,1.048,1.043,348.743,5.553,0.204,-1.023,0.101,14.741,341.392,79.88,11.306,977.035,1.17362821,1.078,-10.762,302.54,302.54
136.448,1.757,1.754,57.531,-3.032,-1.48,-0.942,-0.093,15.145,341.631,77.736,11.288,977.049,1.17200565,0.315,-8.271,302.369,302.369
136.548,0.389,0.389,331.013,-2.24,0.188,-0.34,-0.015,14.993,341.542,78.604,11.309,977.051,1.17261612,0.821,-8.452,301.478,301.478
136.648,2.919,2.911,247.447,-4.143,2.689,1.117,-0.211,14.983,341.536,78.621,11.301,977.061,1.17267406,-0.077,-10.449,302.374,302.374
136.748,3.4,3.4,269.271,0.0,3.399,0.043,0.0,14.42,341.203,81.572,11.31,977.067,1.17497206,0.53,-9.477,301.897,301.897
136.848,3.934,3.934,282.218,0.0,3.845,-0.833,0.0,13.738,340.798,85.309,11.318,977.069,1.1777643,1.145,-7.022,301.81,301.81
136.948,2.531,2.526,296.545,3.793,2.259,-1.129,0.167,13.929,340.913,84.362,11.337,977.055,1.17695689,1.259,-8.204,301.912,301.912
137.048,0.808,0.614,98.754,-40.534,-0.607,0.093,-0.525,14.881,341.475,79.137,11.301,977.051,1.17307651,1.773,-8.469,301.851,301.851
137.148,0.646,0.457,87.089,-44.957,-0.457,-0.023,-0.457,14.854,341.46,79.343,11.314,977.05,1.17318141,2.614,-7.48,302.395,302.395
137.248,2.287,1.847,237.221,-36.12,1.553,1.0,-1.348,14.734,341.389,79.96,11.314,977.05,1.17367101,2.78,-5.914,301.873,301.873
137.348,3.205,3.205,261.301,0.32,3.168,0.485,0.018,14.531,341.268,80.946,11.301,977.046,1.1744982,2.703,-7.449,302.251,302.251
137.449,4.121,4.121,281.907,0.0,4.033,-0.85,0.0,13.793,340.83,84.939,11.306,977.05,1.17752123,2.415,-8.616,302.516,302.516
137.549,3.428,3.426,290.482,1.976,3.21,-1.199,0.118,13.535,340.678,86.445,11.318,977.039,1.17856228,2.381,-7.659,301.65,301.65
137.649,1.338,1.311,303.068,11.571,1.098,-0.715,0.268,14.494,341.247,81.232,11.318,977.046,1.17464352,1.942,-7.588,302.282,302.282
137.749,1.11,0.975,108.629,-28.543,-0.924,0.312,-0.53,14.868,341.469,79.29,11.318,977.049,1.17311859,1.368,-9.755,302.284,302.284
137.849,0.662,0.436,224.265,-48.861,0.304,0.312,-0.499,14.815,341.438,79.563,11.318,977.04,1.17332411,1.43,-10.548,301.68,301.68
137.949,2.886,2.855,246.567,-8.395,2.619,1.135,-0.421,14.817,341.438,79.555,11.318,977.06,1.17334139,1.119,-8.466,302.43,302.43
138.049,3.623,3.622,268.715,1.097,3.621,0.081,0.069,14.359,341.166,81.848,11.301,977.058,1.17521262,0.933,-9.094,302.152,302.152
138.149,3.989,3.988,286.906,0.792,3.816,-1.16,0.055,13.71,340.781,85.442,11.314,977.055,1.17786562,0.824,-10.648,302.149,302.149
138.249,2.437,2.417,296.138,-7.513,2.169,-1.065,-0.319,14.112,341.02,83.241,11.314,977.053,1.17621469,3.853,-7.266,302.35,302.35
138.349,1.304,1.113,73.718,-31.399,-1.068,-0.312,-0.679,15.077,341.593,78.267,11.325,977.042,1.17225647,-3.623,-9.77,301.805,301.805
138.449,1.935,1.893,73.329,-11.976,-1.813,-0.543,-0.402,15.068,341.586,78.166,11.296,977.042,1.17230833,-2.051,-7.25,301.166,301.166
138.549,1.375,1.222,246.643,-27.293,1.122,0.484,-0.63,15.048,341.575,78.296,11.303,977.055,1.17240071,4.697,1.505,300.95,300.95
138.649,2.469,2.469,265.031,0.602,2.46,0.214,0.026,14.863,341.465,79.253,11.306,977.028,1.17312181,-0.175,-5.159,300.958,300.958
138.749,3.843,3.843,283.383,0.0,3.739,-0.89,0.0,14.134,341.033,83.08,11.306,977.035,1.17610598,0.857,-11.453,302.766,302.766
138.849,3.475,3.471,296.89,2.652,3.096,-1.57,0.161,13.794,340.831,85.002,11.318,977.06,1.17752588,2.305,-27.345,307.711,307.711
138.95,1.565,1.563,304.329,-2.977,1.291,-0.881,-0.081,14.298,341.131,82.267,11.318,977.043,1.17543983,-0.829,7.589,301.048,301.048
139.05,0.632,0.48,88.447,-40.583,-0.48,-0.013,-0.411,14.818,341.441,79.675,11.342,977.039,1.17330194,-0.992,11.901,301.35,301.35
139.15,1.25,0.385,229.296,-72.072,0.292,0.251,-1.19,14.759,341.403,79.76,11.301,977.049,1.17357016,1.093,-10.406,303.031,303.031
139.25,2.644,2.55,251.063,-15.346,2.412,0.828,-0.7,14.714,341.376,79.967,11.296,977.025,1.17372751,-0.754,-27.388,305.464,305.464
139.35,2.974,2.973,267.208,0.512,2.97,0.145,0.027,14.357,341.165,81.839,11.298,977.037,1.17519867,0.536,-25.109,305.376,305.376
139.45,3.7,3.7,287.021,-0.43,3.538,-1.083,-0.028,13.695,340.772,85.48,11.306,977.035,1.17790413,0.253,-3.598,301.53,301.53
139.55,3.433,3.431,294.243,1.936,3.128,-1.409,0.116,13.731,340.793,85.231,11.298,977.046,1.17777431,0.521,7.603,300.738,300.738
139.65,0.648,0.201,174.946,-71.959,-0.018,0.2,-0.616,14.754,341.4,79.768,11.298,977.031,1.17357099,12.146,-8.283,304.121,304.121
139.75,1.234,1.102,71.731,-26.821,-1.046,-0.345,-0.557,14.925,341.504,79.098,11.337,977.044,1.17287397,-0.941,-12.573,302.34,302.34
139.85,1.267,0.943,238.49,-41.889,0.804,0.493,-0.846,14.866,341.467,79.212,11.301,977.034,1.17311609,0.773,-13.985,302.953,302.953
139.95,2.935,2.935,253.846,0.373,2.819,0.817,0.019,14.82,341.439,79.496,11.31,977.034,1.1733036,0.897,-14.616,303.369,303.369
140.05,3.488,3.488,274.144,0.0,3.479,-0.252,0.0,14.106,341.016,83.201,11.301,977.046,1.17623377,0.365,-14.062,302.677,302.677
140.15,3.569,3.567,287.374,1.965,3.405,-1.065,0.122,13.785,340.825,84.957,11.301,977.036,1.1775409,0.898,-11.616,303.055,303.055
140.25,1.421,1.404,295.697,8.729,1.266,-0.609,0.216,14.501,341.249,81.06,11.293,977.056,1.17463756,-0.043,-5.644,301.341,301.341
140.35,1.023,0.981,71.319,-16.53,-0.929,-0.314,-0.291,15.09,341.6,78.146,11.314,977.034,1.17220163,0.913,-8.042,301.637,301.637
140.451,0.553,0.09,231.273,-80.661,0.07,0.056,-0.546,15.057,341.58,78.268,11.306,977.033,1.17233765,0.716,-14.938,302.264,302.264
140.551,2.544,2.475,243.446,-13.349,2.214,1.106,-0.587,15.079,341.593,78.135,11.301,977.054,1.17227483,1.125,-21.191,304.012,304.012
140.651,3.404,3.403,264.054,1.624,3.384,0.352,0.096,14.697,341.367,80.148,11.314,977.036,1.17380166,-0.464,-17.914,302.728,302.728
140.751,3.73,3.73,281.702,0.0,3.653,-0.757,0.0,13.938,340.916,84.164,11.31,977.042,1.1769172,1.142,-6.009,301.443,301.443
140.851,3.088,3.081,297.24,3.955,2.739,-1.41,0.213,13.921,340.907,84.303,11.318,977.039,1.17697823,-0.045,1.186,301.266,301.266
140.951,0.625,0.391,58.347,-51.327,-0.333,-0.205,-0.488,14.895,341.482,78.935,11.277,977.04,1.17301452,0.262,-5.593,301.798,301.798
141.051,1.775,1.707,77.029,-15.904,-1.664,-0.383,-0.486,15.054,341.579,78.348,11.318,977.034,1.17234468,0.291,-18.517,304.245,304.245
141.151,1.455,0.451,275.109,-71.953,0.449,-0.04,-1.384,14.862,341.463,79.124,11.281,977.034,1.17314124,0.197,-22.873,305.057,305.057
141.251,2.59,2.59,250.34,-0.503,2.439,0.871,-0.023,14.802,341.427,79.431,11.281,977.022,1.17337132,0.903,-13.433,303.221,303.221
141.351,3.188,3.188,274.704,0.0,3.177,-0.261,0.0,14.25,341.1,82.304,11.278,977.035,1.17564273,1.161,-0.305,301.005,301.005
141.451,3.366,3.36,288.285,3.483,3.19,-1.054,0.204,13.85,340.865,84.707,11.322,977.029,1.17725408,1.146,2.316,300.832,300.832
141.551,0.85,0.833,276.659,11.512,0.828,-0.097,0.17,14.582,341.298,80.66,11.298,977.009,1.17424798,1.285,-9.933,302.654,302.654
141.651,-99.53,-99.51,0.0,0.0,-99.4,-99.41,-99.42,-99.44,-99.43,47.925,-99.44,977.039,13.83582211,0.595,-21.244,305.228,305.228
141.751,1.218,1.152,80.938,-18.951,-1.138,-0.181,-0.396,15.08,341.593,78.137,11.303,977.032,1.17224443,0.365,-19.715,303.921,303.921
141.851,1.403,1.389,232.155,-8.199,1.097,0.852,-0.2,15.023,341.559,78.399,11.298,977.039,1.17248726,0.276,-9.94,302.467,302.467
141.951,2.897,2.896,261.452,1.481,2.864,0.43,0.075,14.655,341.341,80.238,11.29,977.047,1.17399788,0.372,-1.982,301.267,301.267
142.051,3.55,3.55,282.842,0.0,3.461,-0.789,0.0,13.879,340.88,84.422,11.298,977.043,1.17716575,-0.565,-6.06,301.993,301.993
142.153,2.529,2.525,293.647,-3.005,2.313,-1.013,-0.133,13.98,340.941,83.886,11.301,977.044,1.17674959,0.488,-16.306,304.004,304.004
142.253,1.02,0.983,57.956,-15.575,-0.833,-0.522,-0.274,15.066,341.585,78.239,11.309,977.052,1.17232299,0.817,-18.901,303.805,303.805
142.353,2.499,2.488,73.743,-5.527,-2.388,-0.696,-0.241,15.271,341.706,77.118,11.29,977.032,1.17147219,1.453,-15.852,303.818,303.818
142.453,0.566,0.471,44.227,-33.722,-0.329,-0.338,-0.314,15.142,341.629,77.762,11.29,977.026,1.17199099,1.086,-9.791,301.971,301.971
142.553,2.415,2.415,251.168,0.066,2.285,0.779,0.003,15.155,341.64,77.965,11.342,977.025,1.17191315,-0.77,-7.207,301.551,301.551
142.653,3.013,3.01,271.344,2.356,3.009,-0.071,0.124,14.497,341.247,81.078,11.293,977.051,1.17464471,-6.942,-7.397,300.65,300.65
142.753,3.026,3.02,288.653,3.442,2.862,-0.966,0.182,14.095,341.01,83.354,11.318,977.016,1.17623603,-13.474,-7.104,297.72,297.72
142.853,0.911,0.908,291.548,-4.188,0.845,-0.334,-0.067,14.59,341.302,80.576,11.29,977.026,1.17423892,-3.657,-12.933,301.055,301.055
142.955,1.597,1.584,86.39,-7.394,-1.581,-0.1,-0.206,15.373,341.767,76.695,11.306,977.034,1.17105484,-10.076,-15.446,299.578,299.578
143.054,0.909,0.909,93.16,-0.036,-0.908,0.05,-0.001,15.146,341.633,77.864,11.314,977.026,1.17196274,-11.594,-13.479,297.691,297.691
143.154,1.523,1.506,214.575,-8.583,0.854,1.24,-0.227,14.95,341.516,78.814,11.306,977.033,1.17277348,-10.667,-7.682,298.978,298.978
143.254,2.838,2.832,242.568,3.952,2.513,1.305,0.196,14.634,341.329,80.389,11.298,977.042,1.17407537,-6.001,-6.592,300.555,300.555
143.354,2.516,2.516,264.075,0.0,2.503,0.26,0.0,13.861,340.87,84.514,11.298,977.024,1.17721486,-5.606,-8.048,299.818,299.818
143.455,1.358,1.351,288.065,6.075,1.284,-0.419,0.144,13.826,340.849,84.729,11.301,977.037,1.17737222,4.703,-15.997,305.113,305.113
143.558,1.786,1.736,134.852,-13.616,-1.231,1.224,-0.42,14.747,341.396,79.849,11.306,977.04,1.17360938,-8.772,-20.155,300.33,300.33
143.658,2.039,2.027,119.883,-6.22,-1.757,1.01,-0.221,15.032,341.564,78.328,11.293,977.044,1.17245877,-2.643,-14.241,301.718,301.718
143.758,1.01,0.986,173.669,-12.313,-0.109,0.98,-0.215,14.942,341.513,78.914,11.318,977.023,1.17278695,-1.111,-2.767,300.899,300.899
143.858,3.027,3.027,220.876,0.425,1.981,2.289,0.022,14.874,341.472,79.2,11.306,977.027,1.17307401,2.818,-2.638,302.075,302.075
143.958,3.035,3.035,251.254,0.0,2.874,0.975,0.0,14.383,341.181,81.745,11.306,977.033,1.17508411,5.051,-10.281,302.58,302.58
144.058,2.225,2.219,293.79,4.136,2.03,-0.895,0.16,14.077,340.999,83.336,11.298,977.04,1.17634702,36.02,-16.233,308.585,308.585
144.158,1.198,1.197,303.288,2.167,1.0,-0.657,0.045,14.75,341.399,79.916,11.322,977.049,1.17360044,32.807,-16.431,308.784,308.784
144.259,1.783,1.783,67.718,-0.368,-1.65,-0.676,-0.011,15.361,341.76,76.755,11.306,977.059,1.17113149,13.078,-8.419,305.123,305.123
144.358,1.077,1.041,70.621,-14.932,-0.982,-0.345,-0.278,15.102,341.606,77.993,11.296,977.048,1.172176,7.296,-4.591,303.752,303.752
144.458,1.667,1.53,236.889,-23.38,1.282,0.836,-0.662,15.088,341.598,78.127,11.309,977.047,1.17222738,6.384,-6.096,302.75,302.75
144.558,2.829,2.827,264.922,2.018,2.816,0.25,0.1,14.845,341.454,79.349,11.306,977.055,1.17322767,4.454,-13.65,303.104,303.104
144.658,3.687,3.659,290.4,7.056,3.43,-1.276,0.453,14.254,341.105,82.517,11.321,977.047,1.17562294,5.25,-15.986,305.375,305.375
144.759,2.923,2.923,302.74,0.423,2.458,-1.581,0.022,13.966,340.933,84.006,11.31,977.042,1.17679894,14.351,-13.104,305.608,305.608
144.859,1.554,1.554,20.988,-0.108,-0.557,-1.451,-0.003,14.805,341.43,79.456,11.288,977.061,1.17340291,10.263,-7.363,304.179,304.179
144.959,2.63,2.603,53.858,-8.239,-2.102,-1.535,-0.377,14.993,341.541,78.502,11.288,977.049,1.17262554,5.801,-4.196,302.194,302.194
145.059,2.293,2.02,44.111,-28.242,-1.406,-1.45,-1.085,14.856,341.459,79.096,11.269,977.028,1.17316401,7.108,-10.993,304.052,304.052
145.159,1.062,1.046,307.269,9.868,0.832,-0.633,0.182,14.822,341.441,79.498,11.313,977.029,1.17328465,7.906,-13.714,304.808,304.808
145.259,2.926,2.887,294.416,9.368,2.628,-1.193,0.476,14.343,341.158,82.026,11.318,977.026,1.17523408,2.939,-13.152,302.841,302.841
145.359,2.983,2.969,303.381,5.578,2.479,-1.634,0.29,13.924,340.909,84.301,11.321,977.022,1.1769433,3.014,-15.979,304.33,304.33
145.459,1.843,1.842,320.589,-1.725,1.169,-1.423,-0.055,14.046,340.982,83.749,11.341,977.031,1.17644691,5.437,-13.36,304.308,304.308
145.559,1.844,1.841,30.196,2.934,-0.926,-1.592,0.094,14.758,341.402,79.793,11.306,977.041,1.17356539,-8.373,-7.703,300.095,300.095
145.661,2.256,2.253,54.966,-2.671,-1.845,-1.293,-0.105,15.182,341.655,77.788,11.334,977.033,1.17181957,-24.199,-6.8,293.508,293.508
145.759,1.07,0.934,241.924,-29.222,0.824,0.44,-0.523,15.238,341.688,77.438,11.321,977.031,1.17159212,-25.204,-7.588,292.627,292.627
145.859,2.685,2.685,254.034,0.0,2.581,0.739,0.0,14.926,341.503,78.97,11.313,977.029,1.17286313,-22.145,-14.327,292.727,292.727
145.96,3.082,3.082,282.081,0.0,3.013,-0.645,0.0,14.197,341.07,82.779,11.313,977.045,1.17585945,-3.783,-17.599,302.295,302.295
146.06,2.995,2.983,294.714,5.255,2.709,-1.247,0.274,13.941,340.917,84.047,11.293,977.01,1.17686987,5.015,-12.908,303.878,303.878
146.16,0.826,0.82,34.285,-6.562,-0.462,-0.678,-0.094,14.979,341.533,78.612,11.296,977.049,1.17267621,-2.737,-4.668,300.857,300.857
146.26,2.226,2.225,69.728,-1.512,-2.088,-0.771,-0.059,15.29,341.718,77.12,11.309,977.031,1.17138636,2.529,-5.862,302.703,302.703
146.361,0.576,0.555,44.885,-15.612,-0.392,-0.393,-0.155,15.096,341.604,78.109,11.313,977.019,1.17215896,-0.382,-12.61,303.62,303.62
146.463,2.255,2.239,234.046,-6.978,1.812,1.314,-0.274,15.146,341.634,77.9,11.321,977.041,1.17197692,1.132,-17.888,305.226,305.226
146.563,2.658,2.658,262.906,0.0,2.638,0.328,0.0,14.846,341.455,79.356,11.309,977.05,1.17321658,1.621,-16.047,304.06,304.06
146.663,2.636,2.625,287.745,5.045,2.5,-0.8,0.232,14.371,341.172,81.74,11.293,977.02,1.17512441,0.3,-7.239,302.323,302.323
146.763,1.534,1.499,296.738,12.178,1.339,-0.675,0.324,14.651,341.341,80.534,11.341,977.04,1.1739862,-0.004,-1.607,301.434,301.434
146.863,1.624,1.623,88.224,-2.065,-1.622,-0.05,-0.059,15.469,341.824,76.238,11.309,977.032,1.17066109,1.204,-6.881,303.083,303.083
146.963,1.539,1.538,63.881,2.242,-1.38,-0.677,0.06,15.186,341.656,77.638,11.309,977.029,1.17180753,1.26,-15.499,303.447,303.447
147.066,0.705,0.485,265.426,-46.553,0.483,0.039,-0.512,15.01,341.552,78.474,11.3,977.026,1.17252266,1.236,-18.174,303.797,303.797
147.167,2.3,2.296,251.717,3.49,2.18,0.72,0.14,14.803,341.43,79.617,11.317,977.043,1.17337668,0.15,-14.392,303.426,303.426
147.268,2.595,2.595,278.702,0.0,2.565,-0.393,0.0,14.142,341.038,83.113,11.321,977.045,1.17607725,1.996,-8.518,302.839,302.839
147.367,1.979,1.968,291.443,5.859,1.832,-0.72,0.202,14.041,340.977,83.578,11.306,977.033,1.17648458,-0.385,-7.207,302.183,302.183
147.467,0.639,0.479,169.58,-41.446,-0.087,0.471,-0.423,14.809,341.434,79.587,11.317,977.032,1.17333853,-0.583,-10.881,302.57,302.57
147.567,1.904,1.877,88.776,-9.797,-1.876,-0.04,-0.324,15.119,341.617,78.016,11.317,977.049,1.17209959,-1.173,-14.295,303.345,303.345
147.667,1.235,1.228,74.152,-6.037,-1.181,-0.335,-0.13,15.071,341.587,78.066,11.281,977.038,1.17229402,-4.715,-14.384,302.184,302.184
147.768,1.52,1.444,243.337,-18.27,1.29,0.648,-0.477,15.07,341.589,78.26,11.317,977.033,1.17227817,-1.379,-11.249,302.127,302.127
147.869,2.594,2.592,263.96,2.002,2.578,0.273,0.091,14.644,341.336,80.477,11.324,977.04,1.17401862,2.952,-9.19,301.614,301.614
147.969,3.269,3.257,287.33,4.998,3.109,-0.97,0.285,14.016,340.964,83.817,11.324,977.028,1.17657208,2.35,-8.983,302.241,302.241
148.069,1.623,1.616,299.064,5.622,1.412,-0.785,0.159,14.509,341.255,81.051,11.3,977.027,1.17456567,2.892,-9.598,302.606,302.606
148.169,1.451,1.439,64.975,7.327,-1.304,-0.609,0.185,15.445,341.811,76.456,11.329,977.042,1.17076147,3.44,-11.978,302.496,302.496
148.269,1.583,1.578,67.294,4.707,-1.455,-0.609,0.13,15.488,341.836,76.159,11.311,977.041,1.17059445,-0.989,-12.757,302.511,302.511
148.369,0.431,0.343,239.027,-37.333,0.294,0.177,-0.262,15.37,341.765,76.725,11.308,977.033,1.17106605,-0.599,-13.284,302.213,302.213
148.469,2.32,2.314,248.863,4.007,2.158,0.834,0.162,15.324,341.739,77.055,11.329,977.039,1.17124987,4.772,-11.06,302.531,302.531
148.571,2.803,2.803,274.753,0.0,2.794,-0.232,0.0,14.721,341.382,80.105,11.329,977.034,1.17369783,0.969,-7.101,301.327,301.327
148.671,1.47,1.413,299.711,16.049,1.227,-0.7,0.406,14.416,341.2,81.604,11.311,977.034,1.17495,-0.272,-6.998,299.853,299.853
148.771,0.576,0.57,43.964,-8.153,-0.396,-0.41,-0.082,14.914,341.494,78.904,11.289,977.031,1.17292297,0.48,-12.724,301.293,301.293
148.871,1.787,1.774,74.819,-6.714,-1.712,-0.465,-0.209,15.217,341.677,77.629,11.337,977.035,1.17167711,0.0,-16.074,302.006,302.006
148.971,1.545,1.528,60.364,-8.35,-1.328,-0.756,-0.224,14.962,341.524,78.802,11.316,977.034,1.17272258,1.119,-14.683,302.779,302.779
149.074,2.159,2.059,234.268,-17.534,1.671,1.202,-0.65,14.973,341.531,78.771,11.321,977.062,1.1727078,0.155,-8.505,300.6,300.6
149.175,3.005,3.005,263.093,1.137,2.983,0.361,0.06,14.477,341.238,81.442,11.341,977.027,1.17468011,1.038,-6.704,300.805,300.805
149.275,3.768,3.766,292.392,2.182,3.482,-1.434,0.143,13.896,340.893,84.524,11.334,977.036,1.17706931,0.269,-10.542,300.851,300.851
149.375,3.336,3.334,297.535,2.15,2.956,-1.541,0.125,13.7,340.776,85.505,11.316,977.044,1.17789125,1.27,-16.502,303.392,303.392
149.475,0.556,0.512,39.712,22.791,-0.327,-0.394,0.215,14.928,341.505,79.044,11.329,977.03,1.17284727,0.834,-17.103,302.383,302.383
149.575,2.269,2.268,61.874,1.933,-2.0,-1.069,0.077,15.035,341.569,78.516,11.332,977.02,1.17240024,-0.162,-11.359,301.568,301.568
149.675,1.358,0.852,261.772,-51.108,0.844,0.122,-1.057,15.021,341.56,78.609,11.336,977.043,1.17248452,0.76,-6.084,301.119,301.119
149.775,2.998,2.998,251.352,-0.574,2.84,0.959,-0.03,14.925,341.504,79.072,11.332,977.036,1.17286563,0.682,-5.521,301.862,301.862
149.875,3.473,3.473,278.171,0.0,3.438,-0.494,0.0,14.258,341.108,82.536,11.329,977.041,1.17559612,0.388,-11.545,303.238,303.238
149.975,3.743,3.74,287.382,2.385,3.569,-1.117,0.156,13.898,340.893,84.465,11.324,977.04,1.17707264,1.058,-15.527,303.355,303.355
150.075,1.779,1.778,305.949,1.783,1.44,-1.044,0.055,14.467,341.232,81.509,11.344,977.038,1.17473304,0.531,-14.683,302.502,302.502
150.175,1.07,1.041,66.291,-13.215,-0.953,-0.419,-0.244,15.258,341.702,77.456,11.344,977.035,1.17150605,0.429,-10.15,301.559,301.559
150.275,0.731,0.679,84.907,-21.851,-0.676,-0.06,-0.272,15.219,341.679,77.698,11.353,977.038,1.17166579,-0.26,-7.569,302.112,302.112
150.375,1.984,1.981,234.004,-2.921,1.603,1.165,-0.101,15.223,341.681,77.677,11.353,977.052,1.17166567,-0.123,-8.805,302.243,302.243
150.475,3.219,3.215,263.752,2.606,3.196,0.35,0.146,14.797,341.428,79.817,11.349,977.042,1.17338848,1.728,-12.517,302.689,302.689
150.576,3.758,3.758,282.736,0.0,3.665,-0.828,0.0,14.062,340.992,83.686,11.345,977.029,1.17637908,0.228,-13.791,302.393,302.393
150.679,2.905,2.872,291.22,8.742,2.677,-1.039,0.442,13.967,340.935,84.1,11.327,977.038,1.17678452,0.457,-12.891,301.516,301.516
150.779,0.728,0.709,18.087,-13.09,-0.22,-0.674,-0.165,14.984,341.54,78.879,11.353,977.036,1.17261755,0.798,-10.495,301.53,301.53
150.879,1.64,1.408,54.068,-30.851,-1.14,-0.826,-0.841,14.989,341.541,78.766,11.335,977.04,1.17260969,1.114,-9.459,301.868,301.868
150.979,1.505,1.25,239.717,-33.843,1.079,0.63,-0.838,14.886,341.48,79.268,11.331,977.042,1.17303503,0.876,-10.087,301.141,301.141
151.079,3.165,3.156,257.038,-4.355,3.076,0.708,-0.24,14.789,341.423,79.79,11.336,977.028,1.1734091,1.039,-11.992,301.812,301.812
151.18,3.619,3.619,274.841,0.0,3.606,-0.305,0.0,14.107,341.02,83.528,11.361,977.037,1.17619753,0.476,-14.511,302.829,302.829
151.281,3.642,3.642,287.256,0.635,3.478,-1.08,0.04,13.731,340.794,85.356,11.32,977.059,1.17778027,0.58,-14.935,303.053,303.053
151.381,1.706,1.702,294.197,-3.842,1.553,-0.698,-0.114,14.316,341.142,82.268,11.336,977.05,1.17536807,0.373,-12.008,301.963,301.963
151.481,-99.53,-99.51,0.0,0.0,-99.4,-99.41,-99.42,-99.44,-99.43,48.08,-99.44,977.035,13.83576393,0.145,-7.823,301.923,301.923
151.581,1.016,1.016,39.961,-1.14,-0.652,-0.779,-0.02,14.91,341.497,79.396,11.379,977.054,1.17292929,0.277,-7.146,301.481,301.481
151.681,2.473,2.388,240.572,-15.044,2.08,1.174,-0.642,15.006,341.552,78.718,11.342,977.036,1.17253458,0.641,-11.518,301.485,301.485
151.781,3.299,3.298,263.769,1.451,3.278,0.358,0.084,14.731,341.389,80.169,11.351,977.05,1.17366636,0.575,-15.284,302.782,302.782
151.881,3.935,3.935,281.391,0.0,3.858,-0.777,0.0,14.005,340.96,84.122,11.368,977.042,1.17661786,0.716,-14.498,302.225,302.225
151.982,3.107,3.107,289.569,0.922,2.928,-1.041,0.05,13.964,340.934,84.234,11.348,977.057,1.17681289,1.061,-10.029,302.166,302.166
152.083,0.535,0.535,310.096,0.999,0.409,-0.344,0.009,14.794,341.426,79.798,11.342,977.049,1.17341149,0.94,-5.84,301.211,301.211
152.183,0.905,0.852,81.065,-19.586,-0.842,-0.132,-0.303,15.24,341.691,77.57,11.348,977.036,1.1715802,0.834,-8.087,301.357,301.357
152.283,0.658,0.641,208.036,-13.268,0.301,0.565,-0.151,15.145,341.635,78.129,11.364,977.047,1.17197394,0.422,-13.56,302.428,302.428
152.383,2.651,2.643,251.099,4.452,2.5,0.856,0.206,15.267,341.708,77.537,11.368,977.047,1.17147326,0.747,-16.601,303.463,303.463
152.483,3.194,3.194,275.754,0.0,3.178,-0.32,0.0,14.577,341.301,81.181,11.391,977.05,1.17427707,0.298,-13.947,302.589,302.589
152.585,3.896,3.894,286.167,1.988,3.74,-1.084,0.135,13.975,340.942,84.286,11.368,977.029,1.17672455,0.681,-8.613,301.338,301.338
152.685,1.503,1.245,316.532,-34.106,0.856,-0.903,-0.843,14.203,341.076,83.003,11.359,977.039,1.17580819,0.627,-6.63,299.915,299.915
152.784,0.907,0.702,117.971,-39.284,-0.62,0.329,-0.575,15.046,341.577,78.666,11.372,977.027,1.17234635,0.768,-10.12,301.833,301.833
152.884,0.385,0.166,68.542,-64.41,-0.155,-0.061,-0.347,14.953,341.523,79.181,11.38,977.048,1.17274821,0.822,-14.992,302.502,302.502
152.984,1.864,1.845,237.088,-8.244,1.549,1.002,-0.267,15.026,341.565,78.742,11.367,977.039,1.1724453,0.352,-16.178,302.501,302.501
153.084,2.961,2.961,268.261,0.0,2.96,0.09,0.0,14.752,341.403,80.128,11.364,977.028,1.17354679,0.45,-12.672,301.498,301.498
153.184,3.656,3.656,284.539,0.0,3.539,-0.918,0.0,14.027,340.971,83.884,11.347,977.034,1.17652798,0.342,-8.623,301.356,301.356
153.287,3.429,3.375,291.843,10.136,3.133,-1.256,0.603,13.858,340.873,84.971,11.376,977.029,1.17720222,0.163,-7.686,300.657,300.657
153.387,0.237,0.231,237.763,12.676,0.196,0.123,0.052,14.887,341.484,79.537,11.383,977.052,1.17302096,0.631,-10.316,301.521,301.521
153.487,1.156,1.135,85.841,-10.964,-1.132,-0.082,-0.22,15.2,341.668,77.874,11.368,977.024,1.17171931,0.577,-13.115,301.574,301.574
153.587,0.67,0.471,220.49,-45.356,0.306,0.358,-0.476,15.03,341.566,78.596,11.342,977.035,1.17243493,0.915,-13.701,301.988,301.988
153.687,2.96,2.96,250.531,-0.409,2.791,0.987,-0.021,14.971,341.533,79.019,11.367,977.045,1.17267466,0.636,-11.556,301.612,301.612
153.787,3.492,3.492,275.699,0.0,3.475,-0.347,0.0,14.523,341.267,81.366,11.372,977.046,1.17450249,1.219,-9.063,302.379,302.379
153.887,4.101,4.083,287.715,5.262,3.89,-1.242,0.376,13.94,340.922,84.517,11.376,977.034,1.17687023,0.773,-7.893,301.581,301.581
153.988,2.11,2.108,304.167,2.389,1.745,-1.184,0.088,14.356,341.168,82.199,11.362,977.038,1.17517924,0.803,-10.154,301.645,301.645
154.091,0.417,0.377,346.939,25.336,0.085,-0.367,0.178,15.106,341.613,78.399,11.378,977.047,1.17212582,0.618,-13.499,301.929,301.929
154.191,1.031,1.026,58.388,-5.222,-0.874,-0.538,-0.094,15.214,341.678,77.963,11.399,977.036,1.17166603,0.009,-15.265,302.036,302.036
154.291,1.495,1.492,239.338,-3.316,1.284,0.761,-0.086,15.307,341.732,77.329,11.367,977.025,1.17128515,0.476,-13.594,302.652,302.652
154.391,3.105,3.105,272.556,0.414,3.102,-0.138,0.022,14.981,341.539,79.011,11.375,977.031,1.17261374,0.259,-9.232,301.459,301.459
154.491,4.363,4.362,285.227,0.908,4.209,-1.146,0.069,14.168,341.058,83.362,11.391,977.039,1.17593813,0.595,-7.355,301.463,301.463
154.592,4.088,4.088,293.748,-0.139,3.742,-1.646,-0.01,13.837,340.86,85.057,11.371,977.046,1.17730808,-26.307,-9.338,290.786,290.786
154.693,0.961,0.954,270.997,-6.871,0.954,-0.017,-0.115,14.533,341.274,81.398,11.388,977.037,1.17444408,-45.339,-10.906,280.013,280.013
154.792,1.823,1.822,158.622,-1.578,-0.664,1.696,-0.05,15.228,341.686,77.783,11.378,977.016,1.17159009,-34.665,-14.439,284.701,284.701
154.893,1.83,1.788,190.441,-12.354,0.324,1.758,-0.392,15.021,341.563,78.835,11.38,977.036,1.17245638,27.36,-11.647,305.701,305.701
154.993,2.889,2.876,231.366,-5.393,2.247,1.796,-0.272,14.967,341.53,79.017,11.362,977.02,1.17266285,34.954,-6.443,304.43,304.43
155.093,3.31,3.309,262.418,1.648,3.28,0.437,0.095,14.417,341.206,82.008,11.388,977.025,1.17490101,21.034,-5.223,304.691,304.691
155.193,3.524,3.524,284.575,0.0,3.411,-0.887,0.0,13.688,340.773,86.024,11.395,977.025,1.17788589,20.305,-8.236,304.675,304.675
155.294,2.994,2.988,292.385,3.745,2.762,-1.138,0.196,13.889,340.891,84.792,11.375,977.034,1.17707896,16.54,-13.546,306.485,306.485
155.394,0.218,0.213,153.327,-12.297,-0.096,0.19,-0.046,14.86,341.468,79.648,11.378,977.022,1.17309594,-1.198,-15.163,302.621,302.621
155.494,0.972,0.957,69.403,10.019,-0.896,-0.337,0.169,15.184,341.661,78.089,11.395,977.035,1.17178559,-0.071,-10.851,302.441,302.441
155.594,1.349,1.243,226.407,-22.877,0.9,0.857,-0.525,15.189,341.663,78.047,11.391,977.05,1.17178524,0.657,-7.096,302.196,302.196
155.694,2.956,2.953,252.895,2.604,2.822,0.868,0.134,14.966,341.53,79.047,11.367,977.042,1.17269361,2.686,-7.368,301.898,301.898
155.795,3.432,3.432,280.535,0.0,3.374,-0.627,0.0,14.155,341.05,83.452,11.395,977.042,1.17599118,25.109,-10.017,305.061,305.061
155.895,2.944,2.911,290.19,8.617,2.732,-1.005,0.441,14.1,341.018,83.797,11.403,977.043,1.17621458,0.191,-13.934,303.295,303.295
155.996,0.442,0.432,328.321,-11.722,0.227,-0.368,-0.09,14.898,341.491,79.518,11.391,977.025,1.17293823,-7.518,-15.126,299.321,299.321
156.097,2.396,2.394,62.263,2.416,-2.119,-1.114,0.101,15.44,341.811,76.697,11.371,977.052,1.17077756,2.621,-12.132,302.17,302.17
156.197,1.149,1.114,60.119,-14.268,-0.966,-0.555,-0.283,15.344,341.756,77.313,11.399,977.019,1.1711154,0.132,-7.878,302.374,302.374
156.297,2.248,2.24,241.944,-4.67,1.977,1.054,-0.183,15.139,341.634,78.297,11.391,977.028,1.17196035,0.47,-8.166,301.695,301.695
156.397,2.96,2.959,267.072,1.66,2.955,0.151,0.086,14.656,341.348,80.817,11.399,977.03,1.17392993,2.717,-11.293,304.329,304.329
156.497,3.178,3.173,282.72,3.314,3.095,-0.699,0.184,13.995,340.954,84.253,11.382,977.041,1.17665219,-1.333,-13.917,301.876,301.876
156.597,1.762,1.761,298.169,0.655,1.553,-0.832,0.02,14.091,341.011,83.659,11.37,977.048,1.17626953,2.052,-14.508,302.773,302.773
156.697,0.773,0.766,78.098,-7.782,-0.75,-0.158,-0.105,15.02,341.563,78.83,11.378,977.03,1.17245281,-0.516,-12.432,302.928,302.928
156.802,1.677,1.671,68.916,-4.686,-1.559,-0.601,-0.137,14.998,341.551,79.093,11.406,977.037,1.17254066,0.16,-10.251,300.984,300.984
156.897,1.468,1.316,243.036,-26.333,1.173,0.597,-0.651,14.859,341.467,79.674,11.382,977.042,1.17312253,-5.07,-7.542,300.546,300.546
156.997,3.002,3.002,247.788,0.0,2.779,1.135,0.0,14.889,341.486,79.609,11.399,977.045,1.17299771,-40.348,-8.541,285.009,285.009
157.097,3.07,2.951,257.606,16.014,2.882,0.633,0.847,14.188,341.068,83.116,11.365,977.037,1.17586458,-42.345,-10.993,281.317,281.317
157.197,1.533,1.29,291.489,-32.698,1.201,-0.473,-0.828,13.785,340.83,85.465,11.391,977.026,1.1774925,-24.974,-15.092,291.074,291.074
157.297,1.504,0.441,91.213,-72.964,-0.441,0.009,-1.438,14.569,341.295,81.204,11.386,977.031,1.17429233,30.033,-9.754,305.549,305.549
157.399,1.519,1.519,75.412,-0.002,-1.47,-0.383,-0.0,15.168,341.652,78.253,11.41,977.031,1.1718415,32.124,-6.095,305.301,305.301
157.499,1.637,1.635,49.537,2.826,-1.244,-1.061,0.081,15.104,341.615,78.613,11.418,977.038,1.17210495,19.77,-6.08,304.325,304.325
157.601,2.243,2.19,238.779,-12.44,1.873,1.135,-0.483,15.131,341.63,78.377,11.399,977.037,1.17200041,21.761,-9.105,304.743,304.743
157.699,3.293,3.286,258.641,3.739,3.222,0.647,0.215,14.751,341.403,80.191,11.375,977.04,1.17356122,-0.86,-15.338,301.798,301.798
157.799,2.736,2.733,282.634,2.512,2.667,-0.598,0.12,14.029,340.975,84.114,11.391,977.029,1.17649257,0.293,-16.598,303.37,303.37
157.899,1.122,1.108,310.314,8.858,0.845,-0.717,0.173,14.397,341.195,82.217,11.406,977.048,1.17500424,0.877,-12.44,302.183,302.183
157.999,1.476,1.476,71.869,-1.014,-1.402,-0.459,-0.026,15.311,341.736,77.498,11.403,977.039,1.17127311,0.357,-7.604,300.542,300.542
158.1,2.182,2.172,71.76,-5.492,-2.063,-0.68,-0.209,15.203,341.671,77.975,11.391,977.027,1.17170298,14.691,-7.578,303.588,303.588
158.2,0.909,0.79,237.755,-29.573,0.668,0.422,-0.448,15.235,341.691,77.894,11.406,977.049,1.17159224,19.173,-10.285,305.356,305.356
158.3,2.588,2.582,249.242,3.896,2.414,0.915,0.176,15.161,341.646,78.163,11.386,977.035,1.17188454,-5.713,-14.56,300.585,300.585
158.4,3.095,3.095,277.585,0.0,3.068,-0.409,0.0,14.536,341.277,81.549,11.418,977.033,1.17441595,-2.967,-14.613,300.591,300.591
158.5,2.928,2.92,292.513,4.418,2.697,-1.118,0.226,14.152,341.05,83.575,11.414,977.032,1.17598224,3.258,-11.486,304.282,304.282
158.6,0.533,0.507,319.737,17.854,0.328,-0.387,0.163,14.792,341.428,80.11,11.399,977.032,1.17337716,0.701,-8.776,301.325,301.325
158.7,1.356,1.329,89.16,-11.421,-1.329,-0.019,-0.269,15.201,341.671,78.064,11.406,977.025,1.17170072,1.751,-7.632,302.407,302.407
158.801,1.694,1.693,58.785,2.273,-1.448,-0.877,0.067,15.094,341.607,78.59,11.403,977.034,1.1721499,-0.566,-11.781,302.686,302.686
158.903,2.19,2.129,243.611,-13.577,1.907,0.946,-0.514,14.95,341.522,79.298,11.399,977.026,1.17272639,0.689,-14.001,302.832,302.832
159.007,2.769,2.769,271.826,0.892,2.767,-0.088,0.043,14.553,341.286,81.332,11.395,977.058,1.17438531,1.709,-13.541,303.988,303.988
159.102,3.538,3.538,286.065,0.0,3.4,-0.979,0.0,13.899,340.899,84.874,11.399,977.032,1.17702699,-0.873,-10.507,301.302,301.302
159.202,3.1,3.098,296.081,2.026,2.783,-1.362,0.11,13.687,340.772,86.047,11.398,977.046,1.17791522,2.968,-8.576,302.238,302.238
159.303,0.893,0.848,95.894,-18.397,-0.843,0.087,-0.282,14.938,341.514,79.315,11.391,977.035,1.17278886,-34.069,-6.435,289.72,289.72
159.403,2.075,1.754,134.511,-32.309,-1.251,1.229,-1.109,15.122,341.624,78.416,11.398,977.031,1.17203176,-44.533,-7.923,281.978,281.978
159.503,1.975,1.974,196.013,-1.89,0.545,1.897,-0.065,15.057,341.586,78.812,11.41,977.047,1.17230999,-42.066,-11.322,280.57,280.57
159.603,2.071,2.062,260.964,5.317,2.036,0.324,0.192,15.122,341.625,78.544,11.422,977.024,1.17201507,15.53,-15.223,307.725,307.725
159.703,4.328,4.242,289.77,11.441,3.992,-1.435,0.859,14.523,341.27,81.638,11.422,977.043,1.17447972,32.516,-10.759,305.886,305.886
159.803,2.568,2.567,287.267,-1.671,2.451,-0.762,-0.075,14.018,340.969,84.216,11.398,977.035,1.17654455,19.469,-8.371,304.962,304.962
159.903,1.157,1.125,301.419,13.47,0.96,-0.587,0.269,14.841,341.457,79.825,11.393,977.033,1.17317963,20.092,-7.997,303.833,303.833
160.003,1.262,1.26,73.959,3.241,-1.21,-0.348,0.071,15.347,341.759,77.414,11.422,977.051,1.17113125,7.401,-10.497,303.795,303.795
160.103,1.208,1.179,53.471,-12.547,-0.947,-0.702,-0.262,15.299,341.729,77.569,11.405,977.055,1.17133987,-1.696,-14.919,300.788,300.788
160.207,2.135,2.131,235.737,-3.508,1.761,1.2,-0.131,15.279,341.718,77.69,11.409,977.039,1.17140019,0.784,-15.892,302.699,302.699
160.307,2.797,2.797,268.147,0.0,2.795,0.09,0.0,14.828,341.45,79.941,11.402,977.048,1.17324889,0.953,-11.532,301.446,301.446
160.407,3.93,3.93,281.265,0.0,3.854,-0.768,0.0,13.981,340.948,84.457,11.405,977.049,1.1767081,2.41,-6.408,301.777,301.777
160.507,1.849,1.847,295.002,2.805,1.674,-0.78,0.09,14.112,341.024,83.681,11.393,977.036,1.1761632,26.516,-6.677,304.811,304.811
160.607,0.678,0.591,129.924,-29.356,-0.453,0.379,-0.332,14.974,341.539,79.383,11.439,977.027,1.17261183,4.569,-10.945,303.626,303.626
160.707,1.398,1.331,108.496,-17.832,-1.262,0.422,-0.428,15.067,341.592,78.72,11.403,977.033,1.17225444,-7.128,-15.31,300.048,300.048
160.808,1.016,0.868,215.556,-31.26,0.505,0.706,-0.527,15.067,341.592,78.782,11.414,977.03,1.17224813,2.473,-15.11,303.353,303.353
160.909,3.026,3.019,249.091,-3.748,2.82,1.077,-0.198,14.899,341.493,79.641,11.414,977.044,1.17295027,-0.362,-11.038,303.159,303.159
161.011,3.453,3.442,266.768,4.529,3.437,0.194,0.273,14.14,341.041,83.554,11.398,977.052,1.17606604,0.826,-7.449,302.078,302.078
161.111,2.821,2.821,281.521,0.0,2.764,-0.563,0.0,13.594,340.718,86.665,11.414,977.029,1.17827046,1.501,-6.669,303.247,303.247
161.211,1.87,1.842,291.503,9.863,1.714,-0.675,0.32,13.742,340.808,85.981,11.441,977.057,1.17768228,-0.486,-12.107,302.168,302.168
161.311,0.701,0.626,111.62,-26.74,-0.582,0.231,-0.315,14.798,341.433,80.15,11.413,977.051,1.17336941,2.014,-14.923,303.826,303.826
161.411,1.081,0.704,156.098,-49.353,-0.285,0.644,-0.82,15.046,341.581,78.989,11.433,977.045,1.17234445,-1.487,-14.16,302.878,302.878
161.511,2.697,2.663,237.019,-9.113,2.234,1.45,-0.427,14.964,341.532,79.39,11.43,977.06,1.1726979,0.484,-11.275,302.043,302.043
161.612,3.94,3.939,262.037,1.348,3.901,0.546,0.093,14.713,341.384,80.725,11.438,977.059,1.17371571,-8.476,-8.989,300.494,300.494
161.712,3.821,3.821,278.9,0.0,3.775,-0.591,0.0,13.987,340.952,84.493,11.418,977.059,1.17668915,-42.047,-7.243,283.981,283.981
161.812,1.923,1.923,276.439,0.0,1.911,-0.216,0.0,14.078,341.008,84.191,11.452,977.046,1.17628789,-45.292,-9.159,281.323,281.323
161.912,0.614,0.415,133.365,-47.4,-0.302,0.285,-0.452,14.789,341.428,80.246,11.422,977.049,1.17340004,-39.4,-12.614,283.916,283.916
162.012,2.82,2.82,161.586,0.081,-0.891,2.675,0.004,15.07,341.596,78.887,11.438,977.04,1.17223752,-37.616,-12.42,284.928,284.928
162.112,4.28,4.28,191.884,0.246,0.881,4.188,0.018,14.948,341.523,79.488,11.433,977.026,1.17271996,-38.537,-9.764,284.751,284.751
162.212,5.656,5.656,195.413,0.0,1.503,5.452,0.0,14.942,341.518,79.355,11.402,976.999,1.17272472,-37.837,-6.666,286.994,286.994
162.313,6.41,6.351,200.356,7.767,2.209,5.955,0.866,14.412,341.205,82.278,11.432,976.954,1.17481792,-39.136,-5.952,285.934,285.934
162.413,6.308,6.175,189.087,11.807,0.975,6.097,1.291,14.146,341.047,83.715,11.433,976.939,1.17588854,-31.493,-9.843,286.173,286.173
162.513,4.468,4.468,182.73,-0.315,0.213,4.463,-0.025,14.302,341.141,82.913,11.441,976.921,1.17522323,38.204,-11.199,306.628,306.628
162.613,3.832,3.829,176.681,2.472,-0.222,3.822,0.165,14.75,341.404,80.334,11.4,976.919,1.17341161,33.387,-11.792,306.124,306.124
162.713,4.708,4.691,182.897,4.808,0.237,4.685,0.395,14.889,341.486,79.628,11.402,976.947,1.1728797,-13.055,-10.121,297.574,297.574
162.813,5.71,5.708,195.277,1.427,1.504,5.506,0.142,14.78,341.423,80.334,11.43,976.968,1.17333436,-11.998,-8.13,299.003,299.003
162.913,5.526,5.525,203.238,0.698,2.18,5.077,0.067,14.529,341.275,81.709,11.441,976.954,1.17433918,-9.908,-8.55,299.046,299.046
163.013,5.039,5.031,197.665,3.333,1.527,4.793,0.293,14.323,341.152,82.718,11.426,976.948,1.1751765,-22.248,-10.967,293.932,293.932
163.113,5.924,5.865,189.173,8.113,0.935,5.79,0.836,14.239,341.1,83.008,11.396,976.945,1.1755302,-22.649,-16.402,293.819,293.819
163.214,6.162,6.133,182.951,5.581,0.316,6.125,0.599,14.281,341.127,82.9,11.418,976.916,1.17531455,-12.117,-16.144,297.357,297.357
163.314,6.903,6.903,185.272,0.0,0.634,6.873,0.0,14.54,341.281,81.568,11.426,976.913,1.17424989,-17.349,-10.278,296.895,296.895
163.414,7.719,7.719,186.206,0.0,0.834,7.673,0.0,14.724,341.39,80.602,11.426,976.891,1.17347074,-18.501,-8.252,297.018,297.018
163.514,8.399,8.388,189.318,2.947,1.358,8.277,0.432,14.618,341.326,81.114,11.418,976.889,1.17390668,-19.329,-10.341,295.088,295.088
163.614,8.006,7.997,193.378,2.693,1.85,7.78,0.376,14.517,341.267,81.731,11.433,976.863,1.174281,-21.462,-14.972,293.364,293.364
163.714,7.779,7.766,187.763,3.314,1.049,7.695,0.45,14.712,341.382,80.597,11.413,976.827,1.17345071,-21.521,-16.084,293.07,293.07
163.814,8.095,8.085,186.96,2.89,0.98,8.026,0.408,14.529,341.274,81.626,11.426,976.817,1.17417908,-13.128,-15.755,298.33,298.33
163.914,8.386,8.386,187.961,0.0,1.161,8.305,0.0,14.312,341.145,82.732,11.418,976.812,1.17506111,-12.078,-13.982,298.742,298.742
164.014,9.255,9.255,191.455,0.0,1.838,9.071,0.0,14.5,341.258,81.863,11.441,976.805,1.17427814,-16.434,-16.0,296.388,296.388
164.115,9.164,9.155,192.553,2.527,1.99,8.936,0.404,14.426,341.213,82.141,11.421,976.766,1.17453778,17.58,-29.68,315.044,315.044
164.215,8.766,8.76,185.549,2.135,0.847,8.719,0.327,14.586,341.309,81.366,11.433,976.757,1.17386937,19.108,-35.213,318.27,318.27
164.315,8.288,8.288,185.007,0.0,0.723,8.256,0.0,14.37,341.181,82.534,11.438,976.782,1.17478228,32.33,-12.725,306.938,306.938
164.415,7.607,7.607,189.161,0.692,1.211,7.509,0.092,14.382,341.189,82.549,11.452,976.795,1.17474115,-12.455,-14.209,298.322,298.322
164.515,9.031,9.016,189.199,3.29,1.441,8.9,0.518,14.349,341.168,82.648,11.438,976.794,1.17488241,-17.506,-11.91,295.398,295.398
164.615,8.466,8.45,186.941,3.568,1.021,8.388,0.527,14.302,341.141,82.96,11.449,976.786,1.1750586,9.24,-8.522,303.929,303.929
164.715,8.29,8.29,188.619,0.297,1.242,8.196,0.043,14.463,341.234,81.903,11.413,976.788,1.17441821,6.326,-12.518,303.557,303.557
164.815,7.875,7.875,188.641,0.0,1.183,7.786,0.0,14.335,341.16,82.736,11.441,976.813,1.17495871,4.402,-15.971,305.603,305.603
164.915,7.752,7.751,191.712,0.725,1.573,7.59,0.098,14.109,341.026,83.916,11.433,976.821,1.17589557,24.675,-15.599,308.475,308.475
165.015,7.275,7.275,186.977,0.0,0.884,7.221,0.0,14.039,340.983,84.283,11.43,976.839,1.17620885,5.532,-13.985,304.157,304.157
165.115,7.666,7.659,187.747,2.383,1.032,7.589,0.319,14.109,341.026,83.982,11.445,976.862,1.17594087,10.965,-11.153,304.975,304.975
165.215,7.085,7.084,185.956,0.809,0.735,7.046,0.1,14.159,341.055,83.689,11.441,976.88,1.17576241,-10.457,-9.094,299.607,299.607
165.315,7.488,7.486,189.698,1.11,1.261,7.379,0.145,14.248,341.11,83.342,11.466,976.877,1.17538321,-8.836,-9.913,299.613,299.613
165.415,7.815,7.815,192.171,0.689,1.648,7.639,0.094,14.552,341.287,81.485,11.422,976.889,1.17417383,-2.926,-16.135,302.406,302.406
165.515,8.0,8.0,188.813,0.0,1.226,7.906,0.0,14.487,341.25,81.889,11.433,976.903,1.17445195,-1.173,-15.356,302.015,302.015
165.616,7.781,7.781,194.76,0.0,1.982,7.524,0.0,14.377,341.185,82.539,11.445,976.887,1.17487752,2.319,-14.819,303.094,303.094
165.719,7.426,7.426,192.701,0.0,1.633,7.245,0.0,14.142,341.044,83.646,11.417,976.87,1.17582846,3.137,-11.698,303.597,303.597
165.819,7.617,7.617,189.894,0.0,1.309,7.504,0.0,14.4,341.198,82.394,11.441,976.888,1.17478657,-5.054,-9.696,300.211,300.211
165.919,7.844,7.81,185.013,5.335,0.683,7.781,0.729,14.627,341.333,81.108,11.426,976.896,1.17387259,-6.202,-12.195,300.999,300.999
166.019,7.935,7.925,187.365,2.812,1.016,7.86,0.389,14.788,341.428,80.297,11.43,976.888,1.17320812,-3.424,-14.822,303.048,303.048
166.119,8.079,8.079,190.704,0.0,1.5,7.938,0.0,14.789,341.429,80.328,11.437,976.913,1.17323005,-6.168,-13.228,300.433,300.433
166.22,8.056,8.056,191.711,0.0,1.635,7.888,0.0,14.466,341.237,81.957,11.426,976.917,1.1745553,-5.305,-11.135,300.378,300.378
166.319,8.571,8.414,183.196,10.982,0.469,8.401,1.633,14.577,341.303,81.394,11.43,976.911,1.17409348,-5.157,-13.008,301.268,301.268
166.421,8.232,8.224,190.242,2.539,1.462,8.093,0.365,14.334,341.16,82.806,11.452,976.92,1.17508721,-2.951,-12.508,302.371,302.371
166.523,8.902,8.895,186.519,2.388,1.01,8.837,0.371,14.324,341.152,82.688,11.421,976.941,1.1751684,3.555,-10.744,303.323,303.323
166.622,8.648,8.627,191.422,4.063,1.708,8.456,0.613,14.326,341.154,82.748,11.433,976.934,1.17514765,-16.101,-10.804,295.574,295.574
166.722,8.762,8.762,190.658,0.0,1.62,8.611,0.0,14.362,341.176,82.616,11.445,976.907,1.17496037,-10.643,-12.664,299.926,299.926
166.822,8.917,8.917,191.05,0.0,1.709,8.752,0.0,14.462,341.236,82.108,11.449,976.899,1.17454278,-9.098,-14.804,299.586,299.586
166.922,9.036,9.029,190.672,2.31,1.672,8.873,0.364,14.248,341.108,83.186,11.438,976.887,1.17540514,-8.492,-18.756,300.088,300.088
167.023,9.028,9.028,189.532,0.0,1.495,8.903,0.0,14.172,341.064,83.66,11.449,976.881,1.1757046,3.261,-20.987,305.729,305.729
167.123,8.648,8.648,187.837,0.0,1.179,8.567,0.0,14.507,341.259,81.543,11.389,976.866,1.17434359,3.298,-10.768,303.057,303.057
167.223,8.922,8.912,185.408,2.666,0.84,8.872,0.415,14.388,341.189,82.284,11.409,976.855,1.17480814,0.697,-9.568,301.403,301.403
167.324,9.069,9.069,186.523,0.0,1.03,9.011,0.0,14.429,341.214,82.129,11.421,976.862,1.17464471,14.314,-11.831,305.361,305.361
167.423,8.849,8.849,189.225,0.282,1.419,8.735,0.043,14.405,341.201,82.347,11.438,976.857,1.17472804,11.112,-15.925,306.433,306.433
167.524,8.433,8.433,193.351,0.0,1.947,8.205,0.0,14.654,341.349,81.028,11.437,976.856,1.17370963,4.201,-17.563,305.211,305.211
167.624,8.01,8.01,193.766,0.0,1.906,7.78,0.0,14.417,341.208,82.282,11.437,976.872,1.17469883,2.53,-10.078,303.603,303.603
167.723,8.16,8.147,186.515,3.259,0.924,8.094,0.464,14.422,341.211,82.235,11.433,976.884,1.17469478,-7.019,-9.236,300.369,300.369
167.824,8.858,8.858,189.876,0.0,1.519,8.727,0.0,14.239,341.103,83.278,11.445,976.875,1.17542517,-13.072,-10.988,297.755,297.755
167.924,9.27,9.27,191.948,0.0,1.919,9.069,0.0,14.46,341.233,81.944,11.418,976.871,1.17452753,-6.198,-14.909,300.956,300.956
168.024,9.56,9.56,197.329,0.0,2.847,9.126,0.0,14.358,341.173,82.532,11.426,976.855,1.17492115,-8.683,-16.276,300.677,300.677
168.124,9.786,9.786,199.008,0.398,3.187,9.252,0.068,14.213,341.088,83.439,11.449,976.854,1.17550421,-2.891,-16.686,302.865,302.865
168.225,8.707,8.707,197.56,0.0,2.627,8.302,0.0,14.341,341.163,82.6,11.422,976.853,1.1749891,1.389,-15.438,303.118,303.118
168.327,8.782,8.775,198.5,2.377,2.784,8.321,0.364,14.395,341.194,82.288,11.417,976.858,1.17477989,-0.556,-11.186,302.352,302.352
168.427,8.526,8.525,198.446,0.848,2.698,8.087,0.126,14.382,341.187,82.423,11.429,976.88,1.17485237,-1.384,-11.865,302.546,302.546
168.527,9.136,9.135,196.266,0.575,2.559,8.77,0.092,14.354,341.169,82.443,11.405,976.882,1.17498207,-0.581,-15.296,302.396,302.396
168.627,9.892,9.891,198.158,1.035,3.082,9.398,0.179,14.222,341.091,83.189,11.413,976.864,1.17549479,5.435,-16.675,305.56,305.56
168.727,9.056,9.056,195.158,0.75,2.368,8.741,0.119,14.165,341.057,83.487,11.41,976.869,1.17573524,3.918,-12.649,304.075,304.075
168.827,8.747,8.747,196.322,0.0,2.458,8.394,0.0,14.039,340.984,84.301,11.433,976.851,1.17622101,5.201,-13.437,303.958,303.958
168.928,8.208,8.208,195.383,0.0,2.177,7.914,0.0,14.151,341.049,83.585,11.414,976.855,1.17577577,3.042,-11.062,303.741,303.741
169.031,8.689,8.678,190.42,2.91,1.569,8.535,0.441,14.018,340.97,84.299,11.413,976.884,1.17635548,-0.427,-12.012,302.549,302.549
169.131,8.428,8.428,187.06,0.0,1.036,8.364,0.0,14.338,341.161,82.641,11.426,976.89,1.17504764,124.665,-159.044,228.511,228.511
169.231,7.934,7.934,185.504,0.0,0.761,7.897,0.0,14.153,341.051,83.638,11.426,976.917,1.17583871,-8.919,-32.005,302.383,302.383
169.331,8.049,8.049,192.823,0.0,1.786,7.848,0.0,14.414,341.205,82.173,11.414,976.945,1.17480862,-6.406,-35.613,304.406,304.406
169.431,7.767,7.767,190.14,0.0,1.367,7.646,0.0,14.475,341.241,81.824,11.409,976.955,1.17457402,6.104,-9.88,303.106,303.106
169.531,7.825,7.825,196.422,0.0,2.212,7.506,0.0,14.25,341.107,82.907,11.389,976.979,1.17552817,2.496,9.324,300.469,300.469
169.631,7.927,7.859,197.065,7.522,2.306,7.513,1.038,14.396,341.194,82.215,11.405,976.977,1.17492151,82.118,-4.392,287.719,287.719
169.735,7.759,7.759,188.212,0.0,1.108,7.68,0.0,14.378,341.184,82.364,11.414,977.015,1.17504001,-6.3,-53.113,314.443,314.443
169.835,8.307,8.301,185.009,2.203,0.725,8.27,0.319,14.432,341.216,82.078,11.414,976.973,1.17476892,0.27,-60.211,326.372,326.372
169.935,8.546,8.545,193.739,0.535,2.029,8.301,0.08,14.655,341.349,80.982,11.429,976.979,1.17385721,7.239,32.142,300.44,300.44
170.035,9.11,9.11,192.567,0.0,1.982,8.891,0.0,14.537,341.276,81.362,11.385,976.957,1.17433238,-8.139,27.79,302.755,302.755
170.135,9.696,9.696,189.265,0.701,1.561,9.569,0.119,14.608,341.32,81.169,11.418,976.939,1.17400849,-5.877,-52.533,313.493,313.493
170.235,9.032,9.027,187.874,1.783,1.237,8.942,0.281,14.242,341.1,82.807,11.362,976.903,1.1754812,-3.391,-46.914,312.23,312.23
170.335,8.763,8.762,180.587,1.195,0.09,8.761,0.183,14.077,341.005,83.931,11.405,976.906,1.1761409,15.438,-29.287,312.227,312.227
170.44,9.159,9.158,183.095,0.704,0.494,9.145,0.113,14.234,341.098,83.088,11.406,976.875,1.17546022,-11.155,19.967,302.837,302.837
170.539,8.528,8.528,187.395,0.0,1.098,8.457,0.0,14.381,341.185,82.262,11.399,976.87,1.1748569,8.517,13.402,301.041,301.041
170.639,9.223,9.219,195.843,1.645,2.517,8.869,0.265,14.346,341.165,82.514,11.41,976.885,1.17501521,35.297,-7.475,305.15,305.15
170.739,8.346,8.345,199.909,0.695,2.842,7.846,0.101,14.615,341.323,80.985,11.391,976.884,1.17392325,24.14,-30.844,317.084,317.084
170.839,8.704,8.683,206.146,3.901,3.826,7.795,0.592,14.231,341.097,83.122,11.409,976.918,1.17552435,14.99,-27.06,312.569,312.569
170.94,6.851,6.846,203.979,2.218,2.782,6.255,0.265,13.987,340.949,84.228,11.37,976.93,1.17655373,14.287,-15.391,306.615,306.615
171.04,6.168,6.159,190.665,3.237,1.14,6.052,0.348,13.953,340.931,84.601,11.403,976.955,1.17671168,12.696,4.981,301.68,301.68
171.142,5.811,5.806,183.007,2.345,0.305,5.798,0.238,14.32,341.149,82.609,11.403,976.986,1.17524481,13.605,11.927,301.357,301.357
171.241,5.464,5.464,189.555,0.37,0.907,5.388,0.035,14.701,341.374,80.554,11.393,977.016,1.17373168,18.17,-6.55,306.281,306.281
171.341,6.709,6.705,202.655,-1.937,2.583,6.187,-0.227,14.682,341.363,80.636,11.391,977.046,1.17384696,5.627,-27.225,308.902,308.902
171.441,5.01,5.007,208.312,1.966,2.375,4.408,0.172,14.476,341.24,81.668,11.382,977.064,1.17471135,135.639,-137.83,213.296,213.296
171.541,3.765,3.669,225.128,12.966,2.6,2.589,0.845,14.057,340.992,83.962,11.391,977.114,1.1764816,13.913,29.407,299.027,299.027
171.641,3.075,3.075,208.281,0.0,1.457,2.708,0.0,13.778,340.826,85.447,11.382,977.138,1.17765725,15.662,-23.693,310.728,310.728
171.743,2.621,2.594,163.369,-8.288,-0.742,2.485,-0.378,14.431,341.214,81.973,11.395,977.161,1.17500579,10.71,-12.821,305.167,305.167
171.841,2.152,2.134,166.498,-7.44,-0.498,2.075,-0.279,14.949,341.521,79.236,11.386,977.181,1.17292166,15.654,14.166,299.242,299.242
171.942,3.767,3.711,198.692,-9.912,1.189,3.515,-0.648,14.982,341.539,78.986,11.371,977.192,1.17280579,15.71,18.558,299.425,299.425
172.042,4.604,4.567,218.752,-7.294,2.859,3.562,-0.585,14.998,341.55,79.032,11.395,977.205,1.1727494,14.93,-28.167,314.492,314.492
172.142,3.99,3.987,239.912,-2.188,3.45,1.999,-0.152,14.385,341.186,82.128,11.378,977.2,1.17524791,19.547,-29.069,317.825,317.825
172.244,3.005,3.005,253.163,0.0,2.877,0.871,0.0,13.736,340.8,85.661,11.378,977.195,1.17790246,28.921,21.863,295.904,295.904
172.342,1.156,1.149,255.639,6.497,1.113,0.285,0.131,13.822,340.851,85.184,11.378,977.214,1.17757308,-8.435,30.485,305.57,305.57
172.442,1.69,1.647,130.3,-12.954,-1.256,1.065,-0.379,14.853,341.463,79.686,11.378,977.227,1.17337286,-9.053,12.423,302.284,302.284
172.542,1.411,1.398,116.741,-7.52,-1.249,0.629,-0.185,14.849,341.46,79.64,11.365,977.249,1.17342198,-4.36,-11.035,302.155,302.155
172.642,1.303,1.118,207.287,-30.907,0.513,0.994,-0.669,14.717,341.383,80.408,11.382,977.238,1.17393827,-4.256,-30.085,305.252,305.252
172.743,2.322,2.322,219.853,0.897,1.488,1.782,0.036,14.597,341.312,81.079,11.391,977.239,1.17442501,-6.298,-10.607,299.589,299.589
172.843,2.534,2.534,251.167,0.0,2.398,0.818,0.0,13.961,340.934,84.413,11.377,977.244,1.17703819,-3.318,40.719,306.229,306.229
172.943,1.89,1.89,262.674,0.805,1.875,0.241,0.027,13.489,340.654,87.029,11.375,977.235,1.17896593,-5.882,18.571,301.366,301.366
173.043,1.852,1.575,127.186,-31.712,-1.255,0.952,-0.973,14.585,341.303,80.985,11.362,977.254,1.17450356,-4.353,-27.676,306.024,306.024
173.143,2.38,2.301,107.061,-14.804,-2.2,0.675,-0.608,14.763,341.409,80.08,11.365,977.251,1.17377222,-5.389,3.672,301.004,301.004
173.243,1.445,0.523,157.643,-68.773,-0.199,0.484,-1.347,14.728,341.387,80.203,11.354,977.254,1.17392588,-4.106,44.208,306.91,306.91
173.343,2.82,2.814,223.831,-3.973,1.949,2.03,-0.195,14.77,341.414,80.133,11.382,977.252,1.17373943,-3.043,-36.417,309.462,309.462
173.444,2.614,2.612,244.768,2.062,2.363,1.114,0.094,14.298,341.132,82.442,11.35,977.259,1.17568922,-3.238,-26.73,306.809,306.809
173.544,2.518,2.515,273.183,2.882,2.511,-0.14,0.127,13.728,340.793,85.505,11.343,977.26,1.17802906,23.543,29.426,295.47,295.47
173.644,1.9,1.895,305.53,-4.186,1.543,-1.101,-0.139,14.067,340.997,83.838,11.378,977.251,1.1766119,32.309,-17.416,310.247,310.247
173.744,2.976,2.971,29.036,3.259,-1.442,-2.597,0.169,14.75,341.401,80.085,11.354,977.257,1.17383683,24.736,-28.522,315.68,315.68
173.846,3.006,2.984,39.813,-6.991,-1.91,-2.292,-0.366,14.755,341.404,80.101,11.362,977.254,1.17381048,33.461,11.15,296.614,296.614
173.946,2.404,2.331,32.029,-14.178,-1.236,-1.976,-0.589,14.42,341.206,81.945,11.378,977.229,1.17514229,37.107,-3.022,303.469,303.469
174.046,2.396,2.391,339.719,3.671,0.829,-2.243,0.153,14.562,341.288,81.006,11.343,977.236,1.17458534,-14.395,-42.611,302.525,302.525
174.146,3.396,3.382,318.466,5.206,2.243,-2.532,0.308,14.073,340.999,83.63,11.347,977.24,1.17658532,-11.251,-21.931,299.714,299.714
174.246,3.407,3.394,320.642,4.975,2.153,-2.624,0.295,13.98,340.943,84.115,11.343,977.246,1.17697728,-3.542,12.836,300.414,300.414
174.346,1.975,1.972,337.933,3.168,0.741,-1.828,0.109,14.303,341.135,82.414,11.35,977.252,1.17565954,-19.727,-8.286,295.25,295.25
174.451,1.969,1.959,15.722,-5.66,-0.531,-1.886,-0.194,14.784,341.422,80.022,11.375,977.263,1.17369783,-5.725,-25.988,302.772,302.772
174.551,1.504,1.443,9.868,-16.367,-0.247,-1.422,-0.424,14.859,341.466,79.617,11.371,977.258,1.17338848,-26.337,-5.995,293.457,293.457
174.652,1.956,1.921,284.62,-10.918,1.859,-0.485,-0.371,14.853,341.461,79.453,11.334,977.266,1.17343748,-25.748,-5.937,293.67,293.67
174.752,3.599,3.599,287.133,-0.004,3.439,-1.06,-0.0,14.388,341.187,82.051,11.367,977.281,1.17534041,-15.694,-25.809,295.954,295.954
174.852,4.426,4.425,289.778,-1.026,4.164,-1.497,-0.079,13.649,340.746,85.877,11.331,977.291,1.17839348,-6.391,-22.063,302.668,302.668
174.953,3.267,3.264,294.607,-2.458,2.968,-1.359,-0.14,13.791,340.83,85.132,11.338,977.307,1.17782974,-5.84,-19.749,301.392,301.392
175.056,0.956,0.555,19.606,-54.526,-0.186,-0.523,-0.778,14.565,341.291,81.055,11.355,977.287,1.17462718,-2.27,-25.807,304.265,304.265
175.156,1.887,1.739,74.67,-22.786,-1.678,-0.46,-0.731,14.874,341.474,79.387,11.342,977.286,1.17337036,-0.962,-12.826,302.775,302.775
175.257,1.072,0.285,258.44,-74.557,0.28,0.057,-1.033,14.718,341.381,80.234,11.35,977.267,1.17398345,-9.151,-12.676,299.978,299.978
175.357,1.917,1.878,255.348,-11.632,1.816,0.475,-0.386,14.618,341.322,80.779,11.355,977.268,1.17438912,-8.948,-16.013,300.238,300.238
175.457,3.397,3.397,275.194,0.0,3.383,-0.308,0.0,14.169,341.054,82.957,11.318,977.262,1.17623174,-6.545,1.397,300.179,300.179
175.56,4.166,4.166,287.022,0.138,3.983,-1.22,0.01,13.689,340.771,85.786,11.354,977.281,1.17821014,-4.476,10.618,300.736,300.736
175.66,2.421,2.41,296.371,-5.256,2.16,-1.071,-0.222,14.217,341.084,82.832,11.342,977.281,1.17604911,-6.434,-11.914,300.286,300.286
175.76,0.958,0.778,359.667,-35.711,0.005,-0.778,-0.559,14.877,341.476,79.439,11.355,977.277,1.17334282,1.957,-13.1,303.86,303.86
175.86,1.581,1.265,248.002,-36.857,1.173,0.474,-0.948,14.949,341.517,78.969,11.335,977.301,1.17308736,-0.922,12.845,301.008,301.008
175.96,3.639,3.609,252.252,-7.389,3.437,1.1,-0.468,14.981,341.538,78.902,11.354,977.298,1.17294466,-9.584,2.175,300.311,300.311
176.06,4.153,4.152,268.591,1.146,4.151,0.102,0.083,14.605,341.312,80.659,11.32,977.303,1.1745007,-5.939,-17.281,302.977,302.977
176.16,4.618,4.618,281.037,0.0,4.533,-0.884,0.0,13.903,340.898,84.649,11.362,977.312,1.17736661,1.789,-1.801,302.625,302.625
176.26,4.264,4.264,284.628,0.0,4.126,-1.077,0.0,13.787,340.828,85.087,11.327,977.308,1.17785072,-4.989,1.253,300.851,300.851
176.367,0.919,0.737,283.221,-36.712,0.717,-0.168,-0.549,14.674,341.355,80.441,11.347,977.313,1.17421758,-5.754,-8.69,302.076,302.076
176.46,0.857,0.502,118.961,-54.136,-0.439,0.243,-0.694,14.912,341.496,79.193,11.342,977.29,1.17322052,-5.269,-0.944,301.702,301.702
176.56,2.352,2.101,234.547,-26.706,1.711,1.218,-1.057,14.98,341.535,78.705,11.315,977.314,1.17298424,-6.969,0.602,301.682,301.682
176.66,3.968,3.962,256.605,-3.173,3.854,0.918,-0.22,14.766,341.409,79.884,11.331,977.311,1.17384815,-6.056,-10.45,301.206,301.206
176.76,4.345,4.345,275.831,0.0,4.322,-0.441,0.0,14.105,341.016,83.332,11.324,977.288,1.17652488,-5.096,-1.531,301.177,301.177
176.86,4.557,4.556,292.88,-1.36,4.197,-1.771,-0.108,13.46,340.634,86.986,11.339,977.3,1.17918062,-7.444,-5.05,300.459,300.459
176.96,2.719,2.719,296.147,0.192,2.44,-1.198,0.009,14.08,341.002,83.463,11.324,977.307,1.17664778,-7.706,-0.88,300.318,300.318
177.061,0.717,0.511,316.413,-44.537,0.352,-0.37,-0.503,14.761,341.405,79.849,11.32,977.287,1.17384291,-5.735,6.784,300.402,300.402
177.161,1.549,0.453,225.224,-73.011,0.321,0.319,-1.481,14.88,341.476,79.214,11.315,977.289,1.17336178,-4.406,-0.806,301.303,301.303
177.261,2.834,2.525,243.77,-27.0,2.265,1.116,-1.286,14.963,341.524,78.777,11.312,977.302,1.17304289,-6.087,-14.082,300.319,300.319
177.361,3.984,3.984,260.884,0.306,3.934,0.631,0.021,14.713,341.377,80.114,11.323,977.291,1.17404306,-4.192,3.459,300.559,300.559
177.462,4.873,4.872,280.847,-1.137,4.785,-0.917,-0.097,13.984,340.943,83.872,11.303,977.293,1.17703307,-3.384,13.173,300.869,300.869
177.563,4.427,4.427,287.623,0.476,4.219,-1.34,0.037,13.899,340.894,84.429,11.32,977.309,1.17739379,-11.184,-16.196,299.261,299.261
177.663,1.557,1.126,301.096,-43.651,0.964,-0.582,-1.074,14.677,341.357,80.473,11.355,977.333,1.17422855,-3.718,-17.855,302.9,302.9
177.763,1.245,0.19,298.194,-81.236,0.167,-0.09,-1.23,15.155,341.638,77.786,11.308,977.318,1.17228138,-5.593,-2.55,300.317,300.317
177.863,2.343,1.722,218.056,-42.722,1.061,1.356,-1.59,15.101,341.607,78.095,11.315,977.299,1.17247343,-8.151,-18.916,301.387,301.387
177.963,3.479,3.443,242.941,-8.237,3.066,1.566,-0.498,14.991,341.541,78.675,11.32,977.326,1.17295456,-4.382,-22.934,303.34,303.34
178.063,3.961,3.961,251.673,-0.514,3.76,1.245,-0.036,14.454,341.221,81.289,11.29,977.294,1.17511582,-2.918,-10.022,301.593,301.593
178.163,3.223,3.221,255.886,-2.24,3.124,0.785,-0.126,13.816,340.844,84.906,11.323,977.301,1.17772579,-13.138,-15.346,298.072,298.072
178.267,1.744,1.744,244.721,0.57,1.577,0.745,0.017,14.016,340.963,83.748,11.312,977.301,1.17690814,-10.135,-16.653,299.889,299.889
178.367,0.892,0.784,148.731,-28.412,-0.407,0.67,-0.424,14.898,341.485,79.044,11.3,977.282,1.17328513,-4.236,-12.36,301.646,301.646
178.468,1.029,0.518,194.809,-59.775,0.132,0.501,-0.889,14.977,341.534,78.806,11.331,977.294,1.17296875,-10.155,-13.623,298.152,298.152
178.567,3.247,3.056,222.008,-19.73,2.045,2.271,-1.096,14.895,341.484,79.111,11.31,977.288,1.17330098,0.81,-11.664,302.054,302.054
178.667,3.92,3.915,248.504,-3.126,3.642,1.434,-0.214,14.582,341.298,80.736,11.312,977.282,1.17457175,0.233,-7.285,303.068,303.068
178.767,3.809,3.809,261.336,0.035,3.765,0.574,0.002,13.898,340.892,84.292,11.295,977.295,1.17738998,-8.861,-14.093,299.304,299.304
178.868,2.585,2.584,273.609,-1.77,2.579,-0.163,-0.08,13.617,340.725,85.881,11.3,977.296,1.17854416,-6.079,-6.517,299.995,299.995
178.971,0.846,0.725,260.571,-30.992,0.716,0.119,-0.436,14.61,341.316,80.649,11.324,977.294,1.1744647,-1.388,-4.639,302.017,302.017
179.071,0.899,0.444,205.377,-60.417,0.19,0.401,-0.782,15.005,341.549,78.521,11.304,977.318,1.17289329,-3.2,-15.342,301.978,301.978
179.171,2.346,2.02,216.259,-30.559,1.195,1.629,-1.193,14.945,341.516,79.014,11.34,977.33,1.17313516,-6.034,-7.775,299.534,299.534
179.271,4.088,4.012,241.964,-11.031,3.541,1.886,-0.782,14.997,341.545,78.644,11.319,977.306,1.17290604,-2.249,-1.872,300.884,300.884
179.371,4.426,4.424,258.024,1.646,4.328,0.918,0.127,14.429,341.206,81.445,11.295,977.304,1.1752311,-3.951,-18.877,303.64,303.64
179.472,3.791,3.791,273.184,0.0,3.785,-0.211,0.0,13.771,340.817,85.025,11.3,977.303,1.17791951,-4.902,-16.925,302.84,302.84
179.572,1.706,1.706,270.072,0.0,1.706,-0.002,0.0,14.14,341.035,82.981,11.295,977.32,1.17643118,-14.038,-3.026,298.532,298.532
179.672,0.675,0.59,150.94,-29.031,-0.287,0.516,-0.328,15.094,341.601,78.048,11.299,977.322,1.17253888,-6.265,-14.82,302.168,302.168
179.772,0.824,0.577,194.674,-45.606,0.146,0.558,-0.589,15.191,341.659,77.587,11.304,977.307,1.17212319,-4.479,-10.244,301.061,301.061
179.872,3.24,3.181,222.145,-10.941,2.135,2.359,-0.615,15.211,341.672,77.566,11.32,977.317,1.17204547,-1.804,-0.264,300.556,300.556
179.972,4.217,4.216,244.645,1.119,3.81,1.806,0.082,14.954,341.518,78.715,11.292,977.305,1.1730895,-5.544,-3.753,299.816,299.816
180.072,4.048,4.048,252.872,0.0,3.868,1.192,0.0,14.151,341.041,82.844,11.28,977.287,1.17635226,-2.695,-5.255,300.311,300.311
180.173,2.603,2.603,249.396,0.0,2.437,0.916,0.0,13.862,340.869,84.404,11.279,977.295,1.17754579,-9.293,1.962,299.528,299.528
180.275,0.906,0.868,207.671,16.455,0.403,0.769,0.257,14.38,341.179,81.816,11.315,977.303,1.17542064,2.043,2.036,301.403,301.403
180.375,1.104,1.103,152.84,-1.821,-0.504,0.982,-0.035,14.981,341.535,78.725,11.32,977.289,1.17294919,-7.979,3.133,300.747,300.747
180.479,2.585,2.425,207.626,-20.318,1.124,2.148,-0.898,14.903,341.488,79.011,11.299,977.296,1.1732831,-4.994,2.798,301.869,301.869
180.579,3.409,3.407,230.587,2.08,2.632,2.163,0.124,14.951,341.516,78.684,11.283,977.288,1.17308462,-5.909,-3.525,302.331,302.331
180.679,3.937,3.929,254.444,3.549,3.785,1.054,0.244,14.226,341.085,82.45,11.282,977.299,1.17605901,-4.535,4.692,302.3,302.3
180.779,3.482,3.478,262.366,2.815,3.447,0.462,0.171,13.744,340.801,85.264,11.316,977.311,1.17803669,-1.828,3.902,301.281,301.281
180.879,2.978,2.967,263.409,4.826,2.947,0.341,0.251,13.462,340.632,86.676,11.287,977.308,1.17920053,-3.127,-7.622,301.447,301.447
180.98,1.071,1.04,228.284,13.689,0.777,0.692,0.253,14.823,341.439,79.339,11.283,977.321,1.17364836,-5.775,-3.978,300.684,300.684
181.08,1.856,1.768,211.069,-17.675,0.913,1.515,-0.563,15.168,341.645,77.686,11.3,977.313,1.17222703,-2.884,0.514,301.017,301.017
181.18,3.363,3.286,221.056,-12.234,2.158,2.478,-0.713,15.092,341.6,78.026,11.293,977.31,1.17253172,-4.877,-14.784,303.109,303.109
181.28,4.282,4.282,241.673,0.533,3.769,2.032,0.04,14.895,341.482,78.925,11.275,977.326,1.17336202,-3.43,-12.23,302.175,302.175
181.38,4.272,4.272,252.271,0.0,4.069,1.301,0.0,14.168,341.052,82.815,11.292,977.295,1.17628634,-5.261,-3.542,301.128,301.128
181.48,2.734,2.729,255.482,3.342,2.642,0.684,0.159,13.797,340.833,84.99,11.32,977.292,1.1777916,-2.68,-11.403,302.348,302.348
181.58,0.768,0.766,202.687,-3.024,0.296,0.707,-0.04,14.529,341.265,80.814,11.275,977.297,1.17482185,-8.286,-11.286,300.245,300.245
181.68,1.586,1.555,156.913,-11.292,-0.61,1.431,-0.311,15.178,341.65,77.56,11.286,977.282,1.17215359,3.609,-5.575,302.76,302.76
181.78,2.378,2.305,203.99,-14.224,0.937,2.106,-0.584,15.245,341.692,77.376,11.315,977.281,1.17186713,-10.923,-5.102,298.087,298.087
181.88,4.07,4.07,223.494,-0.006,2.801,2.953,-0.0,15.206,341.668,77.555,11.312,977.297,1.17204773,-1.211,-11.21,302.557,302.557
181.98,4.623,4.622,244.643,0.888,4.177,1.979,0.072,14.709,341.373,80.05,11.307,977.283,1.17405593,0.443,-7.017,302.371,302.371
182.08,3.867,3.867,249.48,0.0,3.621,1.355,0.0,14.01,340.958,83.677,11.293,977.292,1.17693031,-4.844,-10.693,300.622,300.622
182.181,2.316,2.235,242.6,15.186,1.985,1.029,0.607,13.953,340.924,83.993,11.295,977.299,1.1771704,1.794,-10.871,303.03,303.03
182.282,1.302,1.267,180.445,-13.187,0.01,1.267,-0.297,14.927,341.504,79.037,11.327,977.281,1.17315578,-4.221,-11.342,301.805,301.805
182.381,2.263,1.843,191.936,-35.463,0.381,1.803,-1.313,15.015,341.553,78.362,11.283,977.276,1.17281044,-8.871,-16.352,300.294,300.294
182.481,4.384,4.288,215.304,-12.013,2.478,3.5,-0.912,15.005,341.548,78.41,11.283,977.292,1.17286944,2.356,-14.617,302.843,302.843
182.581,4.887,4.855,238.516,-6.525,4.14,2.536,-0.555,14.844,341.453,79.273,11.292,977.276,1.17350209,-2.318,-9.601,301.098,301.098
182.681,5.091,5.091,248.118,0.0,4.725,1.898,0.0,14.061,340.989,83.449,11.302,977.274,1.17669547,-2.429,-21.403,304.921,304.921
182.781,3.794,3.794,251.363,0.0,3.595,1.213,0.0,13.626,340.73,85.801,11.295,977.277,1.17848861,-16.041,-18.051,297.469,297.469
182.881,1.354,1.354,229.456,0.437,1.029,0.88,0.01,14.348,341.159,81.854,11.292,977.272,1.17552185,1.35,-13.773,304.05,304.05
182.982,1.247,1.144,168.333,-23.467,-0.231,1.121,-0.497,14.976,341.532,78.707,11.312,977.276,1.1729548,-1.444,-18.912,304.623,304.623
183.082,1.95,1.601,210.715,-34.811,0.818,1.376,-1.113,15.046,341.574,78.355,11.312,977.298,1.17269778,-1.319,-16.782,303.762,303.762
183.182,4.218,4.143,227.726,-10.87,3.065,2.787,-0.795,15.048,341.574,78.3,11.303,977.284,1.17267764,0.599,-6.14,301.725,301.725
183.282,4.645,4.645,246.504,0.249,4.26,1.852,0.02,14.665,341.345,80.106,11.275,977.286,1.17425311,-7.409,-7.659,299.651,299.651
183.382,3.831,3.83,259.31,0.694,3.764,0.711,0.046,13.965,340.933,84.044,11.315,977.296,1.17710924,-6.484,-9.568,301.194,301.194
183.483,1.947,1.946,258.181,2.018,1.904,0.398,0.069,14.07,340.994,83.404,11.303,977.291,1.17667758,-2.039,-3.176,300.727,300.727
183.587,0.42,0.396,168.295,19.734,-0.08,0.387,0.142,14.971,341.529,78.666,11.299,977.275,1.17298138,3.769,-4.793,302.36,302.36
183.687,0.238,0.162,305.675,-47.175,0.132,-0.095,-0.175,15.279,341.711,77.151,11.304,977.297,1.17175496,-4.758,-5.983,301.192,301.192
183.79,2.929,2.926,223.648,-2.646,2.02,2.117,-0.135,15.315,341.732,76.903,11.29,977.295,1.17161107,-8.423,-4.419,299.672,299.672
183.89,4.428,4.427,248.428,1.11,4.117,1.628,0.086,15.16,341.64,77.711,11.298,977.298,1.17224205,-1.813,-8.025,302.226,302.226
183.99,4.264,4.248,264.499,4.93,4.228,0.407,0.366,14.462,341.226,81.226,11.286,977.302,1.17509663,-7.788,-6.644,300.948,300.948
184.09,3.449,3.449,272.503,0.0,3.445,-0.151,0.0,13.952,340.923,83.997,11.294,977.293,1.17716956,-1.17,-3.424,302.845,302.845
184.191,2.788,2.788,282.015,0.0,2.727,-0.58,0.0,13.964,340.931,83.918,11.292,977.298,1.17712665,-1.377,-7.568,302.752,302.752
184.291,0.796,0.794,190.763,-4.319,0.148,0.78,-0.06,15.079,341.593,78.162,11.307,977.294,1.17256057,-2.836,-6.737,302.243,302.243
184.391,2.734,2.716,217.844,-6.491,1.666,2.145,-0.309,15.132,341.623,77.852,11.298,977.302,1.17236078,-4.326,-0.593,301.027,301.027
184.491,4.247,4.247,240.006,0.177,3.679,2.123,0.013,15.147,341.631,77.628,11.27,977.306,1.17231262,-1.341,-5.68,302.546,302.546
184.591,4.818,4.818,249.917,0.0,4.525,1.654,0.0,14.642,341.334,80.421,11.312,977.306,1.17435324,-4.615,-9.383,303.087,303.087
184.691,4.243,4.231,260.825,4.25,4.177,0.675,0.314,13.883,340.883,84.4,11.299,977.306,1.17746425,-9.633,-3.696,300.601,300.601
184.794,2.614,2.614,270.624,0.0,2.614,-0.028,0.0,13.795,340.83,84.802,11.284,977.302,1.17782652,-0.781,-1.871,302.435,302.435
184.895,0.696,0.471,258.02,47.43,0.461,0.098,0.513,14.903,341.488,79.056,11.307,977.298,1.1732837,-2.778,-5.698,301.441,301.441
184.995,0.364,0.299,206.61,-34.667,0.134,0.267,-0.207,15.091,341.598,77.976,11.282,977.295,1.17252433,-1.463,-2.688,301.85,301.85
185.095,2.593,2.593,215.077,0.612,1.49,2.122,0.028,15.342,341.749,76.872,11.31,977.3,1.17149961,-5.749,-1.797,301.924,301.924
185.195,3.534,3.503,240.203,7.562,3.04,1.741,0.465,15.181,341.653,77.653,11.307,977.3,1.17215431,-2.961,-2.964,301.42,301.42
185.295,4.241,4.214,257.412,6.445,4.113,0.918,0.476,14.358,341.165,81.865,11.303,977.302,1.17551327,-7.729,-1.007,300.746,300.746
185.396,3.939,3.913,262.175,6.527,3.877,0.533,0.448,13.987,340.945,83.87,11.305,977.313,1.17704535,-2.938,-2.469,300.876,300.876
185.496,1.382,1.382,266.994,0.0,1.38,0.072,0.0,14.502,341.253,81.277,11.335,977.292,1.17489839,-0.52,-9.35,303.074,303.074
185.596,0.419,0.418,226.255,-4.808,0.302,0.289,-0.035,15.213,341.672,77.465,11.302,977.298,1.17202234,-5.833,-8.213,300.351,300.351
185.696,3.498,3.442,202.545,-10.203,1.32,3.179,-0.62,15.29,341.718,77.155,11.315,977.302,1.17171097,-2.251,-7.591,301.639,301.639
185.796,4.413,4.405,218.752,-3.386,2.757,3.435,-0.261,15.331,341.742,76.909,11.307,977.298,1.17154264,-7.056,-13.519,300.392,300.392
185.896,4.834,4.801,241.479,6.628,4.219,2.292,0.558,14.877,341.473,79.128,11.296,977.293,1.17338586,0.888,-13.056,303.654,303.654
185.996,4.224,4.224,246.867,0.0,3.884,1.659,0.0,13.832,340.854,84.856,11.33,977.286,1.17763829,-5.278,-9.327,300.465,300.465
186.097,2.762,2.705,239.194,11.647,2.324,1.385,0.558,13.705,340.777,85.333,11.29,977.281,1.17816675,-2.227,-13.794,302.421,302.421
186.199,1.73,1.73,195.595,0.0,0.465,1.666,0.0,14.407,341.195,81.691,11.318,977.268,1.1752671,-9.347,-14.03,298.878,298.878
186.299,2.726,2.719,191.034,-3.822,0.52,2.669,-0.182,14.901,341.487,78.995,11.294,977.267,1.1732583,-5.111,-9.021,300.867,300.867
186.399,4.48,4.45,208.986,-6.632,2.156,3.892,-0.517,15.02,341.558,78.477,11.31,977.27,1.17277014,-5.461,-12.749,300.637,300.637
186.499,4.915,4.912,225.626,1.985,3.511,3.435,0.17,14.905,341.489,79.02,11.302,977.259,1.17323124,-6.923,-12.39,301.239,301.239
186.599,4.889,4.833,241.401,8.714,4.243,2.313,0.741,14.063,340.99,83.478,11.309,977.267,1.17667651,-9.045,-8.053,300.277,300.277
186.699,3.994,3.912,240.571,11.616,3.407,1.922,0.804,13.387,340.589,87.265,11.315,977.257,1.17943668,-3.083,-7.25,301.939,301.939
186.802,2.543,2.532,210.042,5.252,1.268,2.192,0.233,13.818,340.846,84.911,11.326,977.246,1.1776495,-5.747,-10.796,300.197,300.197
186.902,2.478,2.35,176.388,-18.493,-0.148,2.345,-0.786,14.619,341.322,80.638,11.33,977.232,1.17435098,-2.007,-8.833,301.808,301.808
187.002,3.581,3.566,196.214,-5.148,0.996,3.425,-0.321,14.922,341.5,78.92,11.3,977.241,1.17313766,0.595,-9.567,302.765,302.765
187.102,3.924,3.921,219.149,2.03,2.476,3.041,0.139,15.16,341.641,77.731,11.302,977.236,1.17216384,-5.995,-10.956,301.838,301.838
187.202,4.637,4.547,242.353,11.341,4.028,2.11,0.912,14.705,341.372,80.148,11.322,977.239,1.17401218,0.0,-12.316,303.47,303.47
187.305,4.489,4.482,247.204,3.266,4.132,1.737,0.256,13.995,340.951,83.94,11.326,977.25,1.17692792,-3.221,-12.537,302.571,302.571
187.403,2.474,2.46,249.858,5.912,2.31,0.847,0.255,13.793,340.831,85.072,11.33,977.258,1.1777643,-4.71,-14.159,302.731,302.731
187.503,0.716,0.716,209.273,-1.21,0.35,0.625,-0.015,14.482,341.239,81.245,11.309,977.263,1.17495835,0.893,-11.14,303.427,303.427
187.603,1.149,0.9,150.844,-38.398,-0.439,0.786,-0.714,15.097,341.604,78.152,11.322,977.273,1.17245793,-1.742,-9.24,301.746,301.746
187.703,3.443,3.432,198.156,-4.49,1.069,3.261,-0.269,15.048,341.575,78.377,11.318,977.28,1.17266393,-7.902,-9.913,300.2,300.2
187.803,4.959,4.95,213.894,3.569,2.76,4.109,0.309,14.889,341.478,78.976,11.278,977.251,1.17329693,-3.593,-5.932,302.162,302.162
187.904,4.472,4.398,237.391,10.391,3.705,2.37,0.806,14.274,341.115,82.233,11.289,977.25,1.17580032,-4.254,-2.171,301.627,301.627
188.007,3.392,3.254,239.157,16.415,2.793,1.668,0.958,13.7,340.775,85.427,11.302,977.256,1.17815328,-7.82,-5.252,301.332,301.332
188.107,2.07,1.995,221.016,15.536,1.309,1.505,0.555,13.808,340.838,84.783,11.293,977.248,1.17770588,-7.145,-7.298,300.277,300.277
188.207,2.105,2.059,159.588,-12.068,-0.718,1.929,-0.44,14.654,341.341,80.345,11.309,977.25,1.17423856,-4.263,-1.712,300.572,300.572
188.307,2.344,2.337,179.012,-4.562,-0.04,2.336,-0.186,14.786,341.42,79.743,11.324,977.258,1.1737045,-5.057,-3.38,301.625,301.625
188.407,4.058,4.05,206.478,-3.624,1.806,3.625,-0.257,14.736,341.389,79.924,11.309,977.258,1.17391598,0.998,-6.001,303.74,303.74
188.511,4.181,4.133,225.614,8.615,2.954,2.891,0.626,14.484,341.24,81.171,11.298,977.256,1.17494476,-6.474,-3.106,300.746,300.746
188.611,3.316,3.219,236.826,13.876,2.695,1.762,0.795,13.881,340.882,84.429,11.302,977.254,1.1774087,-5.446,-4.022,301.694,301.694
188.711,1.907,1.873,216.977,10.713,1.127,1.497,0.354,13.733,340.794,85.21,11.296,977.227,1.17798579,-2.274,-6.083,301.713,301.713
188.811,2.501,2.487,156.667,-6.133,-0.985,2.283,-0.267,14.572,341.293,80.77,11.309,977.236,1.17455482,-4.333,-5.449,301.275,301.275
188.911,2.653,2.647,146.704,-3.844,-1.453,2.213,-0.178,14.908,341.492,79.109,11.322,977.226,1.17317188,0.203,-3.569,302.864,302.864
189.011,2.218,2.161,165.52,-13.023,-0.54,2.093,-0.5,14.862,341.464,79.303,11.314,977.238,1.17337632,-4.621,-5.78,301.0,301.0
189.112,3.711,3.693,205.385,-5.564,1.583,3.337,-0.36,14.701,341.37,80.19,11.326,977.25,1.17404032,-4.157,-7.693,302.084,302.084
189.212,3.641,3.639,219.576,2.29,2.318,2.805,0.145,14.338,341.153,81.976,11.304,977.24,1.17552054,-3.721,-4.14,301.784,301.784
189.312,2.63,2.604,217.254,8.16,1.576,2.072,0.373,13.785,340.825,84.968,11.304,977.228,1.17776906,-4.372,-5.175,301.967,301.967
189.412,2.543,2.527,164.056,-6.41,-0.694,2.43,-0.284,14.153,341.044,83.034,11.317,977.247,1.17627966,-6.248,-7.322,301.156,301.156
189.512,3.564,3.562,149.959,-1.856,-1.783,3.083,-0.115,14.898,341.486,79.093,11.309,977.229,1.17322063,0.761,-5.494,302.722,302.722
189.612,3.06,3.057,145.601,-2.524,-1.727,2.523,-0.135,15.01,341.55,78.305,11.268,977.224,1.17277265,-5.555,-2.329,301.308,301.308
189.715,2.97,2.921,187.87,-10.42,0.4,2.893,-0.537,14.891,341.481,79.043,11.293,977.23,1.17325628,0.735,-5.255,301.718,301.718
189.815,4.052,4.05,209.182,-1.87,1.975,3.536,-0.132,14.649,341.337,80.266,11.289,977.231,1.17424643,-4.499,-7.771,302.31,302.31
189.915,3.105,3.085,218.595,6.46,1.925,2.411,0.349,14.041,340.977,83.577,11.305,977.238,1.17673326,-7.643,-7.016,300.23,300.23
190.017,2.07,2.068,183.33,-2.622,0.12,2.064,-0.095,13.81,340.839,84.725,11.285,977.241,1.1776911,-2.968,-8.163,302.42,302.42
190.116,2.714,2.665,151.766,-10.936,-1.261,2.348,-0.515,14.421,341.202,81.539,11.304,977.23,1.1751703,-7.638,-12.893,301.149,301.149
190.217,2.687,2.643,145.344,-10.341,-1.503,2.174,-0.482,15.066,341.585,78.24,11.309,977.229,1.1725353,-6.136,-13.997,302.347,302.347
190.317,1.413,1.384,171.554,-11.642,-0.203,1.369,-0.285,14.799,341.426,79.528,11.296,977.233,1.17363334,-0.337,-12.27,302.703,302.703
190.417,3.633,3.624,209.468,-4.097,1.783,3.155,-0.26,14.742,341.394,79.958,11.322,977.231,1.17385161,-0.29,-13.924,302.911,302.911
190.517,4.146,4.116,222.21,6.924,2.765,3.049,0.5,14.163,341.05,82.961,11.313,977.229,1.17621779,-2.408,-12.077,303.09,303.09
190.617,2.721,2.681,227.93,9.908,1.99,1.796,0.468,13.678,340.762,85.666,11.322,977.228,1.17820454,-4.745,-9.996,301.537,301.537
190.717,2.08,2.075,190.272,3.912,0.37,2.042,0.142,13.734,340.794,85.19,11.293,977.235,1.17799246,-2.467,-9.909,301.97,301.97
190.819,2.838,2.809,160.209,-8.116,-0.951,2.643,-0.401,14.651,341.339,80.29,11.296,977.213,1.1742115,-6.142,-12.302,300.659,300.659
190.921,2.988,2.98,146.237,-4.166,-1.656,2.478,-0.217,14.751,341.398,79.799,11.3,977.212,1.17380166,-5.431,-10.58,301.09,301.09
191.021,2.32,2.295,188.027,-8.303,0.321,2.273,-0.335,14.69,341.361,80.048,11.288,977.213,1.17405522,-2.385,-10.319,302.193,302.193
191.121,4.174,4.173,210.286,-1.084,2.105,3.604,-0.079,14.573,341.292,80.68,11.293,977.208,1.17452478,-6.58,-13.034,301.214,301.214
191.222,2.911,2.893,224.211,6.455,2.017,2.074,0.327,14.004,340.954,83.682,11.288,977.226,1.17687523,8.077,-13.575,305.554,305.554
191.322,1.417,1.415,220.849,3.118,0.926,1.07,0.077,13.801,340.833,84.797,11.289,977.229,1.17771351,24.423,-8.849,306.144,306.144
191.422,1.911,1.852,141.801,-14.276,-1.145,1.455,-0.471,14.516,341.259,81.064,11.309,977.242,1.17479181,22.846,-10.091,306.1,306.1
191.522,1.76,1.76,113.419,-1.194,-1.615,0.699,-0.037,15.077,341.59,78.04,11.281,977.258,1.17253792,11.249,-10.344,305.226,305.226
191.622,1.006,0.948,120.773,-19.522,-0.814,0.485,-0.336,15.01,341.551,78.398,11.285,977.245,1.17279255,-6.529,-6.744,301.352,301.352
191.722,2.286,2.218,218.056,-14.037,1.367,1.746,-0.555,14.945,341.514,78.863,11.312,977.261,1.17306376,-4.941,-5.606,300.811,300.811
191.822,3.529,3.528,244.893,0.969,3.195,1.497,0.06,14.587,341.301,80.646,11.3,977.261,1.17452967,-4.215,-9.136,301.802,301.802
191.922,2.938,2.938,251.071,0.0,2.779,0.953,0.0,13.898,340.893,84.352,11.305,977.256,1.17733788,-4.437,-6.217,301.949,301.949
192.022,1.197,1.196,247.787,2.036,1.107,0.452,0.043,14.023,340.965,83.562,11.285,977.26,1.1768415,-4.045,-3.851,301.402,301.402
192.122,1.714,1.644,123.242,-16.449,-1.375,0.901,-0.485,14.907,341.49,78.935,11.288,977.263,1.17323029,-4.286,-5.888,302.077,302.077
192.222,1.36,1.325,114.774,-13.071,-1.203,0.555,-0.308,15.01,341.552,78.502,11.305,977.282,1.1728282,-4.423,-6.301,302.124,302.124
192.322,2.229,0.457,198.968,-78.172,0.149,0.432,-2.182,14.844,341.453,79.299,11.296,977.26,1.17348361,-4.157,-1.358,301.806,301.806
192.423,3.105,3.087,230.231,-6.137,2.373,1.975,-0.332,14.681,341.357,80.206,11.309,977.266,1.17414927,-4.301,-0.755,301.847,301.847
192.523,3.422,3.422,247.393,-0.066,3.159,1.315,-0.004,14.041,340.976,83.443,11.282,977.266,1.17677474,-4.857,-3.893,300.858,300.858
192.623,1.934,1.934,251.92,0.644,1.838,0.6,0.022,13.685,340.765,85.479,11.296,977.257,1.17822087,-4.397,-4.584,301.235,301.235
192.723,1.211,1.198,166.839,-8.364,-0.273,1.166,-0.176,14.378,341.176,81.64,11.281,977.237,1.17536402,-4.829,-0.286,300.794,300.794
192.824,-99.53,-99.51,0.0,0.0,-99.4,-99.41,-99.42,-99.44,-99.43,48.094,-99.44,977.263,13.83899307,-4.624,-2.885,300.965,300.965
192.927,0.946,0.898,131.142,-18.366,-0.676,0.591,-0.298,14.934,341.506,78.801,11.289,977.272,1.1731329,-4.603,-5.885,300.916,300.916
193.027,2.442,2.288,222.599,-20.476,1.549,1.684,-0.854,14.894,341.482,79.005,11.288,977.251,1.17327201,-4.484,-4.376,301.213,301.213
193.127,3.076,3.066,241.287,4.498,2.689,1.473,0.241,14.532,341.268,80.956,11.304,977.271,1.17476606,-4.163,-2.881,300.427,300.427
193.227,1.805,1.805,250.553,0.0,1.702,0.601,0.0,13.882,340.881,84.302,11.28,977.274,1.17743802,-4.683,-5.711,300.858,300.858
193.327,1.041,1.038,177.348,4.158,-0.048,1.037,0.075,14.039,340.976,83.579,11.304,977.26,1.17676663,-1.8,-4.035,301.993,301.993
193.427,1.35,1.301,140.675,-15.387,-0.825,1.007,-0.358,14.947,341.514,78.759,11.293,977.252,1.17305517,3.934,-0.937,302.183,302.183
193.528,0.932,0.931,131.969,-1.968,-0.692,0.623,-0.032,15.134,341.624,77.751,11.281,977.248,1.17229152,19.352,-3.024,304.047,304.047
193.628,2.149,1.89,214.566,-28.431,1.072,1.556,-1.023,15.174,341.648,77.553,11.281,977.257,1.17214155,19.674,-6.779,304.895,304.895
193.728,3.239,3.234,236.957,-3.12,2.711,1.763,-0.176,15.079,341.594,78.213,11.317,977.264,1.17251992,17.358,-7.646,305.079,305.079
193.828,3.859,3.858,265.839,1.178,3.848,0.28,0.079,14.527,341.265,80.92,11.293,977.254,1.17476845,-7.764,-6.037,300.204,300.204
193.929,3.636,3.636,289.446,0.062,3.428,-1.21,0.004,13.934,340.914,84.157,11.305,977.258,1.17719376,-16.011,-9.672,297.812,297.812
194.029,2.247,2.217,289.623,-9.461,2.088,-0.744,-0.369,14.328,341.147,81.987,11.296,977.275,1.17560828,-11.061,-11.778,299.953,299.953
194.129,0.779,0.503,106.557,-49.825,-0.482,0.143,-0.595,15.025,341.56,78.343,11.289,977.269,1.17275989,-13.309,-9.408,298.666,298.666
194.23,0.7,0.028,172.116,-87.721,-0.004,0.028,-0.699,15.094,341.601,78.075,11.304,977.282,1.17248821,1.749,-10.383,302.845,302.845
194.33,3.113,2.647,233.104,-31.767,2.117,1.589,-1.639,15.02,341.557,78.405,11.296,977.264,1.17277062,-11.667,-11.188,298.956,298.956
194.43,3.867,3.863,249.131,-2.544,3.61,1.376,-0.172,14.657,341.341,80.143,11.274,977.288,1.17428863,-7.621,-8.033,300.173,300.173
194.53,3.818,3.818,264.63,-0.399,3.801,0.357,-0.027,13.812,340.84,84.689,11.281,977.279,1.17773068,-3.876,-8.569,301.979,301.979
194.63,2.236,2.234,269.046,-2.568,2.233,0.037,-0.1,13.792,340.828,84.847,11.289,977.271,1.17780173,-13.309,-11.434,297.559,297.559
194.73,1.087,0.77,152.3,-44.859,-0.358,0.682,-0.766,15.138,341.628,77.929,11.318,977.241,1.17225516,-7.656,-10.155,299.77,299.77
194.83,0.753,0.22,186.899,-72.98,0.026,0.219,-0.72,15.18,341.651,77.521,11.281,977.26,1.17211998,-8.889,-9.495,300.704,300.704
194.93,2.265,1.918,224.342,-32.151,1.341,1.372,-1.206,15.178,341.65,77.519,11.278,977.294,1.17217183,-12.837,-12.706,297.615,297.615
195.03,3.892,3.876,243.557,-5.232,3.471,1.726,-0.355,15.147,341.63,77.566,11.257,977.274,1.17228127,-4.832,-12.533,301.471,301.471
195.13,4.187,4.187,262.518,0.586,4.151,0.545,0.043,14.493,341.247,81.298,11.33,977.268,1.17490947,-3.182,-7.625,302.352,302.352
195.231,3.317,3.317,277.394,0.0,3.29,-0.427,0.0,13.941,340.916,83.967,11.278,977.285,1.17721057,-2.497,-8.41,301.953,301.953
195.33,1.379,1.377,296.128,2.784,1.236,-0.606,0.067,14.443,341.214,81.259,11.274,977.296,1.17517209,-8.395,-11.257,300.259,300.259
195.431,0.558,0.234,120.117,-65.208,-0.203,0.117,-0.507,15.216,341.672,77.277,11.268,977.286,1.17201161,0.174,-7.273,302.24,302.24
195.531,0.989,0.57,240.152,-54.818,0.494,0.284,-0.809,15.252,341.694,77.207,11.289,977.294,1.17186642,-7.07,-7.259,299.813,299.813
195.631,3.18,3.132,243.599,-9.956,2.805,1.392,-0.55,15.376,341.768,76.618,11.293,977.281,1.17134702,-4.467,-10.036,301.857,301.857
195.731,4.176,4.171,255.448,2.764,4.038,1.048,0.201,15.06,341.579,78.039,11.265,977.288,1.17264819,-6.104,-7.766,301.082,301.082
195.831,3.836,3.825,259.825,4.367,3.764,0.676,0.292,14.284,341.121,82.263,11.304,977.28,1.17578888,-9.211,-5.012,299.517,299.517
195.931,2.31,2.299,261.026,5.598,2.271,0.359,0.225,14.033,340.973,83.663,11.313,977.282,1.1768142,-0.71,-6.08,302.237,302.237
196.031,0.526,0.498,151.555,-18.767,-0.237,0.438,-0.169,15.087,341.594,77.846,11.253,977.279,1.1725347,-7.428,-5.945,300.11,300.11
196.135,0.926,0.886,142.174,-16.809,-0.544,0.7,-0.268,15.19,341.658,77.535,11.293,977.293,1.1721139,-7.194,-1.67,300.468,300.468
196.235,2.559,2.473,211.472,-14.941,1.291,2.109,-0.66,15.155,341.637,77.734,11.298,977.275,1.17223275,-3.863,-4.692,300.622,300.622
196.335,3.474,3.463,239.147,-4.519,2.973,1.776,-0.274,15.145,341.631,77.697,11.281,977.286,1.17229402,0.413,-5.234,302.381,302.381
196.435,3.983,3.971,254.558,4.49,3.828,1.057,0.312,14.38,341.175,81.519,11.26,977.29,1.17542815,-10.081,-3.713,300.267,300.267
196.535,3.297,3.297,269.271,0.0,3.297,0.042,0.0,13.768,340.814,84.933,11.281,977.284,1.17791808,-1.609,-2.572,301.822,301.822
196.637,1.678,1.676,289.058,2.776,1.584,-0.547,0.081,14.296,341.127,82.071,11.281,977.286,1.17575526,-3.912,-5.686,301.816,301.816
196.736,1.293,1.293,292.192,-1.496,1.197,-0.488,-0.034,14.667,341.347,80.15,11.285,977.28,1.17423081,-4.77,-6.301,302.869,302.869
196.836,1.501,1.06,206.893,-45.109,0.479,0.945,-1.064,15.27,341.705,77.093,11.284,977.285,1.17178202,-6.927,-5.235,301.444,301.444
196.936,3.466,3.406,219.871,-10.673,2.184,2.614,-0.642,15.193,341.659,77.523,11.293,977.302,1.17211437,-8.876,-4.11,299.326,299.326
197.037,4.281,4.278,242.58,2.029,3.797,1.97,0.152,14.971,341.529,78.715,11.308,977.295,1.17300045,-5.042,-5.179,300.537,300.537
197.137,4.173,4.173,252.535,0.0,3.98,1.252,0.0,14.257,341.104,82.348,11.293,977.285,1.1759119,-5.681,-4.728,300.413,300.413
197.238,2.699,2.699,251.879,0.0,2.565,0.839,0.0,14.058,340.985,83.274,11.268,977.274,1.1767211,-5.879,-2.235,301.313,301.313
197.337,0.714,0.712,196.14,3.809,0.198,0.684,0.047,14.962,341.523,78.718,11.3,977.275,1.17301667,-10.334,-5.243,300.55,300.55
197.437,1.077,1.046,155.281,-13.818,-0.437,0.95,-0.257,15.395,341.78,76.576,11.304,977.291,1.17127323,-7.905,-6.807,299.958,299.958
197.537,2.453,2.329,208.434,-18.259,1.109,2.048,-0.769,15.349,341.752,76.786,11.3,977.289,1.17146134,-4.261,-7.835,300.597,300.597
197.638,3.773,3.773,239.146,-0.707,3.239,1.935,-0.047,15.316,341.732,76.887,11.288,977.293,1.17160475,-3.573,-7.611,301.743,301.743
197.738,4.219,4.208,253.474,4.209,4.034,1.197,0.31,14.728,341.384,79.876,11.293,977.271,1.17396975,-7.149,-8.8,300.781,300.781
197.838,3.292,3.292,263.939,0.0,3.273,0.348,0.0,14.08,340.999,83.254,11.285,977.274,1.17662513,-4.568,-10.065,301.354,301.354
197.938,1.815,1.815,273.064,0.0,1.813,-0.097,0.0,14.256,341.104,82.326,11.288,977.278,1.17590702,-6.202,-10.524,301.483,301.483
198.039,0.651,0.642,156.291,-9.805,-0.258,0.588,-0.111,15.116,341.614,77.905,11.293,977.306,1.17243159,-8.205,-10.269,300.487,300.487
198.139,1.778,1.594,203.705,-26.277,0.641,1.459,-0.787,15.254,341.695,77.155,11.281,977.282,1.17184579,-3.025,-9.186,301.444,301.444
198.239,3.531,3.409,219.536,-15.113,2.17,2.629,-0.921,15.196,341.661,77.438,11.28,977.292,1.1720922,-9.852,-8.988,301.694,301.694
198.339,4.345,4.343,245.609,-1.739,3.955,1.793,-0.132,14.899,341.486,78.998,11.293,977.295,1.17329919,-3.503,-11.534,301.099,301.099
198.439,4.593,4.593,253.138,0.0,4.395,1.332,0.0,14.131,341.03,83.042,11.297,977.278,1.17641616,-0.476,-10.067,302.885,302.885
198.539,3.115,3.115,251.513,-0.483,2.954,0.988,-0.026,13.838,340.855,84.543,11.28,977.292,1.17764032,-9.789,-9.494,299.715,299.715
198.639,1.214,1.213,200.32,-2.705,0.421,1.137,-0.057,14.613,341.315,80.431,11.285,977.288,1.1744628,-6.161,-11.453,302.22,302.22
198.74,1.682,1.463,200.548,-29.577,0.514,1.37,-0.83,14.768,341.407,79.672,11.293,977.273,1.17380977,-8.082,-11.397,300.721,300.721
198.84,3.219,3.056,206.153,-18.271,1.347,2.744,-1.009,14.788,341.42,79.566,11.293,977.272,1.17372441,-3.229,-8.223,302.343,302.343
198.94,4.295,4.255,227.741,-7.804,3.149,2.861,-0.583,14.723,341.381,79.902,11.293,977.259,1.17397594,-4.595,-8.302,301.3,301.3
199.04,4.789,4.789,244.659,0.536,4.328,2.05,0.045,14.274,341.114,82.215,11.285,977.266,1.1758219,-2.771,-11.103,303.171,303.171
199.14,4.256,4.256,248.414,0.0,3.957,1.566,0.0,13.608,340.719,85.935,11.3,977.258,1.17853701,-4.377,-9.688,301.41,301.41
199.24,2.504,2.503,243.538,1.032,2.241,1.115,0.045,13.821,340.846,84.727,11.296,977.241,1.17764282,-6.833,-7.042,300.898,300.898
199.34,1.515,1.499,203.156,-8.32,0.59,1.379,-0.219,14.684,341.359,80.224,11.316,977.265,1.17413247,-3.927,-7.622,301.782,301.782
199.44,3.192,3.109,202.996,-13.157,1.214,2.862,-0.727,15.093,341.6,78.038,11.296,977.273,1.17248464,-7.29,-11.18,301.095,301.095
199.54,3.841,3.78,221.914,-10.276,2.525,2.813,-0.685,15.065,341.584,78.158,11.293,977.277,1.17260194,-2.722,-8.947,302.519,302.519
199.641,4.579,4.576,243.473,2.047,4.095,2.044,0.164,14.817,341.437,79.437,11.297,977.269,1.17360115,23.896,-3.258,303.062,303.062
199.741,4.289,4.287,258.507,1.788,4.201,0.854,0.134,13.965,340.932,84.004,11.308,977.281,1.17709279,20.95,-6.679,305.037,305.037
199.842,2.845,2.845,268.536,0.0,2.844,0.073,0.0,13.627,340.731,85.85,11.304,977.276,1.17847848,-9.505,-6.209,299.828,299.828
199.94,0.908,0.901,261.627,-6.877,0.891,0.131,-0.109,14.261,341.105,82.175,11.265,977.278,1.17589688,-3.773,-2.537,301.923,301.923
200.04,0.77,0.518,181.046,-47.722,0.009,0.518,-0.569,14.793,341.422,79.455,11.276,977.269,1.17370856,-4.707,-4.461,301.567,301.567
200.141,2.703,2.037,219.056,-41.095,1.283,1.582,-1.777,14.794,341.424,79.617,11.308,977.288,1.17371273,-4.309,-8.25,302.098,302.098
200.242,4.01,3.984,239.922,-6.526,3.448,1.997,-0.456,14.905,341.489,78.984,11.296,977.282,1.17325854,-4.352,-5.628,301.882,301.882
200.342,4.592,4.591,253.885,1.324,4.41,1.274,0.106,14.325,341.146,82.07,11.308,977.294,1.17563784,-4.669,-3.739,302.656,302.656
200.442,3.965,3.965,266.654,0.0,3.958,0.231,0.0,13.566,340.694,86.126,11.293,977.274,1.17873144,-3.797,-7.481,301.944,301.944
200.542,2.757,2.757,283.332,0.0,2.683,-0.636,0.0,13.617,340.724,85.813,11.288,977.269,1.17851567,-4.641,-8.41,301.249,301.249
200.642,0.689,0.053,279.494,-85.625,0.052,-0.009,-0.687,14.538,341.272,80.947,11.309,977.285,1.17475486,-4.478,-4.909,300.716,300.716
200.742,1.416,1.134,205.222,-36.77,0.483,1.026,-0.847,14.872,341.47,79.238,11.311,977.292,1.17340159,-4.639,-5.135,300.553,300.553
200.842,3.379,2.961,229.101,-28.778,2.238,1.939,-1.627,14.903,341.487,78.959,11.288,977.305,1.17330027,-4.754,-7.541,300.92,300.92
200.942,4.594,4.591,246.389,-2.171,4.206,1.839,-0.174,14.743,341.394,79.881,11.309,977.272,1.17390251,-4.918,-6.571,301.078,301.078
201.042,4.143,4.143,249.2,0.0,3.873,1.471,0.0,14.005,340.956,83.789,11.308,977.275,1.17692447,-4.597,-5.15,300.992,300.992
201.142,2.427,2.422,255.131,3.577,2.341,0.621,0.151,13.672,340.759,85.728,11.327,977.266,1.17827284,-4.754,-7.128,302.272,302.272
201.242,0.464,0.324,195.25,-45.609,0.085,0.313,-0.331,14.361,341.166,81.787,11.292,977.254,1.17544866,-4.471,-8.405,301.953,301.953
201.342,1.134,0.974,119.629,-30.812,-0.847,0.482,-0.581,15.058,341.579,78.198,11.293,977.279,1.17263615,-4.309,-7.3,301.159,301.159
201.442,0.794,0.518,188.502,-49.295,0.077,0.512,-0.602,14.934,341.506,78.825,11.293,977.262,1.17312145,-4.238,-8.182,302.18,302.18
201.542,3.426,3.418,225.203,-3.83,2.425,2.408,-0.229,14.982,341.534,78.532,11.283,977.271,1.1729399,-4.021,-9.308,301.405,301.405
201.642,3.754,3.751,245.462,2.379,3.412,1.558,0.156,14.534,341.268,80.815,11.28,977.276,1.17477179,-4.353,-8.718,302.038,302.038
201.743,3.223,3.223,250.784,0.0,3.043,1.061,0.0,13.837,340.855,84.59,11.288,977.24,1.1775775,-4.386,-8.511,301.914,301.914
201.843,1.441,1.435,264.858,4.954,1.43,0.129,0.124,13.845,340.858,84.352,11.253,977.265,1.1775893,-3.606,-9.482,302.405,302.405
201.943,1.217,1.146,151.347,-19.636,-0.549,1.005,-0.409,14.821,341.439,79.39,11.292,977.245,1.17355764,-4.946,-8.923,302.088,302.088
202.043,0.352,0.228,170.98,-49.734,-0.036,0.225,-0.269,14.873,341.471,79.214,11.308,977.261,1.17335939,-4.256,-8.332,301.879,301.879
202.143,2.747,2.695,224.837,-11.184,1.9,1.911,-0.533,14.838,341.45,79.374,11.304,977.26,1.17350447,-4.386,-9.906,300.954,300.954
202.243,3.955,3.952,245.789,2.175,3.605,1.621,0.15,14.622,341.321,80.464,11.3,977.262,1.17438853,-4.342,-9.886,300.772,300.772
202.343,3.824,3.817,264.102,3.313,3.797,0.392,0.221,13.93,340.911,84.148,11.3,977.275,1.17723322,-4.37,-8.186,300.591,300.591
202.443,2.545,2.545,269.498,0.0,2.545,0.022,0.0,13.536,340.676,86.263,11.288,977.266,1.17884648,-4.169,-8.845,300.592,300.592
202.543,0.416,0.362,285.802,-29.433,0.349,-0.099,-0.204,14.207,341.075,82.636,11.297,977.257,1.17608178,-4.345,-9.693,301.419,301.419
202.643,1.326,0.995,108.317,-41.396,-0.945,0.313,-0.877,14.883,341.476,79.099,11.296,977.281,1.17334843,-4.278,-7.772,300.318,300.318
202.743,0.863,0.276,145.623,-71.333,-0.156,0.228,-0.818,14.781,341.417,79.772,11.324,977.284,1.17375743,-4.459,-6.856,301.088,301.088
202.843,2.892,2.864,227.085,-7.947,2.098,1.95,-0.4,14.838,341.451,79.429,11.316,977.287,1.17352915,-4.327,-9.149,301.417,301.417
202.944,3.638,3.627,252.57,4.553,3.46,1.086,0.289,14.511,341.256,81.105,11.312,977.257,1.17482972,-4.285,-9.169,301.258,301.258
203.044,2.931,2.931,268.234,0.0,2.929,0.09,0.0,13.874,340.876,84.303,11.273,977.283,1.17748392,-4.411,-6.856,301.91,301.91
203.144,1.249,1.249,292.66,0.0,1.152,-0.481,0.0,13.97,340.935,83.929,11.3,977.275,1.17706811,-4.332,-7.387,300.539,300.539
203.244,1.183,1.071,101.897,-25.112,-1.048,0.221,-0.502,14.825,341.442,79.457,11.307,977.269,1.17356682,-4.202,-9.115,301.414,301.414
203.344,1.134,1.126,108.894,-6.986,-1.065,0.364,-0.138,15.084,341.595,78.061,11.292,977.266,1.17251527,-4.558,-6.735,300.639,300.639
203.444,2.055,1.76,215.222,-31.091,1.015,1.438,-1.061,14.954,341.519,78.805,11.309,977.28,1.17305434,-4.459,-4.507,300.792,300.792
203.544,3.632,3.629,235.312,-2.408,2.984,2.065,-0.153,14.807,341.432,79.553,11.309,977.28,1.1736517,-4.564,-6.1,300.658,300.658
203.644,3.372,3.371,255.25,1.298,3.26,0.858,0.076,14.125,341.026,82.999,11.283,977.255,1.17641568,-4.181,-6.486,301.1,301.1
203.744,2.353,2.353,270.962,0.0,2.353,-0.04,0.0,13.648,340.745,85.821,11.32,977.261,1.17836797,-4.53,-4.629,301.137,301.137
203.844,1.288,1.288,250.996,0.0,1.217,0.419,0.0,13.846,340.861,84.608,11.3,977.252,1.17754936,-4.497,-4.575,300.746,300.746
203.944,1.312,1.297,144.575,-8.836,-0.752,1.057,-0.202,14.881,341.473,79.006,11.276,977.277,1.17336118,-4.436,-7.049,301.585,301.585
204.044,1.049,0.479,244.598,-62.808,0.433,0.206,-0.933,14.825,341.442,79.439,11.304,977.259,1.17355514,-4.348,-6.872,300.734,300.734
204.144,2.476,2.417,240.415,-12.599,2.101,1.193,-0.54,14.766,341.407,79.743,11.304,977.281,1.173823,-4.381,-4.916,301.928,301.928
204.244,3.722,3.721,264.453,1.19,3.704,0.36,0.077,14.398,341.188,81.62,11.297,977.274,1.17532098,-4.502,-6.105,301.003,301.003
204.344,4.337,4.337,280.652,0.0,4.262,-0.802,0.0,13.62,340.726,85.816,11.292,977.275,1.17851079,-4.414,-7.447,300.812,300.812
204.444,3.293,3.292,291.546,1.502,3.062,-1.209,0.086,13.456,340.63,86.901,11.32,977.275,1.1791749,-4.404,-5.994,300.467,300.467
204.545,0.532,0.496,39.771,21.26,-0.317,-0.381,0.193,14.255,341.103,82.324,11.287,977.256,1.17588341,-4.652,-5.479,300.775,300.775
204.645,1.146,1.125,104.793,-10.853,-1.088,0.287,-0.216,14.938,341.507,78.676,11.268,977.264,1.17311668,-4.366,-6.85,301.088,301.088
204.745,1.096,1.078,182.352,-10.421,0.044,1.077,-0.198,14.857,341.46,79.191,11.288,977.284,1.17346287,-4.704,-6.929,301.83,301.83
204.845,3.356,3.356,250.87,-0.44,3.171,1.1,-0.026,14.835,341.449,79.45,11.316,977.262,1.17351425,-4.498,-6.337,301.569,301.569
204.945,3.975,3.973,265.843,1.665,3.963,0.288,0.115,14.131,341.029,82.971,11.283,977.282,1.17642784,-4.277,-7.19,302.072,302.072
205.045,2.568,2.567,260.943,0.414,2.535,0.404,0.019,13.643,340.74,85.664,11.288,977.275,1.17841673,-4.347,-8.177,300.93,300.93
205.145,0.769,0.769,208.698,-0.286,0.369,0.674,-0.004,14.236,341.092,82.405,11.283,977.274,1.17598522,-4.344,-7.872,300.271,300.271
205.245,0.91,0.907,115.281,-4.414,-0.82,0.387,-0.07,14.988,341.537,78.463,11.276,977.265,1.17291093,-4.136,-8.166,300.634,300.634
205.345,0.81,0.334,52.846,-65.624,-0.266,-0.202,-0.738,14.913,341.494,78.943,11.296,977.261,1.17320049,-4.336,-8.338,301.04,301.04
205.445,2.411,2.213,221.369,-23.407,1.462,1.661,-0.958,14.863,341.463,79.117,11.28,977.261,1.17341161,-4.397,-8.061,301.43,301.43
205.545,3.117,3.116,265.066,1.121,3.104,0.268,0.061,14.586,341.299,80.562,11.283,977.278,1.17456162,-4.327,-8.659,300.207,300.207
205.645,3.765,3.765,277.085,0.0,3.737,-0.464,0.0,13.841,340.858,84.596,11.293,977.256,1.17757809,-4.273,-9.384,301.237,301.237
205.745,3.283,3.281,288.739,2.079,3.107,-1.054,0.119,13.619,340.725,85.732,11.276,977.26,1.17850256,-4.523,-8.76,301.416,301.416
205.845,1.003,0.685,103.98,-46.922,-0.665,0.166,-0.733,14.727,341.383,79.83,11.283,977.262,1.17396581,-4.018,-8.407,301.297,301.297
205.945,1.01,0.988,80.846,-11.924,-0.975,-0.157,-0.209,14.819,341.438,79.383,11.288,977.256,1.17358291,-4.339,-9.438,300.984,300.984
206.045,1.425,1.122,214.868,-38.087,0.641,0.92,-0.879,14.784,341.416,79.442,11.265,977.256,1.173733,-4.347,-8.785,300.873,300.873
206.146,3.215,3.212,235.013,-2.685,2.631,1.842,-0.151,14.649,341.336,80.153,11.268,977.262,1.17428982,-4.339,-7.61,300.94,300.94
206.246,3.421,3.421,248.266,0.0,3.178,1.267,0.0,14.111,341.016,82.955,11.261,977.278,1.17651236,-4.159,-8.123,301.159,301.159
206.346,2.356,2.356,269.818,0.0,2.356,0.007,0.0,13.537,340.677,86.308,11.297,977.26,1.17882991,-4.595,-8.653,301.758,301.758
206.446,0.554,0.554,259.753,0.0,0.545,0.098,0.0,14.197,341.069,82.705,11.3,977.259,1.17612147,-4.365,-7.792,300.84,300.84
206.546,0.495,0.495,74.728,-0.588,-0.478,-0.13,-0.005,14.809,341.43,79.33,11.268,977.286,1.1736691,-4.295,-7.352,300.902,300.902
206.646,0.641,0.621,61.468,-14.384,-0.545,-0.296,-0.159,14.875,341.472,79.182,11.304,977.257,1.17334735,-4.407,-8.706,301.358,301.358
206.746,1.931,1.878,243.735,-13.543,1.684,0.831,-0.452,14.884,341.476,79.01,11.28,977.274,1.17334294,-4.368,-8.755,301.326,301.326
206.846,3.594,3.594,252.027,0.0,3.419,1.109,0.0,14.643,341.332,80.168,11.265,977.271,1.1743263,-4.421,-7.022,301.41,301.41
206.947,3.346,3.341,265.773,3.325,3.332,0.246,0.194,13.85,340.863,84.568,11.297,977.263,1.17754781,-4.348,-7.043,300.997,300.997
207.047,1.942,1.942,284.005,0.0,1.884,-0.47,0.0,13.829,340.851,84.706,11.3,977.26,1.17763305,-4.552,-7.874,300.806,300.806
207.147,0.071,0.043,19.603,53.048,-0.014,-0.04,0.057,14.58,341.297,80.747,11.312,977.274,1.17457068,-4.383,-6.733,300.472,300.472
207.247,0.716,0.711,61.988,6.663,-0.627,-0.334,0.083,15.109,341.61,77.939,11.293,977.261,1.17240596,-4.417,-5.578,300.712,300.712
207.347,1.83,1.423,238.565,-38.927,1.215,0.742,-1.15,14.965,341.524,78.638,11.288,977.279,1.17301476,-4.264,-6.415,301.627,301.627
207.447,3.676,3.673,247.495,-2.523,3.393,1.406,-0.162,15.002,341.546,78.478,11.293,977.276,1.17285955,-4.313,-7.073,301.165,301.165
207.547,3.961,3.96,267.158,1.197,3.955,0.196,0.083,14.312,341.138,82.136,11.309,977.275,1.17566526,-4.429,-6.204,301.083,301.083
207.647,3.641,3.641,280.571,0.0,3.579,-0.668,0.0,13.616,340.724,85.885,11.3,977.292,1.17854381,-4.456,-5.916,300.852,300.852
207.747,1.835,1.825,294.522,5.998,1.661,-0.758,0.192,13.78,340.822,84.95,11.296,977.276,1.17785192,-4.456,-7.017,301.432,301.432
207.847,1.016,0.957,128.126,-19.543,-0.753,0.591,-0.34,14.81,341.433,79.474,11.297,977.273,1.17363536,-4.276,-7.558,300.846,300.846
207.947,0.665,0.262,126.593,-66.78,-0.211,0.156,-0.612,14.77,341.409,79.632,11.288,977.262,1.17378819,-4.456,-6.573,301.106,301.106
208.047,2.691,2.41,227.45,-26.456,1.775,1.629,-1.199,14.67,341.348,80.03,11.265,977.267,1.17421174,-4.414,-6.173,300.633,300.633
208.147,3.757,3.753,249.252,-2.822,3.509,1.329,-0.185,14.49,341.242,81.049,11.281,977.25,1.1749208,-4.449,-7.128,301.547,301.547
208.247,3.501,3.501,264.662,0.0,3.485,0.326,0.0,13.7,340.772,85.239,11.268,977.251,1.17816257,-4.301,-7.233,301.965,301.965
208.347,2.219,2.219,283.912,0.043,2.154,-0.533,0.002,13.504,340.656,86.317,11.265,977.276,1.17899978,-4.413,-6.865,300.771,300.771
208.448,1.423,0.501,124.53,-69.373,-0.413,0.284,-1.332,14.513,341.256,80.965,11.288,977.258,1.17483175,-4.314,-7.075,300.581,300.581
208.548,0.901,0.771,110.138,-31.14,-0.724,0.265,-0.466,14.8,341.428,79.608,11.312,977.273,1.17367196,-4.356,-7.462,302.004,302.004
208.648,1.464,1.098,211.149,-41.384,0.568,0.94,-0.968,14.803,341.426,79.295,11.255,977.254,1.17366016,-4.187,-7.928,301.896,301.896
208.748,3.426,3.42,246.637,-3.303,3.139,1.356,-0.197,14.773,341.41,79.555,11.276,977.28,1.17380226,-4.491,-7.693,300.887,300.887
208.848,3.876,3.876,264.082,0.0,3.856,0.4,0.0,14.294,341.126,82.099,11.283,977.268,1.1757431,-4.394,-7.852,300.97,300.97
208.948,3.18,3.18,281.149,-0.105,3.12,-0.615,-0.006,13.647,340.742,85.619,11.283,977.255,1.17837858,-4.499,-7.907,300.966,300.966
209.048,0.99,0.95,308.788,-16.334,0.741,-0.595,-0.278,14.15,341.04,82.826,11.276,977.278,1.17634559,-4.339,-8.215,300.823,300.823
209.148,0.982,0.855,90.656,-29.41,-0.855,0.01,-0.482,14.854,341.46,79.312,11.309,977.263,1.17343879,-4.191,-8.481,301.09,301.09
209.248,0.955,0.744,94.522,-38.832,-0.742,0.059,-0.599,14.998,341.542,78.3,11.255,977.259,1.17286789,-4.188,-8.351,301.917,301.917
209.348,2.043,1.877,225.204,-23.215,1.332,1.323,-0.805,14.955,341.517,78.61,11.273,977.255,1.1730324,-4.387,-8.424,301.754,301.754
209.448,3.409,3.409,248.95,-0.787,3.181,1.224,-0.047,14.804,341.428,79.357,11.268,977.26,1.17365646,-3.93,-9.265,301.688,301.688
209.548,3.202,3.2,259.513,1.904,3.147,0.582,0.106,14.048,340.98,83.416,11.283,977.253,1.17673075,-4.351,-8.741,301.532,301.532
209.648,1.507,1.507,271.276,0.0,1.507,-0.034,0.0,13.775,340.818,84.89,11.28,977.273,1.17787564,-4.453,-8.257,300.843,300.843
209.748,0.431,0.392,142.87,-24.719,-0.236,0.312,-0.18,14.38,341.176,81.559,11.268,977.265,1.17539299,-4.227,-8.684,301.526,301.526
209.848,1.445,1.403,106.693,-13.847,-1.344,0.403,-0.346,14.851,341.456,79.159,11.276,977.265,1.17346859,-4.387,-8.285,301.354,301.354
209.949,0.652,0.422,182.484,-49.723,0.018,0.421,-0.498,14.726,341.382,79.818,11.28,977.255,1.173962,-4.231,-7.623,300.992,300.992
210.049,2.753,2.733,227.149,-6.932,2.004,1.859,-0.332,14.662,341.343,80.038,11.259,977.269,1.17424715,-4.26,-7.793,302.083,302.083
210.149,3.299,3.298,250.153,1.078,3.102,1.12,0.062,14.19,341.064,82.677,11.288,977.253,1.17614877,-4.168,-8.348,300.905,300.905
210.249,2.444,2.443,265.12,1.663,2.434,0.208,0.071,13.543,340.679,86.113,11.268,977.266,1.17882526,-4.161,-7.898,301.927,301.927
210.349,1.121,1.121,270.885,0.0,1.121,-0.017,0.0,13.635,340.734,85.598,11.268,977.249,1.17842531,-4.307,-7.429,301.723,301.723
210.449,1.247,1.136,130.358,-24.422,-0.865,0.735,-0.516,14.527,341.263,80.741,11.259,977.257,1.17478609,-4.174,-8.294,301.611,301.611
210.549,1.458,1.425,91.455,-12.05,-1.425,0.036,-0.304,14.738,341.39,79.862,11.3,977.266,1.17391825,-4.408,-8.089,301.374,301.374
210.649,1.345,1.124,208.258,-33.348,0.532,0.99,-0.74,14.709,341.371,79.827,11.265,977.261,1.17404425,-4.413,-6.773,301.595,301.595
210.749,2.675,2.675,246.643,-1.208,2.456,1.06,-0.056,14.618,341.318,80.376,11.28,977.254,1.17440116,-4.362,-6.884,301.942,301.942
210.849,2.718,2.718,269.72,0.0,2.718,0.013,0.0,13.964,340.93,83.832,11.276,977.263,1.17709076,-4.47,-7.156,301.591,301.591
210.949,1.87,1.87,283.583,0.0,1.818,-0.439,0.0,13.704,340.774,85.127,11.252,977.264,1.1781702,-4.331,-6.676,301.063,301.063
211.049,1.221,1.045,121.491,-31.185,-0.891,0.546,-0.632,14.617,341.317,80.402,11.283,977.262,1.17441583,-4.426,-6.152,301.27,301.27
211.149,1.566,1.565,100.606,-2.493,-1.538,0.288,-0.068,15.065,341.583,78.112,11.283,977.254,1.17258048,-4.223,-6.69,300.839,300.839
211.249,0.804,0.634,120.425,-37.967,-0.547,0.321,-0.495,14.903,341.486,78.853,11.268,977.274,1.17327082,-4.27,-6.959,301.416,301.416
211.35,2.419,2.291,231.075,-18.704,1.782,1.439,-0.776,14.906,341.49,79.024,11.304,977.26,1.17322493,-4.352,-6.53,301.551,301.551
211.45,2.659,2.652,247.658,4.231,2.453,1.008,0.196,14.437,341.21,81.327,11.28,977.258,1.17514789,-4.221,-6.387,301.295,301.295
211.55,2.019,2.013,263.726,4.553,2.001,0.22,0.16,13.748,340.801,85.019,11.276,977.262,1.17797673,-4.442,-6.649,301.435,301.435
211.65,0.493,0.471,292.596,-17.389,0.435,-0.181,-0.147,13.912,340.899,84.182,11.288,977.242,1.17727494,-4.336,-6.91,301.665,301.665
211.75,2.246,2.204,98.433,-11.186,-2.18,0.323,-0.436,14.857,341.457,78.878,11.229,977.278,1.17347586,-4.382,-6.611,300.904,300.904
211.85,1.688,1.669,98.608,-8.615,-1.65,0.25,-0.253,14.715,341.375,79.799,11.265,977.273,1.17403626,-4.721,-6.776,300.683,300.683
211.95,1.459,1.391,206.548,-17.642,0.622,1.244,-0.442,14.673,341.352,80.198,11.3,977.256,1.1741724,-4.314,-7.157,300.546,300.546
212.05,2.942,2.914,238.217,-7.888,2.477,1.535,-0.404,14.535,341.27,80.939,11.304,977.256,1.17473412,-4.395,-6.834,301.454,301.454
212.15,3.144,3.13,255.502,5.438,3.03,0.783,0.298,13.881,340.879,84.193,11.259,977.257,1.17743146,-4.349,-7.427,301.13,301.13
212.25,1.618,1.618,269.644,0.0,1.618,0.01,0.0,13.518,340.664,86.256,11.268,977.26,1.17892325,-4.421,-7.581,302.098,302.098
212.35,1.427,1.367,143.415,-16.617,-0.815,1.098,-0.408,14.451,341.219,81.229,11.276,977.252,1.17508531,-4.294,-7.476,301.924,301.924
212.45,1.627,1.587,104.641,-12.637,-1.536,0.401,-0.356,14.818,341.437,79.387,11.288,977.253,1.17358232,-4.556,-7.556,301.109,301.109
212.55,0.647,0.429,121.188,-48.445,-0.367,0.222,-0.484,14.745,341.393,79.642,11.265,977.263,1.17390001,-4.232,-7.908,301.766,301.766
212.65,2.968,2.913,219.645,-11.038,1.859,2.243,-0.568,14.674,341.352,80.104,11.283,977.29,1.17421496,-4.416,-7.628,301.383,301.383
212.751,3.321,3.321,247.603,1.057,3.07,1.265,0.061,14.348,341.157,81.712,11.265,977.283,1.17554533,-4.405,-7.735,300.983,300.983
212.851,2.558,2.552,263.085,3.737,2.534,0.307,0.167,13.736,340.794,85.062,11.273,977.258,1.17802095,-4.296,-8.333,301.332,301.332
212.951,0.796,0.795,298.492,2.979,0.698,-0.379,0.041,13.936,340.913,83.922,11.265,977.261,1.17720473,-4.561,-8.366,301.426,301.426
213.051,1.527,1.499,101.47,-10.845,-1.469,0.298,-0.287,14.945,341.51,78.533,11.248,977.281,1.17311561,-4.127,-8.32,301.032,301.032
213.151,1.343,1.335,92.049,-6.024,-1.335,0.048,-0.141,14.983,341.533,78.433,11.265,977.273,1.17294407,-4.431,-8.52,300.865,300.865
213.251,0.933,0.595,232.681,-50.387,0.473,0.361,-0.719,14.921,341.497,78.781,11.273,977.283,1.17320311,-4.189,-8.983,300.886,300.886
213.351,2.725,2.721,248.35,-3.081,2.529,1.004,-0.146,14.806,341.43,79.425,11.283,977.268,1.17365098,-4.289,-8.352,301.832,301.832
213.451,3.091,3.091,279.923,0.0,3.045,-0.533,0.0,14.19,341.063,82.569,11.268,977.26,1.17616343,-4.279,-7.965,301.157,301.157
213.551,2.505,2.5,289.3,3.376,2.36,-0.826,0.148,13.815,340.841,84.604,11.268,977.268,1.17771065,-4.276,-8.357,301.77,301.77
213.651,0.575,0.575,103.876,2.759,-0.558,0.138,0.028,14.348,341.157,81.715,11.265,977.264,1.17552519,-4.433,-7.847,301.24,301.24
213.751,1.877,1.856,95.211,-8.724,-1.848,0.169,-0.285,14.865,341.463,79.032,11.265,977.267,1.17341864,-4.219,-7.604,301.94,301.94
213.851,0.813,0.813,98.72,-0.927,-0.803,0.123,-0.013,14.686,341.357,79.917,11.259,977.254,1.17413437,-4.16,-7.987,301.488,301.488
213.951,1.978,1.873,225.669,-18.763,1.339,1.309,-0.636,14.596,341.305,80.511,11.283,977.258,1.17449594,-4.238,-7.901,301.399,301.399
214.051,3.07,3.068,251.415,2.212,2.908,0.978,0.118,14.164,341.049,82.79,11.283,977.252,1.17625356,-4.23,-7.529,301.372,301.372
214.151,2.331,2.331,269.985,0.0,2.331,0.001,0.0,13.586,340.706,85.956,11.283,977.262,1.1786356,-4.365,-7.474,301.308,301.308
214.252,1.129,1.111,290.839,10.073,1.039,-0.395,0.197,13.588,340.706,85.878,11.271,977.28,1.17865717,-4.074,-7.737,301.927,301.927
214.352,1.427,1.333,121.271,-20.865,-1.14,0.692,-0.508,14.551,341.278,80.746,11.283,977.278,1.17470479,-4.445,-6.937,301.82,301.82
214.452,1.29,1.238,97.1,-16.335,-1.229,0.153,-0.363,14.839,341.448,79.134,11.26,977.281,1.17353952,-4.343,-6.33,301.939,301.939
214.552,1.055,0.91,190.741,-30.383,0.17,0.894,-0.534,14.76,341.401,79.512,11.255,977.267,1.17384791,-4.291,-6.625,301.63,301.63
214.652,2.894,2.885,242.43,-4.66,2.557,1.335,-0.235,14.802,341.427,79.408,11.276,977.271,1.17367494,-4.47,-6.555,301.262,301.262
214.752,3.07,3.07,264.32,0.0,3.055,0.304,0.0,14.153,341.04,82.596,11.237,977.274,1.17634451,-4.36,-6.036,301.419,301.419
214.852,2.23,2.223,285.469,4.63,2.143,-0.593,0.18,13.812,340.838,84.486,11.245,977.274,1.17773962,-4.318,-6.054,301.295,301.295
214.952,0.579,0.55,312.097,-18.155,0.408,-0.369,-0.18,14.524,341.262,80.886,11.283,977.27,1.17480469,-4.488,-6.315,301.61,301.61
215.052,0.947,0.916,90.135,-14.711,-0.916,0.002,-0.241,15.041,341.568,78.106,11.259,977.268,1.17270195,-4.233,-6.28,301.334,301.334
215.152,0.699,0.499,27.527,-44.466,-0.231,-0.442,-0.49,15.03,341.561,78.174,11.261,977.26,1.17274082,-4.403,-5.849,300.873,300.873
215.252,2.265,2.22,239.671,-11.501,1.916,1.121,-0.452,14.959,341.52,78.567,11.268,977.279,1.17304695,-4.397,-6.018,301.341,301.341
215.352,2.931,2.931,267.363,0.0,2.928,0.135,0.0,14.593,341.304,80.548,11.288,977.29,1.17454505,-4.569,-5.838,300.935,300.935
215.452,3.932,3.932,284.163,0.0,3.813,-0.962,0.0,13.839,340.854,84.4,11.255,977.252,1.17760003,-4.299,-5.981,301.38,301.38
215.552,3.253,3.248,291.258,3.272,3.027,-1.178,0.186,13.712,340.779,85.105,11.257,977.284,1.17815626,-4.638,-5.957,301.303,301.303
215.652,0.749,0.736,76.397,-10.852,-0.715,-0.173,-0.141,14.83,341.443,79.222,11.268,977.268,1.17355824,-4.348,-6.266,301.687,301.687
215.753,1.665,1.612,93.154,-14.372,-1.61,0.089,-0.413,14.989,341.538,78.437,11.273,977.269,1.17291021,-4.561,-6.387,301.308,301.308
215.853,0.693,0.401,197.55,-54.598,0.121,0.383,-0.565,14.707,341.37,79.857,11.268,977.249,1.17403924,-4.318,-6.695,301.08,301.08
215.953,2.645,2.605,245.657,-10.013,2.373,1.074,-0.46,14.589,341.298,80.341,11.245,977.278,1.17456663,-4.518,-7.007,301.542,301.542
216.053,3.258,3.258,275.444,0.0,3.243,-0.309,0.0,14.01,340.956,83.463,11.255,977.245,1.17688668,-4.39,-7.22,302.1,302.1
216.153,3.354,3.35,287.556,2.737,3.194,-1.011,0.16,13.51,340.659,86.25,11.259,977.279,1.17898142,-4.297,-7.219,302.672,302.672
216.253,1.579,1.576,299.932,3.319,1.366,-0.787,0.091,14.171,341.052,82.607,11.257,977.264,1.17625022,-4.523,-7.473,301.619,301.619
216.353,1.328,1.259,97.24,-18.527,-1.249,0.159,-0.422,14.879,341.473,79.037,11.28,977.279,1.17337024,-4.329,-7.729,301.472,301.472
216.453,0.871,0.869,95.237,4.251,-0.865,0.079,0.065,14.96,341.519,78.438,11.245,977.285,1.17305911,-4.522,-7.687,301.581,301.581
216.553,1.542,1.536,227.884,-5.149,1.139,1.03,-0.138,14.992,341.538,78.32,11.252,977.256,1.17289364,-4.279,-8.272,301.396,301.396
216.653,2.831,2.817,262.155,5.827,2.79,0.384,0.287,14.669,341.347,80.053,11.268,977.269,1.17421901,-4.415,-8.607,301.559,301.559
216.753,3.001,3.001,273.349,0.0,2.996,-0.175,0.0,13.864,340.87,84.335,11.268,977.278,1.17752135,-4.324,-8.655,301.612,301.612
216.853,1.625,1.619,287.927,-4.819,1.54,-0.498,-0.136,13.972,340.935,83.854,11.288,977.261,1.17705071,-4.3,-8.719,301.056,301.056
216.953,1.005,0.97,98.868,-15.316,-0.958,0.149,-0.266,14.835,341.445,79.112,11.252,977.268,1.17354381,-4.359,-8.975,301.505,301.505
217.054,1.244,1.23,99.063,-8.528,-1.215,0.194,-0.184,15.029,341.562,78.335,11.292,977.265,1.17273593,-4.358,-8.949,301.393,301.393
217.154,0.671,0.529,201.599,-37.993,0.195,0.492,-0.413,14.995,341.54,78.305,11.252,977.273,1.17290223,-4.192,-8.622,301.286,301.286
217.254,2.899,2.89,246.173,-4.516,2.643,1.167,-0.228,14.949,341.514,78.619,11.268,977.263,1.173069,-4.439,-8.476,301.461,301.461
217.354,3.651,3.651,272.981,0.0,3.646,-0.19,0.0,14.363,341.166,81.609,11.261,977.265,1.17546332,-4.392,-8.78,302.396,302.396
217.454,4.008,4.008,284.917,0.0,3.873,-1.032,0.0,13.698,340.772,85.248,11.268,977.249,1.17816603,-4.379,-8.627,301.555,301.555
217.554,2.264,2.236,291.177,9.051,2.085,-0.808,0.356,13.938,340.913,83.838,11.252,977.263,1.17720461,-4.638,-8.031,302.123,302.123
217.654,0.705,0.704,60.242,3.397,-0.611,-0.35,0.042,14.907,341.488,78.746,11.252,977.279,1.17326403,-4.254,-8.724,300.99,300.99
217.754,0.909,0.099,280.999,-83.742,0.097,-0.019,-0.903,14.954,341.515,78.445,11.24,977.277,1.1730746,-4.206,-8.317,301.348,301.348
217.854,2.055,2.025,230.309,-9.867,1.558,1.293,-0.352,14.922,341.498,78.794,11.276,977.261,1.17317271,-4.458,-7.617,300.999,300.999
217.954,3.133,3.109,252.296,7.101,2.962,0.945,0.387,14.634,341.327,80.183,11.259,977.263,1.17435539,-4.333,-7.579,302.058,302.058
218.054,2.529,2.529,276.85,0.0,2.511,-0.302,0.0,13.914,340.9,84.128,11.28,977.249,1.17727768,-4.205,-7.792,301.156,301.156
218.154,1.739,1.608,295.73,22.419,1.449,-0.698,0.663,13.812,340.838,84.547,11.255,977.261,1.17772031,-4.382,-7.429,301.293,301.293
218.254,0.662,0.662,105.097,-1.078,-0.639,0.172,-0.012,14.84,341.448,79.126,11.259,977.269,1.17352378,-4.389,-6.713,300.522,300.522
218.355,0.893,0.785,82.962,-28.468,-0.779,-0.096,-0.426,15.099,341.602,77.818,11.259,977.263,1.17246282,-4.429,-6.563,301.322,301.322
218.455,0.608,0.075,223.13,-82.927,0.051,0.055,-0.603,15.149,341.633,77.671,11.28,977.265,1.17225146,-4.386,-6.274,301.106,301.106
218.555,2.575,2.574,238.933,1.634,2.205,1.328,0.073,15.052,341.574,78.037,11.257,977.25,1.17263615,-4.656,-6.228,300.712,300.712
218.655,2.723,2.723,274.352,0.0,2.715,-0.207,0.0,14.503,341.249,80.873,11.261,977.273,1.17490101,-4.263,-6.521,301.529,301.529
218.755,2.818,2.738,292.889,13.714,2.522,-1.065,0.668,13.933,340.911,83.958,11.268,977.258,1.17721558,-4.477,-6.522,301.982,301.982
218.855,0.564,0.422,326.871,-41.614,0.231,-0.353,-0.375,14.45,341.216,81.022,11.237,977.274,1.17512953,-4.39,-5.792,300.976,300.976
218.955,1.741,1.732,100.901,-5.935,-1.701,0.328,-0.18,15.247,341.69,77.126,11.268,977.271,1.17186737,-4.214,-5.658,301.734,301.734
219.055,1.31,1.286,98.241,-11.088,-1.273,0.184,-0.252,15.122,341.615,77.703,11.259,977.265,1.17237115,-4.575,-6.063,302.316,302.316
219.155,1.402,1.401,223.621,-2.721,0.966,1.014,-0.067,15.221,341.675,77.296,11.276,977.255,1.17195094,-4.269,-5.995,301.469,301.469
219.255,2.788,2.786,253.896,2.078,2.677,0.773,0.101,14.935,341.505,78.675,11.265,977.248,1.17310941,-4.524,-5.565,300.746,300.746
219.355,2.427,2.427,265.513,0.0,2.42,0.19,0.0,14.134,341.031,82.955,11.283,977.271,1.17640209,-4.429,-6.263,301.618,301.618
219.455,0.793,0.793,273.614,0.698,0.791,-0.05,0.01,13.92,340.902,83.87,11.24,977.269,1.17729175,-4.397,-6.872,301.71,301.71
219.555,1.95,1.943,114.676,-4.894,-1.765,0.811,-0.166,14.886,341.477,78.973,11.275,977.26,1.17331743,-4.342,-6.429,301.757,301.757
219.656,2.469,2.426,97.08,-10.716,-2.408,0.299,-0.459,14.908,341.491,78.927,11.288,977.257,1.17321968,-4.407,-6.561,301.781,301.781
219.756,0.676,0.674,111.923,-3.99,-0.626,0.252,-0.047,14.751,341.396,79.651,11.273,977.264,1.1738745,-4.434,-7.236,301.355,301.355
219.856,1.726,1.684,227.133,-12.605,1.234,1.146,-0.377,14.6,341.305,80.244,11.237,977.249,1.17448854,-4.378,-7.139,301.553,301.553
219.956,2.355,2.351,252.246,3.174,2.239,0.717,0.13,14.185,341.06,82.525,11.255,977.267,1.17619896,-4.406,-6.97,301.851,301.851
220.056,1.244,1.222,281.368,10.821,1.198,-0.241,0.234,13.56,340.688,85.857,11.24,977.254,1.17875338,-4.351,-7.675,301.371,301.371
220.156,0.793,0.418,340.555,-58.234,0.139,-0.394,-0.674,13.685,340.763,85.305,11.265,977.262,1.17823923,-4.291,-7.919,300.771,300.771
220.256,2.186,2.155,102.956,-9.579,-2.1,0.483,-0.364,14.75,341.396,79.697,11.28,977.267,1.17388034,-4.358,-7.687,301.909,301.909
220.356,2.109,2.076,95.095,-10.189,-2.068,0.184,-0.373,14.755,341.4,79.751,11.296,977.269,1.17385364,-4.519,-8.267,301.194,301.194
220.456,0.801,0.696,183.755,-29.63,0.046,0.694,-0.396,14.679,341.354,80.062,11.28,977.272,1.17417443,-4.269,-8.847,301.466,301.466
220.556,2.265,2.265,241.32,-0.957,1.987,1.087,-0.038,14.546,341.275,80.775,11.284,977.262,1.17470574,-4.378,-8.447,301.387,301.387
220.656,2.0,1.997,265.795,3.132,1.992,0.146,0.109,13.943,340.917,83.969,11.28,977.254,1.17716432,-4.29,-8.537,301.441,301.441
220.756,0.721,0.603,290.737,-33.145,0.564,-0.214,-0.394,13.851,340.862,84.356,11.259,977.249,1.17754388,-4.436,-8.882,301.971,301.971
220.856,1.91,1.757,120.637,-23.052,-1.512,0.895,-0.748,14.661,341.343,80.093,11.268,977.266,1.17424798,-4.303,-8.73,302.307,302.307
220.957,2.653,2.631,94.612,-7.303,-2.623,0.212,-0.337,15.123,341.616,77.673,11.255,977.249,1.1723479,-4.296,-8.378,301.866,301.866
221.057,0.8,0.653,97.784,-35.274,-0.647,0.088,-0.462,14.877,341.472,79.105,11.292,977.269,1.17335844,-4.384,-8.6,301.658,301.658
221.157,2.65,2.64,227.569,-5.033,1.948,1.781,-0.232,14.917,341.494,78.693,11.252,977.275,1.17321825,-4.33,-8.533,301.212,301.212
221.257,3.039,3.033,254.736,3.489,2.926,0.798,0.185,14.403,341.189,81.391,11.259,977.254,1.17528915,-4.343,-8.127,301.52,301.52
221.357,2.221,2.221,275.253,0.0,2.212,-0.203,0.0,13.811,340.839,84.619,11.268,977.255,1.17771006,-4.446,-8.331,301.508,301.508
221.457,0.741,0.736,300.458,-6.487,0.635,-0.373,-0.084,13.959,340.927,83.947,11.292,977.263,1.17710555,-4.369,-8.221,302.197,302.197
221.557,1.834,1.824,94.741,-5.761,-1.818,0.151,-0.184,14.98,341.531,78.418,11.259,977.261,1.1729455,-4.363,-7.619,302.511,302.511
221.657,1.245,1.245,89.734,0.0,-1.245,-0.006,0.0,14.885,341.477,79.067,11.292,977.262,1.17332077,-4.328,-7.294,301.579,301.579
221.757,1.34,1.141,211.552,-31.662,0.597,0.972,-0.704,14.73,341.384,79.802,11.28,977.271,1.17396796,-4.288,-7.34,301.145,301.145
221.857,2.719,2.717,243.699,-2.144,2.436,1.204,-0.102,14.542,341.272,80.687,11.264,977.259,1.17472625,-4.505,-6.772,301.134,301.134
221.957,2.511,2.511,262.099,0.0,2.488,0.345,0.0,13.862,340.869,84.39,11.276,977.25,1.17749333,-4.394,-6.444,301.766,301.766
222.057,1.281,1.268,287.094,8.066,1.212,-0.373,0.18,13.666,340.754,85.559,11.292,977.266,1.17831063,-4.308,-6.521,301.753,301.753
222.158,1.607,1.412,121.692,-28.509,-1.202,0.742,-0.767,14.677,341.353,80.049,11.276,977.267,1.17417848,-4.252,-6.222,300.445,300.445
222.258,1.674,1.665,85.001,-5.945,-1.659,-0.145,-0.173,15.044,341.57,78.137,11.268,977.258,1.17267776,-4.655,-5.751,301.079,301.079
222.358,0.744,0.714,62.099,-16.263,-0.631,-0.334,-0.208,15.094,341.599,77.887,11.268,977.241,1.17245471,-4.309,-5.87,301.351,301.351
222.458,2.103,2.082,236.834,-8.19,1.743,1.139,-0.3,14.996,341.542,78.443,11.28,977.252,1.17286015,-4.533,-5.691,301.906,301.906
222.558,2.884,2.884,259.265,0.0,2.834,0.537,0.0,14.495,341.244,80.957,11.268,977.265,1.17492318,-4.311,-5.593,301.942,301.942
222.658,2.043,2.033,281.961,5.79,1.989,-0.421,0.206,13.98,340.939,83.737,11.275,977.272,1.17703438,-4.502,-5.304,301.402,301.402
222.758,0.338,0.321,276.676,18.243,0.319,-0.037,0.106,14.457,341.221,81.068,11.252,977.281,1.17510366,-4.279,-5.468,301.036,301.036
222.858,1.641,1.641,85.191,-1.273,-1.635,-0.138,-0.036,15.304,341.724,76.82,11.264,977.268,1.17163217,-4.409,-5.522,301.624,301.624
222.958,1.477,1.476,76.989,2.107,-1.438,-0.332,0.054,15.314,341.731,76.875,11.284,977.232,1.17154157,-4.489,-5.534,300.738,300.738
223.058,0.601,0.549,205.581,-24.157,0.237,0.495,-0.246,14.963,341.523,78.609,11.28,977.256,1.17299831,-4.319,-5.852,300.216,300.216
223.158,2.5,2.496,237.052,3.373,2.095,1.357,0.147,14.863,341.466,79.302,11.316,977.262,1.17339778,-4.509,-5.968,300.953,300.953
223.258,2.024,1.994,262.797,9.954,1.978,0.25,0.35,14.235,341.09,82.355,11.273,977.256,1.17597461,-4.44,-6.375,300.835,300.835
223.358,0.821,0.821,284.53,0.0,0.795,-0.206,0.0,13.831,340.85,84.517,11.268,977.264,1.17764103,-4.414,-6.586,300.337,300.337
223.458,2.092,2.089,115.154,-3.073,-1.891,0.888,-0.112,14.851,341.455,79.115,11.268,977.263,1.17346978,-4.518,-6.382,301.928,301.928
223.559,2.414,2.402,101.983,-5.639,-2.35,0.499,-0.237,14.911,341.493,78.975,11.299,977.255,1.17320347,-4.374,-6.803,301.501,301.501
223.659,0.937,0.936,122.045,2.61,-0.794,0.497,0.043,14.667,341.346,79.996,11.256,977.24,1.1741972,-4.384,-7.146,301.494,301.494
223.759,2.02,1.962,218.08,-13.798,1.21,1.544,-0.482,14.594,341.304,80.565,11.292,977.264,1.17450929,-4.438,-7.337,301.592,301.592
223.859,2.568,2.563,246.586,3.465,2.352,1.018,0.155,14.205,341.073,82.512,11.273,977.266,1.17610681,-4.398,-7.488,301.225,301.225
223.959,1.468,1.468,273.273,0.0,1.465,-0.084,0.0,13.585,340.704,85.837,11.261,977.269,1.17865944,-4.338,-7.955,301.503,301.503
224.059,0.447,0.437,308.56,-11.963,0.342,-0.272,-0.093,13.748,340.8,84.881,11.252,977.256,1.17797768,-4.496,-8.35,301.183,301.183
224.159,2.075,2.044,111.049,-9.928,-1.908,0.734,-0.358,14.785,341.415,79.372,11.252,977.262,1.17374384,-4.196,-8.579,301.107,301.107
224.259,1.716,1.71,94.877,-4.94,-1.704,0.145,-0.148,14.938,341.507,78.604,11.255,977.262,1.17311633,-4.456,-8.466,301.336,301.336
224.359,0.817,0.74,192.493,-25.086,0.16,0.722,-0.346,14.868,341.467,79.195,11.299,977.25,1.17337275,-4.312,-8.884,301.122,301.122
224.459,2.476,2.476,237.403,0.549,2.086,1.334,0.024,14.737,341.39,79.821,11.292,977.265,1.17392385,-4.404,-8.764,301.777,301.777
224.559,2.382,2.379,263.589,3.184,2.364,0.266,0.132,14.133,341.031,82.983,11.288,977.259,1.17638862,-4.454,-8.511,300.935,300.935
224.659,1.515,1.47,289.225,14.031,1.388,-0.484,0.367,13.856,340.866,84.446,11.28,977.274,1.17754567,-4.469,-8.772,301.294,301.294
224.759,1.259,1.213,113.155,-15.635,-1.115,0.477,-0.339,14.622,341.32,80.315,11.273,977.249,1.17438185,-4.218,-8.84,301.909,301.909
224.859,2.196,2.194,103.842,-2.384,-2.131,0.525,-0.091,15.218,341.672,77.184,11.252,977.274,1.17199302,-4.402,-8.605,301.524,301.524
224.959,0.97,0.97,89.418,-1.559,-0.97,-0.01,-0.026,14.976,341.531,78.628,11.296,977.267,1.17295408,-4.617,-8.409,302.048,302.048
225.06,1.778,1.745,226.153,-11.073,1.258,1.209,-0.341,14.963,341.521,78.502,11.259,977.267,1.1730212,-4.28,-8.689,301.013,301.013
225.16,2.817,2.807,253.467,4.927,2.691,0.799,0.242,14.574,341.289,80.379,11.237,977.261,1.17460907,-4.462,-8.284,301.572,301.572
225.26,2.465,2.465,275.204,0.0,2.455,-0.224,0.0,13.869,340.873,84.301,11.268,977.277,1.17749846,-4.155,-7.963,301.119,301.119
225.36,0.791,0.754,307.056,17.691,0.601,-0.454,0.24,13.933,340.912,84.087,11.292,977.267,1.17721534,-4.625,-7.506,301.194,301.194
225.46,1.792,1.778,98.154,-7.208,-1.76,0.252,-0.225,14.909,341.491,78.905,11.284,977.256,1.1732173,-4.243,-7.616,301.836,301.836
225.56,1.447,1.443,80.85,-4.1,-1.425,-0.229,-0.103,14.962,341.522,78.634,11.284,977.271,1.17301869,-4.383,-7.146,301.71,301.71
225.66,0.692,0.568,200.049,-34.812,0.195,0.534,-0.395,14.788,341.418,79.414,11.264,977.268,1.17373168,-4.182,-7.274,302.358,302.358
225.76,2.236,2.227,236.519,-4.969,1.858,1.229,-0.194,14.75,341.396,79.672,11.276,977.26,1.17387235,-4.532,-7.0,301.026,301.026
225.86,2.55,2.547,262.339,2.843,2.524,0.34,0.126,14.035,340.972,83.417,11.271,977.258,1.17679429,-4.319,-6.697,301.664,301.664
225.96,1.488,1.479,285.067,6.188,1.428,-0.384,0.16,13.643,340.738,85.481,11.255,977.268,1.17842233,-4.465,-6.536,301.666,301.666
226.06,1.626,1.526,113.566,-20.215,-1.399,0.61,-0.562,14.674,341.351,80.05,11.273,977.255,1.17418039,-4.363,-6.564,301.26,301.26
226.16,2.156,2.139,93.791,-7.175,-2.134,0.141,-0.269,15.002,341.547,78.536,11.304,977.266,1.17284131,-4.484,-6.061,301.204,301.204
226.26,1.132,1.13,93.776,-3.019,-1.128,0.074,-0.06,14.875,341.47,79.036,11.276,977.264,1.17336977,-4.454,-5.713,301.029,301.029
226.36,1.772,1.704,224.148,-15.942,1.187,1.223,-0.487,14.91,341.49,78.832,11.271,977.278,1.17324603,-4.475,-6.092,301.464,301.464
226.461,2.526,2.522,255.984,2.926,2.447,0.611,0.129,14.55,341.276,80.622,11.259,977.275,1.17471409,-4.472,-6.067,301.359,301.359
226.561,2.08,2.077,281.356,3.264,2.036,-0.409,0.118,13.977,340.938,83.804,11.284,977.259,1.17702806,-4.408,-6.293,300.989,300.989
226.661,0.68,0.566,332.228,33.694,0.264,-0.501,0.378,14.126,341.026,83.0,11.284,977.266,1.17642748,-4.48,-5.996,301.319,301.319
226.761,1.661,1.656,98.572,-4.464,-1.638,0.247,-0.129,15.15,341.633,77.583,11.264,977.272,1.17226183,-4.545,-5.885,300.837,300.837
226.861,1.615,1.615,87.364,0.0,-1.613,-0.074,0.0,15.057,341.577,78.03,11.259,977.286,1.17266238,-4.443,-6.561,301.672,301.672
226.961,0.548,0.411,198.952,-41.322,0.134,0.389,-0.362,14.981,341.533,78.453,11.268,977.292,1.17297375,-4.439,-6.637,301.746,301.746
227.061,2.578,2.578,239.645,0.566,2.225,1.303,0.025,14.953,341.516,78.637,11.275,977.271,1.17306161,-4.434,-6.619,301.276,301.276
227.161,2.532,2.53,267.45,2.041,2.528,0.113,0.09,14.199,341.07,82.586,11.28,977.284,1.17615068,-4.27,-6.909,301.693,301.693
227.261,1.614,1.61,290.352,-4.022,1.51,-0.56,-0.113,13.874,340.876,84.276,11.268,977.267,1.17746842,-4.442,-7.512,301.325,301.325
227.361,0.899,0.806,78.631,-26.284,-0.79,-0.159,-0.398,14.54,341.271,80.716,11.268,977.275,1.17475069,-4.413,-7.74,301.068,301.068
227.461,1.887,1.883,89.448,-3.958,-1.883,-0.018,-0.13,15.028,341.562,78.318,11.287,977.263,1.17273903,-4.493,-7.321,301.985,301.985
227.561,0.926,0.92,91.287,-6.547,-0.92,0.021,-0.106,14.935,341.507,78.812,11.292,977.267,1.17312217,-4.262,-7.884,301.232,301.232
227.661,1.245,1.242,226.354,-4.056,0.898,0.857,-0.088,14.915,341.495,78.89,11.287,977.252,1.1731863,-4.462,-8.906,301.706,301.706
227.761,2.355,2.352,259.43,2.955,2.312,0.431,0.121,14.601,341.309,80.567,11.299,977.274,1.17448723,-4.308,-8.942,301.933,301.933
227.862,2.389,2.387,280.987,1.946,2.344,-0.455,0.081,13.8,340.834,84.904,11.307,977.275,1.17776382,-4.433,-8.641,301.421,301.421
227.962,1.085,1.008,308.184,-21.71,0.792,-0.623,-0.401,13.809,340.838,84.723,11.284,977.269,1.17772806,-4.494,-9.225,301.678,301.678
228.062,1.217,1.197,94.381,-10.546,-1.193,0.091,-0.223,14.94,341.511,78.866,11.307,977.27,1.17309725,-4.322,-9.727,301.897,301.897
228.162,1.875,1.868,86.039,-5.157,-1.863,-0.129,-0.169,15.074,341.588,78.052,11.28,977.246,1.17253602,-4.218,-9.459,302.01,302.01
228.262,0.464,0.188,75.988,-66.042,-0.183,-0.046,-0.424,15.082,341.593,77.947,11.268,977.273,1.1725384,-4.481,-9.192,301.791,301.791
228.362,2.102,2.1,240.211,-2.291,1.823,1.044,-0.084,14.967,341.526,78.709,11.303,977.274,1.17299533,-4.365,-9.634,300.981,300.981
228.462,2.614,2.611,270.007,2.325,2.611,-0.0,0.106,14.289,341.123,82.146,11.287,977.264,1.17575574,-4.309,-9.637,301.423,301.423
228.562,1.926,1.916,289.746,5.993,1.803,-0.647,0.201,13.854,340.864,84.403,11.271,977.275,1.1775589,-4.581,-9.216,301.524,301.524
228.662,0.548,0.507,66.738,-22.34,-0.466,-0.2,-0.208,14.384,341.18,81.642,11.287,977.27,1.17537415,-4.39,-9.177,301.882,301.882
228.762,2.053,2.053,84.3,0.0,-2.042,-0.204,0.0,15.126,341.619,77.789,11.28,977.264,1.17234504,-4.335,-8.989,300.892,300.892
228.862,1.19,1.19,77.058,-0.778,-1.16,-0.267,-0.016,15.004,341.548,78.521,11.303,977.271,1.17284083,-4.431,-8.787,301.188,301.188
228.962,1.085,1.047,236.362,-15.222,0.872,0.58,-0.285,15.0,341.544,78.424,11.28,977.27,1.17286587,-4.184,-8.558,301.653,301.653
229.062,2.457,2.451,258.654,3.996,2.403,0.482,0.171,14.623,341.322,80.413,11.292,977.288,1.1744175,-4.581,-7.925,302.216,302.216
229.162,2.367,2.364,280.521,2.802,2.324,-0.432,0.116,14.048,340.98,83.417,11.284,977.269,1.17674816,-4.356,-7.584,300.786,300.786
229.263,0.985,0.975,305.509,8.474,0.793,-0.566,0.145,13.909,340.897,84.169,11.282,977.28,1.17733586,-4.521,-7.435,301.397,301.397
229.363,1.637,1.607,94.952,-11.118,-1.601,0.139,-0.316,14.871,341.468,79.027,11.271,977.274,1.17339802,-4.485,-7.143,302.021,302.021
229.463,1.69,1.69,83.327,0.0,-1.678,-0.196,0.0,15.056,341.577,78.092,11.271,977.276,1.17264783,-4.404,-6.565,301.791,301.791
229.563,0.349,0.311,145.238,-27.026,-0.177,0.255,-0.158,14.768,341.407,79.667,11.292,977.271,1.17380834,-4.526,-6.2,301.045,301.045
229.663,2.322,2.317,238.529,-4.014,1.976,1.209,-0.163,14.711,341.374,79.959,11.292,977.28,1.17405105,-4.523,-6.287,301.274,301.274
229.763,2.635,2.633,264.674,2.415,2.622,0.244,0.111,14.133,341.031,83.003,11.292,977.258,1.17638421,-4.43,-5.844,300.924,300.924
229.863,1.914,1.907,288.85,4.817,1.805,-0.616,0.161,13.74,340.798,85.171,11.296,977.275,1.17801487,-4.438,-5.119,302.097,302.097
229.963,0.486,0.34,19.907,-45.506,-0.116,-0.32,-0.346,14.375,341.174,81.67,11.284,977.279,1.17542207,-4.428,-5.134,301.827,301.827
230.063,-99.53,-99.51,0.0,0.0,-99.4,-99.41,-99.42,-99.44,-99.43,48.199,-99.44,977.282,13.8392725,-4.453,-5.239,301.477,301.477
230.163,1.198,1.197,83.844,-3.007,-1.19,-0.128,-0.063,15.011,341.552,78.397,11.286,977.282,1.17283058,-4.439,-4.795,302.192,302.192
230.263,1.179,1.11,227.448,-19.706,0.818,0.751,-0.398,14.981,341.533,78.52,11.28,977.274,1.17294824,-4.624,-4.512,301.302,301.302
230.363,2.693,2.691,250.873,2.336,2.542,0.882,0.11,14.625,341.322,80.375,11.286,977.283,1.17440701,-4.224,-5.382,301.623,301.623
230.464,2.252,2.252,273.009,0.0,2.249,-0.118,0.0,13.93,340.91,84.105,11.292,977.271,1.17723322,-4.485,-5.353,301.046,301.046
230.564,0.994,0.95,308.772,17.002,0.741,-0.595,0.291,13.973,340.937,83.961,11.309,977.27,1.17704654,-4.318,-5.023,301.942,301.942
230.664,1.578,1.536,102.108,-13.142,-1.502,0.322,-0.359,14.996,341.542,78.445,11.28,977.266,1.17287791,-4.631,-5.341,300.78,300.78
230.764,1.834,1.834,86.943,0.0,-1.831,-0.098,0.0,15.217,341.673,77.327,11.279,977.262,1.17197144,-4.477,-6.206,301.233,301.233
230.864,0.407,0.382,77.42,-20.072,-0.373,-0.083,-0.14,14.981,341.534,78.597,11.296,977.279,1.1729461,-4.244,-5.977,301.154,301.154
230.964,2.233,2.23,233.661,-3.048,1.796,1.321,-0.119,14.92,341.497,78.82,11.279,977.269,1.17318928,-4.356,-5.799,301.398,301.398
231.064,2.738,2.734,259.697,2.816,2.69,0.489,0.134,14.381,341.179,81.766,11.307,977.278,1.17538846,-4.539,-6.667,301.536,301.536
231.164,1.788,1.788,275.628,0.0,1.779,-0.175,0.0,13.79,340.828,84.87,11.292,977.288,1.17782676,-4.282,-7.283,302.435,302.435
231.264,0.449,0.447,319.665,-4.809,0.289,-0.341,-0.038,14.037,340.974,83.468,11.282,977.266,1.17679036,-4.38,-7.205,300.708,300.708
231.364,1.762,1.746,98.483,-7.674,-1.727,0.258,-0.235,14.934,341.506,78.775,11.284,977.281,1.17314398,-4.349,-7.448,301.624,301.624
231.464,0.794,0.785,89.518,-8.887,-0.785,-0.007,-0.123,14.861,341.463,79.229,11.299,977.273,1.1734283,-4.295,-8.448,301.466,301.466
231.564,1.302,1.051,231.512,-36.169,0.823,0.654,-0.769,14.764,341.405,79.644,11.284,977.283,1.17384028,-4.484,-8.591,301.271,301.271
231.664,2.755,2.754,246.465,-1.391,2.525,1.1,-0.067,14.486,341.241,81.17,11.299,977.284,1.1749711,-4.427,-8.373,301.077,301.077
